AÑO,PROVINCIA,MES,DIA_SEMANA,HORA,ZONA,TIPO_VIA,TIPO_ACCIDENTE,CONDICION_METEO,CONDICION_ILUMINACION,TOTAL_VICTIMAS,FALLECIDOS_24H,HERIDOS_GRAVES,HERIDOS_LEVES,FECHA_ACCIDENTE,TIPO_VIA_NORM,TIPO_ACCIDENTE_NORM,CONDICION_METEO_NORM,CONDICION_ILUMINACION_NORM,ZONA_NORM,ID_ACCIDENTE_HASH,source_id,load_timestamp
2019,Álava,2,Jueves,8,Zona interurbana,Vía urbana,Colisión frontolateral,Buen tiempo,Pleno día,2,0,1,1,2019-02-01,via urbana,colision frontolateral,buen tiempo,pleno dia,zona interurbana,6b86b273ff34fce19d6b804eff5a3f5747ada4eaa22f1d49c01e52ddb7875b4b,accidentes_raw_dgt,2026-05-09 20:40:11
2019,Álava,6,Lunes,10,Zona interurbana,Vía urbana,Colisión frontolateral,Buen tiempo,Pleno día,2,0,1,1,2019-06-01,via urbana,colision frontolateral,buen tiempo,pleno dia,zona interurbana,d4735e3a265e16eee03f59718b9b5d03019c07d8b6c51f90da3a666eec13ab35,accidentes_raw_dgt,2026-05-09 20:40:11
2019,Álava,7,Viernes,16,Zona interurbana,Vía urbana,Colisión frontolateral,Buen tiempo,Pleno día,2,0,1,1,2019-07-01,via urbana,colision frontolateral,buen tiempo,pleno dia,zona interurbana,4e07408562bedb8b60ce05c1decfe3ad16b72230967de01f640b7e4729b49fce,accidentes_raw_dgt,2026-05-09 20:40:11
2019,Álava,11,Martes,10,Zona interurbana,Vía urbana,Colisión frontolateral,Lluvia,Pleno día,1,0,1,0,2019-11-01,via urbana,colision frontolateral,lluvia,pleno dia,zona interurbana,4b227777d4dd1fc61c6f884f48641d02b4d121d3fd328cb08b5531fcacdabf8a,accidentes_raw_dgt,2026-05-09 20:40:11
2019,Álava,2,Viernes,16,Zona interurbana,Vía urbana,Colisión por alcance,Buen tiempo,Pleno día,1,0,0,1,2019-02-01,via urbana,colision por alcance,buen tiempo,pleno dia,zona interurbana,ef2d127de37b942baad06145e54b0c619a1f22327b2ebbcfbec78f5564afe39d,accidentes_raw_dgt,2026-05-09 20:40:11
2019,Álava,2,Sábado,8,Zona interurbana,Vía urbana,Caída de motociclista,Buen tiempo,Pleno día,4,0,0,4,2019-02-01,via urbana,caida de motociclista,buen tiempo,pleno dia,zona interurbana,e7f6c011776e8db7cd330b54174fd76f7d0216b612387a5ffcfb81e6f0919683,accidentes_raw_dgt,2026-05-09 20:40:11
2019,Álava,3,Sábado,12,Zona interurbana,Vía urbana,Animal en calzada,Buen tiempo,Pleno día,1,0,0,1,2019-03-01,via urbana,animal en calzada,buen tiempo,pleno dia,zona interurbana,7902699be42c8a8e46fbbb4501726517e86b22c56a189f7625a6da49081b2451,accidentes_raw_dgt,2026-05-09 20:40:11
2019,Álava,3,Lunes,12,Zona interurbana,Calle,Objeto desprendido,Buen tiempo,Pleno día,1,0,0,1,2019-03-01,calle,objeto desprendido,buen tiempo,pleno dia,zona interurbana,2c624232cdd221771294dfbb310aca000a0df6ac8b66b696d90ef06fdefb64a3,accidentes_raw_dgt,2026-05-09 20:40:11
2019,Álava,7,Sábado,11,Zona interurbana,Otro urbano,Atropello a peatón,Granizo,Pleno día,1,0,0,1,2019-07-01,otro urbano,atropello a peaton,granizo,pleno dia,zona interurbana,19581e27de7ced00ff1ce50b2047e7a567c76b1cbaebabe5ef03f7c3017bb5b7,accidentes_raw_dgt,2026-05-09 20:40:11
2019,Álava,8,Jueves,9,Zona interurbana,Autopista,Caída de motociclista,Buen tiempo,Pleno día,2,0,0,2,2019-08-01,autopista,caida de motociclista,buen tiempo,pleno dia,zona interurbana,4a44dc15364204a80fe80e9039455cc1608281820fe2b24f1e5233ade6af1dd5,accidentes_raw_dgt,2026-05-09 20:40:11
2019,Álava,9,Domingo,13,Zona interurbana,Vía urbana,Caída de motociclista,Lluvia,Pleno día,1,0,1,0,2019-09-01,via urbana,caida de motociclista,lluvia,pleno dia,zona interurbana,4fc82b26aecb47d2868c4efbe3581732a3e7cbcc6c2efb32062c08170a05eeb8,accidentes_raw_dgt,2026-05-09 20:40:11
2019,Álava,9,Domingo,11,Zona interurbana,Vía urbana,Colisión frontolateral,Buen tiempo,Pleno día,2,0,1,0,2019-09-01,via urbana,colision frontolateral,buen tiempo,pleno dia,zona interurbana,6b51d431df5d7f141cbececcf79edf3dd861c3b4069f0b11661a3eefacbba918,accidentes_raw_dgt,2026-05-09 20:40:11
2019,Álava,10,Martes,12,Zona interurbana,Vía urbana,Choque obstáculo calzada,Buen tiempo,Pleno día,1,0,1,0,2019-10-01,via urbana,choque obstaculo calzada,buen tiempo,pleno dia,zona interurbana,3fdba35f04dc8c462986c992bcf875546257113072a909c162f7e470e581e278,accidentes_raw_dgt,2026-05-09 20:40:11
2019,Álava,12,Lunes,23,Zona interurbana,Autopista,Choque obstáculo calzada,Granizo,Se desconoce,2,0,0,2,2019-12-01,autopista,choque obstaculo calzada,granizo,se desconoce,zona interurbana,8527a891e224136950ff32ca212b45bc93f69fbb801c3b1ebedac52775f99e61,accidentes_raw_dgt,2026-05-09 20:40:11
2019,Álava,12,Miércoles,15,Zona interurbana,Autopista,Choque obstáculo calzada,Buen tiempo,Pleno día,1,0,0,1,2019-12-01,autopista,choque obstaculo calzada,buen tiempo,pleno dia,zona interurbana,e629fa6598d732768f7c726b4b621285f9c3b85303900aa912017db7617d8bdb,accidentes_raw_dgt,2026-05-09 20:40:11
2019,Álava,12,Domingo,22,Travesía,Otro,Objeto desprendido,Lluvia,Noche sin iluminación,1,0,0,1,2019-12-01,otro,objeto desprendido,lluvia,noche sin iluminacion,travesia,b17ef6d19c7a5b1ee83b907c595526dcb1eb06db8227d650d5dda0a9f4ce8cd9,accidentes_raw_dgt,2026-05-09 20:40:11
2019,Álava,4,Lunes,12,Zona interurbana,Vía urbana,Animal en calzada,Buen tiempo,Pleno día,1,0,0,1,2019-04-01,via urbana,animal en calzada,buen tiempo,pleno dia,zona interurbana,4523540f1504cd17100c4835e85b7eefd49911580f8efff0599a8f283be6b9e3,accidentes_raw_dgt,2026-05-09 20:40:11
2019,Álava,2,Sábado,14,Zona interurbana,Vía urbana,Choque obstáculo calzada,Buen tiempo,Pleno día,1,0,0,1,2019-02-01,via urbana,choque obstaculo calzada,buen tiempo,pleno dia,zona interurbana,4ec9599fc203d176a301536c2e091a19bc852759b255bd6818810a42c5fed14a,accidentes_raw_dgt,2026-05-09 20:40:11
2019,Álava,4,Viernes,18,Travesía,Otro,Colisión frontal,Buen tiempo,Pleno día,1,0,0,1,2019-04-01,otro,colision frontal,buen tiempo,pleno dia,travesia,9400f1b21cb527d7fa3d3eabba93557a18ebe7a2ca4e471cfe5e4c5b4ca7f767,accidentes_raw_dgt,2026-05-09 20:40:11
2019,Álava,5,Sábado,13,Zona interurbana,Camino vecinal,Colisión frontolateral,Buen tiempo,Pleno día,1,0,0,1,2019-05-01,camino vecinal,colision frontolateral,buen tiempo,pleno dia,zona interurbana,f5ca38f748a1d6eaf726b8a42fb575c3c71f1864a8143301782de13da2d9202b,accidentes_raw_dgt,2026-05-09 20:40:11
2019,Álava,8,Lunes,18,Zona interurbana,Vía urbana,Objeto desprendido,Lluvia,Pleno día,1,0,0,1,2019-08-01,via urbana,objeto desprendido,lluvia,pleno dia,zona interurbana,6f4b6612125fb3a0daecd2799dfd6c9c299424fd920f9b308110a2c1fbd8f443,accidentes_raw_dgt,2026-05-09 20:40:11
2019,Álava,9,Jueves,14,Zona interurbana,Otro urbano,Colisión frontolateral,Buen tiempo,Pleno día,1,0,0,1,2019-09-01,otro urbano,colision frontolateral,buen tiempo,pleno dia,zona interurbana,785f3ec7eb32f30b90cd0fcf3657d388b5ff4297f2f9716ff66e9b69c05ddd09,accidentes_raw_dgt,2026-05-09 20:40:11
2019,Álava,11,Miércoles,12,Travesía,Otro,Choque obstáculo lateral,Buen tiempo,Pleno día,1,0,0,1,2019-11-01,otro,choque obstaculo lateral,buen tiempo,pleno dia,travesia,535fa30d7e25dd8a49f1536779734ec8286108d115da5045d77f3b4185d8f790,accidentes_raw_dgt,2026-05-09 20:40:11
2019,Álava,3,Jueves,13,Zona interurbana,Vía urbana,Colisión por alcance,Buen tiempo,Pleno día,3,0,0,3,2019-03-01,via urbana,colision por alcance,buen tiempo,pleno dia,zona interurbana,c2356069e9d1e79ca924378153cfbbfb4d4416b1f99d41a2940bfdb66c5319db,accidentes_raw_dgt,2026-05-09 20:40:11
2019,Álava,12,Lunes,22,Zona interurbana,Ramal/enlace,Colisión por alcance,Lluvia,Se desconoce,3,0,0,3,2019-12-01,ramal/enlace,colision por alcance,lluvia,se desconoce,zona interurbana,b7a56873cd771f2c446d369b649430b65a756ba278ff97ec81bb6f55b2e73569,accidentes_raw_dgt,2026-05-09 20:40:11
2019,Álava,1,Jueves,19,Zona interurbana,Vía urbana,Caída de motociclista,Lluvia,Se desconoce,1,0,0,1,2019-01-01,via urbana,caida de motociclista,lluvia,se desconoce,zona interurbana,5f9c4ab08cac7457e9111a30e4664920607ea2c115a1433d7be98e97e64244ca,accidentes_raw_dgt,2026-05-09 20:40:11
2019,Álava,2,Domingo,19,Zona interurbana,Vía convencional,Colisión por alcance,Buen tiempo,Se desconoce,4,0,0,4,2019-02-01,via convencional,colision por alcance,buen tiempo,se desconoce,zona interurbana,670671cd97404156226e507973f2ab8330d3022ca96e0c93bdbdb320c41adcaf,accidentes_raw_dgt,2026-05-09 20:40:11
2019,Álava,3,Domingo,14,Zona interurbana,Área de servicio,Animal en calzada,Buen tiempo,Pleno día,1,0,0,1,2019-03-01,area de servicio,animal en calzada,buen tiempo,pleno dia,zona interurbana,59e19706d51d39f66711c2653cd7eb1291c94d9b55eb14bda74ce4dc636d015a,accidentes_raw_dgt,2026-05-09 20:40:11
2019,Álava,3,Sábado,16,Zona interurbana,Vía urbana,Colisión frontolateral,Buen tiempo,Pleno día,1,1,0,0,2019-03-01,via urbana,colision frontolateral,buen tiempo,pleno dia,zona interurbana,35135aaa6cc23891b40cb3f378c53a17a1127210ce60e125ccf03efcfdaec458,accidentes_raw_dgt,2026-05-09 20:40:11
2019,Álava,3,Sábado,12,Zona interurbana,Vía urbana,Objeto desprendido,Buen tiempo,Pleno día,1,0,0,1,2019-03-01,via urbana,objeto desprendido,buen tiempo,pleno dia,zona interurbana,624b60c58c9d8bfb6ff1886c2fd605d2adeb6ea4da576068201b6c6958ce93f4,accidentes_raw_dgt,2026-05-09 20:40:11
2019,Álava,3,Viernes,14,Zona interurbana,Autovía,Objeto desprendido,Buen tiempo,Pleno día,1,0,1,0,2019-03-01,autovia,objeto desprendido,buen tiempo,pleno dia,zona interurbana,eb1e33e8a81b697b75855af6bfcdbcbf7cbbde9f94962ceaec1ed8af21f5a50f,accidentes_raw_dgt,2026-05-09 20:40:11
2019,Álava,4,Domingo,12,Zona interurbana,Área de servicio,Animal en calzada,Buen tiempo,Pleno día,1,0,0,1,2019-04-01,area de servicio,animal en calzada,buen tiempo,pleno dia,zona interurbana,e29c9c180c6279b0b02abd6a1801c7c04082cf486ec027aa13515e4f3884bb6b,accidentes_raw_dgt,2026-05-09 20:40:11
2019,Álava,4,Sábado,19,Zona interurbana,Vía urbana,Atropello a peatón,Buen tiempo,Pleno día,1,0,0,1,2019-04-01,via urbana,atropello a peaton,buen tiempo,pleno dia,zona interurbana,c6f3ac57944a531490cd39902d0f777715fd005efac9a30622d5f5205e7f6894,accidentes_raw_dgt,2026-05-09 20:40:11
2019,Álava,5,Jueves,9,Zona interurbana,Vía urbana,Animal en calzada,Buen tiempo,Pleno día,2,0,0,2,2019-05-01,via urbana,animal en calzada,buen tiempo,pleno dia,zona interurbana,86e50149658661312a9e0b35558d84f6c6d3da797f552a9657fe0558ca40cdef,accidentes_raw_dgt,2026-05-09 20:40:11
2019,Álava,6,Viernes,18,Zona interurbana,Vía urbana,Colisión frontolateral,Buen tiempo,Pleno día,1,0,0,1,2019-06-01,via urbana,colision frontolateral,buen tiempo,pleno dia,zona interurbana,9f14025af0065b30e47e23ebb3b491d39ae8ed17d33739e5ff3827ffb3634953,accidentes_raw_dgt,2026-05-09 20:40:11
2019,Álava,6,Domingo,18,Zona interurbana,Vía urbana,Animal en calzada,Buen tiempo,Pleno día,1,0,0,1,2019-06-01,via urbana,animal en calzada,buen tiempo,pleno dia,zona interurbana,76a50887d8f1c2e9301755428990ad81479ee21c25b43215cf524541e0503269,accidentes_raw_dgt,2026-05-09 20:40:11
2019,Álava,6,Domingo,17,Zona interurbana,Vía urbana,Caída de motociclista,Lluvia,Pleno día,1,0,0,1,2019-06-01,via urbana,caida de motociclista,lluvia,pleno dia,zona interurbana,7a61b53701befdae0eeeffaecc73f14e20b537bb0f8b91ad7c2936dc63562b25,accidentes_raw_dgt,2026-05-09 20:40:11
2019,Álava,7,Sábado,12,Zona interurbana,Vía urbana,Colisión múltiple,Buen tiempo,Pleno día,3,0,0,3,2019-07-01,via urbana,colision multiple,buen tiempo,pleno dia,zona interurbana,aea92132c4cbeb263e6ac2bf6c183b5d81737f179f21efdc5863739672f0f470,accidentes_raw_dgt,2026-05-09 20:40:11
2019,Álava,7,Miércoles,18,Zona interurbana,Vía urbana,Colisión frontolateral,Buen tiempo,Pleno día,1,0,0,1,2019-07-01,via urbana,colision frontolateral,buen tiempo,pleno dia,zona interurbana,0b918943df0962bc7a1824c0555a389347b4febdc7cf9d1254406d80ce44e3f9,accidentes_raw_dgt,2026-05-09 20:40:11
2019,Álava,7,Jueves,7,Zona interurbana,Autopista,Choque obstáculo calzada,Buen tiempo,Pleno día,1,0,1,0,2019-07-01,autopista,choque obstaculo calzada,buen tiempo,pleno dia,zona interurbana,d59eced1ded07f84c145592f65bdf854358e009c5cd705f5215bf18697fed103,accidentes_raw_dgt,2026-05-09 20:40:11
2019,Álava,7,Jueves,21,Travesía,Rotonda,Choque obstáculo calzada,Buen tiempo,Pleno día,1,0,0,1,2019-07-01,rotonda,choque obstaculo calzada,buen tiempo,pleno dia,travesia,3d914f9348c9cc0ff8a79716700b9fcd4d2f3e711608004eb8f138bcba7f14d9,accidentes_raw_dgt,2026-05-09 20:40:11
2019,Álava,7,Sábado,12,Zona interurbana,Otro urbano,Colisión lateral,Buen tiempo,Pleno día,1,0,0,1,2019-07-01,otro urbano,colision lateral,buen tiempo,pleno dia,zona interurbana,73475cb40a568e8da8a045ced110137e159f890ac4da883b6b17dc651b3a8049,accidentes_raw_dgt,2026-05-09 20:40:11
2019,Álava,9,Viernes,18,Zona interurbana,Vía urbana,Choque con bordillo,Buen tiempo,Pleno día,1,0,0,1,2019-09-01,via urbana,choque con bordillo,buen tiempo,pleno dia,zona interurbana,44cb730c420480a0477b505ae68af508fb90f96cf0ec54c6ad16949dd427f13a,accidentes_raw_dgt,2026-05-09 20:40:11
2019,Álava,9,Miércoles,20,Zona interurbana,Vía urbana,Colisión frontolateral,Buen tiempo,Noche sin iluminación,4,0,0,4,2019-09-01,via urbana,colision frontolateral,buen tiempo,noche sin iluminacion,zona interurbana,71ee45a3c0db9a9865f7313dd3372cf60dca6479d46261f3542eb9346e4a04d6,accidentes_raw_dgt,2026-05-09 20:40:11
2019,Álava,10,Viernes,8,Zona interurbana,Vía convencional,Colisión por alcance,Buen tiempo,Pleno día,3,0,1,2,2019-10-01,via convencional,colision por alcance,buen tiempo,pleno dia,zona interurbana,811786ad1ae74adfdd20dd0372abaaebc6246e343aebd01da0bfc4c02bf0106c,accidentes_raw_dgt,2026-05-09 20:40:11
2019,Álava,10,Viernes,16,Zona interurbana,Rotonda,Choque obstáculo calzada,Buen tiempo,Pleno día,1,0,0,1,2019-10-01,rotonda,choque obstaculo calzada,buen tiempo,pleno dia,zona interurbana,25fc0e7096fc653718202dc30b0c580b8ab87eac11a700cba03a7c021bc35b0c,accidentes_raw_dgt,2026-05-09 20:40:11
2019,Álava,10,Jueves,17,Zona interurbana,Vía convencional,Caída de motociclista,Buen tiempo,Pleno día,1,0,1,0,2019-10-01,via convencional,caida de motociclista,buen tiempo,pleno dia,zona interurbana,31489056e0916d59fe3add79e63f095af3ffb81604691f21cad442a85c7be617,accidentes_raw_dgt,2026-05-09 20:40:11
2019,Álava,11,Sábado,14,Travesía,Otro,Objeto desprendido,Granizo,Pleno día,3,0,0,3,2019-11-01,otro,objeto desprendido,granizo,pleno dia,travesia,98010bd9270f9b100b6214a21754fd33bdc8d41b2bc9f9dd16ff54d3c34ffd71,accidentes_raw_dgt,2026-05-09 20:40:11
2019,Álava,11,Viernes,14,Zona interurbana,Vía urbana,Caída de motociclista,Granizo,Pleno día,1,0,0,1,2019-11-01,via urbana,caida de motociclista,granizo,pleno dia,zona interurbana,0e17daca5f3e175f448bacace3bc0da47d0655a74c8dd0dc497a3afbdad95f1f,accidentes_raw_dgt,2026-05-09 20:40:11
2019,Álava,11,Jueves,14,Zona interurbana,Vía urbana,Atropello a peatón,Lluvia,Pleno día,1,0,0,1,2019-11-01,via urbana,atropello a peaton,lluvia,pleno dia,zona interurbana,1a6562590ef19d1045d06c4055742d38288e9e6dcd71ccde5cee80f1d5a774eb,accidentes_raw_dgt,2026-05-09 20:40:11
2019,Álava,12,Sábado,18,Zona interurbana,Vía urbana,Caída de motociclista,Buen tiempo,Se desconoce,1,0,0,1,2019-12-01,via urbana,caida de motociclista,buen tiempo,se desconoce,zona interurbana,031b4af5197ec30a926f48cf40e11a7dbc470048a21e4003b7a3c07c5dab1baa,accidentes_raw_dgt,2026-05-09 20:40:11
2019,Álava,12,Sábado,6,Zona interurbana,Autovía,Choque obstáculo calzada,Lluvia,Se desconoce,2,0,0,2,2019-12-01,autovia,choque obstaculo calzada,lluvia,se desconoce,zona interurbana,41cfc0d1f2d127b04555b7246d84019b4d27710a3f3aff6e7764375b1e06e05d,accidentes_raw_dgt,2026-05-09 20:40:11
2019,Álava,1,Martes,13,Zona interurbana,Vía urbana,Objeto desprendido,Buen tiempo,Pleno día,1,0,0,1,2019-01-01,via urbana,objeto desprendido,buen tiempo,pleno dia,zona interurbana,2858dcd1057d3eae7f7d5f782167e24b61153c01551450a628cee722509f6529,accidentes_raw_dgt,2026-05-09 20:40:11
2019,Álava,2,Viernes,16,Zona interurbana,Vía urbana,Colisión frontolateral,Buen tiempo,Pleno día,1,0,1,0,2019-02-01,via urbana,colision frontolateral,buen tiempo,pleno dia,zona interurbana,2fca346db656187102ce806ac732e06a62df0dbb2829e511a770556d398e1a6e,accidentes_raw_dgt,2026-05-09 20:40:11
2019,Álava,3,Viernes,17,Travesía,Otro,Choque obstáculo lateral,Buen tiempo,Pleno día,1,0,1,0,2019-03-01,otro,choque obstaculo lateral,buen tiempo,pleno dia,travesia,02d20bbd7e394ad5999a4cebabac9619732c343a4cac99470c03e23ba2bdc2bc,accidentes_raw_dgt,2026-05-09 20:40:11
2019,Álava,4,Viernes,7,Zona interurbana,Camino vecinal,Choque obstáculo lateral,Lluvia,Amanecer/Anochecer,1,1,0,0,2019-04-01,camino vecinal,choque obstaculo lateral,lluvia,amanecer/anochecer,zona interurbana,7688b6ef52555962d008fff894223582c484517cea7da49ee67800adc7fc8866,accidentes_raw_dgt,2026-05-09 20:40:11
2019,Álava,4,Viernes,17,Zona interurbana,Vía convencional,Choque obstáculo calzada,Buen tiempo,Pleno día,1,0,0,1,2019-04-01,via convencional,choque obstaculo calzada,buen tiempo,pleno dia,zona interurbana,c837649cce43f2729138e72cc315207057ac82599a59be72765a477f22d14a54,accidentes_raw_dgt,2026-05-09 20:40:11
2019,Álava,5,Martes,17,Zona interurbana,Vía convencional,Colisión frontolateral,Buen tiempo,Pleno día,2,0,0,2,2019-05-01,via convencional,colision frontolateral,buen tiempo,pleno dia,zona interurbana,6208ef0f7750c111548cf90b6ea1d0d0a66f6bff40dbef07cb45ec436263c7d6,accidentes_raw_dgt,2026-05-09 20:40:11
2019,Álava,6,Viernes,23,Travesía,Otro,Choque obstáculo lateral,Buen tiempo,Noche sin iluminación,2,0,0,2,2019-06-01,otro,choque obstaculo lateral,buen tiempo,noche sin iluminacion,travesia,3e1e967e9b793e908f8eae83c74dba9bcccce6a5535b4b462bd9994537bfe15c,accidentes_raw_dgt,2026-05-09 20:40:11
2019,Álava,7,Lunes,11,Zona interurbana,Vía urbana,Atropello a peatón,Buen tiempo,Pleno día,1,0,0,1,2019-07-01,via urbana,atropello a peaton,buen tiempo,pleno dia,zona interurbana,39fa9ec190eee7b6f4dff1100d6343e10918d044c75eac8f9e9a2596173f80c9,accidentes_raw_dgt,2026-05-09 20:40:11
2019,Álava,8,Viernes,13,Travesía,Otro,Colisión por alcance,Buen tiempo,Pleno día,2,0,0,2,2019-08-01,otro,colision por alcance,buen tiempo,pleno dia,travesia,d029fa3a95e174a19934857f535eb9427d967218a36ea014b70ad704bc6c8d1c,accidentes_raw_dgt,2026-05-09 20:40:11
2019,Álava,1,Martes,7,Zona interurbana,Camino vecinal,Caída de motociclista,Buen tiempo,Se desconoce,1,0,0,1,2019-01-01,camino vecinal,caida de motociclista,buen tiempo,se desconoce,zona interurbana,81b8a03f97e8787c53fe1a86bda042b6f0de9b0ec9c09357e107c99ba4d6948a,accidentes_raw_dgt,2026-05-09 20:40:11
2019,Álava,1,Miércoles,22,Zona interurbana,Vía urbana,Atropello a peatón,Granizo,Se desconoce,1,0,0,1,2019-01-01,via urbana,atropello a peaton,granizo,se desconoce,zona interurbana,da4ea2a5506f2693eae190d9360a1f31793c98a1adade51d93533a6f520ace1c,accidentes_raw_dgt,2026-05-09 20:40:11
2019,Álava,2,Jueves,22,Zona interurbana,Ramal/enlace,Colisión por alcance,Lluvia,Noche ilum. insuficiente,1,0,0,1,2019-02-01,ramal/enlace,colision por alcance,lluvia,noche ilum. insuficiente,zona interurbana,a68b412c4282555f15546cf6e1fc42893b7e07f271557ceb021821098dd66c1b,accidentes_raw_dgt,2026-05-09 20:40:11
2019,Álava,2,Domingo,18,Zona interurbana,Vía urbana,Colisión por alcance,Buen tiempo,Amanecer/Anochecer,4,0,0,4,2019-02-01,via urbana,colision por alcance,buen tiempo,amanecer/anochecer,zona interurbana,108c995b953c8a35561103e2014cf828eb654a99e310f87fab94c2f4b7d2a04f,accidentes_raw_dgt,2026-05-09 20:40:11
2019,Álava,3,Domingo,12,Zona interurbana,Vía urbana,Caída de motociclista,Buen tiempo,Pleno día,1,0,0,1,2019-03-01,via urbana,caida de motociclista,buen tiempo,pleno dia,zona interurbana,3ada92f28b4ceda38562ebf047c6ff05400d4c572352a1142eedfef67d21e662,accidentes_raw_dgt,2026-05-09 20:40:11
2019,Álava,4,Martes,12,Zona interurbana,Vía urbana,Colisión frontolateral,Buen tiempo,Pleno día,1,0,0,1,2019-04-01,via urbana,colision frontolateral,buen tiempo,pleno dia,zona interurbana,49d180ecf56132819571bf39d9b7b342522a2ac6d23c1418d3338251bfe469c8,accidentes_raw_dgt,2026-05-09 20:40:11
2019,Álava,5,Viernes,6,Zona interurbana,Vía urbana,Colisión frontolateral,Granizo,Se desconoce,2,0,0,2,2019-05-01,via urbana,colision frontolateral,granizo,se desconoce,zona interurbana,a21855da08cb102d1d217c53dc5824a3a795c1c1a44e971bf01ab9da3a2acbbf,accidentes_raw_dgt,2026-05-09 20:40:11
2019,Álava,5,Viernes,17,Zona interurbana,Otro urbano,Animal en calzada,Buen tiempo,Pleno día,1,0,0,1,2019-05-01,otro urbano,animal en calzada,buen tiempo,pleno dia,zona interurbana,c75cb66ae28d8ebc6eded002c28a8ba0d06d3a78c6b5cbf9b2ade051f0775ac4,accidentes_raw_dgt,2026-05-09 20:40:11
2019,Álava,7,Viernes,0,Zona interurbana,Vía urbana,Choque obstáculo calzada,Lluvia,Se desconoce,4,0,0,4,2019-07-01,via urbana,choque obstaculo calzada,lluvia,se desconoce,zona interurbana,ff5a1ae012afa5d4c889c50ad427aaf545d31a4fac04ffc1c4d03d403ba4250a,accidentes_raw_dgt,2026-05-09 20:40:11
2019,Álava,8,Viernes,22,Zona interurbana,Vía urbana,Caída de motociclista,Buen tiempo,Se desconoce,1,0,0,1,2019-08-01,via urbana,caida de motociclista,buen tiempo,se desconoce,zona interurbana,7f2253d7e228b22a08bda1f09c516f6fead81df6536eb02fa991a34bb38d9be8,accidentes_raw_dgt,2026-05-09 20:40:11
2019,Álava,9,Miércoles,22,Zona interurbana,Vía urbana,Colisión por alcance,Buen tiempo,Noche sin iluminación,3,0,0,3,2019-09-01,via urbana,colision por alcance,buen tiempo,noche sin iluminacion,zona interurbana,8722616204217eddb39e7df969e0698aed8e599ba62ed2de1ce49b03ade0fede,accidentes_raw_dgt,2026-05-09 20:40:11
2019,Álava,9,Viernes,16,Zona interurbana,Vía urbana,Colisión por alcance,Buen tiempo,Pleno día,1,0,0,1,2019-09-01,via urbana,colision por alcance,buen tiempo,pleno dia,zona interurbana,96061e92f58e4bdcdee73df36183fe3ac64747c81c26f6c83aada8d2aabb1864,accidentes_raw_dgt,2026-05-09 20:40:11
2019,Álava,11,Viernes,19,Zona interurbana,Vía urbana,Colisión frontolateral,Nieve,Se desconoce,2,0,0,2,2019-11-01,via urbana,colision frontolateral,nieve,se desconoce,zona interurbana,eb624dbe56eb6620ae62080c10a273cab73ae8eca98ab17b731446a31c79393a,accidentes_raw_dgt,2026-05-09 20:40:11
2019,Álava,11,Lunes,2,Zona interurbana,Vía urbana,Caída de motociclista,Lluvia,Se desconoce,1,0,1,0,2019-11-01,via urbana,caida de motociclista,lluvia,se desconoce,zona interurbana,f369cb89fc627e668987007d121ed1eacdc01db9e28f8bb26f358b7d8c4f08ac,accidentes_raw_dgt,2026-05-09 20:40:11
2019,Álava,11,Martes,22,Zona interurbana,Vía urbana,Colisión frontal,Lluvia,Se desconoce,2,0,1,0,2019-11-01,via urbana,colision frontal,lluvia,se desconoce,zona interurbana,f74efabef12ea619e30b79bddef89cffa9dda494761681ca862cff2871a85980,accidentes_raw_dgt,2026-05-09 20:40:11
2019,Álava,3,Viernes,18,Zona interurbana,Vía urbana,Colisión múltiple,Buen tiempo,Pleno día,1,0,0,1,2019-03-01,via urbana,colision multiple,buen tiempo,pleno dia,zona interurbana,a88a7902cb4ef697ba0b6759c50e8c10297ff58f942243de19b984841bfe1f73,accidentes_raw_dgt,2026-05-09 20:40:11
2019,Álava,4,Martes,1,Zona interurbana,Vía convencional,Choque obstáculo calzada,Lluvia,Se desconoce,3,0,0,3,2019-04-01,via convencional,choque obstaculo calzada,lluvia,se desconoce,zona interurbana,349c41201b62db851192665c504b350ff98c6b45fb62a8a2161f78b6534d8de9,accidentes_raw_dgt,2026-05-09 20:40:11
2019,Álava,4,Martes,18,Zona interurbana,Vía de servicio,Colisión frontolateral,Buen tiempo,Pleno día,1,0,1,0,2019-04-01,via de servicio,colision frontolateral,buen tiempo,pleno dia,zona interurbana,98a3ab7c340e8a033e7b37b6ef9428751581760af67bbab2b9e05d4964a8874a,accidentes_raw_dgt,2026-05-09 20:40:11