AÑO,PROVINCIA,MES,DIA_SEMANA,HORA,ZONA,TIPO_VIA,TIPO_ACCIDENTE,CONDICION_METEO,CONDICION_ILUMINACION,TOTAL_VICTIMAS,FALLECIDOS_24H,HERIDOS_GRAVES,HERIDOS_LEVES,FECHA_ACCIDENTE,TIPO_VIA_NORM,TIPO_ACCIDENTE_NORM,CONDICION_METEO_NORM,CONDICION_ILUMINACION_NORM,ZONA_NORM,ID_ACCIDENTE_HASH,source_id,load_timestamp
2019,Álava,6,Domingo,12,Zona interurbana,Vía urbana,Colisión por alcance,Buen tiempo,Pleno día,1,0,1,0,2019-06-01,via urbana,colision por alcance,buen tiempo,pleno dia,zona interurbana,48449a14a4ff7d79bb7a1b6f3d488eba397c36ef25634c111b49baf362511afc,accidentes_raw_dgt,2026-05-09 20:40:11
2019,Álava,7,Lunes,12,Zona interurbana,Vía urbana,Colisión frontolateral,Buen tiempo,Pleno día,1,0,0,1,2019-07-01,via urbana,colision frontolateral,buen tiempo,pleno dia,zona interurbana,5316ca1c5ddca8e6ceccfce58f3b8540e540ee22f6180fb89492904051b3d531,accidentes_raw_dgt,2026-05-09 20:40:11
2019,Álava,7,Sábado,10,Zona interurbana,Vía convencional,Atropello a peatón,Lluvia,Pleno día,2,0,0,2,2019-07-01,via convencional,atropello a peaton,lluvia,pleno dia,zona interurbana,a46e37632fa6ca51a13fe39a567b3c23b28c2f47d8af6be9bd63e030e214ba38,accidentes_raw_dgt,2026-05-09 20:40:11
2019,Álava,8,Viernes,18,Zona interurbana,Otro urbano,Atropello a peatón,Buen tiempo,Pleno día,1,0,0,1,2019-08-01,otro urbano,atropello a peaton,buen tiempo,pleno dia,zona interurbana,bbb965ab0c80d6538cf2184babad2a564a010376712012bd07b0af92dcd3097d,accidentes_raw_dgt,2026-05-09 20:40:11
2019,Álava,8,Martes,16,Zona interurbana,Autovía,Colisión por alcance,Buen tiempo,Pleno día,2,0,1,0,2019-08-01,autovia,colision por alcance,buen tiempo,pleno dia,zona interurbana,44c8031cb036a7350d8b9b8603af662a4b9cdbd2f96e8d5de5af435c9c35da69,accidentes_raw_dgt,2026-05-09 20:40:11
2019,Álava,9,Sábado,9,Zona interurbana,Vía urbana,Animal en calzada,Buen tiempo,Pleno día,1,0,0,1,2019-09-01,via urbana,animal en calzada,buen tiempo,pleno dia,zona interurbana,b4944c6ff08dc6f43da2e9c824669b7d927dd1fa976fadc7b456881f51bf5ccc,accidentes_raw_dgt,2026-05-09 20:40:11
2019,Álava,12,Martes,15,Zona interurbana,Vía urbana,Colisión por alcance,Lluvia,Pleno día,1,0,1,0,2019-12-01,via urbana,colision por alcance,lluvia,pleno dia,zona interurbana,434c9b5ae514646bbd91b50032ca579efec8f22bf0b4aac12e65997c418e0dd6,accidentes_raw_dgt,2026-05-09 20:40:11
2019,Álava,1,Viernes,15,Zona interurbana,Vía urbana,Colisión por alcance,Lluvia,Pleno día,3,0,1,2,2019-01-01,via urbana,colision por alcance,lluvia,pleno dia,zona interurbana,bdd2d3af3a5a1213497d4f1f7bfcda898274fe9cb5401bbc0190885664708fc2,accidentes_raw_dgt,2026-05-09 20:40:11
2019,Álava,7,Lunes,17,Zona interurbana,Vía urbana,Colisión frontolateral,Buen tiempo,Pleno día,1,0,0,1,2019-07-01,via urbana,colision frontolateral,buen tiempo,pleno dia,zona interurbana,8b940be7fb78aaa6b6567dd7a3987996947460df1c668e698eb92ca77e425349,accidentes_raw_dgt,2026-05-09 20:40:11
2019,Álava,10,Martes,16,Zona interurbana,Vía urbana,Atropello a peatón,Granizo,Pleno día,2,0,1,1,2019-10-01,via urbana,atropello a peaton,granizo,pleno dia,zona interurbana,cd70bea023f752a0564abb6ed08d42c1440f2e33e29914e55e0be1595e24f45a,accidentes_raw_dgt,2026-05-09 20:40:11
2019,Álava,4,Domingo,5,Zona interurbana,Vía urbana,Colisión frontal,Buen tiempo,Se desconoce,1,0,0,1,2019-04-01,via urbana,colision frontal,buen tiempo,se desconoce,zona interurbana,69f59c273b6e669ac32a6dd5e1b2cb63333d8b004f9696447aee2d422ce63763,accidentes_raw_dgt,2026-05-09 20:40:11
2019,Álava,6,Domingo,11,Zona interurbana,Vía urbana,Animal en calzada,Buen tiempo,Pleno día,1,0,0,1,2019-06-01,via urbana,animal en calzada,buen tiempo,pleno dia,zona interurbana,1da51b8d8ff98f6a48f80ae79fe3ca6c26e1abb7b7d125259255d6d2b875ea08,accidentes_raw_dgt,2026-05-09 20:40:11
2019,Álava,9,Domingo,13,Zona interurbana,Camino vecinal,Animal en calzada,Buen tiempo,Pleno día,1,0,0,1,2019-09-01,camino vecinal,animal en calzada,buen tiempo,pleno dia,zona interurbana,8241649609f88ccd2a0a5b233a07a538ec313ff6adf695aa44a969dbca39f67d,accidentes_raw_dgt,2026-05-09 20:40:11
2019,Álava,5,Viernes,15,Zona interurbana,Vía urbana,Atropello a peatón,Lluvia,Pleno día,1,0,0,1,2019-05-01,via urbana,atropello a peaton,lluvia,pleno dia,zona interurbana,6e4001871c0cf27c7634ef1dc478408f642410fd3a444e2a88e301f5c4a35a4d,accidentes_raw_dgt,2026-05-09 20:40:11
2019,Álava,6,Domingo,14,Zona interurbana,Camino vecinal,Atropello a peatón,Buen tiempo,Pleno día,1,0,0,1,2019-06-01,camino vecinal,atropello a peaton,buen tiempo,pleno dia,zona interurbana,e3d6c4d4599e00882384ca981ee287ed961fa5f3828e2adb5e9ea890ab0d0525,accidentes_raw_dgt,2026-05-09 20:40:11
2019,Álava,9,Sábado,5,Zona interurbana,Vía urbana,Atropello a peatón,Lluvia,Se desconoce,1,0,0,1,2019-09-01,via urbana,atropello a peaton,lluvia,se desconoce,zona interurbana,ad48ff99415b2f007dc35b7eb553fd1eb35ebfa2f2f308acd9488eeb86f71fa8,accidentes_raw_dgt,2026-05-09 20:40:11
2019,Álava,9,Jueves,8,Zona interurbana,Vía urbana,Choque obstáculo calzada,Lluvia,Pleno día,1,0,0,1,2019-09-01,via urbana,choque obstaculo calzada,lluvia,pleno dia,zona interurbana,7b1a278f5abe8e9da907fc9c29dfd432d60dc76e17b0fabab659d2a508bc65c4,accidentes_raw_dgt,2026-05-09 20:40:11
2019,Álava,1,Sábado,10,Zona interurbana,Vía urbana,Colisión frontolateral,Buen tiempo,Pleno día,1,0,0,1,2019-01-01,via urbana,colision frontolateral,buen tiempo,pleno dia,zona interurbana,d6d824abba4afde81129c71dea75b8100e96338da5f416d2f69088f1960cb091,accidentes_raw_dgt,2026-05-09 20:40:11
2019,Álava,2,Jueves,7,Zona interurbana,Vía urbana,Colisión frontolateral,Buen tiempo,Pleno día,1,0,0,1,2019-02-01,via urbana,colision frontolateral,buen tiempo,pleno dia,zona interurbana,29db0c6782dbd5000559ef4d9e953e300e2b479eed26d887ef3f92b921c06a67,accidentes_raw_dgt,2026-05-09 20:40:11
2019,Álava,3,Viernes,15,Zona interurbana,Vía urbana,Colisión frontolateral,Buen tiempo,Pleno día,2,0,0,2,2019-03-01,via urbana,colision frontolateral,buen tiempo,pleno dia,zona interurbana,8c1f1046219ddd216a023f792356ddf127fce372a72ec9b4cdac989ee5b0b455,accidentes_raw_dgt,2026-05-09 20:40:11
2019,Álava,3,Viernes,15,Zona interurbana,Vía convencional,Caída de motociclista,Buen tiempo,Amanecer/Anochecer,1,0,0,1,2019-03-01,via convencional,caida de motociclista,buen tiempo,amanecer/anochecer,zona interurbana,ad57366865126e55649ecb23ae1d48887544976efea46a48eb5d85a6eeb4d306,accidentes_raw_dgt,2026-05-09 20:40:11
2019,Álava,3,Viernes,16,Zona interurbana,Vía convencional,Objeto desprendido,Buen tiempo,Pleno día,2,0,1,0,2019-03-01,via convencional,objeto desprendido,buen tiempo,pleno dia,zona interurbana,16dc368a89b428b2485484313ba67a3912ca03f2b2b42429174a4f8b3dc84e44,accidentes_raw_dgt,2026-05-09 20:40:11
2019,Álava,5,Sábado,9,Zona interurbana,Vía urbana,Animal en calzada,Lluvia,Pleno día,1,0,0,1,2019-05-01,via urbana,animal en calzada,lluvia,pleno dia,zona interurbana,37834f2f25762f23e1f74a531cbe445db73d6765ebe60878a7dfbecd7d4af6e1,accidentes_raw_dgt,2026-05-09 20:40:11
2019,Álava,6,Sábado,13,Travesía,Otro urbano,Animal en calzada,Buen tiempo,Pleno día,1,0,1,0,2019-06-01,otro urbano,animal en calzada,buen tiempo,pleno dia,travesia,454f63ac30c8322997ef025edff6abd23e0dbe7b8a3d5126a894e4a168c1b59b,accidentes_raw_dgt,2026-05-09 20:40:11
2019,Álava,6,Lunes,19,Travesía,Otro urbano,Atropello a peatón,Lluvia,Pleno día,1,0,0,1,2019-06-01,otro urbano,atropello a peaton,lluvia,pleno dia,travesia,5ef6fdf32513aa7cd11f72beccf132b9224d33f271471fff402742887a171edf,accidentes_raw_dgt,2026-05-09 20:40:11
2019,Álava,8,Sábado,12,Zona interurbana,Vía convencional,Colisión por alcance,Buen tiempo,Pleno día,1,0,0,1,2019-08-01,via convencional,colision por alcance,buen tiempo,pleno dia,zona interurbana,1253e9373e781b7500266caa55150e08e210bc8cd8cc70d89985e3600155e860,accidentes_raw_dgt,2026-05-09 20:40:11
2019,Álava,8,Sábado,11,Zona interurbana,Vía urbana,Animal en calzada,Buen tiempo,Pleno día,1,0,0,1,2019-08-01,via urbana,animal en calzada,buen tiempo,pleno dia,zona interurbana,482d9673cfee5de391f97fde4d1c84f9f8d6f2cf0784fcffb958b4032de7236c,accidentes_raw_dgt,2026-05-09 20:40:11
2019,Álava,10,Lunes,12,Zona interurbana,Autopista,Colisión por alcance,Lluvia,Pleno día,2,0,0,2,2019-10-01,autopista,colision por alcance,lluvia,pleno dia,zona interurbana,3346f2bbf6c34bd2dbe28bd1bb657d0e9c37392a1d5ec9929e6a5df4763ddc2d,accidentes_raw_dgt,2026-05-09 20:40:11
2019,Álava,11,Sábado,17,Travesía,Calle peatonal,Colisión frontal,Nieve,Noche sin iluminación,1,0,0,1,2019-11-01,calle peatonal,colision frontal,nieve,noche sin iluminacion,travesia,9537f32ec7599e1ae953af6c9f929fe747ff9dadf79a9beff1f304c550173011,accidentes_raw_dgt,2026-05-09 20:40:11
2019,Álava,12,Lunes,16,Travesía,Calle peatonal,Colisión frontolateral,Buen tiempo,Pleno día,3,0,0,3,2019-12-01,calle peatonal,colision frontolateral,buen tiempo,pleno dia,travesia,0fd42b3f73c448b34940b339f87d07adf116b05c0227aad72e8f0ee90533e699,accidentes_raw_dgt,2026-05-09 20:40:11
2019,Álava,7,Lunes,23,Zona interurbana,Vía urbana,Choque obstáculo lateral,Buen tiempo,Se desconoce,1,0,0,1,2019-07-01,via urbana,choque obstaculo lateral,buen tiempo,se desconoce,zona interurbana,9bdb2af6799204a299c603994b8e400e4b1fd625efdb74066cc869fee42c9df3,accidentes_raw_dgt,2026-05-09 20:40:11
2019,Álava,1,Miércoles,7,Zona interurbana,Autopista,Choque obstáculo calzada,Granizo,Se desconoce,1,0,0,1,2019-01-01,autopista,choque obstaculo calzada,granizo,se desconoce,zona interurbana,f6e0a1e2ac41945a9aa7ff8a8aaa0cebc12a3bcc981a929ad5cf810a090e11ae,accidentes_raw_dgt,2026-05-09 20:40:11
2019,Álava,2,Viernes,17,Zona interurbana,Autopista,Choque obstáculo calzada,Buen tiempo,Pleno día,3,0,0,3,2019-02-01,autopista,choque obstaculo calzada,buen tiempo,pleno dia,zona interurbana,b1556dea32e9d0cdbfed038fd7787275775ea40939c146a64e205bcb349ad02f,accidentes_raw_dgt,2026-05-09 20:40:11
2019,Álava,5,Miércoles,8,Zona interurbana,Autopista,Colisión por alcance,Buen tiempo,Pleno día,3,0,0,3,2019-05-01,autopista,colision por alcance,buen tiempo,pleno dia,zona interurbana,6c658ee83fb7e812482494f3e416a876f63f418a0b8a1f5e76d47ee4177035cb,accidentes_raw_dgt,2026-05-09 20:40:11
2019,Álava,7,Domingo,10,Zona interurbana,Vía urbana,Animal en calzada,Buen tiempo,Pleno día,1,0,0,1,2019-07-01,via urbana,animal en calzada,buen tiempo,pleno dia,zona interurbana,9f1f9dce319c4700ef28ec8c53bd3cc8e6abe64c68385479ab89215806a5bdd6,accidentes_raw_dgt,2026-05-09 20:40:11
2019,Álava,11,Sábado,14,Zona interurbana,Autopista,Choque obstáculo calzada,Nieve,Pleno día,1,0,0,1,2019-11-01,autopista,choque obstaculo calzada,nieve,pleno dia,zona interurbana,28dae7c8bde2f3ca608f86d0e16a214dee74c74bee011cdfdd46bc04b655bc14,accidentes_raw_dgt,2026-05-09 20:40:11
2019,Álava,12,Sábado,23,Zona interurbana,Autopista,Objeto desprendido,Lluvia,Se desconoce,1,0,0,1,2019-12-01,autopista,objeto desprendido,lluvia,se desconoce,zona interurbana,e5b861a6d8a966dfca7e7341cd3eb6be9901688d547a72ebed0b1f5e14f3d08d,accidentes_raw_dgt,2026-05-09 20:40:11
2019,Álava,1,Jueves,5,Zona interurbana,Vía convencional,Choque obstáculo calzada,Buen tiempo,Se desconoce,1,0,0,1,2019-01-01,via convencional,choque obstaculo calzada,buen tiempo,se desconoce,zona interurbana,2ac878b0e2180616993b4b6aa71e61166fdc86c28d47e359d0ee537eb11d46d3,accidentes_raw_dgt,2026-05-09 20:40:11
2019,Álava,3,Sábado,12,Zona interurbana,Vía urbana,Colisión por alcance,Buen tiempo,Pleno día,2,0,0,2,2019-03-01,via urbana,colision por alcance,buen tiempo,pleno dia,zona interurbana,85daaf6f7055cd5736287faed9603d712920092c4f8fd0097ec3b650bf27530e,accidentes_raw_dgt,2026-05-09 20:40:11
2019,Álava,4,Domingo,9,Zona interurbana,Vía urbana,Animal en calzada,Buen tiempo,Pleno día,1,0,0,1,2019-04-01,via urbana,animal en calzada,buen tiempo,pleno dia,zona interurbana,3038bfb575bee6a0e61945eff8784835bb2c720634e42734678c083994b7f018,accidentes_raw_dgt,2026-05-09 20:40:11
2019,Álava,8,Miércoles,12,Zona interurbana,Vía urbana,Colisión por alcance,Buen tiempo,Pleno día,1,0,1,0,2019-08-01,via urbana,colision por alcance,buen tiempo,pleno dia,zona interurbana,2abaca4911e68fa9bfbf3482ee797fd5b9045b841fdff7253557c5fe15de6477,accidentes_raw_dgt,2026-05-09 20:40:11
2019,Álava,8,Domingo,13,Zona interurbana,Vía convencional,Animal en calzada,Buen tiempo,Pleno día,1,0,0,1,2019-08-01,via convencional,animal en calzada,buen tiempo,pleno dia,zona interurbana,89aa1e580023722db67646e8149eb246c748e180e34a1cf679ab0b41a416d904,accidentes_raw_dgt,2026-05-09 20:40:11
2019,Álava,11,Lunes,9,Zona interurbana,Vía convencional,Caída de motociclista,Buen tiempo,Pleno día,1,0,0,1,2019-11-01,via convencional,caida de motociclista,buen tiempo,pleno dia,zona interurbana,1be00341082e25c4e251ca6713e767f7131a2823b0052caf9c9b006ec512f6cb,accidentes_raw_dgt,2026-05-09 20:40:11
2019,Álava,10,Sábado,16,Zona interurbana,Vía urbana,Animal en calzada,Buen tiempo,Noche con iluminación,1,0,1,0,2019-10-01,via urbana,animal en calzada,buen tiempo,noche con iluminacion,zona interurbana,a665a45920422f9d417e4867efdc4fb8a04a1f3fff1fa07e998e86f7f7a27ae3,accidentes_raw_dgt,2026-05-09 20:40:11
2019,Álava,1,Jueves,11,Zona interurbana,Autovía,Atropello a peatón,Granizo,Pleno día,1,0,0,1,2019-01-01,autovia,atropello a peaton,granizo,pleno dia,zona interurbana,6affdae3b3c1aa6aa7689e9b6a7b3225a636aa1ac0025f490cca1285ceaf1487,accidentes_raw_dgt,2026-05-09 20:40:11
2019,Álava,4,Lunes,21,Zona interurbana,Vía convencional,Colisión lateral,Buen tiempo,Se desconoce,1,0,0,1,2019-04-01,via convencional,colision lateral,buen tiempo,se desconoce,zona interurbana,0f8ef3377b30fc47f96b48247f463a726a802f62f3faa03d56403751d2f66c67,accidentes_raw_dgt,2026-05-09 20:40:11
2019,Álava,5,Lunes,14,Zona interurbana,Vía convencional,Choque obstáculo calzada,Buen tiempo,Pleno día,1,0,0,1,2019-05-01,via convencional,choque obstaculo calzada,buen tiempo,pleno dia,zona interurbana,65a699905c02619370bcf9207f5a477c3d67130ca71ec6f750e07fe8d510b084,accidentes_raw_dgt,2026-05-09 20:40:11
2019,Álava,7,Sábado,9,Zona interurbana,Vía convencional,Objeto desprendido,Buen tiempo,Pleno día,1,0,0,1,2019-07-01,via convencional,objeto desprendido,buen tiempo,pleno dia,zona interurbana,922c7954216ccfe7a61def609305ce1dc7c67e225f873f256d30d7a8ee4f404c,accidentes_raw_dgt,2026-05-09 20:40:11
2019,Álava,10,Miércoles,10,Zona interurbana,Vía urbana,Animal en calzada,Lluvia,Pleno día,1,0,0,1,2019-10-01,via urbana,animal en calzada,lluvia,pleno dia,zona interurbana,2747b7c718564ba5f066f0523b03e17f6a496b06851333d2d59ab6d863225848,accidentes_raw_dgt,2026-05-09 20:40:11
2019,Álava,11,Jueves,18,Zona interurbana,Vía convencional,Colisión por alcance,Lluvia,Se desconoce,1,0,0,1,2019-11-01,via convencional,colision por alcance,lluvia,se desconoce,zona interurbana,6566230e3a3ce3774c1bbc7c18b590ae0f457bbcd511e90e3e7dca2a02e7addc,accidentes_raw_dgt,2026-05-09 20:40:11
2019,Álava,12,Domingo,8,Zona interurbana,Vía convencional,Atropello a peatón,Lluvia,Amanecer/Anochecer,1,0,0,1,2019-12-01,via convencional,atropello a peaton,lluvia,amanecer/anochecer,zona interurbana,38d66d9692ac590000a91b03a88da1c88d51fab2b78f63171f553ecc551a0c6f,accidentes_raw_dgt,2026-05-09 20:40:11
2019,Álava,4,Lunes,14,Zona interurbana,Vía urbana,Colisión frontolateral,Lluvia,Pleno día,1,0,0,1,2019-04-01,via urbana,colision frontolateral,lluvia,pleno dia,zona interurbana,eeca91fd439b6d5e827e8fda7fee35046f2def93508637483f6be8a2df7a4392,accidentes_raw_dgt,2026-05-09 20:40:11
2019,Álava,9,Lunes,7,Zona interurbana,Vía urbana,Colisión frontolateral,Buen tiempo,Pleno día,1,0,0,1,2019-09-01,via urbana,colision frontolateral,buen tiempo,pleno dia,zona interurbana,dbb1ded63bc70732626c5dfe6c7f50ced3d560e970f30b15335ac290358748f6,accidentes_raw_dgt,2026-05-09 20:40:11
2019,Álava,11,Lunes,12,Zona interurbana,Vía urbana,Colisión por alcance,Granizo,Pleno día,1,0,0,1,2019-11-01,via urbana,colision por alcance,granizo,pleno dia,zona interurbana,d2f483672c0239f6d7dd3c9ecee6deacbcd59185855625902a8b1c1a3bd67440,accidentes_raw_dgt,2026-05-09 20:40:11
2019,Álava,11,Viernes,16,Travesía,Otro urbano,Choque obstáculo lateral,Lluvia,Pleno día,1,0,0,1,2019-11-01,otro urbano,choque obstaculo lateral,lluvia,pleno dia,travesia,5d389f5e2e34c6b0bad96581c22cee0be36dcf627cd73af4d4cccacd9ef40cc3,accidentes_raw_dgt,2026-05-09 20:40:11
2019,Álava,4,Sábado,12,Zona interurbana,Vía urbana,Colisión lateral,Buen tiempo,Pleno día,1,0,1,0,2019-04-01,via urbana,colision lateral,buen tiempo,pleno dia,zona interurbana,13671077b66a29874a2578b5240319092ef2a1043228e433e9b006b5e53e7513,accidentes_raw_dgt,2026-05-09 20:40:11
2019,Álava,6,Domingo,10,Zona interurbana,Calle,Animal en calzada,Buen tiempo,Pleno día,1,0,0,1,2019-06-01,calle,animal en calzada,buen tiempo,pleno dia,zona interurbana,36ebe205bcdfc499a25e6923f4450fa8d48196ceb4fa0ce077d9d8ec4a36926d,accidentes_raw_dgt,2026-05-09 20:40:11
2019,Álava,2,Domingo,19,Zona interurbana,Vía urbana,Choque obstáculo lateral,Lluvia,Noche sin iluminación,1,1,0,0,2019-02-01,via urbana,choque obstaculo lateral,lluvia,noche sin iluminacion,zona interurbana,d80eae6e96d148b3b2abbbc6760077b66c4ea071f847dab573d507a32c4d99a5,accidentes_raw_dgt,2026-05-09 20:40:11
2019,Álava,2,Sábado,20,Zona interurbana,Vía urbana,Colisión frontolateral,Buen tiempo,Se desconoce,4,0,1,3,2019-02-01,via urbana,colision frontolateral,buen tiempo,se desconoce,zona interurbana,d6a4031733610bb080d0bfa794fcc9dbdcff74834aeaab7c6b927e21e9754037,accidentes_raw_dgt,2026-05-09 20:40:11
2019,Álava,3,Sábado,16,Zona interurbana,Vía urbana,Caída de motociclista,Buen tiempo,Pleno día,1,1,0,0,2019-03-01,via urbana,caida de motociclista,buen tiempo,pleno dia,zona interurbana,8d27ba37c5d810106b55f3fd6cdb35842007e88754184bfc0e6035f9bcede633,accidentes_raw_dgt,2026-05-09 20:40:11
2019,Álava,3,Sábado,14,Zona interurbana,Vía urbana,Colisión por alcance,Buen tiempo,Pleno día,3,0,0,3,2019-03-01,via urbana,colision por alcance,buen tiempo,pleno dia,zona interurbana,dbae772db29058a88f9bd830e957c695347c41b6162a7eb9a9ea13def34be56b,accidentes_raw_dgt,2026-05-09 20:40:11
2019,Álava,4,Miércoles,14,Zona interurbana,Camino vecinal,Animal en calzada,Lluvia,Pleno día,1,0,0,1,2019-04-01,camino vecinal,animal en calzada,lluvia,pleno dia,zona interurbana,2c7d5490e6050836f8f2f0d496b1c8d6a38d4ffac2b898e6e77751bdcd20ebf5,accidentes_raw_dgt,2026-05-09 20:40:11
2019,Álava,4,Domingo,1,Zona interurbana,Vía urbana,Objeto desprendido,Lluvia,Se desconoce,1,0,0,1,2019-04-01,via urbana,objeto desprendido,lluvia,se desconoce,zona interurbana,d4ee9f58e5860574ca98e3b4839391e7a356328d4bd6afecefc2381df5f5b41b,accidentes_raw_dgt,2026-05-09 20:40:11
2019,Álava,4,Domingo,9,Zona interurbana,Camino vecinal,Animal en calzada,Lluvia,Pleno día,1,0,0,1,2019-04-01,camino vecinal,animal en calzada,lluvia,pleno dia,zona interurbana,d6f0c71ef0c88e45e4b3a2118fcb83b0def392d759c901e9d755d0e879028727,accidentes_raw_dgt,2026-05-09 20:40:11
2019,Álava,5,Jueves,11,Zona interurbana,Vía urbana,Objeto desprendido,Lluvia,Pleno día,1,0,0,1,2019-05-01,via urbana,objeto desprendido,lluvia,pleno dia,zona interurbana,5ec1a0c99d428601ce42b407ae9c675e0836a8ba591c8ca6e2a2cf5563d97ff0,accidentes_raw_dgt,2026-05-09 20:40:11
2019,Álava,5,Lunes,8,Zona interurbana,Vía urbana,Colisión frontolateral,Buen tiempo,Pleno día,2,0,0,2,2019-05-01,via urbana,colision frontolateral,buen tiempo,pleno dia,zona interurbana,be47addbcb8f60566a3d7fd5a36f8195798e2848b368195d9a5d20e007c59a0c,accidentes_raw_dgt,2026-05-09 20:40:11
2019,Álava,6,Sábado,18,Zona interurbana,Vía urbana,Colisión por alcance,Buen tiempo,Pleno día,3,0,0,3,2019-06-01,via urbana,colision por alcance,buen tiempo,pleno dia,zona interurbana,0a5b046d07f6f971b7776de682f57c5b9cdc8fa060db7ef59de82e721c8098f4,accidentes_raw_dgt,2026-05-09 20:40:11
2019,Álava,6,Domingo,5,Zona interurbana,Vía urbana,Atropello a peatón,Buen tiempo,Se desconoce,1,0,0,1,2019-06-01,via urbana,atropello a peaton,buen tiempo,se desconoce,zona interurbana,1d28c120568c10e19b9d8abe8b66d0983fa3d2e11ee7751aca50f83c6f4a43aa,accidentes_raw_dgt,2026-05-09 20:40:11
2019,Álava,8,Sábado,20,Travesía,Otro,Objeto desprendido,Buen tiempo,Pleno día,1,0,0,1,2019-08-01,otro,objeto desprendido,buen tiempo,pleno dia,travesia,ec2e990b934dde55cb87300629cedfc21b15cd28bbcf77d8bbdc55359d7689da,accidentes_raw_dgt,2026-05-09 20:40:11
2019,Álava,10,Miércoles,13,Zona interurbana,Vía urbana,Caída de motociclista,Buen tiempo,Pleno día,1,0,0,1,2019-10-01,via urbana,caida de motociclista,buen tiempo,pleno dia,zona interurbana,05ada863a4cf9660fd8c68e2295f1d35b2264815f5b605003d6625bd9e0492cf,accidentes_raw_dgt,2026-05-09 20:40:11
2019,Álava,10,Miércoles,13,Zona interurbana,Vía urbana,Objeto desprendido,Buen tiempo,Pleno día,1,0,0,1,2019-10-01,via urbana,objeto desprendido,buen tiempo,pleno dia,zona interurbana,9ae2bdd7beedc2e766c6b76585530e16925115707dc7a06ab5ee4aa2776b2c7b,accidentes_raw_dgt,2026-05-09 20:40:11
2019,Álava,10,Domingo,15,Travesía,Otro urbano,Objeto desprendido,Buen tiempo,Pleno día,2,0,0,2,2019-10-01,otro urbano,objeto desprendido,buen tiempo,pleno dia,travesia,8e612bd1f5d132a339575b8dafb7842c64614e56bcf3d5ab65a0bc4b34329407,accidentes_raw_dgt,2026-05-09 20:40:11
2019,Álava,11,Miércoles,17,Zona interurbana,Vía urbana,Colisión frontolateral,Lluvia,Pleno día,1,0,0,1,2019-11-01,via urbana,colision frontolateral,lluvia,pleno dia,zona interurbana,043066daf2109523a7490d4bfad4766da5719950a2b5f96d192fc0537e84f32a,accidentes_raw_dgt,2026-05-09 20:40:11
2019,Álava,2,Miércoles,21,Zona interurbana,Vía urbana,Choque obstáculo calzada,Buen tiempo,Se desconoce,1,0,0,1,2019-02-01,via urbana,choque obstaculo calzada,buen tiempo,se desconoce,zona interurbana,620c9c332101a5bae955c66ae72268fbcd3972766179522c8deede6a249addb7,accidentes_raw_dgt,2026-05-09 20:40:11
2019,Álava,8,Viernes,17,Zona interurbana,Vía urbana,Colisión frontolateral,Buen tiempo,Pleno día,2,0,0,2,2019-08-01,via urbana,colision frontolateral,buen tiempo,pleno dia,zona interurbana,1d0ebea552eb43d0b1e1561f6de8ae92e3de7f1abec52399244d1caed7dbdfa6,accidentes_raw_dgt,2026-05-09 20:40:11
2019,Álava,11,Viernes,13,Zona interurbana,Vía urbana,Colisión frontolateral,Buen tiempo,Pleno día,2,0,0,2,2019-11-01,via urbana,colision frontolateral,buen tiempo,pleno dia,zona interurbana,210e3b160c355818509425b9d9e9fd3ea2e287f2c43a13e5be8817140db0b9e6,accidentes_raw_dgt,2026-05-09 20:40:11
2019,Álava,1,Jueves,13,Travesía,Otro,Objeto desprendido,Granizo,Pleno día,1,0,0,1,2019-01-01,otro,objeto desprendido,granizo,pleno dia,travesia,0fecf9247f3ddc84db8a804fa3065c013baf6b7c2458c2ba2bf56c2e1d42ddd4,accidentes_raw_dgt,2026-05-09 20:40:11
2019,Álava,12,Martes,8,Zona interurbana,Vía urbana,Colisión por alcance,Buen tiempo,Pleno día,4,0,0,4,2019-12-01,via urbana,colision por alcance,buen tiempo,pleno dia,zona interurbana,c75de23d89df36ba921287616ee8edb4c986e328a78e033e57c1e5e2b59c838e,accidentes_raw_dgt,2026-05-09 20:40:11
2019,Álava,1,Martes,23,Travesía,Otro,Objeto desprendido,Lluvia,Noche sin iluminación,1,0,0,1,2019-01-01,otro,objeto desprendido,lluvia,noche sin iluminacion,travesia,7ed8f0f3b707956d9fb1e889e11153e0aa0a854983081d262fbe5eede32da7ca,accidentes_raw_dgt,2026-05-09 20:40:11
2019,Álava,1,Miércoles,8,Zona interurbana,Vía de servicio,Caída de motociclista,Granizo,Pleno día,1,0,0,1,2019-01-01,via de servicio,caida de motociclista,granizo,pleno dia,zona interurbana,ff2ccb6ba423d356bd549ed4bfb76e96976a0dcde05a09996a1cdb9f83422ec4,accidentes_raw_dgt,2026-05-09 20:40:11