AÑO,PROVINCIA,MES,DIA_SEMANA,HORA,ZONA,TIPO_VIA,TIPO_ACCIDENTE,CONDICION_METEO,CONDICION_ILUMINACION,TOTAL_VICTIMAS,FALLECIDOS_24H,HERIDOS_GRAVES,HERIDOS_LEVES,FECHA_ACCIDENTE,TIPO_VIA_NORM,TIPO_ACCIDENTE_NORM,CONDICION_METEO_NORM,CONDICION_ILUMINACION_NORM,ZONA_NORM,ID_ACCIDENTE_HASH,source_id,load_timestamp
2019,Álava,1,Jueves,20,Zona interurbana,Vía urbana,Colisión por alcance,Nieve,Se desconoce,3,0,0,3,2019-01-01,via urbana,colision por alcance,nieve,se desconoce,zona interurbana,a512db2741cd20693e4b16f19891e72b9ff12cead72761fc5e92d2aaf34740c1,accidentes_raw_dgt,2026-05-09 20:40:11
2019,Álava,5,Lunes,10,Zona interurbana,Vía urbana,Colisión frontal,Buen tiempo,Pleno día,2,0,1,1,2019-05-01,via urbana,colision frontal,buen tiempo,pleno dia,zona interurbana,bb668ca95563216088b98a62557fa1e26802563f3919ac78ae30533bb9ed422c,accidentes_raw_dgt,2026-05-09 20:40:11
2019,Álava,5,Sábado,20,Zona interurbana,Camino vecinal,Colisión lateral,Buen tiempo,Pleno día,1,0,1,0,2019-05-01,camino vecinal,colision lateral,buen tiempo,pleno dia,zona interurbana,79d6eaa2676189eb927f2e16a70091474078e2117c3fc607d35cdc6b591ef355,accidentes_raw_dgt,2026-05-09 20:40:11
2019,Álava,11,Jueves,12,Zona interurbana,Vía urbana,Colisión frontal,Buen tiempo,Pleno día,2,0,0,2,2019-11-01,via urbana,colision frontal,buen tiempo,pleno dia,zona interurbana,3d3286f7cd19074f04e514b0c6c237e757513fb32820698b790e1dec801d947a,accidentes_raw_dgt,2026-05-09 20:40:11
2019,Álava,1,Jueves,20,Zona interurbana,Vía urbana,Choque obstáculo lateral,Buen tiempo,Noche sin iluminación,1,0,1,0,2019-01-01,via urbana,choque obstaculo lateral,buen tiempo,noche sin iluminacion,zona interurbana,3f9807cb9ae9fb6c30942af6139909d27753a5e03fe5a5c6e93b014f5b17366f,accidentes_raw_dgt,2026-05-09 20:40:11
2019,Álava,2,Domingo,12,Zona interurbana,Vía urbana,Animal en calzada,Buen tiempo,Pleno día,1,0,0,1,2019-02-01,via urbana,animal en calzada,buen tiempo,pleno dia,zona interurbana,bc52dd634277c4a34a2d6210994a9a5e2ab6d33bb4a3a8963410e00ca6c15a02,accidentes_raw_dgt,2026-05-09 20:40:11
2019,Álava,6,Domingo,5,Zona interurbana,Vía urbana,Caída de motociclista,Buen tiempo,Amanecer/Anochecer,1,0,0,1,2019-06-01,via urbana,caida de motociclista,buen tiempo,amanecer/anochecer,zona interurbana,e0f05da93a0f5a86a3be5fc0e301606513c9f7e59dac2357348aa0f2f47db984,accidentes_raw_dgt,2026-05-09 20:40:11
2019,Álava,1,Martes,9,Zona interurbana,Vía urbana,Choque obstáculo calzada,Lluvia,Pleno día,2,0,0,2,2019-01-01,via urbana,choque obstaculo calzada,lluvia,pleno dia,zona interurbana,73d3f1ba062585bce51f77d70a26be88c44b55d70f81b8bd7e2ded030ca4454a,accidentes_raw_dgt,2026-05-09 20:40:11
2019,Álava,4,Domingo,11,Zona interurbana,Vía urbana,Objeto desprendido,Buen tiempo,Pleno día,1,0,0,1,2019-04-01,via urbana,objeto desprendido,buen tiempo,pleno dia,zona interurbana,80c3cd40fa35f9088b8741bd8be6153de05f661cfeeb4625ffbf5f4a6c3c02c4,accidentes_raw_dgt,2026-05-09 20:40:11
2019,Álava,5,Jueves,14,Zona interurbana,Vía urbana,Colisión frontolateral,Lluvia,Pleno día,1,0,0,1,2019-05-01,via urbana,colision frontolateral,lluvia,pleno dia,zona interurbana,f57e5cb1f4532c008183057ecc94283801fcb5afe2d1c190e3dfd38c4da08042,accidentes_raw_dgt,2026-05-09 20:40:11
2019,Álava,4,Martes,21,Travesía,Otro urbano,Colisión por alcance,Buen tiempo,Pleno día,2,0,0,2,2019-04-01,otro urbano,colision por alcance,buen tiempo,pleno dia,travesia,734d0759cdb4e0d0a35e4fd73749aee287e4fdcc8648b71a8d6ed591b7d4cb3f,accidentes_raw_dgt,2026-05-09 20:40:11
2019,Álava,5,Miércoles,15,Zona interurbana,Vía urbana,Atropello a peatón,Buen tiempo,Pleno día,1,0,0,1,2019-05-01,via urbana,atropello a peaton,buen tiempo,pleno dia,zona interurbana,284de502c9847342318c17d474733ef468fbdbe252cddf6e4b4be0676706d9d0,accidentes_raw_dgt,2026-05-09 20:40:11
2019,Álava,2,Domingo,13,Zona interurbana,Vía urbana,Atropello a peatón,Lluvia,Pleno día,1,0,0,1,2019-02-01,via urbana,atropello a peaton,lluvia,pleno dia,zona interurbana,68519a9eca55c68c72658a2a1716aac3788c289859d46d6f5c3f14760fa37c9e,accidentes_raw_dgt,2026-05-09 20:40:11
2019,Álava,2,Jueves,18,Travesía,Otro,Colisión por alcance,Buen tiempo,Noche sin iluminación,1,0,0,1,2019-02-01,otro,colision por alcance,buen tiempo,noche sin iluminacion,travesia,4a8596a7790b5ca9e067da401c018b3206befbcf95c38121854d1a0158e7678a,accidentes_raw_dgt,2026-05-09 20:40:11
2019,Álava,7,Jueves,19,Zona interurbana,Vía urbana,Colisión lateral,Buen tiempo,Pleno día,1,0,0,1,2019-07-01,via urbana,colision lateral,buen tiempo,pleno dia,zona interurbana,41e521adf8ae7a0f419ee06e1d9fb794162369237b46f64bf5b2b9969b0bcd2e,accidentes_raw_dgt,2026-05-09 20:40:11
2019,Álava,8,Miércoles,12,Zona interurbana,Calle,Caída de motociclista,Buen tiempo,Pleno día,1,0,0,1,2019-08-01,calle,caida de motociclista,buen tiempo,pleno dia,zona interurbana,dac53c17c250fd4d4d81eaf6d88435676dac1f3f3896441e277af839bf50ed8a,accidentes_raw_dgt,2026-05-09 20:40:11
2019,Álava,8,Lunes,21,Travesía,Otro,Choque obstáculo lateral,Nieve,Noche sin iluminación,1,0,0,1,2019-08-01,otro,choque obstaculo lateral,nieve,noche sin iluminacion,travesia,cba28b89eb859497f544956d64cf2ecf29b76fe2ef7175b33ea59e64293a4461,accidentes_raw_dgt,2026-05-09 20:40:11
2019,Álava,10,Domingo,17,Zona interurbana,Vía urbana,Atropello a peatón,Buen tiempo,Pleno día,1,0,0,1,2019-10-01,via urbana,atropello a peaton,buen tiempo,pleno dia,zona interurbana,8cd2510271575d8430c05368315a87b9c4784c7389a47496080c1e615a2a00b6,accidentes_raw_dgt,2026-05-09 20:40:11
2019,Álava,11,Martes,13,Zona interurbana,Vía urbana,Caída de motociclista,Buen tiempo,Pleno día,1,0,0,1,2019-11-01,via urbana,caida de motociclista,buen tiempo,pleno dia,zona interurbana,01d54579da446ae1e75cda808cd188438834fa6249b151269db0f9123c9ddc61,accidentes_raw_dgt,2026-05-09 20:40:11
2019,Álava,4,Sábado,10,Zona interurbana,Vía urbana,Animal en calzada,Buen tiempo,Pleno día,1,0,0,1,2019-04-01,via urbana,animal en calzada,buen tiempo,pleno dia,zona interurbana,3068430da9e4b7a674184035643d9e19af3dc7483e31cc03b35f75268401df77,accidentes_raw_dgt,2026-05-09 20:40:11
2019,Álava,5,Jueves,18,Zona interurbana,Vía urbana,Animal en calzada,Buen tiempo,Pleno día,1,0,1,0,2019-05-01,via urbana,animal en calzada,buen tiempo,pleno dia,zona interurbana,7b69759630f869f2723875f873935fed29d2d12b10ef763c1c33b8e0004cb405,accidentes_raw_dgt,2026-05-09 20:40:11
2019,Álava,7,Sábado,11,Zona interurbana,Camino vecinal,Animal en calzada,Buen tiempo,Pleno día,1,0,0,1,2019-07-01,camino vecinal,animal en calzada,buen tiempo,pleno dia,zona interurbana,580811fa95269f3ecd4f22d176e079d36093573680b6ef66fa341e687a15b5da,accidentes_raw_dgt,2026-05-09 20:40:11
2019,Álava,9,Sábado,13,Zona interurbana,Vía urbana,Colisión lateral,Buen tiempo,Pleno día,1,0,0,1,2019-09-01,via urbana,colision lateral,buen tiempo,pleno dia,zona interurbana,bfa7634640c53da7cb5e9c39031128c4e583399f936896f27f999f1d58d7b37e,accidentes_raw_dgt,2026-05-09 20:40:11
2019,Álava,11,Domingo,17,Zona interurbana,Vía urbana,Colisión por alcance,Viento fuerte,Noche sin iluminación,1,0,0,1,2019-11-01,via urbana,colision por alcance,viento fuerte,noche sin iluminacion,zona interurbana,b8aed072d29403ece56ae9641638ddd50d420f950bde0eefc092ee8879554141,accidentes_raw_dgt,2026-05-09 20:40:11
2019,Álava,1,Jueves,15,Zona interurbana,Autopista,Choque obstáculo calzada,Lluvia,Pleno día,1,0,0,1,2019-01-01,autopista,choque obstaculo calzada,lluvia,pleno dia,zona interurbana,52f11620e397f867b7d9f19e48caeb64658356a6b5d17138c00dd9feaf5d7ad6,accidentes_raw_dgt,2026-05-09 20:40:11
2019,Álava,2,Viernes,8,Zona interurbana,Autopista,Caída de motociclista,Lluvia,Amanecer/Anochecer,2,0,0,2,2019-02-01,autopista,caida de motociclista,lluvia,amanecer/anochecer,zona interurbana,61a229bae1e90331edd986b6bbbe617f7035de88a5bf7c018c3add6c762a6e8d,accidentes_raw_dgt,2026-05-09 20:40:11
2019,Álava,3,Sábado,12,Zona interurbana,Vía urbana,Animal en calzada,Buen tiempo,Pleno día,1,0,0,1,2019-03-01,via urbana,animal en calzada,buen tiempo,pleno dia,zona interurbana,2811745d7b8d8874f6e653d176cefdd19e05e920ce389b9b7e83e5b2dfa546c7,accidentes_raw_dgt,2026-05-09 20:40:11
2019,Álava,4,Jueves,22,Zona interurbana,Autopista,Choque obstáculo calzada,Granizo,Se desconoce,1,0,0,1,2019-04-01,autopista,choque obstaculo calzada,granizo,se desconoce,zona interurbana,38b2d03f3256502b1e9db02b2d12aa27a46033ffe6d8c0ef0f2cf6b1530be9d8,accidentes_raw_dgt,2026-05-09 20:40:11
2019,Álava,6,Sábado,12,Zona interurbana,Vía urbana,Objeto desprendido,Buen tiempo,Pleno día,1,0,0,1,2019-06-01,via urbana,objeto desprendido,buen tiempo,pleno dia,zona interurbana,d6061bbee6cf13bd73765faaea7cdd0af1323e4b125342ac346047f7c4bda1fc,accidentes_raw_dgt,2026-05-09 20:40:11
2019,Álava,7,Sábado,12,Zona interurbana,Vía urbana,Caída de motociclista,Buen tiempo,Pleno día,1,0,0,1,2019-07-01,via urbana,caida de motociclista,buen tiempo,pleno dia,zona interurbana,7045d16ae7f043ec25774a0a85d6f479e5bb019e9c5a1584bc76736d116b8f33,accidentes_raw_dgt,2026-05-09 20:40:11
2019,Álava,7,Viernes,23,Travesía,Otro,Objeto desprendido,Buen tiempo,Pleno día,1,0,1,0,2019-07-01,otro,objeto desprendido,buen tiempo,pleno dia,travesia,2397346b45823e070f6fc72ac94c0a999d234c472479f0e26b30cdf5942db854,accidentes_raw_dgt,2026-05-09 20:40:11
2019,Álava,7,Jueves,19,Zona interurbana,Autopista,Caída de motociclista,Granizo,Pleno día,1,0,0,1,2019-07-01,autopista,caida de motociclista,granizo,pleno dia,zona interurbana,70260742c2952154c84e2ea9f68b1a7397f49b6d343da1ed284093c0bd72c742,accidentes_raw_dgt,2026-05-09 20:40:11
2019,Álava,7,Sábado,15,Zona interurbana,Autopista,Choque obstáculo calzada,Granizo,Pleno día,1,0,0,1,2019-07-01,autopista,choque obstaculo calzada,granizo,pleno dia,zona interurbana,eb3be230bbd2844b1f5d8f2e4fab9ffba8ab22cfeeb69c4c1361993ba4f377b9,accidentes_raw_dgt,2026-05-09 20:40:11
2019,Álava,8,Viernes,20,Zona interurbana,Vía urbana,Animal en calzada,Buen tiempo,Pleno día,1,0,1,0,2019-08-01,via urbana,animal en calzada,buen tiempo,pleno dia,zona interurbana,684fe39f03758de6a882ae61fa62312b67e5b1e665928cbf3dc3d8f4f53e3562,accidentes_raw_dgt,2026-05-09 20:40:11
2019,Álava,11,Viernes,19,Zona interurbana,Autopista,Choque obstáculo calzada,Lluvia,Se desconoce,1,0,0,1,2019-11-01,autopista,choque obstaculo calzada,lluvia,se desconoce,zona interurbana,7559ca4a957c8c82ba04781cd66a68d6022229fca0e8e88d8e487c96ee4446d0,accidentes_raw_dgt,2026-05-09 20:40:11
2019,Álava,12,Domingo,15,Zona interurbana,Autopista,Choque obstáculo calzada,Lluvia,Pleno día,1,0,0,1,2019-12-01,autopista,choque obstaculo calzada,lluvia,pleno dia,zona interurbana,1dfacb2ea5a03e0a915999e03b5a56196f1b1664d2f768d1b7eff60ac059789d,accidentes_raw_dgt,2026-05-09 20:40:11
2019,Álava,2,Jueves,17,Zona interurbana,Vía convencional,Colisión por alcance,Buen tiempo,Pleno día,2,0,0,2,2019-02-01,via convencional,colision por alcance,buen tiempo,pleno dia,zona interurbana,b4bbe448fde336bb6a7d7d765f36d3327c772b845e7b54c8282aa08c9775ddd7,accidentes_raw_dgt,2026-05-09 20:40:11
2019,Álava,3,Lunes,18,Zona interurbana,Vía convencional,Colisión por alcance,Buen tiempo,Pleno día,2,0,0,2,2019-03-01,via convencional,colision por alcance,buen tiempo,pleno dia,zona interurbana,8bcbb4c131df56f7c79066016241cc4bdf4e58db55c4f674e88b22365bd2e2ad,accidentes_raw_dgt,2026-05-09 20:40:11
2019,Álava,3,Martes,11,Zona interurbana,Calle,Objeto desprendido,Buen tiempo,Pleno día,2,0,0,2,2019-03-01,calle,objeto desprendido,buen tiempo,pleno dia,zona interurbana,a4e00d7e6aa82111575438c5e5d3e63269d4c475c718b2389f6d02932c47f8a6,accidentes_raw_dgt,2026-05-09 20:40:11
2019,Álava,3,Sábado,16,Zona interurbana,Vía convencional,Colisión frontolateral,Buen tiempo,Pleno día,2,0,0,2,2019-03-01,via convencional,colision frontolateral,buen tiempo,pleno dia,zona interurbana,5a39cadd1b007093db50744797c7a04a34f73b35ed444704206705b02597d6fd,accidentes_raw_dgt,2026-05-09 20:40:11
2019,Álava,6,Viernes,16,Zona interurbana,Autopista,Colisión por alcance,Buen tiempo,Pleno día,1,0,0,1,2019-06-01,autopista,colision por alcance,buen tiempo,pleno dia,zona interurbana,27badc983df1780b60c2b3fa9d3a19a00e46aac798451f0febdca52920faaddf,accidentes_raw_dgt,2026-05-09 20:40:11
2019,Álava,7,Lunes,13,Zona interurbana,Autopista,Choque obstáculo calzada,Lluvia,Pleno día,1,0,0,1,2019-07-01,autopista,choque obstaculo calzada,lluvia,pleno dia,zona interurbana,43974ed74066b207c30ffd0fed5146762e6c60745ac977004bc14507c7c42b50,accidentes_raw_dgt,2026-05-09 20:40:11
2019,Álava,7,Miércoles,19,Zona interurbana,Vía convencional,Colisión frontolateral,Buen tiempo,Pleno día,1,0,0,1,2019-07-01,via convencional,colision frontolateral,buen tiempo,pleno dia,zona interurbana,c17edaae86e4016a583e098582f6dbf3eccade8ef83747df9ba617ded9d31309,accidentes_raw_dgt,2026-05-09 20:40:11
2019,Álava,8,Miércoles,12,Travesía,Otro,Colisión por alcance,Buen tiempo,Pleno día,1,0,0,1,2019-08-01,otro,colision por alcance,buen tiempo,pleno dia,travesia,4621c1d55fa4e86ce0dae4288302641baac86dd53f76227c892df9d300682d41,accidentes_raw_dgt,2026-05-09 20:40:11
2019,Álava,9,Martes,7,Zona interurbana,Autopista,Choque obstáculo calzada,Buen tiempo,Pleno día,1,0,0,1,2019-09-01,autopista,choque obstaculo calzada,buen tiempo,pleno dia,zona interurbana,fc56dbc6d4652b315b86b71c8d688c1ccdea9c5f1fd07763d2659fde2e2fc49a,accidentes_raw_dgt,2026-05-09 20:40:11
2019,Álava,10,Domingo,21,Zona interurbana,Autopista,Choque obstáculo calzada,Buen tiempo,Se desconoce,4,0,0,4,2019-10-01,autopista,choque obstaculo calzada,buen tiempo,se desconoce,zona interurbana,f8809aff4d69bece79dabe35be0c708b890d7eafb841f121330667b77d2e2590,accidentes_raw_dgt,2026-05-09 20:40:11
2019,Álava,11,Viernes,1,Zona interurbana,Autopista,Choque obstáculo calzada,Buen tiempo,Se desconoce,1,0,0,1,2019-11-01,autopista,choque obstaculo calzada,buen tiempo,se desconoce,zona interurbana,5cf4e26bd3d87da5e03f80a43a64f1220a1f4ba9e1d6348caea83c06353c3f39,accidentes_raw_dgt,2026-05-09 20:40:11
2019,Álava,11,Sábado,14,Zona interurbana,Autopista,Choque obstáculo calzada,Nieve,Pleno día,1,0,0,1,2019-11-01,autopista,choque obstaculo calzada,nieve,pleno dia,zona interurbana,968076be2e38cf897d4d6cea3faca9c037e1a4e3b4b7744fb2533e07751bd30a,accidentes_raw_dgt,2026-05-09 20:40:11
2019,Álava,12,Lunes,12,Zona interurbana,Vía convencional,Colisión por alcance,Buen tiempo,Pleno día,1,0,0,1,2019-12-01,via convencional,colision por alcance,buen tiempo,pleno dia,zona interurbana,8df66f64b57424391d363fd6b811fed3c430c77597da265025728bd637bad804,accidentes_raw_dgt,2026-05-09 20:40:11
2019,Álava,12,Miércoles,14,Travesía,Otro,Objeto desprendido,Buen tiempo,Pleno día,1,0,0,1,2019-12-01,otro,objeto desprendido,buen tiempo,pleno dia,travesia,83f814f7a92e365cbd79f9addceed185761a8d38a06a2d4350bb1fe4b7632b34,accidentes_raw_dgt,2026-05-09 20:40:11
2019,Álava,1,Miércoles,2,Zona interurbana,Vía convencional,Choque obstáculo calzada,Buen tiempo,Se desconoce,1,0,0,1,2019-01-01,via convencional,choque obstaculo calzada,buen tiempo,se desconoce,zona interurbana,d29d53701d3c859e29e1b90028eec1ca8e2f29439198b6e036c60951fb458aa1,accidentes_raw_dgt,2026-05-09 20:40:11
2019,Álava,1,Viernes,14,Zona interurbana,Vía convencional,Choque obstáculo calzada,Granizo,Pleno día,1,0,0,1,2019-01-01,via convencional,choque obstaculo calzada,granizo,pleno dia,zona interurbana,093434a3ee9e0a010bb2c2aae06c2614dd24894062a1caf26718a01e175569b8,accidentes_raw_dgt,2026-05-09 20:40:11
2019,Álava,3,Sábado,13,Zona interurbana,Vía urbana,Colisión frontolateral,Buen tiempo,Pleno día,2,0,0,2,2019-03-01,via urbana,colision frontolateral,buen tiempo,pleno dia,zona interurbana,fa2b7af0a811b9acde602aacb78e3638e8506dfead5fe6c3425b10b526f94bdd,accidentes_raw_dgt,2026-05-09 20:40:11
2019,Álava,4,Domingo,19,Zona interurbana,Vía convencional,Colisión frontolateral,Buen tiempo,Pleno día,3,0,0,3,2019-04-01,via convencional,colision frontolateral,buen tiempo,pleno dia,zona interurbana,d48ff4b2f68a10fd7c86f185a6ccede0dc0f2c48538d697cb33b6ada3f1e85db,accidentes_raw_dgt,2026-05-09 20:40:11
2019,Álava,4,Sábado,23,Zona interurbana,Camino vecinal,Caída de motociclista,Buen tiempo,Se desconoce,1,0,0,1,2019-04-01,camino vecinal,caida de motociclista,buen tiempo,se desconoce,zona interurbana,802b906a18591ead8a6dd809b262ace4c65c16e89764c40ae326cfcff811e10c,accidentes_raw_dgt,2026-05-09 20:40:11
2019,Álava,5,Viernes,7,Travesía,Otro urbano,Animal en calzada,Lluvia,Amanecer/Anochecer,1,0,1,0,2019-05-01,otro urbano,animal en calzada,lluvia,amanecer/anochecer,travesia,d86580a57f7bf542e85202283cb845953c9d28f80a8e651db08b2fc0b2d6a731,accidentes_raw_dgt,2026-05-09 20:40:11
2019,Álava,5,Sábado,11,Zona interurbana,Vía urbana,Animal en calzada,Buen tiempo,Pleno día,1,0,0,1,2019-05-01,via urbana,animal en calzada,buen tiempo,pleno dia,zona interurbana,0f4121d0ef1df4c86854c7ebb47ae1c93de8aec8f944035eeaa6495dd71a0678,accidentes_raw_dgt,2026-05-09 20:40:11
2019,Álava,6,Lunes,12,Zona interurbana,Vía urbana,Colisión frontolateral,Buen tiempo,Pleno día,1,0,1,0,2019-06-01,via urbana,colision frontolateral,buen tiempo,pleno dia,zona interurbana,16badfc6202cb3f8889e0f2779b19218af4cbb736e56acadce8148aba9a7a9f8,accidentes_raw_dgt,2026-05-09 20:40:11
2019,Álava,7,Jueves,15,Zona interurbana,Vía convencional,Choque obstáculo calzada,Buen tiempo,Pleno día,1,0,0,1,2019-07-01,via convencional,choque obstaculo calzada,buen tiempo,pleno dia,zona interurbana,5966abd0cbfc86f98a186531b2b4ee5f6e910120ce13222f98207203dfc9a9a2,accidentes_raw_dgt,2026-05-09 20:40:11
2019,Álava,7,Sábado,10,Zona interurbana,Vía convencional,Objeto desprendido,Buen tiempo,Pleno día,2,0,0,2,2019-07-01,via convencional,objeto desprendido,buen tiempo,pleno dia,zona interurbana,314f04b30f62e0056bd059354a5536fb2e302107eed143b5fa2aa0bbba07f608,accidentes_raw_dgt,2026-05-09 20:40:11
2019,Álava,8,Lunes,22,Zona interurbana,Vía urbana,Caída de motociclista,Lluvia,Se desconoce,2,0,0,2,2019-08-01,via urbana,caida de motociclista,lluvia,se desconoce,zona interurbana,36790ecd55c2030dc553685bef719df653f413a20cdad1bfd1dc934c76686ddd,accidentes_raw_dgt,2026-05-09 20:40:11
2019,Álava,8,Sábado,11,Zona interurbana,Vía urbana,Colisión lateral,Buen tiempo,Pleno día,1,0,1,0,2019-08-01,via urbana,colision lateral,buen tiempo,pleno dia,zona interurbana,67e9c3acebb154a282f326d4ff1951cd1f342e58e74d562b556b517da5e56132,accidentes_raw_dgt,2026-05-09 20:40:11
2019,Álava,9,Lunes,12,Zona interurbana,Vía urbana,Caída de motociclista,Buen tiempo,Pleno día,1,0,0,1,2019-09-01,via urbana,caida de motociclista,buen tiempo,pleno dia,zona interurbana,9b871512327c09ce91dd649b3f96a63b7408ef267c8cc5710114e629730cb61f,accidentes_raw_dgt,2026-05-09 20:40:11
2019,Álava,10,Domingo,18,Zona interurbana,Vía urbana,Colisión por alcance,Buen tiempo,Se desconoce,1,0,0,1,2019-10-01,via urbana,colision por alcance,buen tiempo,se desconoce,zona interurbana,56f4da26ed956730309fa1488611ee0f13b0ac95ebb1bc9b5d210e31ff70e79c,accidentes_raw_dgt,2026-05-09 20:40:11
2019,Álava,8,Domingo,10,Zona interurbana,Vía urbana,Caída de motociclista,Buen tiempo,Pleno día,1,0,0,1,2019-08-01,via urbana,caida de motociclista,buen tiempo,pleno dia,zona interurbana,84a5092e4a5b6fe968fd523fb2fc917dbffae44105f82b6b94c8ed5b9a800223,accidentes_raw_dgt,2026-05-09 20:40:11
2019,Álava,8,Sábado,18,Zona interurbana,Vía urbana,Animal en calzada,Buen tiempo,Pleno día,1,0,1,0,2019-08-01,via urbana,animal en calzada,buen tiempo,pleno dia,zona interurbana,0e6523810856a138a75dec70a9cf3778a5c70b83ac915f22c33f05db97cb3e68,accidentes_raw_dgt,2026-05-09 20:40:11
2019,Álava,9,Sábado,17,Zona interurbana,Vía urbana,Animal en calzada,Buen tiempo,Pleno día,1,0,0,1,2019-09-01,via urbana,animal en calzada,buen tiempo,pleno dia,zona interurbana,8f1f64db81c40ea10e1e9080c9ae60a7acb8925968c431ee16784dea9841c66f,accidentes_raw_dgt,2026-05-09 20:40:11
2019,Álava,3,Lunes,15,Zona interurbana,Vía convencional,Colisión frontolateral,Lluvia,Pleno día,1,0,0,1,2019-03-01,via convencional,colision frontolateral,lluvia,pleno dia,zona interurbana,dfe62e836a0a6f2633422230c81287700a56e2639652c73f264e6562220c207a,accidentes_raw_dgt,2026-05-09 20:40:11
2019,Álava,5,Domingo,13,Zona interurbana,Vía urbana,Caída de motociclista,Buen tiempo,Pleno día,1,0,1,0,2019-05-01,via urbana,caida de motociclista,buen tiempo,pleno dia,zona interurbana,9d693eeee1d1899cbc50b6d45df953d3835acf28ee869879b45565fccc814765,accidentes_raw_dgt,2026-05-09 20:40:11
2019,Álava,5,Miércoles,15,Zona interurbana,Vía urbana,Animal en calzada,Buen tiempo,Pleno día,2,0,0,2,2019-05-01,via urbana,animal en calzada,buen tiempo,pleno dia,zona interurbana,08490295488a1189099751ebeddb5992313dd2a831e07a92e66d196ddc261777,accidentes_raw_dgt,2026-05-09 20:40:11
2019,Álava,5,Viernes,12,Zona interurbana,Travesía,Colisión frontolateral,Nieve,Pleno día,2,0,0,2,2019-05-01,travesia,colision frontolateral,nieve,pleno dia,zona interurbana,a0eaec5a55dc2f5b2ba523018adc485ff620b9d83509b9f37186a7716e438d21,accidentes_raw_dgt,2026-05-09 20:40:11
2019,Álava,7,Domingo,13,Zona interurbana,Vía urbana,Objeto desprendido,Buen tiempo,Pleno día,1,0,0,1,2019-07-01,via urbana,objeto desprendido,buen tiempo,pleno dia,zona interurbana,138d9e809e386a7b800791d1f664f56d1c55f3d1ba411b950862729bc486c5ce,accidentes_raw_dgt,2026-05-09 20:40:11
2019,Álava,8,Jueves,8,Travesía,Otro,Choque con bordillo,Lluvia,Amanecer/Anochecer,1,0,0,1,2019-08-01,otro,choque con bordillo,lluvia,amanecer/anochecer,travesia,835d5e8314340ab852a2f979ab4cd53e994dbe38366afb6eed84fe4957b980c8,accidentes_raw_dgt,2026-05-09 20:40:11
2019,Álava,10,Martes,11,Zona interurbana,Ramal/enlace,Animal en calzada,Lluvia,Pleno día,1,0,0,1,2019-10-01,ramal/enlace,animal en calzada,lluvia,pleno dia,zona interurbana,c0509a487a18b003ba05e505419ebb63e57a29158073e381f57160b5c5b86426,accidentes_raw_dgt,2026-05-09 20:40:11
2019,Álava,11,Viernes,10,Zona interurbana,Vía urbana,Animal en calzada,Lluvia,Pleno día,1,0,0,1,2019-11-01,via urbana,animal en calzada,lluvia,pleno dia,zona interurbana,114bd151f8fb0c58642d2170da4ae7d7c57977260ac2cc8905306cab6b2acabc,accidentes_raw_dgt,2026-05-09 20:40:11
2019,Álava,12,Domingo,16,Zona interurbana,Autovía,Colisión múltiple,Niebla,Pleno día,3,0,0,3,2019-12-01,autovia,colision multiple,niebla,pleno dia,zona interurbana,0a2d643bfd24a028cd236e76575d828424ccffbfa47392bd09d8ca9dc85e2f8d,accidentes_raw_dgt,2026-05-09 20:40:11
2019,Álava,1,Domingo,19,Zona interurbana,Autopista,Choque obstáculo calzada,Lluvia,Se desconoce,1,0,0,1,2019-01-01,autopista,choque obstaculo calzada,lluvia,se desconoce,zona interurbana,9a049b03f6fc40bfcf2f136320359257ed4af8513f71aa6fef47f17059bbae23,accidentes_raw_dgt,2026-05-09 20:40:11
2019,Álava,2,Miércoles,1,Travesía,Otro,Objeto desprendido,Buen tiempo,Se desconoce,1,0,0,1,2019-02-01,otro,objeto desprendido,buen tiempo,se desconoce,travesia,f0bc318fb8965cad8d73d578cd03c63b7987dc6a79b906aada091e1b6a13443f,accidentes_raw_dgt,2026-05-09 20:40:11
2019,Álava,3,Viernes,17,Zona interurbana,Vía urbana,Caída de motociclista,Buen tiempo,Amanecer/Anochecer,1,0,0,1,2019-03-01,via urbana,caida de motociclista,buen tiempo,amanecer/anochecer,zona interurbana,8ae4c23b80d1e7c8ff79e515fe791ebd68190bae842dda7af193db125f700452,accidentes_raw_dgt,2026-05-09 20:40:11
2019,Álava,11,Viernes,13,Zona interurbana,Vía urbana,Caída de motociclista,Nieve,Pleno día,1,0,0,1,2019-11-01,via urbana,caida de motociclista,nieve,pleno dia,zona interurbana,79bf08685d3138f9b109c3546780f056bc954fd69377b84a2cf23622e464897b,accidentes_raw_dgt,2026-05-09 20:40:11