AÑO,PROVINCIA,MES,DIA_SEMANA,HORA,ZONA,TIPO_VIA,TIPO_ACCIDENTE,CONDICION_METEO,CONDICION_ILUMINACION,TOTAL_VICTIMAS,FALLECIDOS_24H,HERIDOS_GRAVES,HERIDOS_LEVES,FECHA_ACCIDENTE,TIPO_VIA_NORM,TIPO_ACCIDENTE_NORM,CONDICION_METEO_NORM,CONDICION_ILUMINACION_NORM,ZONA_NORM,ID_ACCIDENTE_HASH,source_id,load_timestamp
2019,Álava,11,Jueves,8,Zona interurbana,Autopista,Choque obstáculo calzada,Buen tiempo,Pleno día,1,0,0,1,2019-11-01,autopista,choque obstaculo calzada,buen tiempo,pleno dia,zona interurbana,6af1f692e9496c6d0b668316eccb93276ae6b6774fa728aac31ff40a38318760,accidentes_raw_dgt,2026-05-09 20:40:11
2019,Álava,11,Sábado,13,Zona interurbana,Vía urbana,Objeto desprendido,Nieve,Pleno día,1,0,1,0,2019-11-01,via urbana,objeto desprendido,nieve,pleno dia,zona interurbana,749fc650cacb0f06547520d53c31505c8156e0a3be07073eddb2ef3ad9e383ba,accidentes_raw_dgt,2026-05-09 20:40:11
2019,Álava,3,Domingo,12,Zona interurbana,Calle,Animal en calzada,Buen tiempo,Pleno día,1,0,0,1,2019-03-01,calle,animal en calzada,buen tiempo,pleno dia,zona interurbana,14063697603e22d600d336bee6cff12c8be93509ce84a0642918d89b2aef1753,accidentes_raw_dgt,2026-05-09 20:40:11
2019,Álava,4,Sábado,0,Zona interurbana,Vía urbana,Atropello a peatón,Buen tiempo,Pleno día,1,0,0,1,2019-04-01,via urbana,atropello a peaton,buen tiempo,pleno dia,zona interurbana,72440a20f54075ac43f51a2cf0dbb2a14366b38a5c01b110ae174abc1cb44238,accidentes_raw_dgt,2026-05-09 20:40:11
2019,Álava,4,Martes,12,Travesía,Otro,Animal en calzada,Buen tiempo,Pleno día,2,0,0,2,2019-04-01,otro,animal en calzada,buen tiempo,pleno dia,travesia,82c01ce15b431d420eb6a1febfba7d7a2b69e5bcdcb929cb42cd3e9179d43fc4,accidentes_raw_dgt,2026-05-09 20:40:11
2019,Álava,6,Martes,12,Zona interurbana,Vía urbana,Objeto desprendido,Buen tiempo,Pleno día,2,0,0,2,2019-06-01,via urbana,objeto desprendido,buen tiempo,pleno dia,zona interurbana,011af72a910ac4acf367eef9e6b761e0980842c30d4e9809840f4141d5163ede,accidentes_raw_dgt,2026-05-09 20:40:11
2019,Álava,8,Jueves,18,Zona interurbana,Vía urbana,Colisión por alcance,Lluvia,Pleno día,3,0,0,3,2019-08-01,via urbana,colision por alcance,lluvia,pleno dia,zona interurbana,37c20f19f3272b5ccc3a5d80587eb9deb3f4afcf568c4280fb195568da8eb1a2,accidentes_raw_dgt,2026-05-09 20:40:11
2019,Álava,10,Jueves,14,Zona interurbana,Vía urbana,Atropello a peatón,Buen tiempo,Pleno día,2,0,1,0,2019-10-01,via urbana,atropello a peaton,buen tiempo,pleno dia,zona interurbana,396f804443825586c1283a27fdcadf74abb82008bcd9b260a30912a26563f27d,accidentes_raw_dgt,2026-05-09 20:40:11
2019,Álava,10,Martes,17,Zona interurbana,Vía urbana,Atropello a peatón,Nieve,Pleno día,1,0,0,1,2019-10-01,via urbana,atropello a peaton,nieve,pleno dia,zona interurbana,766cb53c753baedac5dc782593e04694b3bae3aed057ac2ff98cc1aef6413137,accidentes_raw_dgt,2026-05-09 20:40:11
2019,Álava,11,Martes,17,Zona interurbana,Vía urbana,Caída de motociclista,Nieve,Pleno día,1,0,0,1,2019-11-01,via urbana,caida de motociclista,nieve,pleno dia,zona interurbana,9f484139a27415ae2e8612bf6c65a8101a18eb5e9b7809e74ca63a45a65f17f4,accidentes_raw_dgt,2026-05-09 20:40:11
2019,Álava,12,Sábado,20,Zona interurbana,Vía urbana,Colisión por alcance,Buen tiempo,Se desconoce,1,0,0,1,2019-12-01,via urbana,colision por alcance,buen tiempo,se desconoce,zona interurbana,1e472b39b105d349bcd069c4a711b44a2fffb8e274714bb07ecfff69a9a7f67b,accidentes_raw_dgt,2026-05-09 20:40:11
2019,Álava,7,Miércoles,0,Zona interurbana,Otro urbano,Choque obstáculo lateral,Buen tiempo,Se desconoce,1,0,1,0,2019-07-01,otro urbano,choque obstaculo lateral,buen tiempo,se desconoce,zona interurbana,c75d3f1f5bcd6914d0331ce5ec17c0db8f2070a2d4285f8e3ff11c6ca19168ff,accidentes_raw_dgt,2026-05-09 20:40:11
2019,Álava,1,Jueves,13,Zona interurbana,Camino vecinal,Choque obstáculo calzada,Granizo,Pleno día,1,0,0,1,2019-01-01,camino vecinal,choque obstaculo calzada,granizo,pleno dia,zona interurbana,d6e5a20b30f87216b2c758f5e7a23c437dbc3dfa1ccb177c474de152bb0ef731,accidentes_raw_dgt,2026-05-09 20:40:11
2019,Álava,1,Sábado,13,Travesía,Otro,Animal en calzada,Buen tiempo,Pleno día,1,0,0,1,2019-01-01,otro,animal en calzada,buen tiempo,pleno dia,travesia,e7866fdc6672f827c76f6124ca3eeaff44aff8b7caf4ee1469b2ab887e7e7875,accidentes_raw_dgt,2026-05-09 20:40:11
2019,Álava,3,Domingo,23,Zona interurbana,Vía urbana,Choque con bordillo,Buen tiempo,Se desconoce,1,0,0,1,2019-03-01,via urbana,choque con bordillo,buen tiempo,se desconoce,zona interurbana,9512d95d00d61bdec03d2b99d6ecc455ee5644ae52d10e7c4a61c93062dc97a3,accidentes_raw_dgt,2026-05-09 20:40:11
2019,Álava,3,Miércoles,8,Zona interurbana,Vía urbana,Caída de motociclista,Buen tiempo,Pleno día,1,0,0,1,2019-03-01,via urbana,caida de motociclista,buen tiempo,pleno dia,zona interurbana,9556b82499cc0aaf86aee7f0d253e17c61b7ef73d48a295f37d98f08b04ffa7f,accidentes_raw_dgt,2026-05-09 20:40:11
2019,Álava,5,Viernes,14,Zona interurbana,Vía urbana,Objeto desprendido,Granizo,Pleno día,2,0,1,1,2019-05-01,via urbana,objeto desprendido,granizo,pleno dia,zona interurbana,51e8ea280b44e16934d4d611901f3d3afc41789840acdff81942c2f65009cd52,accidentes_raw_dgt,2026-05-09 20:40:11
2019,Álava,6,Viernes,9,Zona interurbana,Vía urbana,Caída de motociclista,Buen tiempo,Pleno día,1,0,0,1,2019-06-01,via urbana,caida de motociclista,buen tiempo,pleno dia,zona interurbana,4c970004b0678d439f177e77d3cabdb7e9a44df770948ddc2467cbc76b7211c3,accidentes_raw_dgt,2026-05-09 20:40:11
2019,Álava,6,Domingo,11,Zona interurbana,Vía urbana,Animal en calzada,Buen tiempo,Pleno día,1,0,0,1,2019-06-01,via urbana,animal en calzada,buen tiempo,pleno dia,zona interurbana,a30f4ef42176d28f0e2293533c5f532e9c9c5696c68813b35315d17edc44f6b1,accidentes_raw_dgt,2026-05-09 20:40:11
2019,Álava,8,Lunes,14,Zona interurbana,Vía urbana,Atropello a peatón,Lluvia,Pleno día,2,0,0,2,2019-08-01,via urbana,atropello a peaton,lluvia,pleno dia,zona interurbana,7c252ab334fb8fd88e8242c4972c21db9c7ce0b47c9acc4ebfe40c14614cb734,accidentes_raw_dgt,2026-05-09 20:40:11
2019,Álava,8,Miércoles,18,Zona interurbana,Vía urbana,Animal en calzada,Buen tiempo,Pleno día,1,0,0,1,2019-08-01,via urbana,animal en calzada,buen tiempo,pleno dia,zona interurbana,39bb88f40d3aa2b2fe9dea67be27c74765db0ebb3ff3cf8fb779af6319fa2045,accidentes_raw_dgt,2026-05-09 20:40:11
2019,Álava,8,Jueves,0,Zona interurbana,Calle,Caída de motociclista,Buen tiempo,Se desconoce,1,0,0,1,2019-08-01,calle,caida de motociclista,buen tiempo,se desconoce,zona interurbana,e888a676e1926d0c08b5f11fb9116df58b62604b05846f39f8d6fc4dd0ba31f1,accidentes_raw_dgt,2026-05-09 20:40:11
2019,Álava,10,Viernes,15,Zona interurbana,Vía urbana,Colisión frontolateral,Buen tiempo,Pleno día,1,0,0,1,2019-10-01,via urbana,colision frontolateral,buen tiempo,pleno dia,zona interurbana,9e6a72557ada15d02001f024f43f06edc4a31437e0e1bb3eeac36ca2d0c4fda7,accidentes_raw_dgt,2026-05-09 20:40:11
2019,Álava,11,Lunes,17,Zona interurbana,Vía urbana,Choque obstáculo calzada,Granizo,Pleno día,1,0,0,1,2019-11-01,via urbana,choque obstaculo calzada,granizo,pleno dia,zona interurbana,4be84111a613654b362415e563cb7607df7b203b5d303802a8a546061bbc7847,accidentes_raw_dgt,2026-05-09 20:40:11
2019,Álava,11,Lunes,11,Zona interurbana,Vía urbana,Caída de motociclista,Granizo,Pleno día,1,0,0,1,2019-11-01,via urbana,caida de motociclista,granizo,pleno dia,zona interurbana,bba58959c32abe688d9cb5222b97de973002a67c412d6a8c8d2a79ac692f32b7,accidentes_raw_dgt,2026-05-09 20:40:11
2019,Álava,11,Viernes,14,Zona interurbana,Vía urbana,Atropello a peatón,Nieve,Pleno día,1,0,0,1,2019-11-01,via urbana,atropello a peaton,nieve,pleno dia,zona interurbana,768b84ef05f655d57fe22d488451f075365f6cd18a13073466aa826cc0ebdbfb,accidentes_raw_dgt,2026-05-09 20:40:11
2019,Álava,11,Sábado,15,Zona interurbana,Vía urbana,Caída de motociclista,Granizo,Pleno día,1,0,0,1,2019-11-01,via urbana,caida de motociclista,granizo,pleno dia,zona interurbana,ea5b27556fbb134def2c2fbf944d9cdda3dbdb6b10473a1aec59f6f170c4ca3a,accidentes_raw_dgt,2026-05-09 20:40:11
2019,Álava,11,Lunes,10,Zona interurbana,Vía urbana,Objeto desprendido,Granizo,Pleno día,1,0,0,1,2019-11-01,via urbana,objeto desprendido,granizo,pleno dia,zona interurbana,8acc23987b8960d83c44541f9f0eb46454cea080ea94d916f56fccf033db866f,accidentes_raw_dgt,2026-05-09 20:40:11
2019,Álava,11,Lunes,13,Zona interurbana,Vía urbana,Objeto desprendido,Lluvia,Pleno día,1,0,0,1,2019-11-01,via urbana,objeto desprendido,lluvia,pleno dia,zona interurbana,8b496bf96bbcc9e5ac11c068b6cfb00c32f9d163bb8a3d5af107217499de997a,accidentes_raw_dgt,2026-05-09 20:40:11
2019,Álava,12,Miércoles,14,Zona interurbana,Vía urbana,Objeto desprendido,Lluvia,Pleno día,1,0,0,1,2019-12-01,via urbana,objeto desprendido,lluvia,pleno dia,zona interurbana,f747870ae666c39b589f577856a0f7198b3b81269cb0326de86d8046f2cf72db,accidentes_raw_dgt,2026-05-09 20:40:11
2019,Álava,1,Miércoles,14,Zona interurbana,Vía convencional,Choque obstáculo calzada,Buen tiempo,Pleno día,1,0,0,1,2019-01-01,via convencional,choque obstaculo calzada,buen tiempo,pleno dia,zona interurbana,d8d1790737d57ac4fe91a2c0a28087c0a97c81f5dc6b19d5e4aec20c08bb95ae,accidentes_raw_dgt,2026-05-09 20:40:11
2019,Álava,1,Domingo,15,Zona interurbana,Vía urbana,Atropello a peatón,Lluvia,Pleno día,2,0,0,2,2019-01-01,via urbana,atropello a peaton,lluvia,pleno dia,zona interurbana,3635a91e3da857f7847f68185a116a5260d2593f3913f6b1b66cc2d75b0d6ec0,accidentes_raw_dgt,2026-05-09 20:40:11
2019,Álava,1,Jueves,14,Zona interurbana,Vía convencional,Colisión por alcance,Lluvia,Pleno día,1,0,0,1,2019-01-01,via convencional,colision por alcance,lluvia,pleno dia,zona interurbana,1c6c0bb2c7ecdc3be8e134f79b9de45155258c1f554ae7542dce48f5cc8d63f0,accidentes_raw_dgt,2026-05-09 20:40:11
2019,Álava,2,Sábado,19,Zona interurbana,Vía convencional,Colisión lateral,Viento fuerte,Se desconoce,1,0,0,1,2019-02-01,via convencional,colision lateral,viento fuerte,se desconoce,zona interurbana,303c8bd55875dda240897db158acf70afe4226f300757f3518b86e6817c00022,accidentes_raw_dgt,2026-05-09 20:40:11
2019,Álava,2,Lunes,14,Zona interurbana,Ramal/enlace,Colisión por alcance,Granizo,Pleno día,1,0,0,1,2019-02-01,ramal/enlace,colision por alcance,granizo,pleno dia,zona interurbana,718127812c05853f0bec61582a4a3840b1c844fe11fe1a004b5b7eb8b8b59846,accidentes_raw_dgt,2026-05-09 20:40:11
2019,Álava,2,Miércoles,17,Zona interurbana,Vía urbana,Colisión frontolateral,Buen tiempo,Pleno día,1,0,1,0,2019-02-01,via urbana,colision frontolateral,buen tiempo,pleno dia,zona interurbana,3a1dfb05d7257530e6349233688c3e121945c5de50f1273a7620537755d61e45,accidentes_raw_dgt,2026-05-09 20:40:11
2019,Álava,2,Viernes,2,Zona interurbana,Vía convencional,Caída de motociclista,Buen tiempo,Se desconoce,1,0,0,1,2019-02-01,via convencional,caida de motociclista,buen tiempo,se desconoce,zona interurbana,c76b405781134be1dab7fe45adfb8c32104805a01de7b863e1004b66d56edf9f,accidentes_raw_dgt,2026-05-09 20:40:11
2019,Álava,2,Domingo,12,Zona interurbana,Ramal/enlace,Colisión por alcance,Buen tiempo,Pleno día,2,0,0,2,2019-02-01,ramal/enlace,colision por alcance,buen tiempo,pleno dia,zona interurbana,27d719c754aacd492a6dc8a1b76619355abcf5ef473cbec02018d3c57ebbf0d5,accidentes_raw_dgt,2026-05-09 20:40:11
2019,Álava,3,Viernes,8,Zona interurbana,Ramal/enlace,Colisión por alcance,Buen tiempo,Pleno día,2,0,0,2,2019-03-01,ramal/enlace,colision por alcance,buen tiempo,pleno dia,zona interurbana,ee62de25ccc2b55d3a0495244b246fb97055b6f1c2697d837b8e94976c03756f,accidentes_raw_dgt,2026-05-09 20:40:11
2019,Álava,3,Miércoles,11,Zona interurbana,Ramal/enlace,Choque obstáculo calzada,Nieve,Pleno día,1,0,0,1,2019-03-01,ramal/enlace,choque obstaculo calzada,nieve,pleno dia,zona interurbana,efd96aedf377e20afd95285a7c751a864260bd6a149656a4040c5b7757bdbbb6,accidentes_raw_dgt,2026-05-09 20:40:11
2019,Álava,3,Lunes,16,Zona interurbana,Otro urbano,Animal en calzada,Lluvia,Pleno día,1,0,0,1,2019-03-01,otro urbano,animal en calzada,lluvia,pleno dia,zona interurbana,7f0a22117f8fe0172cf9209ff622b64a51aaeda21d58b5b62685a93dbe2dad25,accidentes_raw_dgt,2026-05-09 20:40:11
2019,Álava,3,Martes,14,Zona interurbana,Vía urbana,Objeto desprendido,Buen tiempo,Pleno día,2,0,1,1,2019-03-01,via urbana,objeto desprendido,buen tiempo,pleno dia,zona interurbana,71a1c003a2b855d85582c8f6c7648c49d3fe836408a7e1b5d9b222448acb3c1b,accidentes_raw_dgt,2026-05-09 20:40:11
2019,Álava,3,Jueves,8,Zona interurbana,Vía urbana,Animal en calzada,Lluvia,Pleno día,1,0,0,1,2019-03-01,via urbana,animal en calzada,lluvia,pleno dia,zona interurbana,27e1615212f3c6ea846ed6c412df1361ce97f006ee20bb5aa2483a3b61d5cadd,accidentes_raw_dgt,2026-05-09 20:40:11
2019,Álava,3,Domingo,15,Zona interurbana,Ramal/enlace,Colisión por alcance,Buen tiempo,Pleno día,2,0,0,2,2019-03-01,ramal/enlace,colision por alcance,buen tiempo,pleno dia,zona interurbana,e0850a775c17a87060c0cf6efad1020e0cbef5a44ba942bef6add5776598de53,accidentes_raw_dgt,2026-05-09 20:40:11
2019,Álava,3,Viernes,15,Zona interurbana,Camino vecinal,Colisión por alcance,Buen tiempo,Pleno día,1,0,0,1,2019-03-01,camino vecinal,colision por alcance,buen tiempo,pleno dia,zona interurbana,1e68ed4e3d58a51096a7feea3947f40debf1fd9246ec977eb62ab93c81823ad9,accidentes_raw_dgt,2026-05-09 20:40:11
2019,Álava,3,Sábado,12,Zona interurbana,Área de servicio,Animal en calzada,Buen tiempo,Pleno día,1,0,0,1,2019-03-01,area de servicio,animal en calzada,buen tiempo,pleno dia,zona interurbana,a0d177b4967a6d99f4ff117defe1c0d23d4e78ca4630febcb948ee9e4520eff3,accidentes_raw_dgt,2026-05-09 20:40:11
2019,Álava,4,Domingo,10,Zona interurbana,Otro urbano,Objeto desprendido,Lluvia,Pleno día,1,0,1,0,2019-04-01,otro urbano,objeto desprendido,lluvia,pleno dia,zona interurbana,00328ce57bbc14b33bd6695bc8eb32cdf2fb5f3a7d89ec14a42825e15d39df60,accidentes_raw_dgt,2026-05-09 20:40:11
2019,Álava,4,Viernes,6,Zona interurbana,Vía urbana,Colisión frontolateral,Lluvia,Se desconoce,2,0,1,1,2019-04-01,via urbana,colision frontolateral,lluvia,se desconoce,zona interurbana,d7cdaa5ca0582076c8e772cce739e32c5077cfd24f2ea33f04bb754594989a56,accidentes_raw_dgt,2026-05-09 20:40:11
2019,Álava,4,Viernes,19,Zona interurbana,Ramal/enlace,Colisión por alcance,Buen tiempo,Pleno día,3,0,0,3,2019-04-01,ramal/enlace,colision por alcance,buen tiempo,pleno dia,zona interurbana,23c657f2efda7731a3c1990b25f318fa2eb1332208f97ab9cc2a7eac70ab5a76,accidentes_raw_dgt,2026-05-09 20:40:11
2019,Álava,4,Viernes,18,Zona interurbana,Ramal/enlace,Colisión por alcance,Lluvia,Pleno día,4,0,0,4,2019-04-01,ramal/enlace,colision por alcance,lluvia,pleno dia,zona interurbana,af180e4359fc6179dc953abdcbdcaf7c146b53e1bee2b335e50dead11ccefa07,accidentes_raw_dgt,2026-05-09 20:40:11
2019,Álava,4,Sábado,11,Zona interurbana,Autovía,Caída de motociclista,Buen tiempo,Pleno día,1,1,0,0,2019-04-01,autovia,caida de motociclista,buen tiempo,pleno dia,zona interurbana,09895de0407bcb0386733daa14bdb5dfa544505530c634334a05a60f161b71fc,accidentes_raw_dgt,2026-05-09 20:40:11
2019,Álava,4,Miércoles,23,Zona interurbana,Vía urbana,Animal en calzada,Lluvia,Se desconoce,1,0,1,0,2019-04-01,via urbana,animal en calzada,lluvia,se desconoce,zona interurbana,33512007840ced1bb0aab68f47cb5f702abd494a15f26bcbe26a1e47af03d841,accidentes_raw_dgt,2026-05-09 20:40:11
2019,Álava,4,Lunes,23,Zona interurbana,Autovía,Choque obstáculo calzada,Buen tiempo,Se desconoce,2,0,0,2,2019-04-01,autovia,choque obstaculo calzada,buen tiempo,se desconoce,zona interurbana,6db6eb4af1e18ab81d3878e44672185d60ca8c988c9e2f7783de220735534c33,accidentes_raw_dgt,2026-05-09 20:40:11
2019,Álava,5,Miércoles,0,Zona interurbana,Calle,Choque obstáculo calzada,Buen tiempo,Se desconoce,4,0,0,4,2019-05-01,calle,choque obstaculo calzada,buen tiempo,se desconoce,zona interurbana,7cb676d57114874e00c536916e6dcad2a5d3cb8c9a5abc06335df359cd9a6ef9,accidentes_raw_dgt,2026-05-09 20:40:11
2019,Álava,5,Lunes,11,Travesía,Rotonda,Choque obstáculo calzada,Buen tiempo,Pleno día,1,0,0,1,2019-05-01,rotonda,choque obstaculo calzada,buen tiempo,pleno dia,travesia,2cfc8ccbd7c0b17615323b41e815651ff2ae9ffae45a4599c0499b98ff940429,accidentes_raw_dgt,2026-05-09 20:40:11
2019,Álava,5,Lunes,8,Zona interurbana,Vía convencional,Colisión por alcance,Buen tiempo,Pleno día,1,0,0,1,2019-05-01,via convencional,colision por alcance,buen tiempo,pleno dia,zona interurbana,9cfd3c755be26b4e1645918e2a64a26e3d851ede421e0b257f783b443bc443d1,accidentes_raw_dgt,2026-05-09 20:40:11
2019,Álava,5,Martes,13,Zona interurbana,Ramal/enlace,Colisión por alcance,Buen tiempo,Pleno día,1,0,0,1,2019-05-01,ramal/enlace,colision por alcance,buen tiempo,pleno dia,zona interurbana,a0f8b2c4cb1ac82abdb37f0fe5203b97be556c4468c83bba18684d620fd8eaf9,accidentes_raw_dgt,2026-05-09 20:40:11
2019,Álava,5,Martes,18,Zona interurbana,Vía urbana,Colisión frontolateral,Buen tiempo,Pleno día,1,0,0,1,2019-05-01,via urbana,colision frontolateral,buen tiempo,pleno dia,zona interurbana,4c15f47afe7f817fd559e12ddbc276f4930c5822f2049088d6f6605bec7cea56,accidentes_raw_dgt,2026-05-09 20:40:11
2019,Álava,5,Sábado,12,Zona interurbana,Ramal/enlace,Colisión por alcance,Granizo,Pleno día,2,0,0,2,2019-05-01,ramal/enlace,colision por alcance,granizo,pleno dia,zona interurbana,76ebdb6d45c61ca12e622118cc90939ade672adf7890aa2b246405d4884dd75a,accidentes_raw_dgt,2026-05-09 20:40:11
2019,Álava,6,Sábado,11,Travesía,Otro urbano,Colisión frontal,Buen tiempo,Pleno día,1,0,1,0,2019-06-01,otro urbano,colision frontal,buen tiempo,pleno dia,travesia,308831041ea4863c3f87d222c31f759411898c874a9006b4bd6c745858b8f3bd,accidentes_raw_dgt,2026-05-09 20:40:11
2019,Álava,6,Lunes,18,Travesía,Otro,Objeto desprendido,Buen tiempo,Pleno día,2,0,0,2,2019-06-01,otro,objeto desprendido,buen tiempo,pleno dia,travesia,983bd614bb5afece5ab3b6023f71147cd7b6bc2314f9d27af7422541c6558389,accidentes_raw_dgt,2026-05-09 20:40:11
2019,Álava,6,Jueves,9,Zona interurbana,Vía urbana,Colisión por alcance,Buen tiempo,Pleno día,3,0,0,3,2019-06-01,via urbana,colision por alcance,buen tiempo,pleno dia,zona interurbana,c3ea99f86b2f8a74ef4145bb245155ff5f91cd856f287523481c15a1959d5fd1,accidentes_raw_dgt,2026-05-09 20:40:11
2019,Álava,6,Sábado,22,Zona interurbana,Vía urbana,Caída de motociclista,Lluvia,Se desconoce,2,0,1,1,2019-06-01,via urbana,caida de motociclista,lluvia,se desconoce,zona interurbana,f32828acecb4282c87eaa554d2e1db74e418cd6845843012463a3324028bdd9d,accidentes_raw_dgt,2026-05-09 20:40:11
2019,Álava,6,Miércoles,19,Zona interurbana,Vía urbana,Colisión lateral,Buen tiempo,Pleno día,1,0,0,1,2019-06-01,via urbana,colision lateral,buen tiempo,pleno dia,zona interurbana,8bd9c0d453533757387ed019c45617cdc440ba680a67b1a101c85b998ef715c0,accidentes_raw_dgt,2026-05-09 20:40:11
2019,Álava,6,Domingo,6,Zona interurbana,Ramal/enlace,Caída de motociclista,Buen tiempo,Amanecer/Anochecer,1,0,0,1,2019-06-01,ramal/enlace,caida de motociclista,buen tiempo,amanecer/anochecer,zona interurbana,d874e4e4a5df21173b0f83e313151f813bea4f488686efe670ae47f87c177595,accidentes_raw_dgt,2026-05-09 20:40:11
2019,Álava,6,Viernes,18,Zona interurbana,Ramal/enlace,Colisión por alcance,Buen tiempo,Pleno día,1,0,0,1,2019-06-01,ramal/enlace,colision por alcance,buen tiempo,pleno dia,zona interurbana,090d3859ff6840b2280f4708cf08cdaed873d967183a4d1deedc1a7964a21eee,accidentes_raw_dgt,2026-05-09 20:40:11
2019,Álava,7,Lunes,12,Zona interurbana,Vía convencional,Colisión por alcance,Buen tiempo,Pleno día,2,0,1,1,2019-07-01,via convencional,colision por alcance,buen tiempo,pleno dia,zona interurbana,38b83caefa1ef26940f1d07bd4ec94c60809b0f88f2118e82ef8ec2d98938a84,accidentes_raw_dgt,2026-05-09 20:40:11
2019,Álava,7,Miércoles,8,Zona interurbana,Vía convencional,Caída de motociclista,Buen tiempo,Pleno día,1,0,1,0,2019-07-01,via convencional,caida de motociclista,buen tiempo,pleno dia,zona interurbana,6d976934be74941fba578b143ba964eded443d10384e3f3d62a1ba7b4d339df8,accidentes_raw_dgt,2026-05-09 20:40:11
2019,Álava,7,Domingo,13,Zona interurbana,Otro urbano,Animal en calzada,Buen tiempo,Pleno día,1,0,0,1,2019-07-01,otro urbano,animal en calzada,buen tiempo,pleno dia,zona interurbana,48a1706eca5ee6148f748ca91a0f7db6ebcf59943532044a7bf60bbe44e5b1d2,accidentes_raw_dgt,2026-05-09 20:40:11
2019,Álava,7,Lunes,15,Zona interurbana,Vía convencional,Colisión por alcance,Buen tiempo,Pleno día,1,0,0,1,2019-07-01,via convencional,colision por alcance,buen tiempo,pleno dia,zona interurbana,43c727ee4fc7250574d2ef90cfa16626388a10e1b30d36ece1c272953ad2ed9e,accidentes_raw_dgt,2026-05-09 20:40:11
2019,Álava,7,Lunes,16,Zona interurbana,Vía convencional,Objeto desprendido,Buen tiempo,Pleno día,1,0,0,1,2019-07-01,via convencional,objeto desprendido,buen tiempo,pleno dia,zona interurbana,226f76b55acb49701e06ded1d95165d179458f6fc37f5c6fc760ae30dec1c378,accidentes_raw_dgt,2026-05-09 20:40:11
2019,Álava,7,Jueves,10,Zona interurbana,Otro urbano,Animal en calzada,Buen tiempo,Pleno día,1,0,0,1,2019-07-01,otro urbano,animal en calzada,buen tiempo,pleno dia,zona interurbana,20e9c64c05a54d199610fb7e38135361324b5ed5dcf39c23afe9b48926c07376,accidentes_raw_dgt,2026-05-09 20:40:11
2019,Álava,7,Miércoles,18,Zona interurbana,Vía urbana,Colisión frontal,Buen tiempo,Pleno día,1,0,0,1,2019-07-01,via urbana,colision frontal,buen tiempo,pleno dia,zona interurbana,865736a1c30a82dc67aba820360a01b1d9d0da5643234cd07c4d60b06eb530c5,accidentes_raw_dgt,2026-05-09 20:40:11
2019,Álava,7,Sábado,17,Zona interurbana,Ramal/enlace,Colisión por alcance,Lluvia,Pleno día,1,0,0,1,2019-07-01,ramal/enlace,colision por alcance,lluvia,pleno dia,zona interurbana,8efbbe9bc19ad2e043c6cdb187c0a0fedde70b6458443ce0b5648ec04ccf4cdf,accidentes_raw_dgt,2026-05-09 20:40:11
2019,Álava,7,Martes,15,Zona interurbana,Vía convencional,Choque obstáculo calzada,Buen tiempo,Pleno día,1,0,0,1,2019-07-01,via convencional,choque obstaculo calzada,buen tiempo,pleno dia,zona interurbana,748064be03a08df81e31bd6f9e7e7c4cc9f84b4401b9a3c6e85b7ff816d3ba68,accidentes_raw_dgt,2026-05-09 20:40:11
2019,Álava,8,Sábado,23,Zona interurbana,Vía convencional,Colisión múltiple,Buen tiempo,Se desconoce,4,0,0,4,2019-08-01,via convencional,colision multiple,buen tiempo,se desconoce,zona interurbana,377adeb4cd4096adc7ca64b533938cffc6294a9b3534f883b2336a26252cda9a,accidentes_raw_dgt,2026-05-09 20:40:11
2019,Álava,8,Miércoles,11,Zona interurbana,Ramal/enlace,Colisión por alcance,Buen tiempo,Pleno día,1,0,0,1,2019-08-01,ramal/enlace,colision por alcance,buen tiempo,pleno dia,zona interurbana,7a20311cf7a4b222d436424480bc65dd0f9d2cefcbbb1fa148ca0d7e1d5bb55a,accidentes_raw_dgt,2026-05-09 20:40:11
2019,Álava,8,Miércoles,13,Zona interurbana,Vía urbana,Colisión lateral,Buen tiempo,Pleno día,1,0,0,1,2019-08-01,via urbana,colision lateral,buen tiempo,pleno dia,zona interurbana,8d1ede4f889e0ed6f0823d8c1821905b9de37a0f851dc270df0dbf72b3c93641,accidentes_raw_dgt,2026-05-09 20:40:11
2019,Álava,8,Sábado,13,Zona interurbana,Vía convencional,Colisión por alcance,Lluvia,Pleno día,1,0,0,1,2019-08-01,via convencional,colision por alcance,lluvia,pleno dia,zona interurbana,aae02129362d611717b6c00ad8d73bf820a0f6d88fca8e515cafe78d3a335965,accidentes_raw_dgt,2026-05-09 20:40:11
2019,Álava,8,Domingo,19,Zona interurbana,Vía convencional,Atropello a peatón,Lluvia,Pleno día,3,0,0,3,2019-08-01,via convencional,atropello a peaton,lluvia,pleno dia,zona interurbana,156091ee0884f36de9836d58b6f05f357ec6ef0620c571577ac61f7beac35f8e,accidentes_raw_dgt,2026-05-09 20:40:11