AÑO,PROVINCIA,MES,DIA_SEMANA,HORA,ZONA,TIPO_VIA,TIPO_ACCIDENTE,CONDICION_METEO,CONDICION_ILUMINACION,TOTAL_VICTIMAS,FALLECIDOS_24H,HERIDOS_GRAVES,HERIDOS_LEVES,FECHA_ACCIDENTE,TIPO_VIA_NORM,TIPO_ACCIDENTE_NORM,CONDICION_METEO_NORM,CONDICION_ILUMINACION_NORM,ZONA_NORM,ID_ACCIDENTE_HASH,source_id,load_timestamp
2019,Álava,8,Miércoles,8,Zona interurbana,Ramal/enlace,Colisión por alcance,Buen tiempo,Pleno día,1,0,0,1,2019-08-01,ramal/enlace,colision por alcance,buen tiempo,pleno dia,zona interurbana,88820462180e5c893eff2ed73f4ec33e205d1cd5acc4d17fa7b2bca2495d3448,accidentes_raw_dgt,2026-05-09 20:40:11
2019,Álava,8,Jueves,22,Zona interurbana,Otro urbano,Colisión lateral,Buen tiempo,Se desconoce,4,0,1,2,2019-08-01,otro urbano,colision lateral,buen tiempo,se desconoce,zona interurbana,8d23cf6c86e834a7aa6eded54c26ce2bb2e74903538c61bdd5d2197997ab2f72,accidentes_raw_dgt,2026-05-09 20:40:11
2019,Álava,8,Sábado,14,Zona interurbana,Camino vecinal,Choque obstáculo calzada,Buen tiempo,Pleno día,1,0,0,1,2019-08-01,camino vecinal,choque obstaculo calzada,buen tiempo,pleno dia,zona interurbana,f10d91a7596bf5a6773579ff1306afdc363b0be08602c768907c09261cad3a56,accidentes_raw_dgt,2026-05-09 20:40:11
2019,Álava,9,Viernes,18,Zona interurbana,Vía urbana,Colisión frontolateral,Lluvia,Pleno día,4,0,0,4,2019-09-01,via urbana,colision frontolateral,lluvia,pleno dia,zona interurbana,3949ac1596ec77106a709a618bf5adcb19b77537ce8bcbdf54ff830169cdd084,accidentes_raw_dgt,2026-05-09 20:40:11
2019,Álava,9,Viernes,7,Zona interurbana,Vía urbana,Colisión por alcance,Buen tiempo,Pleno día,3,0,0,3,2019-09-01,via urbana,colision por alcance,buen tiempo,pleno dia,zona interurbana,1038e0b72d98745fac0fb015fd9c56704862adf11392936242a2ff5a65629f50,accidentes_raw_dgt,2026-05-09 20:40:11
2019,Álava,9,Viernes,14,Zona interurbana,Camino vecinal,Colisión por alcance,Buen tiempo,Pleno día,1,0,0,1,2019-09-01,camino vecinal,colision por alcance,buen tiempo,pleno dia,zona interurbana,9e11c362bc3d3572970b973d5cd86c073da358b6f9bceaa3be65d1a6487f8819,accidentes_raw_dgt,2026-05-09 20:40:11
2019,Álava,9,Domingo,23,Zona interurbana,Vía urbana,Choque obstáculo calzada,Lluvia,Se desconoce,1,0,0,1,2019-09-01,via urbana,choque obstaculo calzada,lluvia,se desconoce,zona interurbana,a4e987d17584557e2fbed011cddf66dc5185338bc3ef33d4226f86c32b7364dd,accidentes_raw_dgt,2026-05-09 20:40:11
2019,Álava,10,Viernes,17,Zona interurbana,Otro urbano,Animal en calzada,Buen tiempo,Pleno día,1,0,0,1,2019-10-01,otro urbano,animal en calzada,buen tiempo,pleno dia,zona interurbana,02cca3803b564ede11ccf9f303c9910b39c532061e7a8c3b773169bc3d3c140b,accidentes_raw_dgt,2026-05-09 20:40:11
2019,Álava,10,Martes,12,Zona interurbana,Ramal/enlace,Colisión por alcance,Buen tiempo,Pleno día,1,0,0,1,2019-10-01,ramal/enlace,colision por alcance,buen tiempo,pleno dia,zona interurbana,2452984f72ef1195df62ab3f23748777dbf39767229425f1bfd0862d476e5840,accidentes_raw_dgt,2026-05-09 20:40:11
2019,Álava,10,Viernes,6,Zona interurbana,Vía convencional,Choque obstáculo calzada,Buen tiempo,Noche ilum. insuficiente,1,0,0,1,2019-10-01,via convencional,choque obstaculo calzada,buen tiempo,noche ilum. insuficiente,zona interurbana,0791963ca2667a23cf3268ad25d7bb6ca0ed287b192869703cdbcf0e87934c33,accidentes_raw_dgt,2026-05-09 20:40:11
2019,Álava,10,Domingo,22,Zona interurbana,Vía convencional,Choque con bordillo,Buen tiempo,Noche ilum. insuficiente,1,0,0,1,2019-10-01,via convencional,choque con bordillo,buen tiempo,noche ilum. insuficiente,zona interurbana,5426d2ca50f244fb43fe9eafc82da08f33f3b4f8d9140802bd0102e780b629d6,accidentes_raw_dgt,2026-05-09 20:40:11
2019,Álava,10,Martes,19,Zona interurbana,Vía urbana,Colisión por alcance,Buen tiempo,Se desconoce,3,0,0,3,2019-10-01,via urbana,colision por alcance,buen tiempo,se desconoce,zona interurbana,0bba869d7f392cbcaca6b8935ddc7fc3a8c50846d884959333fb7da475957511,accidentes_raw_dgt,2026-05-09 20:40:11
2019,Álava,11,Sábado,9,Zona interurbana,Vía urbana,Animal en calzada,Granizo,Pleno día,1,0,0,1,2019-11-01,via urbana,animal en calzada,granizo,pleno dia,zona interurbana,7104741a92e73eb6c5d69cd04cf0afbe50a8796a010d8fa25daaf79e5e173bf3,accidentes_raw_dgt,2026-05-09 20:40:11
2019,Álava,11,Martes,7,Zona interurbana,Vía convencional,Caída de motociclista,Lluvia,Pleno día,1,0,0,1,2019-11-01,via convencional,caida de motociclista,lluvia,pleno dia,zona interurbana,556d7dc3a115356350f1f9910b1af1ab0e312d4b3e4fc788d2da63668f36d017,accidentes_raw_dgt,2026-05-09 20:40:11
2019,Álava,11,Sábado,14,Zona interurbana,Vía convencional,Objeto desprendido,Granizo,Pleno día,1,0,0,1,2019-11-01,via convencional,objeto desprendido,granizo,pleno dia,zona interurbana,058d5d43bf485bf78dda1ed4eaf8b78e3106f3c6364c625ead2cc3aeb1908237,accidentes_raw_dgt,2026-05-09 20:40:11
2019,Álava,11,Sábado,5,Zona interurbana,Vía convencional,Colisión frontolateral,Buen tiempo,Se desconoce,2,0,0,2,2019-11-01,via convencional,colision frontolateral,buen tiempo,se desconoce,zona interurbana,7acc684a848a9b954959fdd22493f48cf44eed028275b6b9999c7cade8956fc7,accidentes_raw_dgt,2026-05-09 20:40:11
2019,Álava,11,Domingo,20,Zona interurbana,Ramal/enlace,Colisión por alcance,Lluvia,Noche sin iluminación,1,0,0,1,2019-11-01,ramal/enlace,colision por alcance,lluvia,noche sin iluminacion,zona interurbana,eaa0689a095d4394a05fb51b84b0175a47f68221261377e4829444cbfcae23ca,accidentes_raw_dgt,2026-05-09 20:40:11
2019,Álava,11,Miércoles,15,Zona interurbana,Vía urbana,Colisión frontolateral,Granizo,Pleno día,1,0,0,1,2019-11-01,via urbana,colision frontolateral,granizo,pleno dia,zona interurbana,8ede6b26343305e05c3c0029f4e830d4e8c2016869a9d1cd97b100b2a16dfd1c,accidentes_raw_dgt,2026-05-09 20:40:11
2019,Álava,11,Viernes,21,Zona interurbana,Ramal/enlace,Colisión por alcance,Lluvia,Se desconoce,1,0,0,1,2019-11-01,ramal/enlace,colision por alcance,lluvia,se desconoce,zona interurbana,5d8f6cce532a7aeb57196be62344095936793400b3aeb3580d248b17d5518a86,accidentes_raw_dgt,2026-05-09 20:40:11
2019,Álava,11,Sábado,13,Zona interurbana,Vía convencional,Colisión frontolateral,Nieve,Pleno día,2,0,0,2,2019-11-01,via convencional,colision frontolateral,nieve,pleno dia,zona interurbana,fc95ce176603e9e1d1ffee39023b31dd856e00ad030526902604ed2a68a12c4b,accidentes_raw_dgt,2026-05-09 20:40:11
2019,Álava,12,Jueves,8,Zona interurbana,Vía convencional,Colisión por alcance,Granizo,Amanecer/Anochecer,1,0,0,1,2019-12-01,via convencional,colision por alcance,granizo,amanecer/anochecer,zona interurbana,9644294ac4ffb3091eef01219b3fe4fe467f05890cc56af961dce68fddbb7704,accidentes_raw_dgt,2026-05-09 20:40:11
2019,Álava,12,Domingo,15,Zona interurbana,Camino vecinal,Caída de motociclista,Lluvia,Pleno día,2,0,0,2,2019-12-01,camino vecinal,caida de motociclista,lluvia,pleno dia,zona interurbana,524b2d27a1e7fbc3a1614fa661e2dcad68462352feeb8bf633deaccfb8aa84f3,accidentes_raw_dgt,2026-05-09 20:40:11
2019,Álava,2,Martes,5,Zona interurbana,Vía urbana,Objeto desprendido,Buen tiempo,Se desconoce,1,0,1,0,2019-02-01,via urbana,objeto desprendido,buen tiempo,se desconoce,zona interurbana,023849c38925e2af028a2eb4e1dc41afd7dc7a238195c1c2ae00438d1dae00e1,accidentes_raw_dgt,2026-05-09 20:40:11
2019,Álava,3,Miércoles,15,Travesía,Otro,Objeto desprendido,Buen tiempo,Pleno día,1,0,0,1,2019-03-01,otro,objeto desprendido,buen tiempo,pleno dia,travesia,3c15285c04fff40024bb8714b93e58178bf8d3bebe6943178e1c5412957b7aa1,accidentes_raw_dgt,2026-05-09 20:40:11
2019,Álava,8,Sábado,17,Travesía,Otro,Animal en calzada,Buen tiempo,Pleno día,2,0,0,2,2019-08-01,otro,animal en calzada,buen tiempo,pleno dia,travesia,02e6295d8f522840f09b5194b3f023799ad6ed3306d9296005787e792224df20,accidentes_raw_dgt,2026-05-09 20:40:11
2019,Álava,1,Lunes,6,Zona interurbana,Vía urbana,Colisión frontolateral,Buen tiempo,Noche sin iluminación,1,0,0,1,2019-01-01,via urbana,colision frontolateral,buen tiempo,noche sin iluminacion,zona interurbana,da70dfa4d9f95ac979f921e8e623358236313f334afcd06cddf8a5621cf6a1e9,accidentes_raw_dgt,2026-05-09 20:40:11
2019,Álava,4,Domingo,9,Zona interurbana,Vía urbana,Choque obstáculo calzada,Lluvia,Pleno día,2,0,0,2,2019-04-01,via urbana,choque obstaculo calzada,lluvia,pleno dia,zona interurbana,6aac0cf87a32e631536122c3f2f9a2df215f56f28792a43a8658b0593f2e5255,accidentes_raw_dgt,2026-05-09 20:40:11
2019,Álava,5,Jueves,17,Zona interurbana,Vía urbana,Colisión frontal,Buen tiempo,Pleno día,1,0,1,0,2019-05-01,via urbana,colision frontal,buen tiempo,pleno dia,zona interurbana,2289b221b39605c3494e7290856218e931c00af556cf7a07827108193b276511,accidentes_raw_dgt,2026-05-09 20:40:11
2019,Álava,7,Martes,12,Zona interurbana,Vía urbana,Colisión múltiple,Lluvia,Pleno día,4,0,0,4,2019-07-01,via urbana,colision multiple,lluvia,pleno dia,zona interurbana,06b2d82840e43ed8432b3f444de18b57dbe60637c99379c708aa8e66de83dbc1,accidentes_raw_dgt,2026-05-09 20:40:11
2019,Álava,12,Jueves,11,Zona interurbana,Vía urbana,Colisión frontal,Buen tiempo,Pleno día,2,1,0,1,2019-12-01,via urbana,colision frontal,buen tiempo,pleno dia,zona interurbana,72ba187b05e705de2dced5824d716a71872dedccf21f0c179bd2d5f2c7c974b1,accidentes_raw_dgt,2026-05-09 20:40:11
2019,Álava,1,Martes,18,Zona interurbana,Autopista,Choque con bordillo,Buen tiempo,Se desconoce,1,0,0,1,2019-01-01,autopista,choque con bordillo,buen tiempo,se desconoce,zona interurbana,deeeb5df3f2cee6bf4e597a8a3a878a6ce49b932b9e90b416922d4499f54fae6,accidentes_raw_dgt,2026-05-09 20:40:11
2019,Álava,1,Lunes,11,Zona interurbana,Autopista,Choque obstáculo calzada,Lluvia,Pleno día,1,0,0,1,2019-01-01,autopista,choque obstaculo calzada,lluvia,pleno dia,zona interurbana,04a8708c3a481ced13845a30de522486895de0592222c29326d9139ec2b9df25,accidentes_raw_dgt,2026-05-09 20:40:11
2019,Álava,1,Lunes,13,Zona interurbana,Autopista,Choque obstáculo calzada,Granizo,Pleno día,1,0,0,1,2019-01-01,autopista,choque obstaculo calzada,granizo,pleno dia,zona interurbana,9a72c24f2fd76561729110d804c69f38a7088f2ec41fdf8fbfea20d07e8bcff8,accidentes_raw_dgt,2026-05-09 20:40:11
2019,Álava,1,Jueves,19,Zona interurbana,Autopista,Choque obstáculo calzada,Granizo,Se desconoce,1,0,0,1,2019-01-01,autopista,choque obstaculo calzada,granizo,se desconoce,zona interurbana,459535faa370a3b5f8b87203b089623c7aeb9325abf241ec8a685b9c325047a3,accidentes_raw_dgt,2026-05-09 20:40:11
2019,Álava,1,Viernes,23,Zona interurbana,Autopista,Caída de motociclista,Granizo,Se desconoce,1,0,0,1,2019-01-01,autopista,caida de motociclista,granizo,se desconoce,zona interurbana,09a1b036b82baba3177d83c27c1f7d0beacaac6de1c5fdcc9680c49f638c5fb9,accidentes_raw_dgt,2026-05-09 20:40:11
2019,Álava,1,Lunes,18,Zona interurbana,Autopista,Choque obstáculo calzada,Nieve,Amanecer/Anochecer,1,0,0,1,2019-01-01,autopista,choque obstaculo calzada,nieve,amanecer/anochecer,zona interurbana,355d8c0ee4e5698eaed38b96aab64dbf0ad72eca3e352183be6e957e9d9230a7,accidentes_raw_dgt,2026-05-09 20:40:11
2019,Álava,1,Martes,5,Zona interurbana,Camino vecinal,Choque con bordillo,Nieve,Se desconoce,3,0,0,3,2019-01-01,camino vecinal,choque con bordillo,nieve,se desconoce,zona interurbana,03a3d955b8799a90f1ff5a39479fde8e618f8ca3282d5b187186f2cf361abd32,accidentes_raw_dgt,2026-05-09 20:40:11
2019,Álava,4,Jueves,10,Travesía,Otro,Choque obstáculo calzada,Buen tiempo,Pleno día,1,0,1,0,2019-04-01,otro,choque obstaculo calzada,buen tiempo,pleno dia,travesia,2ab0ce7632a611e907a40710ff46da13c5ba832f5a402c6f51e15f53d6e8fa0e,accidentes_raw_dgt,2026-05-09 20:40:11
2019,Álava,4,Lunes,18,Zona interurbana,Vía urbana,Colisión frontolateral,Buen tiempo,Pleno día,2,0,0,2,2019-04-01,via urbana,colision frontolateral,buen tiempo,pleno dia,zona interurbana,62a0eae98b9fc0bd0ad941ae07ae5e2af545a64c8ddc43407bdfe6ae82addb4c,accidentes_raw_dgt,2026-05-09 20:40:11
2019,Álava,4,Viernes,9,Zona interurbana,Vía convencional,Colisión múltiple,Lluvia,Pleno día,1,0,0,1,2019-04-01,via convencional,colision multiple,lluvia,pleno dia,zona interurbana,9197e4844abed2fea3569a2acf7b0d584c979c333ab7ae10ba6c339898776f5a,accidentes_raw_dgt,2026-05-09 20:40:11
2019,Álava,4,Sábado,11,Zona interurbana,Camino vecinal,Objeto desprendido,Buen tiempo,Pleno día,1,1,0,0,2019-04-01,camino vecinal,objeto desprendido,buen tiempo,pleno dia,zona interurbana,838f461c2fa673cec73e6eecdafa88b127802d6cb0a61c53175197a122cb645a,accidentes_raw_dgt,2026-05-09 20:40:11
2019,Álava,5,Viernes,12,Zona interurbana,Vía convencional,Colisión por alcance,Granizo,Pleno día,1,0,0,1,2019-05-01,via convencional,colision por alcance,granizo,pleno dia,zona interurbana,73daa9289ddd08a53ba86f065ddb07bf915aba208bec652e999613d2a8444228,accidentes_raw_dgt,2026-05-09 20:40:11
2019,Álava,6,Miércoles,17,Zona interurbana,Autopista,Colisión por alcance,Buen tiempo,Pleno día,1,0,0,1,2019-06-01,autopista,colision por alcance,buen tiempo,pleno dia,zona interurbana,3963317a2b410e5357f4d839787aedb9ceef495514fe5cd91f846ab3a59621e0,accidentes_raw_dgt,2026-05-09 20:40:11
2019,Álava,6,Sábado,15,Zona interurbana,Vía convencional,Atropello a peatón,Buen tiempo,Pleno día,4,0,1,0,2019-06-01,via convencional,atropello a peaton,buen tiempo,pleno dia,zona interurbana,a43231c2216f23db8d65bbd57e0ce6573654f9a102365cd4b345723f1437ab2b,accidentes_raw_dgt,2026-05-09 20:40:11
2019,Álava,7,Miércoles,20,Zona interurbana,Vía convencional,Choque obstáculo calzada,Granizo,Amanecer/Anochecer,1,0,0,1,2019-07-01,via convencional,choque obstaculo calzada,granizo,amanecer/anochecer,zona interurbana,b3dfdc6efe322a6feccb0d081e88ffac20b0f28e8495efa76188c8dc3ada6181,accidentes_raw_dgt,2026-05-09 20:40:11
2019,Álava,7,Domingo,9,Zona interurbana,Vía convencional,Atropello a peatón,Buen tiempo,Pleno día,1,0,0,1,2019-07-01,via convencional,atropello a peaton,buen tiempo,pleno dia,zona interurbana,4e47eb5525df25f94da777993dafa41d9ab2bfa80a89e28f76d42cd46ab082e7,accidentes_raw_dgt,2026-05-09 20:40:11
2019,Álava,7,Viernes,16,Zona interurbana,Autopista,Objeto desprendido,Granizo,Pleno día,1,0,0,1,2019-07-01,autopista,objeto desprendido,granizo,pleno dia,zona interurbana,600b4cdf20cc06a7b5a5cca5f7464296861815519af6d8a14604201b13965ab8,accidentes_raw_dgt,2026-05-09 20:40:11
2019,Álava,8,Sábado,15,Zona interurbana,Autopista,Choque obstáculo calzada,Buen tiempo,Pleno día,1,0,0,1,2019-08-01,autopista,choque obstaculo calzada,buen tiempo,pleno dia,zona interurbana,0788979fc9366e21cd56311511b897a222cf91711481bcd7dc837eac2172d087,accidentes_raw_dgt,2026-05-09 20:40:11
2019,Álava,9,Domingo,23,Zona interurbana,Vía urbana,Caída de motociclista,Granizo,Se desconoce,1,0,0,1,2019-09-01,via urbana,caida de motociclista,granizo,se desconoce,zona interurbana,8e6aee9efac8086ebac545d45c63e0d0dfcddd0d77d53e45c04d05cafdd2a8a8,accidentes_raw_dgt,2026-05-09 20:40:11
2019,Álava,10,Martes,19,Zona interurbana,Vía urbana,Colisión frontolateral,Lluvia,Noche con iluminación,1,0,0,1,2019-10-01,via urbana,colision frontolateral,lluvia,noche con iluminacion,zona interurbana,5f193b350c8aba4883dedf97367ef3080821470661d0a2e1faf420a300cb5ca8,accidentes_raw_dgt,2026-05-09 20:40:11
2019,Álava,11,Sábado,10,Zona interurbana,Autopista,Atropello a peatón,Granizo,Pleno día,2,0,1,1,2019-11-01,autopista,atropello a peaton,granizo,pleno dia,zona interurbana,f1607c19a0f910ca1b8dce18843bc34e46a533c87e3524ea75798949f7a352d5,accidentes_raw_dgt,2026-05-09 20:40:11
2019,Álava,11,Miércoles,9,Zona interurbana,Vía convencional,Atropello a peatón,Lluvia,Pleno día,1,0,0,1,2019-11-01,via convencional,atropello a peaton,lluvia,pleno dia,zona interurbana,9b15fed64ef16980f625aeed46ab4cd2c498690551d3a2d1e5254d551d7d6ddf,accidentes_raw_dgt,2026-05-09 20:40:11
2019,Álava,11,Lunes,13,Zona interurbana,Autopista,Colisión por alcance,Lluvia,Pleno día,1,0,1,0,2019-11-01,autopista,colision por alcance,lluvia,pleno dia,zona interurbana,62f77e7d6197863ac98d9e0cfa76bea0c8e05379ed5281afbe72f7fc206fe37b,accidentes_raw_dgt,2026-05-09 20:40:11
2019,Álava,11,Lunes,15,Zona interurbana,Vía urbana,Choque obstáculo calzada,Lluvia,Pleno día,1,0,0,1,2019-11-01,via urbana,choque obstaculo calzada,lluvia,pleno dia,zona interurbana,e52d08747b9d7a6d04551bb86ee3f7ee6c49f7477c8cd66f77448378cc30b92b,accidentes_raw_dgt,2026-05-09 20:40:11
2019,Álava,11,Lunes,7,Zona interurbana,Vía convencional,Colisión por alcance,Lluvia,Pleno día,1,0,0,1,2019-11-01,via convencional,colision por alcance,lluvia,pleno dia,zona interurbana,01299ac65733b5a3d774265fbfe8396b8611e5e3321855dbc541cd301e71fe5e,accidentes_raw_dgt,2026-05-09 20:40:11
2019,Álava,11,Jueves,11,Zona interurbana,Autopista,Choque obstáculo calzada,Lluvia,Pleno día,1,0,0,1,2019-11-01,autopista,choque obstaculo calzada,lluvia,pleno dia,zona interurbana,de5872c6bb4494cebd250152ce148cd6231654e4469229f2f993984b3950b422,accidentes_raw_dgt,2026-05-09 20:40:11
2019,Álava,12,Viernes,6,Zona interurbana,Vía convencional,Choque obstáculo calzada,Lluvia,Se desconoce,1,0,0,1,2019-12-01,via convencional,choque obstaculo calzada,lluvia,se desconoce,zona interurbana,12e2c8df501501b2bb531e941a737ffa7a2a491e849c5c5841e3b6132291bc35,accidentes_raw_dgt,2026-05-09 20:40:11
2019,Álava,12,Lunes,21,Zona interurbana,Autovía,Choque con bordillo,Lluvia,Se desconoce,2,0,0,2,2019-12-01,autovia,choque con bordillo,lluvia,se desconoce,zona interurbana,2c4cf657337835125bc4258d0e2e546af4185bdb70f64e1b0aa46d1d78017404,accidentes_raw_dgt,2026-05-09 20:40:11
2019,Álava,12,Sábado,5,Zona interurbana,Vía urbana,Atropello a peatón,Lluvia,Se desconoce,3,0,0,3,2019-12-01,via urbana,atropello a peaton,lluvia,se desconoce,zona interurbana,21ef779311a43f0e067d0f4f600bb5451a8a7e093662086a1fe6a75d27d7892a,accidentes_raw_dgt,2026-05-09 20:40:11
2019,Álava,12,Domingo,12,Travesía,Otro urbano,Colisión por alcance,Lluvia,Pleno día,2,0,0,2,2019-12-01,otro urbano,colision por alcance,lluvia,pleno dia,travesia,64c212df34c66e6fe9fccbfebc8899c10584cfa1669c42a175d65db073b13bc0,accidentes_raw_dgt,2026-05-09 20:40:11
2019,Álava,12,Sábado,16,Travesía,Otro urbano,Colisión frontolateral,Buen tiempo,Pleno día,1,0,0,1,2019-12-01,otro urbano,colision frontolateral,buen tiempo,pleno dia,travesia,2af4dd48399a5cf64c23fc7933e11aaf6171d80001b4b1377498ae6056b1acbf,accidentes_raw_dgt,2026-05-09 20:40:11
2019,Álava,1,Viernes,8,Travesía,Otro urbano,Choque obstáculo lateral,Buen tiempo,Pleno día,1,0,1,0,2019-01-01,otro urbano,choque obstaculo lateral,buen tiempo,pleno dia,travesia,392a52e4f77c40bf3321dc2feac356fac2a906a80c961748170af4ce2bce1e6a,accidentes_raw_dgt,2026-05-09 20:40:11
2019,Álava,1,Miércoles,11,Zona interurbana,Vía urbana,Colisión frontolateral,Buen tiempo,Pleno día,3,0,1,0,2019-01-01,via urbana,colision frontolateral,buen tiempo,pleno dia,zona interurbana,f65ccfbfec288565c1d414275985547799fde0ed286c85a50bd0ec5faa01d1ac,accidentes_raw_dgt,2026-05-09 20:40:11
2019,Álava,1,Sábado,11,Zona interurbana,Vía convencional,Colisión por alcance,Lluvia,Pleno día,1,0,0,1,2019-01-01,via convencional,colision por alcance,lluvia,pleno dia,zona interurbana,48b361d46638bfa4eee090c158a750a69c7beec3a62e703e2801125551b1b157,accidentes_raw_dgt,2026-05-09 20:40:11
2019,Álava,1,Miércoles,16,Zona interurbana,Vía convencional,Colisión frontolateral,Nieve,Pleno día,1,0,0,1,2019-01-01,via convencional,colision frontolateral,nieve,pleno dia,zona interurbana,37b73510175057c633ebe4beb0a34917fa2a0696432db43a4eeb2c3ff83a4c3b,accidentes_raw_dgt,2026-05-09 20:40:11
2019,Álava,4,Domingo,11,Zona interurbana,Vía convencional,Colisión frontal,Buen tiempo,Pleno día,2,1,1,0,2019-04-01,via convencional,colision frontal,buen tiempo,pleno dia,zona interurbana,131b0c35e2d7edef9dd63f48eff39341ef0a5f770538aa4e0017f41b9cdb135d,accidentes_raw_dgt,2026-05-09 20:40:11
2019,Álava,4,Lunes,17,Zona interurbana,Vía convencional,Choque obstáculo calzada,Nieve,Pleno día,1,0,0,1,2019-04-01,via convencional,choque obstaculo calzada,nieve,pleno dia,zona interurbana,15a26c6fa5151c712acc7ee45a1fd525ab85b801f096847c7d5fdf49efeabb4d,accidentes_raw_dgt,2026-05-09 20:40:11
2019,Álava,5,Lunes,7,Zona interurbana,Vía convencional,Colisión por alcance,Buen tiempo,Pleno día,3,0,0,3,2019-05-01,via convencional,colision por alcance,buen tiempo,pleno dia,zona interurbana,25dac95b8f595046bc435139636b0e2f1ff6e0ea31a54f3c19e7e726fb98738b,accidentes_raw_dgt,2026-05-09 20:40:11
2019,Álava,5,Domingo,17,Zona interurbana,Vía convencional,Colisión por alcance,Buen tiempo,Noche sin iluminación,1,0,0,1,2019-05-01,via convencional,colision por alcance,buen tiempo,noche sin iluminacion,zona interurbana,ab5e292db6495899871d889aaab28308f7da8dfc3693a477ee73de9ad894ce44,accidentes_raw_dgt,2026-05-09 20:40:11
2019,Álava,7,Jueves,17,Zona interurbana,Vía convencional,Atropello a peatón,Buen tiempo,Pleno día,1,0,0,1,2019-07-01,via convencional,atropello a peaton,buen tiempo,pleno dia,zona interurbana,b98880883fd8d975260f1807fa46a5156fcc4cc82bf6d657a417d8bb4e42cd55,accidentes_raw_dgt,2026-05-09 20:40:11
2019,Álava,8,Miércoles,1,Zona interurbana,Vía urbana,Choque con bordillo,Buen tiempo,Se desconoce,1,0,0,1,2019-08-01,via urbana,choque con bordillo,buen tiempo,se desconoce,zona interurbana,48a1a756f2d83f1dc57bbf14052b70a6f40d0fceed6662812e34903a9fe90924,accidentes_raw_dgt,2026-05-09 20:40:11
2019,Álava,9,Domingo,16,Zona interurbana,Vía convencional,Choque obstáculo calzada,Nieve,Pleno día,1,0,0,1,2019-09-01,via convencional,choque obstaculo calzada,nieve,pleno dia,zona interurbana,a934c244755c66aebb0d6f9f5687038ffae8f00b00b28b4e17521016393f38b9,accidentes_raw_dgt,2026-05-09 20:40:11
2019,Álava,9,Jueves,11,Zona interurbana,Vía convencional,Objeto desprendido,Buen tiempo,Pleno día,1,0,0,1,2019-09-01,via convencional,objeto desprendido,buen tiempo,pleno dia,zona interurbana,6ea2fdb3399f4d2e806beb01e9a3371bd622bed6a409acf3151818d738c370ec,accidentes_raw_dgt,2026-05-09 20:40:11
2019,Álava,9,Viernes,5,Zona interurbana,Vía urbana,Choque con bordillo,Buen tiempo,Se desconoce,1,0,0,1,2019-09-01,via urbana,choque con bordillo,buen tiempo,se desconoce,zona interurbana,99a0b871c9047c4f5555fcf062e0623174bae38746fece6efdf032d80fb2221a,accidentes_raw_dgt,2026-05-09 20:40:11
2019,Álava,10,Martes,13,Zona interurbana,Vía urbana,Colisión por alcance,Buen tiempo,Pleno día,1,0,1,0,2019-10-01,via urbana,colision por alcance,buen tiempo,pleno dia,zona interurbana,04d19fde0a08b17aca69491e714bea43565384d12a63626e08477662cc03780e,accidentes_raw_dgt,2026-05-09 20:40:11
2019,Álava,10,Jueves,9,Zona interurbana,Vía urbana,Choque obstáculo calzada,Granizo,Pleno día,2,0,0,2,2019-10-01,via urbana,choque obstaculo calzada,granizo,pleno dia,zona interurbana,a3af7b3808c4cf72478d05c9bab9c0d47e31c1d2cb3a29e7481669f7ea278c4e,accidentes_raw_dgt,2026-05-09 20:40:11
2019,Álava,11,Viernes,8,Zona interurbana,Camino vecinal,Choque obstáculo calzada,Granizo,Pleno día,1,0,0,1,2019-11-01,camino vecinal,choque obstaculo calzada,granizo,pleno dia,zona interurbana,3c1b7053f0edd447b778edbc0ad8359b0fa892d69857d9bd5e6b19007bb3f01e,accidentes_raw_dgt,2026-05-09 20:40:11
2019,Álava,11,Viernes,22,Zona interurbana,Vía convencional,Colisión por alcance,Granizo,Se desconoce,1,0,0,1,2019-11-01,via convencional,colision por alcance,granizo,se desconoce,zona interurbana,1d2028ddcd746a7ee87dd0739d7435602b77d4908f96e27ebdad57b09aa27b69,accidentes_raw_dgt,2026-05-09 20:40:11
2019,Álava,11,Viernes,22,Zona interurbana,Vía convencional,Colisión frontolateral,Granizo,Se desconoce,1,0,0,1,2019-11-01,via convencional,colision frontolateral,granizo,se desconoce,zona interurbana,188c1fdca79d927f6e812133173fc41d3a4e57074de521020274caa9bb29af7d,accidentes_raw_dgt,2026-05-09 20:40:11