AÑO,PROVINCIA,MES,DIA_SEMANA,HORA,ZONA,TIPO_VIA,TIPO_ACCIDENTE,CONDICION_METEO,CONDICION_ILUMINACION,TOTAL_VICTIMAS,FALLECIDOS_24H,HERIDOS_GRAVES,HERIDOS_LEVES,FECHA_ACCIDENTE,TIPO_VIA_NORM,TIPO_ACCIDENTE_NORM,CONDICION_METEO_NORM,CONDICION_ILUMINACION_NORM,ZONA_NORM,ID_ACCIDENTE_HASH,source_id,load_timestamp
2019,Álava,11,Viernes,14,Zona interurbana,Vía convencional,Colisión frontolateral,Nieve,Pleno día,2,0,0,2,2019-11-01,via convencional,colision frontolateral,nieve,pleno dia,zona interurbana,0f78540965a86402578f8188c826c1cb6c7ddcb608ae3a3201e532c7cacb6ce3,accidentes_raw_dgt,2026-05-09 20:40:11
2019,Álava,11,Miércoles,7,Travesía,Otro,Colisión frontolateral,Buen tiempo,Se desconoce,2,0,0,2,2019-11-01,otro,colision frontolateral,buen tiempo,se desconoce,travesia,26d228663f13a88592a12d16cf9587caab0388b262d6d9f126ed62f9333aca94,accidentes_raw_dgt,2026-05-09 20:40:11
2019,Álava,6,Domingo,17,Zona interurbana,Vía urbana,Caída de motociclista,Buen tiempo,Pleno día,1,0,0,1,2019-06-01,via urbana,caida de motociclista,buen tiempo,pleno dia,zona interurbana,dcaadad1cfce437735b81ab025f776e5857e48558c47f6960e6a5f2595664a85,accidentes_raw_dgt,2026-05-09 20:40:11
2019,Álava,7,Domingo,18,Zona interurbana,Vía urbana,Choque obstáculo calzada,Buen tiempo,Pleno día,2,0,0,2,2019-07-01,via urbana,choque obstaculo calzada,buen tiempo,pleno dia,zona interurbana,b7c7470e59e2a2df1bfd0a4705488ee6fe0c5c125de15cccdfab0e00d6c03dc0,accidentes_raw_dgt,2026-05-09 20:40:11
2019,Álava,9,Sábado,12,Zona interurbana,Vía urbana,Colisión frontolateral,Buen tiempo,Pleno día,1,0,0,1,2019-09-01,via urbana,colision frontolateral,buen tiempo,pleno dia,zona interurbana,d26eae87829adde551bf4b852f9da6b8c3c2db9b65b8b68870632a2db5f53e00,accidentes_raw_dgt,2026-05-09 20:40:11
2019,Álava,10,Jueves,12,Zona interurbana,Vía urbana,Colisión frontal,Lluvia,Pleno día,1,0,1,0,2019-10-01,via urbana,colision frontal,lluvia,pleno dia,zona interurbana,6b3c238ebcf1f3c07cf0e556faa82c6b8fe96840ff4b6b7e9962a2d855843a0b,accidentes_raw_dgt,2026-05-09 20:40:11
2019,Álava,7,Martes,16,Travesía,Otro,Colisión por alcance,Buen tiempo,Pleno día,2,0,0,2,2019-07-01,otro,colision por alcance,buen tiempo,pleno dia,travesia,a73b320dc0d3a57c03f897eb28ca91e623c5ee635db59476ba3178c90b94019f,accidentes_raw_dgt,2026-05-09 20:40:11
2019,Álava,1,Martes,6,Travesía,Otro,Colisión por alcance,Buen tiempo,Noche sin iluminación,1,0,0,1,2019-01-01,otro,colision por alcance,buen tiempo,noche sin iluminacion,travesia,f64f410744d9470ffe2d6b9ee6f042cdffcc42a745d2568146e8782ea828ff48,accidentes_raw_dgt,2026-05-09 20:40:11
2019,Álava,3,Martes,11,Travesía,Otro,Colisión por alcance,Buen tiempo,Pleno día,1,0,0,1,2019-03-01,otro,colision por alcance,buen tiempo,pleno dia,travesia,a5abb1500bdeaef41e2edd598c015edfaa46793051b82d7da60a70efbf786da4,accidentes_raw_dgt,2026-05-09 20:40:11
2019,Álava,3,Miércoles,9,Travesía,Otro,Colisión frontolateral,Buen tiempo,Pleno día,1,0,0,1,2019-03-01,otro,colision frontolateral,buen tiempo,pleno dia,travesia,e6f47e008cc58b38596e6fdf2f50a0fea93fd10543e652522aeab3aa71355719,accidentes_raw_dgt,2026-05-09 20:40:11
2019,Álava,3,Miércoles,14,Travesía,Otro,Colisión frontolateral,Buen tiempo,Pleno día,1,0,0,1,2019-03-01,otro,colision frontolateral,buen tiempo,pleno dia,travesia,480f5a496560ae4228bb7977ecf29b2c589d7a7aa6b609534566af8cbc229a9e,accidentes_raw_dgt,2026-05-09 20:40:11
2019,Álava,3,Miércoles,17,Travesía,Otro,Colisión frontolateral,Buen tiempo,Pleno día,1,0,0,1,2019-03-01,otro,colision frontolateral,buen tiempo,pleno dia,travesia,612111a352a571cbed3927ec6f74948849bcc9fe8489bf4f0d6235afdc0a4ad7,accidentes_raw_dgt,2026-05-09 20:40:11
2019,Álava,3,Miércoles,15,Travesía,Otro,Colisión frontolateral,Buen tiempo,Pleno día,1,0,0,1,2019-03-01,otro,colision frontolateral,buen tiempo,pleno dia,travesia,52f14fc33ef45dd80ac2626077948f44d8d211d5f24bf9db333c9403968e634a,accidentes_raw_dgt,2026-05-09 20:40:11
2019,Álava,3,Jueves,13,Travesía,Otro,Choque obstáculo lateral,Buen tiempo,Pleno día,1,0,0,1,2019-03-01,otro,choque obstaculo lateral,buen tiempo,pleno dia,travesia,fabf5b7fedb3e62a81c9298b19706249ee128011bf9d94867681020c16f8b741,accidentes_raw_dgt,2026-05-09 20:40:11
2019,Álava,3,Sábado,13,Travesía,Otro,Colisión frontolateral,Buen tiempo,Pleno día,1,0,0,1,2019-03-01,otro,colision frontolateral,buen tiempo,pleno dia,travesia,1c49f22f6de9bd15e5e566fa8983be4cfa4709abf0f95edf96dcd3d6249c2649,accidentes_raw_dgt,2026-05-09 20:40:11
2019,Álava,3,Sábado,22,Travesía,Otro,Se desconoce,Buen tiempo,Noche sin iluminación,1,0,0,1,2019-03-01,otro,se desconoce,buen tiempo,noche sin iluminacion,travesia,8111eb1556229541d7d2720a51203037e78ee57fb2e407e0da4a805473dab7af,accidentes_raw_dgt,2026-05-09 20:40:11
2019,Álava,3,Domingo,8,Travesía,Otro,Choque obstáculo calzada,Buen tiempo,Pleno día,1,0,0,1,2019-03-01,otro,choque obstaculo calzada,buen tiempo,pleno dia,travesia,fc72c98a6c2916c1bbf9f39fce094f5785bb6f1d656971520b660b2e8a760fe3,accidentes_raw_dgt,2026-05-09 20:40:11
2019,Álava,3,Domingo,15,Travesía,Otro,Choque obstáculo calzada,Buen tiempo,Pleno día,1,0,0,1,2019-03-01,otro,choque obstaculo calzada,buen tiempo,pleno dia,travesia,67e0bdb7b6c549d4fa834d0f6848ce6a3a12e07de9cea949ad41932bd5881bc4,accidentes_raw_dgt,2026-05-09 20:40:11
2019,Álava,3,Lunes,15,Travesía,Otro,Colisión frontolateral,Buen tiempo,Pleno día,1,0,0,1,2019-03-01,otro,colision frontolateral,buen tiempo,pleno dia,travesia,afcf8bc077e68eb94dfe783205f32cabdeead61fd32ff5710947b6111ff2ff77,accidentes_raw_dgt,2026-05-09 20:40:11
2019,Álava,3,Martes,13,Travesía,Otro,Colisión frontolateral,Buen tiempo,Pleno día,1,0,0,1,2019-03-01,otro,colision frontolateral,buen tiempo,pleno dia,travesia,4c8d5b6c695d265fb63dd73f275a21043a5887b37cb4fea0552ecc7b417c8f88,accidentes_raw_dgt,2026-05-09 20:40:11
2019,Álava,3,Martes,16,Travesía,Otro,Colisión múltiple,Buen tiempo,Pleno día,3,0,0,3,2019-03-01,otro,colision multiple,buen tiempo,pleno dia,travesia,cc6aed2709b80e146bebc151f1cf1dec5e323b58148535a433529155030e3a52,accidentes_raw_dgt,2026-05-09 20:40:11
2019,Álava,3,Miércoles,18,Travesía,Otro,Choque obstáculo lateral,Buen tiempo,Pleno día,1,0,0,1,2019-03-01,otro,choque obstaculo lateral,buen tiempo,pleno dia,travesia,db55da3fc3098e9c42311c6013304ff36b19ef73d12ea932054b5ad51df4f49d,accidentes_raw_dgt,2026-05-09 20:40:11
2019,Álava,3,Jueves,11,Travesía,Otro,Choque obstáculo lateral,Buen tiempo,Pleno día,1,0,0,1,2019-03-01,otro,choque obstaculo lateral,buen tiempo,pleno dia,travesia,5092c37bcbc9f0fb33cb0f9cab7aa5ae94ed0f1219773c380b143b7c1224d01b,accidentes_raw_dgt,2026-05-09 20:40:11
2019,Álava,3,Jueves,15,Travesía,Otro,Colisión frontolateral,Buen tiempo,Pleno día,2,0,0,2,2019-03-01,otro,colision frontolateral,buen tiempo,pleno dia,travesia,5658b88806a236b6439a7ecd0a87af2475a02a848095304c6d25981ae5e7e9a9,accidentes_raw_dgt,2026-05-09 20:40:11
2019,Álava,3,Viernes,15,Travesía,Otro,Choque obstáculo lateral,Buen tiempo,Pleno día,1,0,0,1,2019-03-01,otro,choque obstaculo lateral,buen tiempo,pleno dia,travesia,814bb6b8dc12188a44b71e378dc20a4292e01979aa9ab95b09b8a681391dfc9d,accidentes_raw_dgt,2026-05-09 20:40:11
2019,Álava,3,Viernes,18,Travesía,Otro,Colisión frontolateral,Buen tiempo,Pleno día,1,0,1,0,2019-03-01,otro,colision frontolateral,buen tiempo,pleno dia,travesia,814fd2e8e45e9a6d3e1f6ff86867aaf2251ccd07f3eed02708fae286192c29e3,accidentes_raw_dgt,2026-05-09 20:40:11
2019,Álava,3,Viernes,19,Travesía,Otro,Choque obstáculo lateral,Buen tiempo,Noche sin iluminación,1,0,0,1,2019-03-01,otro,choque obstaculo lateral,buen tiempo,noche sin iluminacion,travesia,0dfcddb0440e967f05bb68ca09a5e2188b8abc36bfb5b95b83b88be59c42c6e7,accidentes_raw_dgt,2026-05-09 20:40:11
2019,Álava,3,Viernes,12,Travesía,Otro,Atropello a peatón,Buen tiempo,Pleno día,1,0,0,1,2019-03-01,otro,atropello a peaton,buen tiempo,pleno dia,travesia,9be3da431e0a833d2b07781de97ebbd0b14c274d16c0597820d9982a5f547cb3,accidentes_raw_dgt,2026-05-09 20:40:11
2019,Álava,3,Sábado,10,Travesía,Otro,Colisión por alcance,Buen tiempo,Pleno día,4,0,0,4,2019-03-01,otro,colision por alcance,buen tiempo,pleno dia,travesia,42f25adecf47629878e89e31b2073d1af009c9c76f4140a06313af5e5950eabc,accidentes_raw_dgt,2026-05-09 20:40:11
2019,Álava,3,Viernes,18,Travesía,Otro,Objeto desprendido,Buen tiempo,Noche sin iluminación,1,0,0,1,2019-03-01,otro,objeto desprendido,buen tiempo,noche sin iluminacion,travesia,cbf2f7864f1c988391a9ab199627a29bd60987da067748c2812b75785d7ec151,accidentes_raw_dgt,2026-05-09 20:40:11
2019,Álava,3,Sábado,9,Travesía,Otro,Objeto desprendido,Buen tiempo,Pleno día,1,0,0,1,2019-03-01,otro,objeto desprendido,buen tiempo,pleno dia,travesia,2d1007980f49215311f7f1012e84f99b801eb5daeca04dedea3ada41cc45353b,accidentes_raw_dgt,2026-05-09 20:40:11
2019,Álava,3,Miércoles,20,Travesía,Otro,Objeto desprendido,Nieve,Se desconoce,1,0,0,1,2019-03-01,otro,objeto desprendido,nieve,se desconoce,travesia,fed88b40aba63cac05eadd5db0088c036005ec235c7be6fd87d656946b733332,accidentes_raw_dgt,2026-05-09 20:40:11
2019,Álava,3,Lunes,17,Travesía,Otro,Choque obstáculo lateral,Buen tiempo,Pleno día,2,0,0,2,2019-03-01,otro,choque obstaculo lateral,buen tiempo,pleno dia,travesia,0a1f1256f9bac68e806442aa76455bb761af5414855efa23c1b3fd54477c0ba1,accidentes_raw_dgt,2026-05-09 20:40:11
2019,Álava,3,Lunes,17,Travesía,Otro,Choque obstáculo lateral,Buen tiempo,Pleno día,1,0,0,1,2019-03-01,otro,choque obstaculo lateral,buen tiempo,pleno dia,travesia,98f1f17f9a73ccfe3e25940add8d9ce9bf05513104cacb84f2f1185bf5886a84,accidentes_raw_dgt,2026-05-09 20:40:11
2019,Álava,3,Lunes,22,Travesía,Otro,Colisión por alcance,Buen tiempo,Noche sin iluminación,1,0,0,1,2019-03-01,otro,colision por alcance,buen tiempo,noche sin iluminacion,travesia,aaf01d71b55e51b1a3051cbb3cdc0646578dcda722b2922072a81f257b1a9821,accidentes_raw_dgt,2026-05-09 20:40:11
2019,Álava,3,Martes,0,Travesía,Otro,Choque obstáculo calzada,Buen tiempo,Noche sin iluminación,1,0,0,1,2019-03-01,otro,choque obstaculo calzada,buen tiempo,noche sin iluminacion,travesia,ea415bf50eb65ade427d8d80222df4627e28cd9a418f830bfd9b81d4149bb2ab,accidentes_raw_dgt,2026-05-09 20:40:11
2019,Álava,3,Miércoles,13,Travesía,Otro,Choque obstáculo lateral,Buen tiempo,Pleno día,2,0,0,2,2019-03-01,otro,choque obstaculo lateral,buen tiempo,pleno dia,travesia,5f2703a5211db19a9020f7443f6a440fbc95cda90b7c2d53912f5ce47d050056,accidentes_raw_dgt,2026-05-09 20:40:11
2019,Álava,3,Jueves,22,Travesía,Otro,Atropello a peatón,Buen tiempo,Se desconoce,1,0,0,1,2019-03-01,otro,atropello a peaton,buen tiempo,se desconoce,travesia,155d1cf609cedded2fbc27a4646de87ce7f7de2913b1e5a1bbf148a6df483e19,accidentes_raw_dgt,2026-05-09 20:40:11
2019,Álava,3,Jueves,13,Travesía,Otro,Objeto desprendido,Buen tiempo,Pleno día,2,0,0,2,2019-03-01,otro,objeto desprendido,buen tiempo,pleno dia,travesia,0ef962215cc055786d516355238a80dacc204ecf9b160d0a252190bf5c0cc370,accidentes_raw_dgt,2026-05-09 20:40:11
2019,Álava,3,Sábado,22,Travesía,Otro,Atropello a peatón,Buen tiempo,Noche sin iluminación,1,0,0,1,2019-03-01,otro,atropello a peaton,buen tiempo,noche sin iluminacion,travesia,18d37c950a3e810d9b9a84c72c230ca16b7cec19f7fb55c625e5441790d448ef,accidentes_raw_dgt,2026-05-09 20:40:11
2019,Álava,1,Miércoles,9,Travesía,Otro,Objeto desprendido,Granizo,Pleno día,1,0,0,1,2019-01-01,otro,objeto desprendido,granizo,pleno dia,travesia,050a010ce24d0896056e9a36a1940738d38f469d644b3682cfcc47569739c525,accidentes_raw_dgt,2026-05-09 20:40:11
2019,Álava,3,Sábado,12,Travesía,Otro,Colisión frontolateral,Buen tiempo,Pleno día,1,0,0,1,2019-03-01,otro,colision frontolateral,buen tiempo,pleno dia,travesia,e3f6959781c353c201d378e02d9da532601673e08a1706fa15a5ebbd9ea1bd36,accidentes_raw_dgt,2026-05-09 20:40:11
2019,Álava,3,Domingo,12,Travesía,Otro,Colisión por alcance,Buen tiempo,Pleno día,4,0,0,4,2019-03-01,otro,colision por alcance,buen tiempo,pleno dia,travesia,2dfe70c43208f52b9ef4ea7e134705283947116491e81fbac05f0aedc25c5956,accidentes_raw_dgt,2026-05-09 20:40:11
2019,Álava,3,Domingo,13,Travesía,Otro,Objeto desprendido,Buen tiempo,Pleno día,1,0,0,1,2019-03-01,otro,objeto desprendido,buen tiempo,pleno dia,travesia,5627b4a8f9efbd8fbdadaf4177824186f8c734f320935c88e926bc027af6c50f,accidentes_raw_dgt,2026-05-09 20:40:11
2019,Álava,3,Lunes,4,Travesía,Otro,Se desconoce,Buen tiempo,Noche sin iluminación,1,0,1,0,2019-03-01,otro,se desconoce,buen tiempo,noche sin iluminacion,travesia,6d05621ab7cb7b4fb796ca2ffbe1a141e0d4319d3deb6a05322b9de85d69b923,accidentes_raw_dgt,2026-05-09 20:40:11
2019,Álava,3,Lunes,7,Travesía,Otro,Choque obstáculo lateral,Buen tiempo,Pleno día,1,0,0,1,2019-03-01,otro,choque obstaculo lateral,buen tiempo,pleno dia,travesia,3538a1ef2e113da64249eea7bd068b585ec7ce5df73b2d1e319d8c9bf47eb314,accidentes_raw_dgt,2026-05-09 20:40:11
2019,Álava,3,Martes,8,Travesía,Otro,Colisión lateral,Buen tiempo,Pleno día,1,0,0,1,2019-03-01,otro,colision lateral,buen tiempo,pleno dia,travesia,0e12831a7047f759733b21f028525039607350b1b1b4fe904595427e72ea0d9b,accidentes_raw_dgt,2026-05-09 20:40:11
2019,Álava,3,Martes,9,Travesía,Otro,Colisión frontolateral,Buen tiempo,Pleno día,1,0,0,1,2019-03-01,otro,colision frontolateral,buen tiempo,pleno dia,travesia,75c3e223190bf1a1fa2af808d1dfcdffe33727d57eb0028b5a52ad893480eeb9,accidentes_raw_dgt,2026-05-09 20:40:11
2019,Álava,3,Martes,11,Travesía,Otro,Colisión frontolateral,Buen tiempo,Pleno día,1,0,1,0,2019-03-01,otro,colision frontolateral,buen tiempo,pleno dia,travesia,c498f3fe97c0df55ee8dea01a72572059b93f42d235a5e439e9c9a1654d6d4e1,accidentes_raw_dgt,2026-05-09 20:40:11
2019,Álava,3,Martes,14,Travesía,Otro,Choque obstáculo lateral,Buen tiempo,Pleno día,1,0,0,1,2019-03-01,otro,choque obstaculo lateral,buen tiempo,pleno dia,travesia,a4ecdd704d258aa841bb3f9a1e3b0cafc59bd88810e542f8e7a0519809d78fe7,accidentes_raw_dgt,2026-05-09 20:40:11
2019,Álava,3,Martes,11,Travesía,Otro,Colisión frontolateral,Buen tiempo,Pleno día,1,0,0,1,2019-03-01,otro,colision frontolateral,buen tiempo,pleno dia,travesia,4a30a219a9d7663fdd35c0a5df49c8d55018f13a0c53e10dd8efe8f7e4cc5d89,accidentes_raw_dgt,2026-05-09 20:40:11
2019,Álava,3,Martes,8,Travesía,Otro,Colisión frontolateral,Buen tiempo,Pleno día,1,0,0,1,2019-03-01,otro,colision frontolateral,buen tiempo,pleno dia,travesia,83151157c10d85af7c84657c71c3e3603d955160f0526fce672481da83a2e090,accidentes_raw_dgt,2026-05-09 20:40:11
2019,Álava,3,Miércoles,11,Travesía,Otro,Choque obstáculo lateral,Buen tiempo,Pleno día,1,0,0,1,2019-03-01,otro,choque obstaculo lateral,buen tiempo,pleno dia,travesia,caa1aedb2a6ce96b39b9fde1a49e1ebcb431b6da4586da0aef56df9b78221d60,accidentes_raw_dgt,2026-05-09 20:40:11
2019,Álava,3,Miércoles,13,Travesía,Otro,Objeto desprendido,Buen tiempo,Pleno día,2,0,0,2,2019-03-01,otro,objeto desprendido,buen tiempo,pleno dia,travesia,549a2fac47d713cc00f2db498ad6b5574fb03c9293aef6c7ad50a11b394c197d,accidentes_raw_dgt,2026-05-09 20:40:11
2019,Álava,3,Miércoles,14,Travesía,Otro,Colisión frontolateral,Buen tiempo,Pleno día,1,0,0,1,2019-03-01,otro,colision frontolateral,buen tiempo,pleno dia,travesia,d83c7ee736be931d85b78a4a60881ced3ff9a31bb417804e45b1d30de40f94f2,accidentes_raw_dgt,2026-05-09 20:40:11
2019,Álava,3,Miércoles,16,Travesía,Otro,Colisión frontolateral,Buen tiempo,Pleno día,1,0,0,1,2019-03-01,otro,colision frontolateral,buen tiempo,pleno dia,travesia,48f89b630677c2cbb70e2ba05bf7a3633294e368a45bdc2c7df9d832f9e0c941,accidentes_raw_dgt,2026-05-09 20:40:11
2019,Álava,3,Jueves,12,Travesía,Otro,Colisión por alcance,Buen tiempo,Pleno día,2,0,0,2,2019-03-01,otro,colision por alcance,buen tiempo,pleno dia,travesia,f626051bc94422f26f4b774a2bca105e122df36a2f32f51bd7ee470daa620b0b,accidentes_raw_dgt,2026-05-09 20:40:11
2019,Álava,3,Jueves,14,Travesía,Otro,Colisión por alcance,Buen tiempo,Pleno día,1,0,0,1,2019-03-01,otro,colision por alcance,buen tiempo,pleno dia,travesia,b3a8e0e1f9ab1bfe3a36f231f676f78bb30a519d2b21e6c530c0eee8ebb4a5d0,accidentes_raw_dgt,2026-05-09 20:40:11
2019,Álava,3,Jueves,15,Travesía,Otro,Choque obstáculo lateral,Buen tiempo,Pleno día,1,0,0,1,2019-03-01,otro,choque obstaculo lateral,buen tiempo,pleno dia,travesia,353767b239099863e13ca954e20a66c9d75f777baf239f56e399958de49bf79d,accidentes_raw_dgt,2026-05-09 20:40:11
2019,Álava,4,Lunes,17,Travesía,Otro,Colisión frontolateral,Buen tiempo,Pleno día,1,0,0,1,2019-04-01,otro,colision frontolateral,buen tiempo,pleno dia,travesia,ad21a2b810af49a8b9241e10dfce3a016987441cc93aa72feae47dd017ddf0bb,accidentes_raw_dgt,2026-05-09 20:40:11
2019,Álava,3,Jueves,17,Travesía,Otro,Objeto desprendido,Buen tiempo,Pleno día,1,0,0,1,2019-03-01,otro,objeto desprendido,buen tiempo,pleno dia,travesia,42f0bec3310ddd8a55e8d62817337ca49c55a898c14ab073d07c16dee24d73d4,accidentes_raw_dgt,2026-05-09 20:40:11
2019,Álava,3,Viernes,19,Travesía,Otro,Colisión lateral,Buen tiempo,Amanecer/Anochecer,1,0,0,1,2019-03-01,otro,colision lateral,buen tiempo,amanecer/anochecer,travesia,841a05fd378a2c067058585e3691c2a3f5399206fded7a580fdbbc281003168e,accidentes_raw_dgt,2026-05-09 20:40:11
2019,Álava,3,Sábado,16,Travesía,Otro,Colisión frontolateral,Buen tiempo,Pleno día,1,0,0,1,2019-03-01,otro,colision frontolateral,buen tiempo,pleno dia,travesia,de482c7ed5ca67ae135ef25bf3b13194970a2f3902318f1eda3c64af2a2eb344,accidentes_raw_dgt,2026-05-09 20:40:11
2019,Álava,3,Sábado,17,Travesía,Otro,Colisión frontolateral,Buen tiempo,Pleno día,1,0,0,1,2019-03-01,otro,colision frontolateral,buen tiempo,pleno dia,travesia,da4d43f295ce92630829272fad6d2e7237c6248e9cd9499e6382d6fa6d758e7b,accidentes_raw_dgt,2026-05-09 20:40:11
2019,Álava,3,Sábado,16,Travesía,Otro,Choque obstáculo lateral,Buen tiempo,Pleno día,1,0,0,1,2019-03-01,otro,choque obstaculo lateral,buen tiempo,pleno dia,travesia,06de973bb45531d52cdbd483c5e50bcddaa2095f9515e03cfad490061cc9831e,accidentes_raw_dgt,2026-05-09 20:40:11
2019,Álava,3,Sábado,19,Travesía,Otro,Colisión lateral,Buen tiempo,Pleno día,1,0,0,1,2019-03-01,otro,colision lateral,buen tiempo,pleno dia,travesia,88b54564b232405ab2165996517fece1149259cf1ea262a375db0f66039294d0,accidentes_raw_dgt,2026-05-09 20:40:11
2019,Álava,3,Sábado,14,Travesía,Otro,Colisión por alcance,Buen tiempo,Pleno día,2,0,0,2,2019-03-01,otro,colision por alcance,buen tiempo,pleno dia,travesia,ad3b83575249b68aab9602de378314fc221ab07a9b2ab0bb4a245ec649219f45,accidentes_raw_dgt,2026-05-09 20:40:11
2019,Álava,3,Sábado,12,Travesía,Otro,Colisión frontolateral,Buen tiempo,Pleno día,2,0,0,2,2019-03-01,otro,colision frontolateral,buen tiempo,pleno dia,travesia,826e27285307a923759de350de081d6218a04f4cff82b20c5ddaa8c60138c066,accidentes_raw_dgt,2026-05-09 20:40:11
2019,Álava,3,Domingo,14,Travesía,Otro,Colisión múltiple,Buen tiempo,Pleno día,2,0,0,2,2019-03-01,otro,colision multiple,buen tiempo,pleno dia,travesia,e078af3026edb42cc26b32784baa142a79970078f7ac58f8c7b74115f4f7fb60,accidentes_raw_dgt,2026-05-09 20:40:11
2019,Álava,3,Domingo,8,Travesía,Otro,Objeto desprendido,Buen tiempo,Pleno día,1,0,0,1,2019-03-01,otro,objeto desprendido,buen tiempo,pleno dia,travesia,1e5ee5e58c8f490ae68e7e91b1575ebefc2bf6c211f302a553ff0c4925e85321,accidentes_raw_dgt,2026-05-09 20:40:11
2019,Álava,1,Miércoles,20,Travesía,Otro,Colisión frontolateral,Buen tiempo,Noche sin iluminación,1,0,0,1,2019-01-01,otro,colision frontolateral,buen tiempo,noche sin iluminacion,travesia,c6bd343ae0007cdb979de7540f2668fe849d68ff47fa1a650a28f89104f41f1e,accidentes_raw_dgt,2026-05-09 20:40:11
2019,Álava,4,Martes,7,Travesía,Otro,Atropello a peatón,Buen tiempo,Pleno día,1,0,0,1,2019-04-01,otro,atropello a peaton,buen tiempo,pleno dia,travesia,30eec89ddd9c342ef28a87f731d6e50ba977baf12d7caa7045a9d56b0e923f03,accidentes_raw_dgt,2026-05-09 20:40:11
2019,Álava,4,Martes,13,Travesía,Otro,Atropello a peatón,Buen tiempo,Pleno día,1,0,0,1,2019-04-01,otro,atropello a peaton,buen tiempo,pleno dia,travesia,064c3e311ef63912b0cc91db9681ce2d301c3e76c447febf8faa303de38cc005,accidentes_raw_dgt,2026-05-09 20:40:11
2019,Álava,4,Martes,12,Travesía,Otro,Atropello a peatón,Buen tiempo,Pleno día,1,0,0,1,2019-04-01,otro,atropello a peaton,buen tiempo,pleno dia,travesia,b6cb293891dd62748d85aa2e00eb97e267870905edefdfe53a2ea0f3da49e88d,accidentes_raw_dgt,2026-05-09 20:40:11
2019,Álava,4,Jueves,15,Travesía,Otro,Atropello a peatón,Buen tiempo,Pleno día,1,0,0,1,2019-04-01,otro,atropello a peaton,buen tiempo,pleno dia,travesia,3a8f6d79cd434dc10588606993976b7b2bc038ff4a2481e857ac0168fc29a683,accidentes_raw_dgt,2026-05-09 20:40:11
2019,Álava,4,Viernes,8,Travesía,Otro,Colisión frontolateral,Buen tiempo,Pleno día,1,0,0,1,2019-04-01,otro,colision frontolateral,buen tiempo,pleno dia,travesia,98144d79af44407273f26589afc01901b7b296deada61a4740b0d404c5043c53,accidentes_raw_dgt,2026-05-09 20:40:11
2019,Álava,4,Viernes,20,Travesía,Otro,Colisión por alcance,Buen tiempo,Pleno día,3,0,0,3,2019-04-01,otro,colision por alcance,buen tiempo,pleno dia,travesia,b1585fdb272b31401eaac5dd46a936c1c09b4861e53e23f12ac72fc077b3c82c,accidentes_raw_dgt,2026-05-09 20:40:11
2019,Álava,4,Sábado,14,Travesía,Otro,Colisión lateral,Buen tiempo,Pleno día,1,0,0,1,2019-04-01,otro,colision lateral,buen tiempo,pleno dia,travesia,e73cb135243c08ab2c2adc333b150b9237093315f6b38e3361f07caf2bfb4d6b,accidentes_raw_dgt,2026-05-09 20:40:11
2019,Álava,1,Jueves,17,Travesía,Otro,Choque obstáculo lateral,Buen tiempo,Pleno día,1,0,1,0,2019-01-01,otro,choque obstaculo lateral,buen tiempo,pleno dia,travesia,6e82b8197ce29396936a07b1eb951c88650a2fc0fe1201a51b15b6ca8a73318a,accidentes_raw_dgt,2026-05-09 20:40:11
2019,Álava,4,Sábado,10,Travesía,Otro,Colisión frontolateral,Buen tiempo,Pleno día,1,0,0,1,2019-04-01,otro,colision frontolateral,buen tiempo,pleno dia,travesia,200dd69b70a88134b3a939de5f0b10c44a1675344329b9d9a5ad6b7342f978b2,accidentes_raw_dgt,2026-05-09 20:40:11
2019,Álava,4,Sábado,13,Travesía,Otro,Objeto desprendido,Buen tiempo,Pleno día,2,0,0,2,2019-04-01,otro,objeto desprendido,buen tiempo,pleno dia,travesia,9869a8a3a11a33284dc2bcc3d2e6ffd52cad30e2009c11dfe604e74dc21a887e,accidentes_raw_dgt,2026-05-09 20:40:11
2019,Álava,4,Domingo,15,Travesía,Otro,Colisión frontolateral,Buen tiempo,Pleno día,1,0,0,1,2019-04-01,otro,colision frontolateral,buen tiempo,pleno dia,travesia,ddfe0e8d462af661f81db36589c39882dc0f2330785b5d80cd34f2f520ad618f,accidentes_raw_dgt,2026-05-09 20:40:11
2019,Álava,4,Lunes,14,Travesía,Otro,Colisión frontolateral,Granizo,Pleno día,2,0,0,2,2019-04-01,otro,colision frontolateral,granizo,pleno dia,travesia,51d089cdaf0c968c94b80671489d22b6f79b1c57de80df880b008e9b37b49788,accidentes_raw_dgt,2026-05-09 20:40:11
2019,Álava,4,Lunes,20,Travesía,Otro,Colisión frontolateral,Buen tiempo,Noche sin iluminación,1,0,0,1,2019-04-01,otro,colision frontolateral,buen tiempo,noche sin iluminacion,travesia,d4679c618f1af07ee8570edd4b931e2e68e1c2d4b7d3c2f1033a9b597f85d4b0,accidentes_raw_dgt,2026-05-09 20:40:11
2019,Álava,4,Lunes,13,Travesía,Otro,Objeto desprendido,Granizo,Pleno día,1,0,0,1,2019-04-01,otro,objeto desprendido,granizo,pleno dia,travesia,48ce32e8ec7741594c8786e445fbed501f5a735a49522314b8e24878e2544b9e,accidentes_raw_dgt,2026-05-09 20:40:11
2019,Álava,4,Martes,9,Travesía,Otro,Colisión frontolateral,Buen tiempo,Pleno día,1,0,0,1,2019-04-01,otro,colision frontolateral,buen tiempo,pleno dia,travesia,a42e815c58f3977fe531a80ffd4659121c3b9f876a89869042816c369ed80776,accidentes_raw_dgt,2026-05-09 20:40:11