AÑO,PROVINCIA,MES,DIA_SEMANA,HORA,ZONA,TIPO_VIA,TIPO_ACCIDENTE,CONDICION_METEO,CONDICION_ILUMINACION,TOTAL_VICTIMAS,FALLECIDOS_24H,HERIDOS_GRAVES,HERIDOS_LEVES,FECHA_ACCIDENTE,TIPO_VIA_NORM,TIPO_ACCIDENTE_NORM,CONDICION_METEO_NORM,CONDICION_ILUMINACION_NORM,ZONA_NORM,ID_ACCIDENTE_HASH,source_id,load_timestamp
2019,Álava,4,Miércoles,17,Travesía,Otro,Colisión frontolateral,Granizo,Pleno día,1,0,0,1,2019-04-01,otro,colision frontolateral,granizo,pleno dia,travesia,5844a72aee9269a68da28cae55c706d824b02ffb92189aaacd746a0d6097f549,accidentes_raw_dgt,2026-05-09 20:40:11
2019,Álava,4,Jueves,18,Travesía,Otro,Colisión frontolateral,Buen tiempo,Pleno día,2,0,0,2,2019-04-01,otro,colision frontolateral,buen tiempo,pleno dia,travesia,86b700fab5db37977a73700b53a0654b21bdad0896914cc19ad70dee5f5fb3f6,accidentes_raw_dgt,2026-05-09 20:40:11
2019,Álava,4,Jueves,20,Travesía,Otro,Colisión frontolateral,Buen tiempo,Pleno día,1,0,0,1,2019-04-01,otro,colision frontolateral,buen tiempo,pleno dia,travesia,9b19f9ab816598a0809e4afd5d60800f2dbef9cbb9b03ad2ce766b3c237b9059,accidentes_raw_dgt,2026-05-09 20:40:11
2019,Álava,4,Miércoles,8,Travesía,Otro,Objeto desprendido,Buen tiempo,Pleno día,1,0,0,1,2019-04-01,otro,objeto desprendido,buen tiempo,pleno dia,travesia,a77b6cbdf6fae1676369dea1e1ea675e4c2400c9e43bd535fdfd9395cb48cbaa,accidentes_raw_dgt,2026-05-09 20:40:11
2019,Álava,4,Viernes,18,Travesía,Otro,Objeto desprendido,Buen tiempo,Pleno día,1,0,0,1,2019-04-01,otro,objeto desprendido,buen tiempo,pleno dia,travesia,e4be97ce765e6cfcd703884cc31db7478fa7befca7cf6dc15420ba20ed718abe,accidentes_raw_dgt,2026-05-09 20:40:11
2019,Álava,4,Viernes,16,Travesía,Otro,Colisión frontolateral,Buen tiempo,Pleno día,1,0,0,1,2019-04-01,otro,colision frontolateral,buen tiempo,pleno dia,travesia,cbd02d97b0731d88c78d30c20d90492b2d4c3f2f983931c38fef2dedc7ce48d4,accidentes_raw_dgt,2026-05-09 20:40:11
2019,Álava,4,Viernes,20,Travesía,Otro,Colisión por alcance,Buen tiempo,Pleno día,1,0,0,1,2019-04-01,otro,colision por alcance,buen tiempo,pleno dia,travesia,227445a988500528d7826c6921d2e3b4a79ccf3a94cc3bcf7b667e3ae4990b36,accidentes_raw_dgt,2026-05-09 20:40:11
2019,Álava,4,Sábado,0,Travesía,Otro,Choque obstáculo lateral,Buen tiempo,Noche sin iluminación,2,0,1,0,2019-04-01,otro,choque obstaculo lateral,buen tiempo,noche sin iluminacion,travesia,23e8b0175874e1bb3b4799e13a6634a8eddb456c1b8675b871e07ec09abc0c07,accidentes_raw_dgt,2026-05-09 20:40:11
2019,Álava,4,Sábado,14,Travesía,Otro,Colisión por alcance,Buen tiempo,Pleno día,1,0,0,1,2019-04-01,otro,colision por alcance,buen tiempo,pleno dia,travesia,560aa3e6e94314c78236109e209ac79e15e05ec8bf2dcb78300ae65e720edf9e,accidentes_raw_dgt,2026-05-09 20:40:11
2019,Álava,1,Jueves,21,Travesía,Otro,Colisión frontal,Buen tiempo,Noche sin iluminación,1,0,0,1,2019-01-01,otro,colision frontal,buen tiempo,noche sin iluminacion,travesia,d18b29d80a8bd366b77c952d9775510507c2d006eec917ab2f89ef93acc5452f,accidentes_raw_dgt,2026-05-09 20:40:11
2019,Álava,4,Domingo,23,Travesía,Otro,Colisión por alcance,Buen tiempo,Noche sin iluminación,1,0,0,1,2019-04-01,otro,colision por alcance,buen tiempo,noche sin iluminacion,travesia,ac1270c5058af65025e5b2a3e3014cea69460e7d9f159ae667028e1b6eab433e,accidentes_raw_dgt,2026-05-09 20:40:11
2019,Álava,4,Lunes,9,Travesía,Otro,Colisión por alcance,Buen tiempo,Pleno día,1,0,0,1,2019-04-01,otro,colision por alcance,buen tiempo,pleno dia,travesia,35bbce4007c5cd57a4c6dcabbdf5b347c9557ec11898111c280a788f8396e2c5,accidentes_raw_dgt,2026-05-09 20:40:11
2019,Álava,1,Viernes,17,Travesía,Otro,Choque obstáculo lateral,Buen tiempo,Pleno día,1,0,0,1,2019-01-01,otro,choque obstaculo lateral,buen tiempo,pleno dia,travesia,dcb5d6e69e4ded78464ae2843f509daf65c9ca09dfdc9b5ad69166341963a877,accidentes_raw_dgt,2026-05-09 20:40:11
2019,Álava,4,Martes,15,Travesía,Otro,Otro tipo,Buen tiempo,Pleno día,1,0,0,1,2019-04-01,otro,otro tipo,buen tiempo,pleno dia,travesia,f138665c5aa6600801452ebb40df70c46e73f2c51f4cb72f66b438139c5ec3f6,accidentes_raw_dgt,2026-05-09 20:40:11
2019,Álava,4,Miércoles,10,Travesía,Otro,Colisión por alcance,Buen tiempo,Pleno día,1,0,0,1,2019-04-01,otro,colision por alcance,buen tiempo,pleno dia,travesia,db3defda18fafc0c197740438051c690d98b551a7e449d66390d38fa2db09b77,accidentes_raw_dgt,2026-05-09 20:40:11
2019,Álava,4,Miércoles,18,Travesía,Otro,Objeto desprendido,Buen tiempo,Pleno día,1,0,0,1,2019-04-01,otro,objeto desprendido,buen tiempo,pleno dia,travesia,0604cd3138feed202ef293e062da2f4720f77a05d25ee036a7a01c9cfcdd1f0a,accidentes_raw_dgt,2026-05-09 20:40:11
2019,Álava,5,Domingo,16,Travesía,Otro,Colisión frontal,Buen tiempo,Pleno día,1,0,0,1,2019-05-01,otro,colision frontal,buen tiempo,pleno dia,travesia,1158e7e12c5e7362318e5e3c2e1f2f1ab49578ab1d1691e9818a7c3f6b30b528,accidentes_raw_dgt,2026-05-09 20:40:11
2019,Álava,4,Miércoles,13,Travesía,Otro,Colisión frontolateral,Buen tiempo,Pleno día,1,0,0,1,2019-04-01,otro,colision frontolateral,buen tiempo,pleno dia,travesia,5344c4110f483793dc352c388e67776724c36b4bea3ffda6cab7c75b9c65aceb,accidentes_raw_dgt,2026-05-09 20:40:11
2019,Álava,1,Viernes,9,Travesía,Otro,Choque obstáculo lateral,Buen tiempo,Pleno día,1,0,0,1,2019-01-01,otro,choque obstaculo lateral,buen tiempo,pleno dia,travesia,7182dd431b5c8833ed3c8a02c8615780df8dca7d83ed4166962b207f45a656b5,accidentes_raw_dgt,2026-05-09 20:40:11
2019,Álava,4,Sábado,16,Travesía,Otro,Colisión frontolateral,Buen tiempo,Pleno día,4,0,0,4,2019-04-01,otro,colision frontolateral,buen tiempo,pleno dia,travesia,ba689abd93c9c6a7d08b5b5c04dd27f6d69755ebe9a87fb969e73dfc11660e38,accidentes_raw_dgt,2026-05-09 20:40:11
2019,Álava,4,Sábado,12,Travesía,Otro,Colisión frontolateral,Buen tiempo,Pleno día,1,0,0,1,2019-04-01,otro,colision frontolateral,buen tiempo,pleno dia,travesia,e13b778ae833ca8c5d757c58e4a85bd71e08c05caedbd096e13ec3f7b228b43a,accidentes_raw_dgt,2026-05-09 20:40:11
2019,Álava,4,Lunes,19,Travesía,Otro,Objeto desprendido,Buen tiempo,Pleno día,1,0,0,1,2019-04-01,otro,objeto desprendido,buen tiempo,pleno dia,travesia,a2075145d3cc47b2b56aeec5e9c78fe7e0055169961b6823629772c96f1f0319,accidentes_raw_dgt,2026-05-09 20:40:11
2019,Álava,4,Martes,14,Travesía,Otro,Colisión frontolateral,Buen tiempo,Pleno día,1,0,0,1,2019-04-01,otro,colision frontolateral,buen tiempo,pleno dia,travesia,a435270b90e9b7091c77f478df0b8f78dddd32079b75698b8de902061f74efaf,accidentes_raw_dgt,2026-05-09 20:40:11
2019,Álava,4,Martes,16,Travesía,Otro,Objeto desprendido,Granizo,Pleno día,1,0,0,1,2019-04-01,otro,objeto desprendido,granizo,pleno dia,travesia,ecac903ea62dc1d5446a88330af0a17ce89c7787e5aaf450113a4a426813e3cc,accidentes_raw_dgt,2026-05-09 20:40:11
2019,Álava,1,Miércoles,14,Travesía,Otro,Colisión frontolateral,Buen tiempo,Pleno día,1,0,1,0,2019-01-01,otro,colision frontolateral,buen tiempo,pleno dia,travesia,a05198938c6ca8cd56289c6dba6bb8aaa68dfe8e0d7a37df2fb76e48eeba4244,accidentes_raw_dgt,2026-05-09 20:40:11
2019,Álava,4,Jueves,16,Travesía,Otro,Colisión frontolateral,Buen tiempo,Pleno día,1,0,0,1,2019-04-01,otro,colision frontolateral,buen tiempo,pleno dia,travesia,5e5c743a015ff8d81e2374d5bca1bdf8ed87ce18484fce8cf4062183dde08493,accidentes_raw_dgt,2026-05-09 20:40:11
2019,Álava,4,Jueves,12,Travesía,Otro,Colisión frontolateral,Buen tiempo,Pleno día,1,0,0,1,2019-04-01,otro,colision frontolateral,buen tiempo,pleno dia,travesia,2c69bc9b34fb0800a44a702e45019c107dfdc8273b9feb62c9615addc7138bde,accidentes_raw_dgt,2026-05-09 20:40:11
2019,Álava,4,Viernes,14,Travesía,Otro,Atropello a peatón,Granizo,Pleno día,1,0,0,1,2019-04-01,otro,atropello a peaton,granizo,pleno dia,travesia,94f8607915dff25f013e45fc0642fb9830b0fb25ab0ab46d477eaf1061def379,accidentes_raw_dgt,2026-05-09 20:40:11
2019,Álava,1,Viernes,17,Travesía,Otro,Objeto desprendido,Buen tiempo,Pleno día,1,0,0,1,2019-01-01,otro,objeto desprendido,buen tiempo,pleno dia,travesia,39700d452c77592c9710a4a34c6fe97d6150e26d550a5cfa553b0177d7b23e95,accidentes_raw_dgt,2026-05-09 20:40:11
2019,Álava,4,Sábado,14,Travesía,Otro,Colisión frontolateral,Buen tiempo,Pleno día,1,0,0,1,2019-04-01,otro,colision frontolateral,buen tiempo,pleno dia,travesia,b027feeb60b70f0d34ece10aead660113cf06408da4c6477c7b2606839475de4,accidentes_raw_dgt,2026-05-09 20:40:11
2019,Álava,4,Domingo,17,Travesía,Otro,Atropello a peatón,Buen tiempo,Pleno día,1,0,0,1,2019-04-01,otro,atropello a peaton,buen tiempo,pleno dia,travesia,d4b9aead1dd10a596542d1d8211a5021b9c3e894751d019ac64b15a55b9b69ba,accidentes_raw_dgt,2026-05-09 20:40:11
2019,Álava,4,Martes,13,Travesía,Otro,Colisión lateral,Buen tiempo,Pleno día,1,0,0,1,2019-04-01,otro,colision lateral,buen tiempo,pleno dia,travesia,4771bef2c04a34b548b77ea7581cf821152d9dea9c2c85151a07856fe3639314,accidentes_raw_dgt,2026-05-09 20:40:11
2019,Álava,4,Lunes,22,Travesía,Otro,Objeto desprendido,Buen tiempo,Noche sin iluminación,1,0,0,1,2019-04-01,otro,objeto desprendido,buen tiempo,noche sin iluminacion,travesia,5088c1bc42f5cc6a32cdb92d7524ea06febe006baac86a0fc8986a8ee00602bc,accidentes_raw_dgt,2026-05-09 20:40:11
2019,Álava,1,Viernes,19,Travesía,Otro,Colisión múltiple,Buen tiempo,Noche sin iluminación,1,0,0,1,2019-01-01,otro,colision multiple,buen tiempo,noche sin iluminacion,travesia,8952115444bab6de66aab97501f75fee64be3448203a91b47818e5e8943e0dfb,accidentes_raw_dgt,2026-05-09 20:40:11
2019,Álava,5,Viernes,9,Travesía,Otro,Choque obstáculo lateral,Granizo,Pleno día,1,0,0,1,2019-05-01,otro,choque obstaculo lateral,granizo,pleno dia,travesia,0cce0bd361c46fcde41daebc801da75e21320763dc2b1a5a62d9b28e7c3e1d10,accidentes_raw_dgt,2026-05-09 20:40:11
2019,Álava,5,Viernes,14,Travesía,Otro,Colisión frontal,Granizo,Pleno día,1,0,0,1,2019-05-01,otro,colision frontal,granizo,pleno dia,travesia,0b35b06a22779418f775a804f36485f7bc978071d1709ad263a68f4f18117b11,accidentes_raw_dgt,2026-05-09 20:40:11
2019,Álava,5,Viernes,13,Travesía,Otro,Salida vía izquierda,Granizo,Pleno día,1,0,0,1,2019-05-01,otro,salida via izquierda,granizo,pleno dia,travesia,72933e3b31f0070af6478edc3becf96e1ee59917620e8c509cf0e6b360e29c02,accidentes_raw_dgt,2026-05-09 20:40:11
2019,Álava,5,Sábado,18,Travesía,Otro,Colisión múltiple,Buen tiempo,Pleno día,3,0,0,3,2019-05-01,otro,colision multiple,buen tiempo,pleno dia,travesia,a9346b0068335c634304afa5de1d51232a80966775613d8c1c5a0f6d231c8b1a,accidentes_raw_dgt,2026-05-09 20:40:11
2019,Álava,5,Domingo,17,Travesía,Otro,Colisión frontolateral,Buen tiempo,Pleno día,1,0,0,1,2019-05-01,otro,colision frontolateral,buen tiempo,pleno dia,travesia,a1e8154bd1a4c96efad1d5bd4a3ecbd73f4f39a44b14b6025cff18b31ddef7f0,accidentes_raw_dgt,2026-05-09 20:40:11
2019,Álava,5,Domingo,21,Travesía,Otro,Se desconoce,Buen tiempo,Se desconoce,1,0,0,1,2019-05-01,otro,se desconoce,buen tiempo,se desconoce,travesia,388c2eafe5afd475492698c0995a2daf157eb3b3be8207391d3a023c97c8c034,accidentes_raw_dgt,2026-05-09 20:40:11
2019,Álava,5,Lunes,11,Travesía,Otro,Colisión por alcance,Buen tiempo,Pleno día,1,0,0,1,2019-05-01,otro,colision por alcance,buen tiempo,pleno dia,travesia,c32ffef1ae0cabc0576614cb4d2064cea5bd9c0fa13c7b8bb9fb9b4e8ba950a9,accidentes_raw_dgt,2026-05-09 20:40:11
2019,Álava,1,Sábado,14,Travesía,Otro,Colisión frontolateral,Buen tiempo,Pleno día,2,0,0,2,2019-01-01,otro,colision frontolateral,buen tiempo,pleno dia,travesia,f7c2599681e9284ce1c403459e22b730e997d67d16c45c4f593108e8372029a9,accidentes_raw_dgt,2026-05-09 20:40:11
2019,Álava,5,Martes,11,Travesía,Otro,Colisión frontolateral,Buen tiempo,Pleno día,1,0,0,1,2019-05-01,otro,colision frontolateral,buen tiempo,pleno dia,travesia,e1bb74a7794720edf4935a8813538e8113491318168b1fa61a0ac3528e7b0440,accidentes_raw_dgt,2026-05-09 20:40:11
2019,Álava,5,Martes,11,Travesía,Otro,Colisión frontolateral,Buen tiempo,Pleno día,1,0,0,1,2019-05-01,otro,colision frontolateral,buen tiempo,pleno dia,travesia,bd3a797ba948938978965781bd341bc0fc7711ed00e513b9c63a61cf3d916562,accidentes_raw_dgt,2026-05-09 20:40:11
2019,Álava,1,Sábado,0,Travesía,Otro,Atropello a peatón,Buen tiempo,Noche sin iluminación,1,0,0,1,2019-01-01,otro,atropello a peaton,buen tiempo,noche sin iluminacion,travesia,8920a14a7f6469b955b114111564cb9736440238d220fc9fd525efdb9a056d3e,accidentes_raw_dgt,2026-05-09 20:40:11
2019,Álava,5,Miércoles,15,Travesía,Otro,Colisión lateral,Buen tiempo,Pleno día,2,0,0,2,2019-05-01,otro,colision lateral,buen tiempo,pleno dia,travesia,87e29676d583c04a1682dbd5bc0d989f8311c888655ca66bc486b6f7f76d4702,accidentes_raw_dgt,2026-05-09 20:40:11
2019,Álava,5,Jueves,8,Travesía,Otro,Colisión frontolateral,Buen tiempo,Pleno día,1,0,0,1,2019-05-01,otro,colision frontolateral,buen tiempo,pleno dia,travesia,891d46993a36d78392247c642138cede01d9841daab1d945709755b5194597c4,accidentes_raw_dgt,2026-05-09 20:40:11
2019,Álava,5,Jueves,17,Travesía,Otro,Colisión frontolateral,Buen tiempo,Pleno día,1,0,0,1,2019-05-01,otro,colision frontolateral,buen tiempo,pleno dia,travesia,68f10bf021d7734e071e07bbf561aa0f1bfc7974f266f71311b9177b177d39d1,accidentes_raw_dgt,2026-05-09 20:40:11
2019,Álava,5,Jueves,23,Travesía,Otro,Colisión frontolateral,Granizo,Noche sin iluminación,1,0,0,1,2019-05-01,otro,colision frontolateral,granizo,noche sin iluminacion,travesia,fb8a0d2da8683cec6cc64542f95ae11e085c72d56c744b2be5be335295976610,accidentes_raw_dgt,2026-05-09 20:40:11
2019,Álava,1,Miércoles,19,Travesía,Otro,Choque obstáculo lateral,Buen tiempo,Noche sin iluminación,1,0,0,1,2019-01-01,otro,choque obstaculo lateral,buen tiempo,noche sin iluminacion,travesia,5ef6514ed3304cf62b950982541114ac352c52729dbf80747775a9d1a733af93,accidentes_raw_dgt,2026-05-09 20:40:11
2019,Álava,5,Viernes,13,Travesía,Otro,Colisión frontolateral,Buen tiempo,Pleno día,1,0,0,1,2019-05-01,otro,colision frontolateral,buen tiempo,pleno dia,travesia,20ca98162ba780883712eb701c84e4c06f73aba78e903935a9ad799193b4627f,accidentes_raw_dgt,2026-05-09 20:40:11
2019,Álava,5,Sábado,20,Travesía,Otro,Colisión frontal,Buen tiempo,Pleno día,2,0,0,2,2019-05-01,otro,colision frontal,buen tiempo,pleno dia,travesia,d11501b090fb2749f2c49284394dd36fe0ac76eb1a52cb3bba260dbc119ec46e,accidentes_raw_dgt,2026-05-09 20:40:11
2019,Álava,5,Lunes,9,Travesía,Otro,Colisión frontolateral,Buen tiempo,Pleno día,1,0,0,1,2019-05-01,otro,colision frontolateral,buen tiempo,pleno dia,travesia,da6813d10025369ac0411363a16ab750adb21c6d0b38a03a9fc5ce58134da875,accidentes_raw_dgt,2026-05-09 20:40:11
2019,Álava,5,Lunes,9,Travesía,Otro,Choque obstáculo lateral,Buen tiempo,Pleno día,2,0,0,2,2019-05-01,otro,choque obstaculo lateral,buen tiempo,pleno dia,travesia,8def3488486c17dfbc2861301b63237c3c3a05b4c23afed03d59829fba57e10c,accidentes_raw_dgt,2026-05-09 20:40:11
2019,Álava,5,Lunes,7,Travesía,Otro,Colisión por alcance,Buen tiempo,Pleno día,1,0,0,1,2019-05-01,otro,colision por alcance,buen tiempo,pleno dia,travesia,5109a4e14cbbfda6b4512fc17ff13814ff9427f7b602694236f2c5be4d9875af,accidentes_raw_dgt,2026-05-09 20:40:11
2019,Álava,5,Lunes,16,Travesía,Otro,Objeto desprendido,Buen tiempo,Pleno día,1,0,0,1,2019-05-01,otro,objeto desprendido,buen tiempo,pleno dia,travesia,84f01dd97c687fb28a296bcc2ef1801446ea7405860595924eb2b5bb634718d1,accidentes_raw_dgt,2026-05-09 20:40:11
2019,Álava,1,Sábado,20,Travesía,Otro,Colisión frontolateral,Buen tiempo,Pleno día,1,0,0,1,2019-01-01,otro,colision frontolateral,buen tiempo,pleno dia,travesia,5de664ef205f95d4a68b69b148eecb04f110ac95ef77f4e5158ae315a76ddd8a,accidentes_raw_dgt,2026-05-09 20:40:11
2019,Álava,1,Sábado,21,Travesía,Otro,Objeto desprendido,Granizo,Noche sin iluminación,1,0,0,1,2019-01-01,otro,objeto desprendido,granizo,noche sin iluminacion,travesia,2d86377d4cc3e6c85bab00dd407f8c5b657c239c6af3109de6cdf4d418aa2d89,accidentes_raw_dgt,2026-05-09 20:40:11
2019,Álava,5,Miércoles,18,Travesía,Otro,Colisión frontolateral,Buen tiempo,Pleno día,1,0,0,1,2019-05-01,otro,colision frontolateral,buen tiempo,pleno dia,travesia,18beb4813723e788a1d79bcbf80802538ec813aa19ded2e9c21cbf08bed6bee3,accidentes_raw_dgt,2026-05-09 20:40:11
2019,Álava,5,Miércoles,13,Travesía,Otro,Colisión frontolateral,Buen tiempo,Pleno día,1,0,0,1,2019-05-01,otro,colision frontolateral,buen tiempo,pleno dia,travesia,d359f8b537f1888bc71fe20b3d79eae6674be7aca9b645b0279c7015f6ff19fd,accidentes_raw_dgt,2026-05-09 20:40:11
2019,Álava,5,Miércoles,19,Travesía,Otro,Objeto desprendido,Buen tiempo,Pleno día,1,0,0,1,2019-05-01,otro,objeto desprendido,buen tiempo,pleno dia,travesia,68e476b5d5aeca7b0e3b5ca867106c32e40cad05a490f6b08a24063cceed7e7e,accidentes_raw_dgt,2026-05-09 20:40:11
2019,Álava,5,Jueves,10,Travesía,Otro,Colisión lateral,Buen tiempo,Pleno día,1,0,0,1,2019-05-01,otro,colision lateral,buen tiempo,pleno dia,travesia,6fc8f95bc6465849249d974d53eecc56c00ffda0fc3c7024bfa5b8e4d794b072,accidentes_raw_dgt,2026-05-09 20:40:11
2019,Álava,5,Jueves,23,Travesía,Otro,Colisión frontolateral,Nieve,Noche sin iluminación,1,0,0,1,2019-05-01,otro,colision frontolateral,nieve,noche sin iluminacion,travesia,fadb19bfbddde11ed6828a22e742cc97f5589ce48ac8ec8f94a6510ad5f16b8b,accidentes_raw_dgt,2026-05-09 20:40:11
2019,Álava,5,Viernes,19,Travesía,Otro,Atropello a peatón,Buen tiempo,Pleno día,1,0,0,1,2019-05-01,otro,atropello a peaton,buen tiempo,pleno dia,travesia,6e2d4d3a3d4c4bb21b095657230061140c63b1ff4d89d85e32fb9a312319b35f,accidentes_raw_dgt,2026-05-09 20:40:11
2019,Álava,5,Sábado,19,Travesía,Otro,Colisión frontolateral,Granizo,Pleno día,1,0,0,1,2019-05-01,otro,colision frontolateral,granizo,pleno dia,travesia,068814875fcdfb8faf539ef43cf5d109a22b7cfd28770e90b00be8c48bfc722f,accidentes_raw_dgt,2026-05-09 20:40:11
2019,Álava,5,Domingo,11,Travesía,Otro,Caída de motociclista,Granizo,Pleno día,1,0,0,1,2019-05-01,otro,caida de motociclista,granizo,pleno dia,travesia,f89f8d0e735a91c5269ab08d72fa27670d000e7561698d6e664e7b603f5c4e40,accidentes_raw_dgt,2026-05-09 20:40:11
2019,Álava,1,Domingo,20,Travesía,Otro,Colisión por alcance,Buen tiempo,Noche sin iluminación,2,0,0,2,2019-01-01,otro,colision por alcance,buen tiempo,noche sin iluminacion,travesia,1f09802c4beac758321ae8a9f94d752b0976c7d54baa6e511bba8a7374107bef,accidentes_raw_dgt,2026-05-09 20:40:11
2019,Álava,5,Lunes,17,Travesía,Otro,Colisión frontolateral,Buen tiempo,Pleno día,1,0,0,1,2019-05-01,otro,colision frontolateral,buen tiempo,pleno dia,travesia,cc6bb91d4a9aec9fe2e20ae49fd18166f522a7918a2ff2ecd1c2c35b5d4649e1,accidentes_raw_dgt,2026-05-09 20:40:11
2019,Álava,5,Lunes,19,Travesía,Otro,Choque obstáculo calzada,Buen tiempo,Pleno día,1,0,0,1,2019-05-01,otro,choque obstaculo calzada,buen tiempo,pleno dia,travesia,d40fbd13d527595c47eacbf0d7c87d256139d9d45261c25c2840d30a4756495b,accidentes_raw_dgt,2026-05-09 20:40:11
2019,Álava,5,Martes,11,Travesía,Otro,Colisión frontolateral,Buen tiempo,Pleno día,3,0,0,3,2019-05-01,otro,colision frontolateral,buen tiempo,pleno dia,travesia,833cd8c0e698745b16dac196a511327c3b30258a0d9b96710745d28eca932533,accidentes_raw_dgt,2026-05-09 20:40:11
2019,Álava,5,Miércoles,15,Travesía,Otro,Choque obstáculo lateral,Buen tiempo,Pleno día,2,0,0,2,2019-05-01,otro,choque obstaculo lateral,buen tiempo,pleno dia,travesia,91a73fd806ab2c005c13b4dc19130a884e909dea3f72d46e30266fe1a1f588d8,accidentes_raw_dgt,2026-05-09 20:40:11
2019,Álava,5,Miércoles,14,Travesía,Otro,Choque obstáculo lateral,Buen tiempo,Pleno día,1,0,0,1,2019-05-01,otro,choque obstaculo lateral,buen tiempo,pleno dia,travesia,9d6aa3d89c0171b9c2ccd57e6d41ccec3053d3c3f118386e7f10b89ebaa7b8e4,accidentes_raw_dgt,2026-05-09 20:40:11
2019,Álava,5,Miércoles,16,Travesía,Otro,Colisión lateral,Buen tiempo,Pleno día,1,0,0,1,2019-05-01,otro,colision lateral,buen tiempo,pleno dia,travesia,5fbc314fb0b511345465b5b907ec6961328e5e393ff831c8d74912184098bf41,accidentes_raw_dgt,2026-05-09 20:40:11
2019,Álava,5,Miércoles,16,Travesía,Otro,Colisión frontolateral,Buen tiempo,Pleno día,2,0,0,2,2019-05-01,otro,colision frontolateral,buen tiempo,pleno dia,travesia,dd8e8c8c9dae8978f122d7bcf3d0d49f6a0e86b9fc35528f55e78f7408927bb1,accidentes_raw_dgt,2026-05-09 20:40:11
2019,Álava,5,Jueves,12,Travesía,Otro,Choque obstáculo lateral,Buen tiempo,Pleno día,1,0,1,0,2019-05-01,otro,choque obstaculo lateral,buen tiempo,pleno dia,travesia,0d6f9709edaeba4bebf576d6b886b8c7083374f521f5256bf571add42fc7465c,accidentes_raw_dgt,2026-05-09 20:40:11
2019,Álava,5,Sábado,3,Travesía,Otro,Atropello a peatón,Buen tiempo,Noche sin iluminación,2,0,0,2,2019-05-01,otro,atropello a peaton,buen tiempo,noche sin iluminacion,travesia,6bcaea9882504292b2f6ea37a84b215463e71ab73b824ee90ecdc10c8dde71ed,accidentes_raw_dgt,2026-05-09 20:40:11
2019,Álava,5,Jueves,19,Travesía,Otro,Colisión frontolateral,Buen tiempo,Pleno día,1,0,0,1,2019-05-01,otro,colision frontolateral,buen tiempo,pleno dia,travesia,04edd1d7736883194af3ddb232c337e53d17bc93cfd2140c4f4c4e0d966798b1,accidentes_raw_dgt,2026-05-09 20:40:11
2019,Álava,5,Lunes,17,Travesía,Otro,Colisión frontolateral,Buen tiempo,Pleno día,1,0,0,1,2019-05-01,otro,colision frontolateral,buen tiempo,pleno dia,travesia,4eef24c6b8248c2271f6663f44ec0de3c2535ca396a22cf60051137d71721309,accidentes_raw_dgt,2026-05-09 20:40:11
2019,Álava,5,Lunes,7,Travesía,Otro,Colisión frontolateral,Buen tiempo,Pleno día,1,0,0,1,2019-05-01,otro,colision frontolateral,buen tiempo,pleno dia,travesia,fa4ddf29f41b575377ce14a7900d1e26b669163ca53b80ea3168c6801cf7e114,accidentes_raw_dgt,2026-05-09 20:40:11
2019,Álava,5,Lunes,13,Travesía,Otro,Colisión por alcance,Buen tiempo,Pleno día,1,0,0,1,2019-05-01,otro,colision por alcance,buen tiempo,pleno dia,travesia,621cb5d0bdea9584dc9f7ede1479e7cca67f8d9778d7e3c8c5cb8aa9eaef47ef,accidentes_raw_dgt,2026-05-09 20:40:11
2019,Álava,5,Martes,22,Travesía,Otro,Colisión lateral,Buen tiempo,Noche sin iluminación,1,0,0,1,2019-05-01,otro,colision lateral,buen tiempo,noche sin iluminacion,travesia,236b565af6b512826fd89dbbde2e88b94465f780985c134e58b62dea6ee258b2,accidentes_raw_dgt,2026-05-09 20:40:11
2019,Álava,5,Miércoles,10,Travesía,Otro,Objeto desprendido,Granizo,Pleno día,1,0,0,1,2019-05-01,otro,objeto desprendido,granizo,pleno dia,travesia,c57727d64e318e2ea42af2b4c3360999ced134403066d050c980e7c6b70d49e4,accidentes_raw_dgt,2026-05-09 20:40:11
2019,Álava,5,Jueves,8,Travesía,Otro,Colisión frontolateral,Buen tiempo,Pleno día,1,0,0,1,2019-05-01,otro,colision frontolateral,buen tiempo,pleno dia,travesia,97a6d21df7c51e8289ac1a8c026aaac143e15aa1957f54f42e30d8f8a85c3a55,accidentes_raw_dgt,2026-05-09 20:40:11
2019,Álava,5,Jueves,18,Travesía,Otro,Colisión frontolateral,Buen tiempo,Pleno día,1,0,0,1,2019-05-01,otro,colision frontolateral,buen tiempo,pleno dia,travesia,f8818b67ab25419ad5b1bd61440573498e0785aad6c634c987fe5a637570f464,accidentes_raw_dgt,2026-05-09 20:40:11
2019,Álava,1,Lunes,13,Travesía,Otro,Colisión múltiple,Buen tiempo,Pleno día,2,0,0,2,2019-01-01,otro,colision multiple,buen tiempo,pleno dia,travesia,c7ce483fd1cc5fd498e7e2a09851c65f89a33a6837f66d9fbb36e5e5f70b41a2,accidentes_raw_dgt,2026-05-09 20:40:11
2019,Álava,5,Miércoles,20,Travesía,Otro,Objeto desprendido,Buen tiempo,Pleno día,1,0,0,1,2019-05-01,otro,objeto desprendido,buen tiempo,pleno dia,travesia,085b2a38876eeddc33e3fbf612912d3d52a45c37cee95cf42cd3099d0a3fd8cb,accidentes_raw_dgt,2026-05-09 20:40:11
2019,Álava,5,Viernes,22,Travesía,Otro,Choque obstáculo calzada,Buen tiempo,Noche sin iluminación,1,0,0,1,2019-05-01,otro,choque obstaculo calzada,buen tiempo,noche sin iluminacion,travesia,f292c8c5c2fe9fd30ef1c632e6936edabe42f087e3cb50ceef0324b729383d82,accidentes_raw_dgt,2026-05-09 20:40:11