AÑO,PROVINCIA,MES,DIA_SEMANA,HORA,ZONA,TIPO_VIA,TIPO_ACCIDENTE,CONDICION_METEO,CONDICION_ILUMINACION,TOTAL_VICTIMAS,FALLECIDOS_24H,HERIDOS_GRAVES,HERIDOS_LEVES,FECHA_ACCIDENTE,TIPO_VIA_NORM,TIPO_ACCIDENTE_NORM,CONDICION_METEO_NORM,CONDICION_ILUMINACION_NORM,ZONA_NORM,ID_ACCIDENTE_HASH,source_id,load_timestamp
2019,Álava,5,Viernes,17,Travesía,Otro,Colisión frontal,Buen tiempo,Pleno día,2,0,0,2,2019-05-01,otro,colision frontal,buen tiempo,pleno dia,travesia,5e74cb2ad4e2c9e2d3f59a1e6c8a5d4999df48e5dd69871d2798e0a146b91ee9,accidentes_raw_dgt,2026-05-09 20:40:11
2019,Álava,6,Sábado,13,Travesía,Otro,Colisión frontolateral,Buen tiempo,Pleno día,1,0,1,0,2019-06-01,otro,colision frontolateral,buen tiempo,pleno dia,travesia,5b4afb8d2ed60a5777760a1cd17fb91b7c940c125cc7f74ae40b75df92036e5b,accidentes_raw_dgt,2026-05-09 20:40:11
2019,Álava,6,Sábado,16,Travesía,Otro,Colisión frontolateral,Buen tiempo,Pleno día,1,0,0,1,2019-06-01,otro,colision frontolateral,buen tiempo,pleno dia,travesia,8e28c5eb829e92abf7a5a921f42364cbb8b255d7c9861a68a3814a9de95d9d67,accidentes_raw_dgt,2026-05-09 20:40:11
2019,Álava,6,Lunes,14,Travesía,Otro,Colisión por alcance,Buen tiempo,Pleno día,2,0,0,2,2019-06-01,otro,colision por alcance,buen tiempo,pleno dia,travesia,fb84a9739699e1a2c6c56b5baa0a16047a4d845a5c6615ab9e18bafe688f45d6,accidentes_raw_dgt,2026-05-09 20:40:11
2019,Álava,1,Martes,14,Travesía,Otro,Colisión frontolateral,Buen tiempo,Pleno día,4,0,0,4,2019-01-01,otro,colision frontolateral,buen tiempo,pleno dia,travesia,f3457dabe1b412ed6374d56fe8fe3b969c761b77dcc80ecc0964b7c7641d219b,accidentes_raw_dgt,2026-05-09 20:40:11
2019,Álava,6,Martes,13,Travesía,Otro,Colisión frontolateral,Buen tiempo,Pleno día,1,0,0,1,2019-06-01,otro,colision frontolateral,buen tiempo,pleno dia,travesia,1086d35563c495c1cecbce12135cab3b945e01dd185ea2c1dc8ace5ad988977e,accidentes_raw_dgt,2026-05-09 20:40:11
2019,Álava,6,Martes,11,Travesía,Otro,Colisión frontolateral,Buen tiempo,Pleno día,1,0,1,0,2019-06-01,otro,colision frontolateral,buen tiempo,pleno dia,travesia,b2cc86ae48fd3b8775335b586b3549e53af3d749f07748a7343f893522ae63ea,accidentes_raw_dgt,2026-05-09 20:40:11
2019,Álava,6,Martes,9,Travesía,Otro,Colisión frontolateral,Buen tiempo,Pleno día,1,0,0,1,2019-06-01,otro,colision frontolateral,buen tiempo,pleno dia,travesia,59b524f8de039389005bce58385cae1d9241abd663e87647727abc8802e85c3b,accidentes_raw_dgt,2026-05-09 20:40:11
2019,Álava,6,Miércoles,6,Travesía,Otro,Choque obstáculo lateral,Granizo,Noche sin iluminación,1,0,0,1,2019-06-01,otro,choque obstaculo lateral,granizo,noche sin iluminacion,travesia,de0023e398111d43424845aaeee2e119249cc0567e7b585eaba5f44080b458c6,accidentes_raw_dgt,2026-05-09 20:40:11
2019,Álava,6,Miércoles,20,Travesía,Otro,Choque obstáculo calzada,Buen tiempo,Pleno día,1,0,0,1,2019-06-01,otro,choque obstaculo calzada,buen tiempo,pleno dia,travesia,4299da7466df09516d290f7a99c8b7a2fa94766eb94a61c24e1ce8f6ca80af44,accidentes_raw_dgt,2026-05-09 20:40:11
2019,Álava,6,Jueves,12,Travesía,Otro,Colisión lateral,Buen tiempo,Pleno día,1,0,0,1,2019-06-01,otro,colision lateral,buen tiempo,pleno dia,travesia,421c0a7b6d0ee1c34e3d78f1685b6d95113fb2f1091919efaab45f1156a4e428,accidentes_raw_dgt,2026-05-09 20:40:11
2019,Álava,6,Jueves,13,Travesía,Otro,Colisión frontolateral,Buen tiempo,Pleno día,1,0,0,1,2019-06-01,otro,colision frontolateral,buen tiempo,pleno dia,travesia,62bfa285013f08807d394266cdf8261dd060a704959ae9c20e4ad262b65da12a,accidentes_raw_dgt,2026-05-09 20:40:11
2019,Álava,6,Jueves,14,Travesía,Otro,Atropello a peatón,Buen tiempo,Pleno día,1,0,0,1,2019-06-01,otro,atropello a peaton,buen tiempo,pleno dia,travesia,085bcb597bbd610a7f0f955301d0fe3734b92a7144e87f68e8b5beec1a09b55b,accidentes_raw_dgt,2026-05-09 20:40:11
2019,Álava,6,Viernes,10,Travesía,Otro,Choque obstáculo lateral,Buen tiempo,Pleno día,1,0,0,1,2019-06-01,otro,choque obstaculo lateral,buen tiempo,pleno dia,travesia,c403741c4121989ac12c0829be88b8bec6f27b270f3cf8a7be3fe72cba473897,accidentes_raw_dgt,2026-05-09 20:40:11
2019,Álava,6,Martes,11,Travesía,Otro,Colisión frontolateral,Buen tiempo,Pleno día,1,0,0,1,2019-06-01,otro,colision frontolateral,buen tiempo,pleno dia,travesia,219de1387a6743e583e805aad3bf0ffc69dc2107e6d233d43ee8ab62434729e9,accidentes_raw_dgt,2026-05-09 20:40:11
2019,Álava,6,Viernes,22,Travesía,Otro,Colisión frontolateral,Buen tiempo,Noche sin iluminación,1,0,0,1,2019-06-01,otro,colision frontolateral,buen tiempo,noche sin iluminacion,travesia,82a93b152b275d4c8de67c3d05c9b00e92477eeb024f117c7632cdb26fd874aa,accidentes_raw_dgt,2026-05-09 20:40:11
2019,Álava,6,Sábado,18,Travesía,Otro,Choque obstáculo lateral,Buen tiempo,Pleno día,1,0,0,1,2019-06-01,otro,choque obstaculo lateral,buen tiempo,pleno dia,travesia,a917ca757ac59f9d568616140c2f72362fc2722ab277e7b5019008f280f17beb,accidentes_raw_dgt,2026-05-09 20:40:11
2019,Álava,6,Domingo,14,Travesía,Otro,Choque obstáculo lateral,Buen tiempo,Pleno día,1,0,0,1,2019-06-01,otro,choque obstaculo lateral,buen tiempo,pleno dia,travesia,fbe697429f16141bc71e3b91f3823641c8dd258dd58bf076241514754954cb8c,accidentes_raw_dgt,2026-05-09 20:40:11
2019,Álava,6,Domingo,14,Travesía,Otro,Caída de ocupante,Buen tiempo,Pleno día,1,0,0,1,2019-06-01,otro,caida de ocupante,buen tiempo,pleno dia,travesia,e6fcc0253ed7a328a10eb6e2e1ad6abcad60c374c64dbac4b76da610085b43d8,accidentes_raw_dgt,2026-05-09 20:40:11
2019,Álava,6,Domingo,8,Travesía,Otro,Colisión lateral,Buen tiempo,Pleno día,1,0,0,1,2019-06-01,otro,colision lateral,buen tiempo,pleno dia,travesia,60f070e3393291d6f836bf0acdca6138eadc4dd1d168ccaf03ab17cf0464f81b,accidentes_raw_dgt,2026-05-09 20:40:11
2019,Álava,6,Lunes,13,Travesía,Otro,Choque obstáculo lateral,Buen tiempo,Pleno día,1,0,0,1,2019-06-01,otro,choque obstaculo lateral,buen tiempo,pleno dia,travesia,793733573a1dfd14a2e889a11b2ad7b6981de29df813863b528dc1ae99416eeb,accidentes_raw_dgt,2026-05-09 20:40:11
2019,Álava,1,Miércoles,5,Travesía,Otro,Choque obstáculo lateral,Buen tiempo,Noche sin iluminación,1,0,0,1,2019-01-01,otro,choque obstaculo lateral,buen tiempo,noche sin iluminacion,travesia,d4e33e2934280979f580a63f992daa7d0de2cd64a145d5c403a75c3dc5c0004e,accidentes_raw_dgt,2026-05-09 20:40:11
2019,Álava,6,Martes,11,Travesía,Otro,Colisión por alcance,Buen tiempo,Pleno día,1,0,0,1,2019-06-01,otro,colision por alcance,buen tiempo,pleno dia,travesia,e2fa8f5b4364b8ef4dd1f26ab47105d908d06ec84d835e3d1aac404a63f1464a,accidentes_raw_dgt,2026-05-09 20:40:11
2019,Álava,6,Martes,20,Travesía,Otro,Choque obstáculo calzada,Buen tiempo,Pleno día,1,0,1,0,2019-06-01,otro,choque obstaculo calzada,buen tiempo,pleno dia,travesia,a3aaf5a0e9ad2901ab35ce73910be7fbbe1731a3ed1ff947a6ac395c5024a8b3,accidentes_raw_dgt,2026-05-09 20:40:11
2019,Álava,6,Miércoles,13,Travesía,Otro,Colisión frontolateral,Buen tiempo,Pleno día,1,0,0,1,2019-06-01,otro,colision frontolateral,buen tiempo,pleno dia,travesia,be6b5b7140b02bff9ad8fa5aaaeca5973791521c5029c9f6b42390f8b87ce2bd,accidentes_raw_dgt,2026-05-09 20:40:11
2019,Álava,6,Miércoles,15,Travesía,Otro,Colisión frontolateral,Buen tiempo,Pleno día,1,0,0,1,2019-06-01,otro,colision frontolateral,buen tiempo,pleno dia,travesia,fcf1e4bf9cc9c1083647b91463e86f49c6961406c37055c7eb8ad13937a519db,accidentes_raw_dgt,2026-05-09 20:40:11
2019,Álava,6,Miércoles,19,Travesía,Otro,Atropello a peatón,Buen tiempo,Pleno día,1,0,0,1,2019-06-01,otro,atropello a peaton,buen tiempo,pleno dia,travesia,bf7db3a1fea244ba0c173404b5abb382def24d3bc547ca4f410bae2a311cdf85,accidentes_raw_dgt,2026-05-09 20:40:11
2019,Álava,6,Miércoles,21,Travesía,Otro,Colisión frontolateral,Buen tiempo,Pleno día,1,0,0,1,2019-06-01,otro,colision frontolateral,buen tiempo,pleno dia,travesia,182dc6b90f1c9cd913c39a6b5506f582caba9ddeadafe32f5bdbac25efd705ac,accidentes_raw_dgt,2026-05-09 20:40:11
2019,Álava,6,Viernes,13,Travesía,Otro,Choque obstáculo lateral,Buen tiempo,Pleno día,1,0,0,1,2019-06-01,otro,choque obstaculo lateral,buen tiempo,pleno dia,travesia,284b7e6d788f363f910f7beb1910473e23ce9d6c871f1ce0f31f22a982d48ad4,accidentes_raw_dgt,2026-05-09 20:40:11
2019,Álava,6,Domingo,19,Travesía,Otro,Colisión frontal,Buen tiempo,Pleno día,1,0,0,1,2019-06-01,otro,colision frontal,buen tiempo,pleno dia,travesia,36c1cc2f9d7022bf6beacb6248a89e7e677b3bf9a91e6457a5ffdbade55b76da,accidentes_raw_dgt,2026-05-09 20:40:11
2019,Álava,6,Lunes,10,Travesía,Otro,Colisión frontolateral,Buen tiempo,Pleno día,1,0,0,1,2019-06-01,otro,colision frontolateral,buen tiempo,pleno dia,travesia,aee4848a8580f31102073d34012cb3700fee3e61f9fcfd725fcfe5fa4a220ec3,accidentes_raw_dgt,2026-05-09 20:40:11
2019,Álava,6,Lunes,16,Travesía,Otro,Colisión frontolateral,Buen tiempo,Pleno día,1,0,0,1,2019-06-01,otro,colision frontolateral,buen tiempo,pleno dia,travesia,97468f679ad305fa4dbbf17fd4bf18c41fb655f2d86162b1d91ad4f1e09814c1,accidentes_raw_dgt,2026-05-09 20:40:11
2019,Álava,6,Lunes,16,Travesía,Otro,Colisión frontal,Buen tiempo,Pleno día,2,0,0,2,2019-06-01,otro,colision frontal,buen tiempo,pleno dia,travesia,3b86df3ff95ad2fd72102e34f3a721f2bdc876e12e3bd1434af8ab4cabbd5547,accidentes_raw_dgt,2026-05-09 20:40:11
2019,Álava,6,Lunes,19,Travesía,Otro,Atropello a peatón,Buen tiempo,Pleno día,1,0,0,1,2019-06-01,otro,atropello a peaton,buen tiempo,pleno dia,travesia,90b5bc7f03c840b2efddb22ffdfc37dd12cb391b49aa0fc8751726c04d32ff30,accidentes_raw_dgt,2026-05-09 20:40:11
2019,Álava,6,Lunes,18,Travesía,Otro,Objeto desprendido,Buen tiempo,Pleno día,1,0,0,1,2019-06-01,otro,objeto desprendido,buen tiempo,pleno dia,travesia,f57b8252cea0e3cad78056cbf96b9fc041279769afd2228f8c9a8a904550aeb0,accidentes_raw_dgt,2026-05-09 20:40:11
2019,Álava,6,Lunes,13,Travesía,Otro,Objeto desprendido,Buen tiempo,Pleno día,1,0,0,1,2019-06-01,otro,objeto desprendido,buen tiempo,pleno dia,travesia,67eab6db6703cdf9acf656bbb09640fcde2ff197786adbd9ae9c14936fc8d159,accidentes_raw_dgt,2026-05-09 20:40:11
2019,Álava,6,Martes,7,Travesía,Otro,Choque obstáculo lateral,Buen tiempo,Pleno día,1,0,1,0,2019-06-01,otro,choque obstaculo lateral,buen tiempo,pleno dia,travesia,1de4d95a81eb1780d5c21a880a8be6595306670af426e40872b2a03c5cfb9996,accidentes_raw_dgt,2026-05-09 20:40:11
2019,Álava,6,Martes,13,Travesía,Otro,Choque obstáculo lateral,Buen tiempo,Pleno día,1,0,1,0,2019-06-01,otro,choque obstaculo lateral,buen tiempo,pleno dia,travesia,1f594da9b409f7f4b9dc5015a81761b2fc2dd60eec773f74539bdfd30c552c89,accidentes_raw_dgt,2026-05-09 20:40:11
2019,Álava,6,Miércoles,20,Travesía,Otro,Objeto desprendido,Buen tiempo,Pleno día,1,0,0,1,2019-06-01,otro,objeto desprendido,buen tiempo,pleno dia,travesia,01ce4b291ad3ecd240be71870340051b755e74e91e05d5c5baa0d7830c1b75d4,accidentes_raw_dgt,2026-05-09 20:40:11
2019,Álava,6,Miércoles,8,Travesía,Otro,Colisión por alcance,Buen tiempo,Pleno día,1,0,0,1,2019-06-01,otro,colision por alcance,buen tiempo,pleno dia,travesia,97623535a9ed79620c0c749a7c0a785de0f8a895807195daf2b0e58893db160e,accidentes_raw_dgt,2026-05-09 20:40:11
2019,Álava,6,Miércoles,9,Travesía,Otro,Choque obstáculo lateral,Buen tiempo,Pleno día,1,0,0,1,2019-06-01,otro,choque obstaculo lateral,buen tiempo,pleno dia,travesia,55f0124bb79f5c53d868ca45bbb0f4d04da15eea4fb29c6b95087fe8801bf0a3,accidentes_raw_dgt,2026-05-09 20:40:11
2019,Álava,6,Miércoles,21,Travesía,Otro,Atropello a peatón,Buen tiempo,Pleno día,1,0,0,1,2019-06-01,otro,atropello a peaton,buen tiempo,pleno dia,travesia,7595dae9cde82218336a5457ed9d55ec898c51623f73a69eefaa57a2cc9194fc,accidentes_raw_dgt,2026-05-09 20:40:11
2019,Álava,6,Jueves,9,Travesía,Otro,Choque obstáculo lateral,Buen tiempo,Pleno día,1,0,0,1,2019-06-01,otro,choque obstaculo lateral,buen tiempo,pleno dia,travesia,fa7aec4efb728534ef32c172197c9560097c6d0e4893fe6b20242a566ef033d1,accidentes_raw_dgt,2026-05-09 20:40:11
2019,Álava,6,Jueves,7,Travesía,Otro,Colisión frontolateral,Buen tiempo,Pleno día,1,0,0,1,2019-06-01,otro,colision frontolateral,buen tiempo,pleno dia,travesia,3de8392541ace28284aca7f2724273739fcf4cf73de276a8ddd3547c0011323c,accidentes_raw_dgt,2026-05-09 20:40:11
2019,Álava,6,Sábado,10,Travesía,Otro,Choque obstáculo calzada,Buen tiempo,Pleno día,1,0,0,1,2019-06-01,otro,choque obstaculo calzada,buen tiempo,pleno dia,travesia,683d098205b11550f2d71016c82c4377a96c9f808e132f83f15ba9bd058c7b20,accidentes_raw_dgt,2026-05-09 20:40:11
2019,Álava,6,Sábado,14,Travesía,Otro,Colisión por alcance,Buen tiempo,Pleno día,1,0,0,1,2019-06-01,otro,colision por alcance,buen tiempo,pleno dia,travesia,85ea151b8c5b5ab0d3349100e441bd4b8dc20740d429c16c3b85b77066386e75,accidentes_raw_dgt,2026-05-09 20:40:11
2019,Álava,6,Jueves,21,Travesía,Otro,Objeto desprendido,Buen tiempo,Amanecer/Anochecer,1,0,0,1,2019-06-01,otro,objeto desprendido,buen tiempo,amanecer/anochecer,travesia,ee377871c73631fd6543ddb5164d0b48ea072daa207a91ac696051e0838135dd,accidentes_raw_dgt,2026-05-09 20:40:11
2019,Álava,6,Domingo,18,Travesía,Otro,Choque obstáculo mediana,Buen tiempo,Pleno día,1,0,0,1,2019-06-01,otro,choque obstaculo mediana,buen tiempo,pleno dia,travesia,86a3f9b13a5b652f93cb17e3f4d212d84cf25c52a595f13fff9f3c5810afff1f,accidentes_raw_dgt,2026-05-09 20:40:11
2019,Álava,1,Miércoles,21,Travesía,Otro,Colisión por alcance,Buen tiempo,Noche sin iluminación,2,0,0,2,2019-01-01,otro,colision por alcance,buen tiempo,noche sin iluminacion,travesia,524148f24802f8c68974c2e1ecc8b8f47d0d60b7a0d1948951c050a25b5a8e59,accidentes_raw_dgt,2026-05-09 20:40:11
2019,Álava,6,Domingo,20,Travesía,Otro,Colisión por alcance,Buen tiempo,Pleno día,1,0,0,1,2019-06-01,otro,colision por alcance,buen tiempo,pleno dia,travesia,90b0ce469fbd8e30a2862bb24d562dc641c534a9b43c7c33c25cfaefe25e5e47,accidentes_raw_dgt,2026-05-09 20:40:11
2019,Álava,3,Miércoles,20,Travesía,Otro,Choque obstáculo lateral,Buen tiempo,Noche sin iluminación,1,0,0,1,2019-03-01,otro,choque obstaculo lateral,buen tiempo,noche sin iluminacion,travesia,fc47b34e36f4032acd1ca2192a7b9b097011ccbfe3d8e27b04bb6999e000578d,accidentes_raw_dgt,2026-05-09 20:40:11
2019,Álava,6,Lunes,9,Travesía,Otro,Objeto desprendido,Buen tiempo,Pleno día,3,0,0,3,2019-06-01,otro,objeto desprendido,buen tiempo,pleno dia,travesia,fc71f2d6d38dbfc752ecaf2262916dc8ad99a34243d47b34691f9f8a3afaeffd,accidentes_raw_dgt,2026-05-09 20:40:11
2019,Álava,6,Lunes,9,Travesía,Otro,Objeto desprendido,Buen tiempo,Pleno día,1,0,0,1,2019-06-01,otro,objeto desprendido,buen tiempo,pleno dia,travesia,1b3c33580f2e2094cbde0bfd58f8008ee6e29c06643ca310222045c82fe0ab0e,accidentes_raw_dgt,2026-05-09 20:40:11
2019,Álava,6,Lunes,17,Travesía,Otro,Objeto desprendido,Buen tiempo,Pleno día,1,0,0,1,2019-06-01,otro,objeto desprendido,buen tiempo,pleno dia,travesia,ad723f42c7aba316d944f19f340ce47d8e0c6fb354d212736ec4782314a6824a,accidentes_raw_dgt,2026-05-09 20:40:11
2019,Álava,6,Lunes,13,Travesía,Otro,Colisión por alcance,Buen tiempo,Pleno día,1,0,0,1,2019-06-01,otro,colision por alcance,buen tiempo,pleno dia,travesia,87acb1e183a2b0f74c3b2008b8ef6975a95269bc490a8886f317fa4bd714b085,accidentes_raw_dgt,2026-05-09 20:40:11
2019,Álava,1,Jueves,15,Travesía,Otro,Colisión frontolateral,Buen tiempo,Pleno día,1,0,0,1,2019-01-01,otro,colision frontolateral,buen tiempo,pleno dia,travesia,9a35532c7499c19daeacafc961657409c7280ce59d7ae1a3606dd638ac3d99ec,accidentes_raw_dgt,2026-05-09 20:40:11
2019,Álava,6,Martes,7,Travesía,Otro,Colisión múltiple,Buen tiempo,Pleno día,1,0,0,1,2019-06-01,otro,colision multiple,buen tiempo,pleno dia,travesia,67c312330b0371a0a37c565cf44ef264835147fea61261bf57380f338efcd8c9,accidentes_raw_dgt,2026-05-09 20:40:11
2019,Álava,1,Jueves,19,Travesía,Otro,Colisión por alcance,Buen tiempo,Noche sin iluminación,1,0,0,1,2019-01-01,otro,colision por alcance,buen tiempo,noche sin iluminacion,travesia,1ad269a743bd01b5bb74f135c332a4acc98ef1a570d966fcd6a801de6d9ae3bc,accidentes_raw_dgt,2026-05-09 20:40:11
2019,Álava,6,Miércoles,11,Travesía,Otro,Choque obstáculo lateral,Buen tiempo,Pleno día,2,0,0,2,2019-06-01,otro,choque obstaculo lateral,buen tiempo,pleno dia,travesia,21900f41ecb7b8e6cfd9250f096aad2fe7f6d8fbec9436b2d28e48c304ff8255,accidentes_raw_dgt,2026-05-09 20:40:11
2019,Álava,6,Miércoles,14,Travesía,Otro,Objeto desprendido,Buen tiempo,Pleno día,1,0,0,1,2019-06-01,otro,objeto desprendido,buen tiempo,pleno dia,travesia,7b81eb727ed48055fa55c5e03aaa43f27b01bd9b1c8eb38f37a1ca541a79c1f7,accidentes_raw_dgt,2026-05-09 20:40:11
2019,Álava,6,Miércoles,22,Travesía,Otro,Colisión lateral,Buen tiempo,Noche sin iluminación,1,0,0,1,2019-06-01,otro,colision lateral,buen tiempo,noche sin iluminacion,travesia,3bcc1340d90b3d55accb9a57998b69708fea2a63c39f7369047469f952ccad4f,accidentes_raw_dgt,2026-05-09 20:40:11
2019,Álava,6,Miércoles,16,Travesía,Otro,Objeto desprendido,Buen tiempo,Pleno día,1,0,0,1,2019-06-01,otro,objeto desprendido,buen tiempo,pleno dia,travesia,b6b1b469ea43c90a602e7ae3bdea001b11f66c17337dec23df0b0249542357ee,accidentes_raw_dgt,2026-05-09 20:40:11
2019,Álava,1,Viernes,8,Travesía,Otro,Choque obstáculo lateral,Buen tiempo,Amanecer/Anochecer,1,0,1,0,2019-01-01,otro,choque obstaculo lateral,buen tiempo,amanecer/anochecer,travesia,709df012e236dc3f5c53b8ce75c5adf74c39054aef58e3eca5d852fa5f2244de,accidentes_raw_dgt,2026-05-09 20:40:11
2019,Álava,6,Jueves,10,Travesía,Otro,Colisión por alcance,Buen tiempo,Pleno día,3,0,0,3,2019-06-01,otro,colision por alcance,buen tiempo,pleno dia,travesia,2618182c3894875e16eeafa6c24e1fe926150ebc6403980c2cb1bbff192d296d,accidentes_raw_dgt,2026-05-09 20:40:11
2019,Álava,6,Viernes,0,Travesía,Otro,Choque obstáculo lateral,Buen tiempo,Noche sin iluminación,1,0,0,1,2019-06-01,otro,choque obstaculo lateral,buen tiempo,noche sin iluminacion,travesia,02c000a36dcd047f5738f5abfda07dc3b6d56fc44ea752c8f45b965f6fc04c1e,accidentes_raw_dgt,2026-05-09 20:40:11
2019,Álava,6,Jueves,22,Travesía,Otro,Colisión por alcance,Buen tiempo,Noche sin iluminación,1,0,0,1,2019-06-01,otro,colision por alcance,buen tiempo,noche sin iluminacion,travesia,bda584056eb9957d6c681e00079eff36fec289e2a0432a4221b95438dfef5ca4,accidentes_raw_dgt,2026-05-09 20:40:11
2019,Álava,6,Jueves,7,Travesía,Otro,Objeto desprendido,Buen tiempo,Pleno día,1,0,0,1,2019-06-01,otro,objeto desprendido,buen tiempo,pleno dia,travesia,f4dd301311d96b70a2ee62a6bccfe21bb0d94a89ca2805333cf352c1a2381c13,accidentes_raw_dgt,2026-05-09 20:40:11
2019,Álava,6,Viernes,8,Travesía,Otro,Choque obstáculo lateral,Buen tiempo,Pleno día,2,0,0,2,2019-06-01,otro,choque obstaculo lateral,buen tiempo,pleno dia,travesia,2cfd4b162e427e8e59a2fedf7d5d138eb696d08b98ad9765da0af1690c77b280,accidentes_raw_dgt,2026-05-09 20:40:11
2019,Álava,6,Viernes,14,Travesía,Otro,Objeto desprendido,Buen tiempo,Pleno día,1,0,0,1,2019-06-01,otro,objeto desprendido,buen tiempo,pleno dia,travesia,3f1bb7c0da3c01e685edd592f3a3ca0b149a399d25b97c0da47118c24a39f59a,accidentes_raw_dgt,2026-05-09 20:40:11
2019,Álava,6,Viernes,8,Travesía,Otro,Choque obstáculo lateral,Buen tiempo,Pleno día,1,0,0,1,2019-06-01,otro,choque obstaculo lateral,buen tiempo,pleno dia,travesia,455ae2dfc77dd77562c06dc893a49d84795a93e4f86ea2e92006940c870ec044,accidentes_raw_dgt,2026-05-09 20:40:11
2019,Álava,6,Viernes,12,Travesía,Otro,Choque obstáculo lateral,Buen tiempo,Pleno día,1,0,0,1,2019-06-01,otro,choque obstaculo lateral,buen tiempo,pleno dia,travesia,68fcd1eb684859a314bbf7f7c99037cead480f5bb209ccd4725bd319423e832f,accidentes_raw_dgt,2026-05-09 20:40:11
2019,Álava,6,Viernes,11,Travesía,Otro,Choque obstáculo calzada,Buen tiempo,Pleno día,1,0,0,1,2019-06-01,otro,choque obstaculo calzada,buen tiempo,pleno dia,travesia,62e66f3e9936906923febd26f9d2536edf38936998c4e5d678b925d848aaa89d,accidentes_raw_dgt,2026-05-09 20:40:11
2019,Álava,1,Viernes,15,Travesía,Otro,Colisión frontolateral,Buen tiempo,Pleno día,1,0,0,1,2019-01-01,otro,colision frontolateral,buen tiempo,pleno dia,travesia,87e50b28705900bb064d1e9df1bd6cf55a7efa01cc16c6cf0703f491a1f13d44,accidentes_raw_dgt,2026-05-09 20:40:11
2019,Álava,7,Martes,9,Travesía,Otro,Colisión frontolateral,Buen tiempo,Pleno día,1,0,0,1,2019-07-01,otro,colision frontolateral,buen tiempo,pleno dia,travesia,3c2308b1bc64683e5aed4111841da5bc3b3295b01a852f1dc4e68510f79dd37f,accidentes_raw_dgt,2026-05-09 20:40:11
2019,Álava,7,Martes,18,Travesía,Otro,Colisión frontolateral,Buen tiempo,Pleno día,1,0,0,1,2019-07-01,otro,colision frontolateral,buen tiempo,pleno dia,travesia,ed0b853bd9c28435b6aa98fb0780ca80d7d6f72350f76d57aee9509219cc8d61,accidentes_raw_dgt,2026-05-09 20:40:11
2019,Álava,7,Martes,19,Travesía,Otro,Colisión lateral,Buen tiempo,Pleno día,1,0,0,1,2019-07-01,otro,colision lateral,buen tiempo,pleno dia,travesia,86bc00bf176c8b99e9cbdd89afdd2492de002c1dcce63606f711e0c04203c4da,accidentes_raw_dgt,2026-05-09 20:40:11
2019,Álava,7,Martes,18,Travesía,Otro,Colisión frontolateral,Buen tiempo,Pleno día,1,0,0,1,2019-07-01,otro,colision frontolateral,buen tiempo,pleno dia,travesia,c86a2932e1c79343a3c16fb218b9944791aaeedd3e30c87d1c7f505c0e588f7c,accidentes_raw_dgt,2026-05-09 20:40:11
2019,Álava,7,Martes,15,Travesía,Otro,Colisión frontolateral,Buen tiempo,Pleno día,2,0,0,2,2019-07-01,otro,colision frontolateral,buen tiempo,pleno dia,travesia,5480ab857f30bc9abdc0d88179b66cb30b6a294029f8bed71e3b606a19941359,accidentes_raw_dgt,2026-05-09 20:40:11
2019,Álava,7,Miércoles,11,Travesía,Otro,Choque obstáculo lateral,Buen tiempo,Pleno día,3,0,1,2,2019-07-01,otro,choque obstaculo lateral,buen tiempo,pleno dia,travesia,2099a9b5f777e242d1f9e19d27e232cc71e2fa7964fc988a319fce5671ca7f73,accidentes_raw_dgt,2026-05-09 20:40:11
2019,Álava,7,Miércoles,14,Travesía,Otro,Colisión por alcance,Granizo,Pleno día,1,0,0,1,2019-07-01,otro,colision por alcance,granizo,pleno dia,travesia,e9ad42e2c3f4805614f568186b0282219cf7350b7707f2036405835916e3a65a,accidentes_raw_dgt,2026-05-09 20:40:11
2019,Álava,7,Miércoles,19,Travesía,Otro,Colisión frontolateral,Granizo,Pleno día,1,0,0,1,2019-07-01,otro,colision frontolateral,granizo,pleno dia,travesia,83eaf4dc5e19bcbeb23801e2c3e08c4a89cc82d0a42a903767f9c938d1deac4f,accidentes_raw_dgt,2026-05-09 20:40:11
2019,Álava,7,Jueves,11,Travesía,Otro,Choque obstáculo lateral,Buen tiempo,Pleno día,1,0,1,0,2019-07-01,otro,choque obstaculo lateral,buen tiempo,pleno dia,travesia,5f128c8385e577cd1539a0e5a758e4004f4b97e5986b00fb17d393a5ee5ed85d,accidentes_raw_dgt,2026-05-09 20:40:11
2019,Álava,7,Jueves,13,Travesía,Otro,Colisión frontolateral,Buen tiempo,Pleno día,2,0,0,2,2019-07-01,otro,colision frontolateral,buen tiempo,pleno dia,travesia,92a6a32f99def322d70ea1167a99c6859ab4e8bbc593b997ec5994d244a82475,accidentes_raw_dgt,2026-05-09 20:40:11
2019,Álava,7,Jueves,18,Travesía,Otro,Colisión por alcance,Buen tiempo,Pleno día,2,0,0,2,2019-07-01,otro,colision por alcance,buen tiempo,pleno dia,travesia,9f6cb78c09b22a1a10564f6be4a1784327a42ff11a10a31d355435db59f44710,accidentes_raw_dgt,2026-05-09 20:40:11
2019,Álava,7,Viernes,17,Travesía,Otro,Colisión frontolateral,Buen tiempo,Pleno día,1,0,0,1,2019-07-01,otro,colision frontolateral,buen tiempo,pleno dia,travesia,d62a7b3da232bd0ac1f7520a3b5bb57b171aec57f960f55b47b1987d4e398f68,accidentes_raw_dgt,2026-05-09 20:40:11
2019,Álava,7,Sábado,13,Travesía,Otro,Objeto desprendido,Buen tiempo,Pleno día,1,0,0,1,2019-07-01,otro,objeto desprendido,buen tiempo,pleno dia,travesia,24be8ee76308afb924abfaf26212411f2b66e53b9ce2534e5c9f88354c88cc39,accidentes_raw_dgt,2026-05-09 20:40:11