AÑO,PROVINCIA,MES,DIA_SEMANA,HORA,ZONA,TIPO_VIA,TIPO_ACCIDENTE,CONDICION_METEO,CONDICION_ILUMINACION,TOTAL_VICTIMAS,FALLECIDOS_24H,HERIDOS_GRAVES,HERIDOS_LEVES,FECHA_ACCIDENTE,TIPO_VIA_NORM,TIPO_ACCIDENTE_NORM,CONDICION_METEO_NORM,CONDICION_ILUMINACION_NORM,ZONA_NORM,ID_ACCIDENTE_HASH,source_id,load_timestamp
2019,Álava,7,Miércoles,18,Travesía,Otro,Choque obstáculo calzada,Buen tiempo,Pleno día,1,0,0,1,2019-07-01,otro,choque obstaculo calzada,buen tiempo,pleno dia,travesia,c22e1a4acbd2d996ff19a852585f9434883c30124f6b118eb9152fe4e5ee7994,accidentes_raw_dgt,2026-05-09 20:40:11
2019,Álava,7,Martes,10,Travesía,Otro,Objeto desprendido,Buen tiempo,Pleno día,1,0,0,1,2019-07-01,otro,objeto desprendido,buen tiempo,pleno dia,travesia,5c17cac5569c1ab72a3f009c7608dfc49299ad8f447e4724030ea416383b04fd,accidentes_raw_dgt,2026-05-09 20:40:11
2019,Álava,1,Viernes,23,Travesía,Otro,Colisión frontolateral,Granizo,Noche sin iluminación,1,0,0,1,2019-01-01,otro,colision frontolateral,granizo,noche sin iluminacion,travesia,fc9e91cc78e1817d80b4ba8c2dc9a638d0c57959825ee34f5e3d7688ad80dfb9,accidentes_raw_dgt,2026-05-09 20:40:11
2019,Álava,7,Martes,19,Travesía,Otro,Objeto desprendido,Buen tiempo,Pleno día,1,0,0,1,2019-07-01,otro,objeto desprendido,buen tiempo,pleno dia,travesia,316c0f93c7fe125865d85d6e7e7a31b79e9a46c414c45078b732080fa22ef2a3,accidentes_raw_dgt,2026-05-09 20:40:11
2019,Álava,7,Miércoles,9,Travesía,Otro,Choque obstáculo lateral,Buen tiempo,Pleno día,1,0,0,1,2019-07-01,otro,choque obstaculo lateral,buen tiempo,pleno dia,travesia,81f27f8a7d8766c72c0307a31327c1fad9007c6c3d33724ad2a5c0a8fe0df33d,accidentes_raw_dgt,2026-05-09 20:40:11
2019,Álava,7,Miércoles,17,Travesía,Otro,Colisión lateral,Buen tiempo,Pleno día,1,0,0,1,2019-07-01,otro,colision lateral,buen tiempo,pleno dia,travesia,4b8ba4b13094beaef100d3eb7d4c8e23600c30be4420c47e0d6b4e88dbd70abb,accidentes_raw_dgt,2026-05-09 20:40:11
2019,Álava,7,Miércoles,17,Travesía,Otro,Objeto desprendido,Buen tiempo,Pleno día,1,0,0,1,2019-07-01,otro,objeto desprendido,buen tiempo,pleno dia,travesia,09eac95eb995b821f45353054da3c7eec5f5171fb061de72f1890679956b12a8,accidentes_raw_dgt,2026-05-09 20:40:11
2019,Álava,1,Miércoles,9,Travesía,Otro,Atropello a peatón,Buen tiempo,Pleno día,1,0,0,1,2019-01-01,otro,atropello a peaton,buen tiempo,pleno dia,travesia,9ae8f17cfc8ba7fd8fb34b2a194ef965a3b36a40839a46eeab1350e916692ac9,accidentes_raw_dgt,2026-05-09 20:40:11
2019,Álava,7,Jueves,8,Travesía,Otro,Colisión por alcance,Buen tiempo,Pleno día,1,0,0,1,2019-07-01,otro,colision por alcance,buen tiempo,pleno dia,travesia,c7e616822f366fb1b5e0756af498cc11d2c0862edcb32ca65882f622ff39de1b,accidentes_raw_dgt,2026-05-09 20:40:11
2019,Álava,7,Jueves,15,Travesía,Otro,Colisión lateral,Buen tiempo,Pleno día,2,0,0,2,2019-07-01,otro,colision lateral,buen tiempo,pleno dia,travesia,8b5551ea922dd24625c45051c64adb50fdff91fecdf5327a02c7b0be3933965e,accidentes_raw_dgt,2026-05-09 20:40:11
2019,Álava,7,Viernes,18,Travesía,Otro,Colisión frontolateral,Buen tiempo,Pleno día,1,0,0,1,2019-07-01,otro,colision frontolateral,buen tiempo,pleno dia,travesia,6f81082badfd007354ac6ebb78adaa04bfedf9a1fb9a01909788bad472008ea3,accidentes_raw_dgt,2026-05-09 20:40:11
2019,Álava,7,Viernes,19,Travesía,Otro,Colisión lateral,Buen tiempo,Pleno día,1,0,0,1,2019-07-01,otro,colision lateral,buen tiempo,pleno dia,travesia,bf31e6128301d31bb4014faf6b1e0f05f3ab8877cb55ce3d1ab3230d2ea8a220,accidentes_raw_dgt,2026-05-09 20:40:11
2019,Álava,7,Sábado,19,Travesía,Otro,Colisión por alcance,Buen tiempo,Pleno día,1,0,0,1,2019-07-01,otro,colision por alcance,buen tiempo,pleno dia,travesia,172e1676eda470ede17e9d491554bcbe97ba4691f92880064c8cb29ec35a467e,accidentes_raw_dgt,2026-05-09 20:40:11
2019,Álava,7,Domingo,13,Travesía,Otro,Colisión frontolateral,Buen tiempo,Pleno día,1,0,0,1,2019-07-01,otro,colision frontolateral,buen tiempo,pleno dia,travesia,00bebc5be79d19e1b8b3f250dc39aebfa9a054baf5f8d61380438d92394c476a,accidentes_raw_dgt,2026-05-09 20:40:11
2019,Álava,7,Domingo,21,Travesía,Otro,Objeto desprendido,Buen tiempo,Pleno día,1,0,0,1,2019-07-01,otro,objeto desprendido,buen tiempo,pleno dia,travesia,12f26af0dcdfae8fe4331d6a4c369edd549220cdeb119b3b1831b2a2cf77f281,accidentes_raw_dgt,2026-05-09 20:40:11
2019,Álava,7,Domingo,17,Travesía,Otro,Objeto desprendido,Buen tiempo,Pleno día,1,0,0,1,2019-07-01,otro,objeto desprendido,buen tiempo,pleno dia,travesia,f4466a4b51d21014b34f621813a1ed75f1c750ec328d908d9edc989c64778962,accidentes_raw_dgt,2026-05-09 20:40:11
2019,Álava,7,Lunes,8,Travesía,Otro,Colisión frontolateral,Buen tiempo,Pleno día,1,0,0,1,2019-07-01,otro,colision frontolateral,buen tiempo,pleno dia,travesia,8ef532f440c91b5dfa24570e53d6bded96c4064a45e6d18a61c5e08b172b9814,accidentes_raw_dgt,2026-05-09 20:40:11
2019,Álava,7,Lunes,10,Travesía,Otro,Colisión frontolateral,Buen tiempo,Pleno día,2,0,0,2,2019-07-01,otro,colision frontolateral,buen tiempo,pleno dia,travesia,a440868cf4311953cb45c7ded9360009e1bb77775b6395a3e13aa9ef831794b1,accidentes_raw_dgt,2026-05-09 20:40:11
2019,Álava,7,Lunes,18,Travesía,Otro,Colisión frontolateral,Buen tiempo,Pleno día,1,0,0,1,2019-07-01,otro,colision frontolateral,buen tiempo,pleno dia,travesia,63db0204e2f34aaadace364d046ef5d7614b8cb287b939e55ac05c53aee90de1,accidentes_raw_dgt,2026-05-09 20:40:11
2019,Álava,7,Lunes,18,Travesía,Otro,Choque obstáculo lateral,Buen tiempo,Pleno día,1,0,0,1,2019-07-01,otro,choque obstaculo lateral,buen tiempo,pleno dia,travesia,2782526eaa0c5c254b36d0c90e1f8c06af41d167a8b539bd3c81cd6d155e7e5f,accidentes_raw_dgt,2026-05-09 20:40:11
2019,Álava,7,Lunes,22,Travesía,Otro,Colisión frontolateral,Buen tiempo,Noche sin iluminación,4,0,0,4,2019-07-01,otro,colision frontolateral,buen tiempo,noche sin iluminacion,travesia,cebe3d9d614ba5c19f633566104315854a11353a333bf96f16b5afa0e90abdc4,accidentes_raw_dgt,2026-05-09 20:40:11
2019,Álava,7,Lunes,18,Travesía,Otro,Colisión frontolateral,Buen tiempo,Pleno día,1,0,0,1,2019-07-01,otro,colision frontolateral,buen tiempo,pleno dia,travesia,34e2ad7b31cd9ee87c038c10fd6fbe310314ba67abb73a686f0d1087267d7a1d,accidentes_raw_dgt,2026-05-09 20:40:11
2019,Álava,7,Martes,5,Travesía,Otro,Choque obstáculo calzada,Buen tiempo,Noche sin iluminación,1,0,0,1,2019-07-01,otro,choque obstaculo calzada,buen tiempo,noche sin iluminacion,travesia,a4c6af0cb6f02dff01ba174e4cf11f24f73d9ed16ca7a1e3c9d831c0139faa5c,accidentes_raw_dgt,2026-05-09 20:40:11
2019,Álava,7,Martes,11,Travesía,Otro,Colisión frontolateral,Buen tiempo,Pleno día,1,0,0,1,2019-07-01,otro,colision frontolateral,buen tiempo,pleno dia,travesia,1c8dcc518b9942ef52885666bfb82260c287afbbeebb71e741b1262099424f11,accidentes_raw_dgt,2026-05-09 20:40:11
2019,Álava,7,Martes,17,Travesía,Otro,Colisión por alcance,Buen tiempo,Pleno día,1,0,0,1,2019-07-01,otro,colision por alcance,buen tiempo,pleno dia,travesia,ec1c7d93ba051204e4fea7e167f540c2136769c82329c53f5b7a0770bb237987,accidentes_raw_dgt,2026-05-09 20:40:11
2019,Álava,7,Martes,19,Travesía,Otro,Colisión frontolateral,Buen tiempo,Pleno día,1,0,0,1,2019-07-01,otro,colision frontolateral,buen tiempo,pleno dia,travesia,07bed92aab16ecdd9c886a79e44f0c0b02d70c746c593eaa3b8acf24e687bcd8,accidentes_raw_dgt,2026-05-09 20:40:11
2019,Álava,7,Martes,18,Travesía,Otro,Colisión frontolateral,Buen tiempo,Pleno día,1,0,0,1,2019-07-01,otro,colision frontolateral,buen tiempo,pleno dia,travesia,10ba045e9ee40807e57f6093280b9fa9eaf640ba4955e340ae4c749382ad96fc,accidentes_raw_dgt,2026-05-09 20:40:11
2019,Álava,7,Martes,19,Travesía,Otro,Choque obstáculo lateral,Buen tiempo,Pleno día,1,0,0,1,2019-07-01,otro,choque obstaculo lateral,buen tiempo,pleno dia,travesia,bb9b8ef813475d1e0ad84e2505af6656d16c990b1f77efaf9324e8fbcae2db67,accidentes_raw_dgt,2026-05-09 20:40:11
2019,Álava,7,Miércoles,12,Travesía,Otro,Choque obstáculo lateral,Buen tiempo,Pleno día,1,0,1,0,2019-07-01,otro,choque obstaculo lateral,buen tiempo,pleno dia,travesia,162753c27c8b32975a0edf5e89ab4ed8e2f06f02a182e0f181481cc050fdcc72,accidentes_raw_dgt,2026-05-09 20:40:11
2019,Álava,7,Miércoles,17,Travesía,Otro,Colisión frontolateral,Buen tiempo,Pleno día,1,0,0,1,2019-07-01,otro,colision frontolateral,buen tiempo,pleno dia,travesia,c2077253a9b10166e7c8ffda8f2377456f332029eea3d27def7fb2b23502c0d4,accidentes_raw_dgt,2026-05-09 20:40:11
2019,Álava,7,Miércoles,16,Travesía,Otro,Salida vía izquierda,Buen tiempo,Pleno día,1,0,0,1,2019-07-01,otro,salida via izquierda,buen tiempo,pleno dia,travesia,1c63ed9164d61acfd1f4f3a7b6dfacbd98d1dc01e755b7b558c6af0491154a2e,accidentes_raw_dgt,2026-05-09 20:40:11
2019,Álava,7,Jueves,18,Travesía,Otro,Colisión frontolateral,Buen tiempo,Pleno día,1,0,0,1,2019-07-01,otro,colision frontolateral,buen tiempo,pleno dia,travesia,fc4fb94d36f45aa9d13358022455e55db4b6f0eb536a1b2897c90dfd3df9eb9b,accidentes_raw_dgt,2026-05-09 20:40:11
2019,Álava,1,Domingo,21,Travesía,Otro,Choque obstáculo lateral,Nieve,Noche sin iluminación,1,0,0,1,2019-01-01,otro,choque obstaculo lateral,nieve,noche sin iluminacion,travesia,f6103ca1e01bd200a9258a366b7e8c22a542e771bf11a0679967a5bb47ef3688,accidentes_raw_dgt,2026-05-09 20:40:11
2019,Álava,1,Domingo,21,Travesía,Otro,Colisión frontolateral,Buen tiempo,Noche sin iluminación,2,0,0,2,2019-01-01,otro,colision frontolateral,buen tiempo,noche sin iluminacion,travesia,809e63d5c8aa03af112d17361058d0d8955f6d8e1e7591487d593dad276f9757,accidentes_raw_dgt,2026-05-09 20:40:11
2019,Álava,7,Viernes,15,Travesía,Otro,Colisión frontolateral,Buen tiempo,Pleno día,1,0,0,1,2019-07-01,otro,colision frontolateral,buen tiempo,pleno dia,travesia,4cc3d9cba4633096fadf09ea1106b4b321ab81b1d461c3d6994f0e303f631249,accidentes_raw_dgt,2026-05-09 20:40:11
2019,Álava,7,Viernes,13,Travesía,Otro,Colisión frontolateral,Buen tiempo,Pleno día,1,0,0,1,2019-07-01,otro,colision frontolateral,buen tiempo,pleno dia,travesia,8b7fb6aee1c63e17f44f935a6b64e05920ddad65327de1cb5e6994a6a3f0b618,accidentes_raw_dgt,2026-05-09 20:40:11
2019,Álava,7,Sábado,13,Travesía,Otro,Colisión por alcance,Buen tiempo,Pleno día,1,0,0,1,2019-07-01,otro,colision por alcance,buen tiempo,pleno dia,travesia,a6c2a2325dfd588f202a240a06ccb2b037854e7097a303fc8991ecc15501528c,accidentes_raw_dgt,2026-05-09 20:40:11
2019,Álava,7,Sábado,3,Travesía,Otro,Objeto desprendido,Buen tiempo,Noche sin iluminación,1,0,0,1,2019-07-01,otro,objeto desprendido,buen tiempo,noche sin iluminacion,travesia,11f8e31ccbdbb7d91589ecf40713d3a8a5d17a7ec0cebf641f975af50a1eba8d,accidentes_raw_dgt,2026-05-09 20:40:11
2019,Álava,7,Domingo,19,Travesía,Otro,Objeto desprendido,Buen tiempo,Pleno día,1,0,1,0,2019-07-01,otro,objeto desprendido,buen tiempo,pleno dia,travesia,677fe64a8ea7e98a420d129f1cf3d4d23a9f107e9fbe8d83efe95f093001cd54,accidentes_raw_dgt,2026-05-09 20:40:11
2019,Álava,7,Domingo,18,Travesía,Otro,Se desconoce,Buen tiempo,Pleno día,1,0,0,1,2019-07-01,otro,se desconoce,buen tiempo,pleno dia,travesia,d6723fa996ced47773f2dea29cce9b11f951e6dafe321a84ac7d32791c3b4660,accidentes_raw_dgt,2026-05-09 20:40:11
2019,Álava,7,Lunes,11,Travesía,Otro,Colisión lateral,Buen tiempo,Pleno día,1,0,0,1,2019-07-01,otro,colision lateral,buen tiempo,pleno dia,travesia,e4c6a9f38e8e4d127290cf104ac1f46d0649c7db6c89f4bc10be7447bf1f514c,accidentes_raw_dgt,2026-05-09 20:40:11
2019,Álava,7,Lunes,19,Travesía,Otro,Colisión frontolateral,Buen tiempo,Pleno día,1,0,0,1,2019-07-01,otro,colision frontolateral,buen tiempo,pleno dia,travesia,c9a5da075f9e5c3e7a916570946fed4826e181656382e13696fbe0aaf1412bf5,accidentes_raw_dgt,2026-05-09 20:40:11
2019,Álava,7,Martes,7,Travesía,Otro,Colisión por alcance,Buen tiempo,Pleno día,1,0,0,1,2019-07-01,otro,colision por alcance,buen tiempo,pleno dia,travesia,99ee50221221864d50c60baea6f14d8ac2e235cc6e78be6088cd40cc97fca394,accidentes_raw_dgt,2026-05-09 20:40:11
2019,Álava,7,Martes,17,Travesía,Otro,Objeto desprendido,Buen tiempo,Pleno día,1,0,0,1,2019-07-01,otro,objeto desprendido,buen tiempo,pleno dia,travesia,290a0b92873bdf4e47986dc5208037bad7527653bff700dc53c1e57eb98103c1,accidentes_raw_dgt,2026-05-09 20:40:11
2019,Álava,7,Miércoles,12,Travesía,Otro,Objeto desprendido,Buen tiempo,Pleno día,1,0,0,1,2019-07-01,otro,objeto desprendido,buen tiempo,pleno dia,travesia,47fec9f491173c57c1d5b35dfefdb69cba6bd61bfbadea64015a65120efa15a0,accidentes_raw_dgt,2026-05-09 20:40:11
2019,Álava,7,Miércoles,15,Travesía,Otro,Colisión frontolateral,Buen tiempo,Pleno día,1,0,0,1,2019-07-01,otro,colision frontolateral,buen tiempo,pleno dia,travesia,769e881d85fc5d27cb4cbc8382200d95b179cfdeb56e0b439da737069eaf8a5a,accidentes_raw_dgt,2026-05-09 20:40:11
2019,Álava,7,Miércoles,13,Travesía,Otro,Colisión frontolateral,Buen tiempo,Pleno día,1,0,0,1,2019-07-01,otro,colision frontolateral,buen tiempo,pleno dia,travesia,e4e549408422875958476160732390defefcac7c2bd8353d918fe452d20de2a6,accidentes_raw_dgt,2026-05-09 20:40:11
2019,Álava,7,Jueves,0,Travesía,Otro,Objeto desprendido,Buen tiempo,Noche sin iluminación,1,0,0,1,2019-07-01,otro,objeto desprendido,buen tiempo,noche sin iluminacion,travesia,bd94717d91260895035088525e817ea10375454f03aa3bd8b28b355a4cee22c5,accidentes_raw_dgt,2026-05-09 20:40:11
2019,Álava,7,Jueves,19,Travesía,Otro,Colisión frontolateral,Buen tiempo,Pleno día,3,0,0,3,2019-07-01,otro,colision frontolateral,buen tiempo,pleno dia,travesia,35254aa9a21444e50349cebb5465b9b42cb4a625ebcbffe24504b178c35bcb85,accidentes_raw_dgt,2026-05-09 20:40:11
2019,Álava,7,Jueves,15,Travesía,Otro,Choque obstáculo lateral,Buen tiempo,Pleno día,1,0,0,1,2019-07-01,otro,choque obstaculo lateral,buen tiempo,pleno dia,travesia,5b60f221d4a1852afd0194ad0857fae9c558608e35621dce43301e8c771b7877,accidentes_raw_dgt,2026-05-09 20:40:11
2019,Álava,7,Jueves,22,Travesía,Otro,Colisión frontolateral,Granizo,Noche sin iluminación,1,0,0,1,2019-07-01,otro,colision frontolateral,granizo,noche sin iluminacion,travesia,1706be6c293444756e72b05e4afa9eb1038e552ac6ce058309451ef7ddad7748,accidentes_raw_dgt,2026-05-09 20:40:11
2019,Álava,7,Sábado,13,Travesía,Otro,Colisión por alcance,Buen tiempo,Pleno día,1,0,0,1,2019-07-01,otro,colision por alcance,buen tiempo,pleno dia,travesia,92c5fd0421c1d619cbf1bdba83a207261f2c5f764aed46db9b4d2de03b72b654,accidentes_raw_dgt,2026-05-09 20:40:11
2019,Álava,7,Domingo,10,Travesía,Otro,Choque obstáculo calzada,Buen tiempo,Pleno día,1,0,0,1,2019-07-01,otro,choque obstaculo calzada,buen tiempo,pleno dia,travesia,4ec24a2d7f1dfae1f98882eabf0400cd9483dd2de78b926b625c46e8787f3816,accidentes_raw_dgt,2026-05-09 20:40:11
2019,Álava,7,Martes,7,Travesía,Otro,Colisión por alcance,Buen tiempo,Pleno día,1,0,0,1,2019-07-01,otro,colision por alcance,buen tiempo,pleno dia,travesia,2499d690642faa4da2a67b078236d1c031217f3c31cf2da2142c8e84e3d617f1,accidentes_raw_dgt,2026-05-09 20:40:11
2019,Álava,7,Miércoles,11,Travesía,Otro,Objeto desprendido,Buen tiempo,Pleno día,1,0,0,1,2019-07-01,otro,objeto desprendido,buen tiempo,pleno dia,travesia,9b09d7f65345fc85aaa8814b69f3c933ce5eda41786f0c1df1b1ab2b1fdd2ecc,accidentes_raw_dgt,2026-05-09 20:40:11
2019,Álava,7,Miércoles,12,Travesía,Otro,Colisión frontolateral,Buen tiempo,Pleno día,1,0,0,1,2019-07-01,otro,colision frontolateral,buen tiempo,pleno dia,travesia,40f8d6d22b99ea3388538fd60bbf532256434b0eac401df1d9a2bdbb29354ae8,accidentes_raw_dgt,2026-05-09 20:40:11
2019,Álava,7,Miércoles,19,Travesía,Otro,Objeto desprendido,Buen tiempo,Pleno día,1,0,0,1,2019-07-01,otro,objeto desprendido,buen tiempo,pleno dia,travesia,c66bbe9d118f554bfdba35a609848b9ab2d9c22e6bed77be6f8a55e96c295549,accidentes_raw_dgt,2026-05-09 20:40:11
2019,Álava,7,Miércoles,21,Travesía,Otro,Choque obstáculo lateral,Buen tiempo,Amanecer/Anochecer,1,0,0,1,2019-07-01,otro,choque obstaculo lateral,buen tiempo,amanecer/anochecer,travesia,35c71bd7eaf4607047bb7c186d17251942204229b897e033923b13dc8ce2d109,accidentes_raw_dgt,2026-05-09 20:40:11
2019,Álava,7,Miércoles,23,Travesía,Otro,Colisión frontolateral,Buen tiempo,Noche sin iluminación,1,0,0,1,2019-07-01,otro,colision frontolateral,buen tiempo,noche sin iluminacion,travesia,2e00b312b0a9681bef09f9085a4e918b8fceb0c0b1c043dc17c90beef5fa446c,accidentes_raw_dgt,2026-05-09 20:40:11
2019,Álava,8,Jueves,16,Travesía,Otro,Colisión frontolateral,Buen tiempo,Pleno día,1,0,0,1,2019-08-01,otro,colision frontolateral,buen tiempo,pleno dia,travesia,d536a8c1664fec0bc85615cf3cb2645871e8b2935c9642c534c67ac85315cd35,accidentes_raw_dgt,2026-05-09 20:40:11
2019,Álava,8,Jueves,13,Travesía,Otro,Colisión frontolateral,Buen tiempo,Pleno día,1,0,0,1,2019-08-01,otro,colision frontolateral,buen tiempo,pleno dia,travesia,6c0f3412848008d49d186d5fad7fd1482656cfb62ad3c060a14e41c3fb3f1b43,accidentes_raw_dgt,2026-05-09 20:40:11
2019,Álava,8,Viernes,13,Travesía,Otro,Choque obstáculo lateral,Buen tiempo,Pleno día,1,0,0,1,2019-08-01,otro,choque obstaculo lateral,buen tiempo,pleno dia,travesia,02837c1944876b4fa860432c13f2d9b11a7fd94dae707c4143d1217dee66fc43,accidentes_raw_dgt,2026-05-09 20:40:11
2019,Álava,8,Viernes,14,Travesía,Otro,Choque obstáculo lateral,Buen tiempo,Pleno día,1,0,1,0,2019-08-01,otro,choque obstaculo lateral,buen tiempo,pleno dia,travesia,d829857eb1366e70be857a69886d1555af0d32681beab068afb93492c2e2b843,accidentes_raw_dgt,2026-05-09 20:40:11
2019,Álava,1,Martes,15,Travesía,Otro,Colisión lateral,Nieve,Pleno día,1,0,0,1,2019-01-01,otro,colision lateral,nieve,pleno dia,travesia,74de057f768beb42de17ffc4b8a56100f0bed85947ecacaef111e3d3ec997950,accidentes_raw_dgt,2026-05-09 20:40:11
2019,Álava,8,Sábado,22,Travesía,Otro,Colisión frontolateral,Buen tiempo,Noche sin iluminación,1,0,0,1,2019-08-01,otro,colision frontolateral,buen tiempo,noche sin iluminacion,travesia,0ebb3519a0c4044c4571b2408a52e7ed8009564205ca65a69fd43f232352f256,accidentes_raw_dgt,2026-05-09 20:40:11
2019,Álava,1,Martes,18,Travesía,Otro,Colisión lateral,Nieve,Noche sin iluminación,1,0,0,1,2019-01-01,otro,colision lateral,nieve,noche sin iluminacion,travesia,07e46896ba89f88776fed50a1b7895129f9b9af7d3b8b33ca23af478bb818d6c,accidentes_raw_dgt,2026-05-09 20:40:11
2019,Álava,8,Jueves,18,Travesía,Otro,Atropello a peatón,Buen tiempo,Pleno día,1,0,0,1,2019-08-01,otro,atropello a peaton,buen tiempo,pleno dia,travesia,68c6c6e9ad314d1a5c4d647cfb6ed84265e47cbc2a05a54fb58ae74c0085ef29,accidentes_raw_dgt,2026-05-09 20:40:11
2019,Álava,8,Jueves,8,Travesía,Otro,Choque obstáculo lateral,Buen tiempo,Pleno día,1,0,1,0,2019-08-01,otro,choque obstaculo lateral,buen tiempo,pleno dia,travesia,5c3e9040008c91509e2d28e5308034b677d4e2cc0b386863d4883bdb747eba1c,accidentes_raw_dgt,2026-05-09 20:40:11
2019,Álava,9,Martes,8,Travesía,Otro,Colisión múltiple,Buen tiempo,Pleno día,2,0,0,2,2019-09-01,otro,colision multiple,buen tiempo,pleno dia,travesia,9dcbe7e30f0bd60827341113108a55f86b604f921e0792418a9810075dbf3d22,accidentes_raw_dgt,2026-05-09 20:40:11
2019,Álava,8,Jueves,8,Travesía,Otro,Choque obstáculo calzada,Buen tiempo,Pleno día,1,0,0,1,2019-08-01,otro,choque obstaculo calzada,buen tiempo,pleno dia,travesia,30e4c02268d49ca010e3c62fcc2615da2fad4cf0c359eb8fedc0366739b34205,accidentes_raw_dgt,2026-05-09 20:40:11
2019,Álava,8,Viernes,20,Travesía,Otro,Colisión frontolateral,Buen tiempo,Pleno día,1,0,0,1,2019-08-01,otro,colision frontolateral,buen tiempo,pleno dia,travesia,7c3d90003d7d645be0b5f3782533c198a5d5dee06870420b4d594976ed857fc3,accidentes_raw_dgt,2026-05-09 20:40:11
2019,Álava,8,Viernes,12,Travesía,Otro,Objeto desprendido,Buen tiempo,Pleno día,1,0,0,1,2019-08-01,otro,objeto desprendido,buen tiempo,pleno dia,travesia,509694b0a010c6431900e71b8210521af57d39ce8e64deb365f0a5c6c9a2ef6d,accidentes_raw_dgt,2026-05-09 20:40:11
2019,Álava,8,Lunes,15,Travesía,Otro,Atropello a peatón,Buen tiempo,Pleno día,1,0,0,1,2019-08-01,otro,atropello a peaton,buen tiempo,pleno dia,travesia,61182f39851829ca78c919a83ecbfa045fc0686bff16d0cfa3e643988d9dfecd,accidentes_raw_dgt,2026-05-09 20:40:11
2019,Álava,8,Martes,17,Travesía,Otro,Colisión por alcance,Buen tiempo,Pleno día,1,0,0,1,2019-08-01,otro,colision por alcance,buen tiempo,pleno dia,travesia,f24f1a64b591544a871284bdde332d3c5d2cb109d21c03122c57d768e7c535b1,accidentes_raw_dgt,2026-05-09 20:40:11
2019,Álava,5,Viernes,20,Travesía,Otro,Objeto desprendido,Buen tiempo,Pleno día,1,0,0,1,2019-05-01,otro,objeto desprendido,buen tiempo,pleno dia,travesia,81defd9e2e8f85c7f09874bbe5b8d9a9a5503c6d915a3afe4b65758f28d71fb7,accidentes_raw_dgt,2026-05-09 20:40:11
2019,Álava,8,Sábado,19,Travesía,Otro,Colisión frontolateral,Buen tiempo,Pleno día,1,0,0,1,2019-08-01,otro,colision frontolateral,buen tiempo,pleno dia,travesia,367461e6dd07bdb57342cb64b2a8d8e0fa13c53842a95ec20a90d35bdd6eb77f,accidentes_raw_dgt,2026-05-09 20:40:11
2019,Álava,8,Lunes,7,Travesía,Otro,Colisión frontolateral,Buen tiempo,Pleno día,1,0,0,1,2019-08-01,otro,colision frontolateral,buen tiempo,pleno dia,travesia,c2a181d8178a9f753b013fc4bb892ceeb5dc5bcb763352610844b93341ea52a4,accidentes_raw_dgt,2026-05-09 20:40:11
2019,Álava,8,Miércoles,11,Travesía,Otro,Colisión frontolateral,Buen tiempo,Pleno día,1,0,0,1,2019-08-01,otro,colision frontolateral,buen tiempo,pleno dia,travesia,1a42d5267aba37d7057cadd672fefef04771be2476eeee231d6f56a8e1f57733,accidentes_raw_dgt,2026-05-09 20:40:11
2019,Álava,8,Viernes,12,Travesía,Otro,Se desconoce,Buen tiempo,Pleno día,1,0,0,1,2019-08-01,otro,se desconoce,buen tiempo,pleno dia,travesia,2b9449f314bf93145f8122906d8dc56c4ca1f116e6db7ad2768d6f9ade29b31e,accidentes_raw_dgt,2026-05-09 20:40:11
2019,Álava,8,Sábado,16,Travesía,Otro,Colisión frontolateral,Buen tiempo,Pleno día,1,0,0,1,2019-08-01,otro,colision frontolateral,buen tiempo,pleno dia,travesia,bc8db39f614342b78a67494dbece216d3726f6924b73563be34fc630ac1db7f5,accidentes_raw_dgt,2026-05-09 20:40:11
2019,Álava,1,Miércoles,19,Travesía,Otro,Choque obstáculo lateral,Nieve,Noche sin iluminación,2,0,0,2,2019-01-01,otro,choque obstaculo lateral,nieve,noche sin iluminacion,travesia,102624ac0a714fa26aa0f8569b1aa0f0f80c4b34de420d2bb9e46b3dfdbec039,accidentes_raw_dgt,2026-05-09 20:40:11
2019,Álava,1,Miércoles,22,Travesía,Otro,Colisión por alcance,Buen tiempo,Noche sin iluminación,1,0,0,1,2019-01-01,otro,colision por alcance,buen tiempo,noche sin iluminacion,travesia,40962624bfc236888ff8a68a74b0c30166b7245423520bb28196b67f57d5e332,accidentes_raw_dgt,2026-05-09 20:40:11
2019,Álava,8,Miércoles,13,Travesía,Otro,Colisión por alcance,Buen tiempo,Pleno día,1,0,0,1,2019-08-01,otro,colision por alcance,buen tiempo,pleno dia,travesia,234666d765f4c0a26cf4d96eced9155888477cb9b19e8cb48ae4ea79ce1b28de,accidentes_raw_dgt,2026-05-09 20:40:11
2019,Álava,8,Miércoles,14,Travesía,Otro,Colisión por alcance,Buen tiempo,Pleno día,2,0,0,2,2019-08-01,otro,colision por alcance,buen tiempo,pleno dia,travesia,75f7313c20144e39edcf57a14733d074aee0c482320d5178ee0ef2f2608c2996,accidentes_raw_dgt,2026-05-09 20:40:11
2019,Álava,8,Miércoles,16,Travesía,Otro,Colisión frontolateral,Buen tiempo,Pleno día,1,0,0,1,2019-08-01,otro,colision frontolateral,buen tiempo,pleno dia,travesia,ccbcd0d62f439eacea8b0fa4139d934d2782bae1b8046e8764e598dc64a9f421,accidentes_raw_dgt,2026-05-09 20:40:11
2019,Álava,8,Jueves,20,Travesía,Otro,Choque obstáculo lateral,Buen tiempo,Pleno día,1,0,0,1,2019-08-01,otro,choque obstaculo lateral,buen tiempo,pleno dia,travesia,0df5486b7bca884d5f00c502e216f734b2865b202397f24bca25ac9b8a95ab4a,accidentes_raw_dgt,2026-05-09 20:40:11
2019,Álava,8,Viernes,14,Travesía,Otro,Se desconoce,Buen tiempo,Pleno día,1,0,0,1,2019-08-01,otro,se desconoce,buen tiempo,pleno dia,travesia,a15faf6f6c7e4c11d7956175f4a1c01edffff6e114684eee28c255a86a8888f8,accidentes_raw_dgt,2026-05-09 20:40:11