AÑO,PROVINCIA,MES,DIA_SEMANA,HORA,ZONA,TIPO_VIA,TIPO_ACCIDENTE,CONDICION_METEO,CONDICION_ILUMINACION,TOTAL_VICTIMAS,FALLECIDOS_24H,HERIDOS_GRAVES,HERIDOS_LEVES,FECHA_ACCIDENTE,TIPO_VIA_NORM,TIPO_ACCIDENTE_NORM,CONDICION_METEO_NORM,CONDICION_ILUMINACION_NORM,ZONA_NORM,ID_ACCIDENTE_HASH,source_id,load_timestamp
2019,Álava,8,Viernes,9,Travesía,Otro,Colisión lateral,Buen tiempo,Pleno día,1,0,0,1,2019-08-01,otro,colision lateral,buen tiempo,pleno dia,travesia,42c6024940120036d7a0103375d5b8e5072589f6d0f9a1a8e7f6eb6a17358675,accidentes_raw_dgt,2026-05-09 20:40:11
2019,Álava,8,Viernes,21,Travesía,Otro,Colisión frontal,Buen tiempo,Noche sin iluminación,1,0,0,1,2019-08-01,otro,colision frontal,buen tiempo,noche sin iluminacion,travesia,5dad6478e152b8aa33dc6a2c27992d26c0a6873d6ed1407a7e6efddca3985122,accidentes_raw_dgt,2026-05-09 20:40:11
2019,Álava,1,Jueves,10,Travesía,Otro,Colisión frontolateral,Buen tiempo,Pleno día,2,0,0,2,2019-01-01,otro,colision frontolateral,buen tiempo,pleno dia,travesia,6f90a5a0d3234433d03c7a06fc4bd5c3ac1f21f33978292fee61323e22238a92,accidentes_raw_dgt,2026-05-09 20:40:11
2019,Álava,9,Domingo,10,Travesía,Otro,Colisión frontolateral,Buen tiempo,Pleno día,1,0,0,1,2019-09-01,otro,colision frontolateral,buen tiempo,pleno dia,travesia,0c658eb5d61e88c86f37613342bbce6cbf278a9a86ba6514dc7e5c205f76c99f,accidentes_raw_dgt,2026-05-09 20:40:11
2019,Álava,9,Lunes,0,Travesía,Otro,Colisión frontolateral,Buen tiempo,Noche sin iluminación,1,0,0,1,2019-09-01,otro,colision frontolateral,buen tiempo,noche sin iluminacion,travesia,6165d33e490f91dbf808b194904d4f07c550d5e3a19c9e776e0c895136ec9fa2,accidentes_raw_dgt,2026-05-09 20:40:11
2019,Álava,9,Domingo,18,Travesía,Otro,Choque obstáculo lateral,Buen tiempo,Pleno día,1,0,0,1,2019-09-01,otro,choque obstaculo lateral,buen tiempo,pleno dia,travesia,64d095f2fecfdeb907dae5403b10966c4ae755b7598aa078cb932e345bd0b5d0,accidentes_raw_dgt,2026-05-09 20:40:11
2019,Álava,1,Miércoles,16,Travesía,Otro,Colisión frontolateral,Granizo,Pleno día,1,0,0,1,2019-01-01,otro,colision frontolateral,granizo,pleno dia,travesia,d3b913cdf3e8a79786216cc7bbd15fc27f86a7be516f3e14c909b86b7f9eb241,accidentes_raw_dgt,2026-05-09 20:40:11
2019,Álava,9,Lunes,9,Travesía,Otro,Choque obstáculo lateral,Buen tiempo,Pleno día,1,0,0,1,2019-09-01,otro,choque obstaculo lateral,buen tiempo,pleno dia,travesia,8b80f49ec2822cb3cdbe97d9405e39ae40ba418b084c06604b51e2a5af11a7f8,accidentes_raw_dgt,2026-05-09 20:40:11
2019,Álava,9,Lunes,16,Travesía,Otro,Colisión frontolateral,Buen tiempo,Pleno día,1,0,0,1,2019-09-01,otro,colision frontolateral,buen tiempo,pleno dia,travesia,a8cee66e4788af8b855979155e486c988d84a42aba71e43a0fc26997ca12e737,accidentes_raw_dgt,2026-05-09 20:40:11
2019,Álava,9,Lunes,13,Travesía,Otro,Colisión por alcance,Buen tiempo,Pleno día,1,0,0,1,2019-09-01,otro,colision por alcance,buen tiempo,pleno dia,travesia,4099ed5ba70aebc5a9dc26bc2093d4b45839f99b306bd12f68cedfd351e6ab7a,accidentes_raw_dgt,2026-05-09 20:40:11
2019,Álava,9,Martes,14,Travesía,Otro,Colisión frontolateral,Buen tiempo,Pleno día,1,0,0,1,2019-09-01,otro,colision frontolateral,buen tiempo,pleno dia,travesia,86ab8cbe5869bd1f9c70924e9c04fef3bbe3bbaaf4e816efeeaf7eb6a31937d2,accidentes_raw_dgt,2026-05-09 20:40:11
2019,Álava,9,Miércoles,11,Travesía,Otro,Colisión frontolateral,Buen tiempo,Pleno día,1,0,0,1,2019-09-01,otro,colision frontolateral,buen tiempo,pleno dia,travesia,a7f0b84de7a450eaf6ffab449cb0f141b69eb701ffb455f375c3dae4277b25c1,accidentes_raw_dgt,2026-05-09 20:40:11
2019,Álava,9,Miércoles,14,Travesía,Otro,Colisión frontolateral,Buen tiempo,Pleno día,1,0,0,1,2019-09-01,otro,colision frontolateral,buen tiempo,pleno dia,travesia,b6bc077d6675a7c8cc9e2fa5a08c86ba59b675d69af118052bb390c3cf11e5e0,accidentes_raw_dgt,2026-05-09 20:40:11
2019,Álava,9,Miércoles,14,Travesía,Otro,Colisión por alcance,Buen tiempo,Pleno día,1,0,0,1,2019-09-01,otro,colision por alcance,buen tiempo,pleno dia,travesia,f15223dcc0da90206acdce51c6a9e24938b18665165a819f1abb69233c068cae,accidentes_raw_dgt,2026-05-09 20:40:11
2019,Álava,9,Miércoles,19,Travesía,Otro,Colisión frontolateral,Buen tiempo,Pleno día,3,0,0,3,2019-09-01,otro,colision frontolateral,buen tiempo,pleno dia,travesia,b967fb22d506bda1b4d8a878f46c85862f5d71bb7669ecc6b0fe65f5ad19f844,accidentes_raw_dgt,2026-05-09 20:40:11
2019,Álava,1,Jueves,15,Travesía,Otro,Colisión frontolateral,Buen tiempo,Pleno día,2,0,0,2,2019-01-01,otro,colision frontolateral,buen tiempo,pleno dia,travesia,afccd937e6ac2d1b6d6e9f318bc5e8a179c977c7413b33b3e4d902ff8cec501e,accidentes_raw_dgt,2026-05-09 20:40:11
2019,Álava,9,Jueves,10,Travesía,Otro,Choque obstáculo lateral,Buen tiempo,Pleno día,1,0,0,1,2019-09-01,otro,choque obstaculo lateral,buen tiempo,pleno dia,travesia,c78961d3d782d8a85d9344eedae027f43ce6b9fd35c8f355861a39e0d0ddecc5,accidentes_raw_dgt,2026-05-09 20:40:11
2019,Álava,9,Jueves,11,Travesía,Otro,Choque obstáculo lateral,Buen tiempo,Pleno día,1,0,0,1,2019-09-01,otro,choque obstaculo lateral,buen tiempo,pleno dia,travesia,9b6c13f0d182b253c607005217881bbca28a5b04076842f6bc65580c3801a0b0,accidentes_raw_dgt,2026-05-09 20:40:11
2019,Álava,9,Jueves,11,Travesía,Otro,Objeto desprendido,Buen tiempo,Pleno día,1,0,0,1,2019-09-01,otro,objeto desprendido,buen tiempo,pleno dia,travesia,df56bc061e91023bff33c6ba0d49d166a60e3aa9317f90e7a7fa3d7a65f96886,accidentes_raw_dgt,2026-05-09 20:40:11
2019,Álava,9,Jueves,12,Travesía,Otro,Choque obstáculo lateral,Buen tiempo,Pleno día,1,0,0,1,2019-09-01,otro,choque obstaculo lateral,buen tiempo,pleno dia,travesia,aaee0ce51abf0849e68b257ab97d83a36d9d082916b939cd1012f27d7f6bb873,accidentes_raw_dgt,2026-05-09 20:40:11
2019,Álava,9,Viernes,17,Travesía,Otro,Choque obstáculo lateral,Buen tiempo,Pleno día,2,0,1,1,2019-09-01,otro,choque obstaculo lateral,buen tiempo,pleno dia,travesia,a67063986e67b7ddd107229ba9d480ee3a02f9d59732d4bc03b2d97d27a1310d,accidentes_raw_dgt,2026-05-09 20:40:11
2019,Álava,9,Sábado,8,Travesía,Otro,Colisión frontolateral,Buen tiempo,Pleno día,1,0,0,1,2019-09-01,otro,colision frontolateral,buen tiempo,pleno dia,travesia,04222ea3e14cb1209b9726defe3efce5196b7afa0a959854a30401be41f4026d,accidentes_raw_dgt,2026-05-09 20:40:11
2019,Álava,1,Jueves,12,Travesía,Otro,Salida vía izquierda,Granizo,Pleno día,2,0,0,2,2019-01-01,otro,salida via izquierda,granizo,pleno dia,travesia,12132cd6767ee325d35883d25c0b7f5e1d142d60d33c563c39cea29984dcea57,accidentes_raw_dgt,2026-05-09 20:40:11
2019,Álava,9,Lunes,13,Travesía,Otro,Colisión frontal,Buen tiempo,Pleno día,1,0,0,1,2019-09-01,otro,colision frontal,buen tiempo,pleno dia,travesia,f7b856c054de7ccced087ad4f9413380ec494e40abc818b840aaad990ca3c5bc,accidentes_raw_dgt,2026-05-09 20:40:11
2019,Álava,9,Lunes,15,Travesía,Otro,Choque obstáculo lateral,Buen tiempo,Pleno día,1,0,0,1,2019-09-01,otro,choque obstaculo lateral,buen tiempo,pleno dia,travesia,afa472a961fbcb09314e81b2c3eb19cd2d9fd7527582f43a3b8fd9d3ed6d893d,accidentes_raw_dgt,2026-05-09 20:40:11
2019,Álava,9,Lunes,16,Travesía,Otro,Colisión frontolateral,Buen tiempo,Pleno día,1,0,0,1,2019-09-01,otro,colision frontolateral,buen tiempo,pleno dia,travesia,ca0cec7f60085f0289aaea5cbfbdd84ad2ba05148de121075dab1c636682a566,accidentes_raw_dgt,2026-05-09 20:40:11
2019,Álava,9,Martes,7,Travesía,Otro,Colisión frontolateral,Buen tiempo,Pleno día,1,0,0,1,2019-09-01,otro,colision frontolateral,buen tiempo,pleno dia,travesia,0fbc9039145b6449a7765dcc00d3bd8377d93ac8cccda9f0292b5976e6d67c75,accidentes_raw_dgt,2026-05-09 20:40:11
2019,Álava,9,Martes,15,Travesía,Otro,Colisión frontolateral,Buen tiempo,Pleno día,1,0,0,1,2019-09-01,otro,colision frontolateral,buen tiempo,pleno dia,travesia,9168e847861429230da331e23aa7983862033165c1ce3fe5f6d29a76c04c8a07,accidentes_raw_dgt,2026-05-09 20:40:11
2019,Álava,9,Miércoles,13,Travesía,Otro,Colisión frontolateral,Buen tiempo,Pleno día,1,0,0,1,2019-09-01,otro,colision frontolateral,buen tiempo,pleno dia,travesia,d15e7843961ed4bfa3e08a80b882c74670e9e9347ea55325cbc1be93c7f54edc,accidentes_raw_dgt,2026-05-09 20:40:11
2019,Álava,9,Miércoles,20,Travesía,Otro,Colisión frontolateral,Buen tiempo,Amanecer/Anochecer,1,0,0,1,2019-09-01,otro,colision frontolateral,buen tiempo,amanecer/anochecer,travesia,089ee14b926fabea6dd95890032d1a37e69c1011c710977af774ec3a7b5b39a6,accidentes_raw_dgt,2026-05-09 20:40:11
2019,Álava,9,Jueves,16,Travesía,Otro,Colisión frontolateral,Buen tiempo,Pleno día,1,0,0,1,2019-09-01,otro,colision frontolateral,buen tiempo,pleno dia,travesia,54006483f014c53f76d879c033e5589a76e0080d8ced5d818d777344eb78656f,accidentes_raw_dgt,2026-05-09 20:40:11
2019,Álava,1,Jueves,18,Travesía,Otro,Colisión por alcance,Buen tiempo,Amanecer/Anochecer,4,0,0,4,2019-01-01,otro,colision por alcance,buen tiempo,amanecer/anochecer,travesia,3daebbc6dfd81355f1cc9d9565ab4a4a53bda47f6117529409acc7acb55556bb,accidentes_raw_dgt,2026-05-09 20:40:11
2019,Álava,9,Jueves,17,Travesía,Otro,Objeto desprendido,Buen tiempo,Pleno día,1,0,0,1,2019-09-01,otro,objeto desprendido,buen tiempo,pleno dia,travesia,eaf89db7108470dc3f6b23ea90618264b3e8f8b6145371667c4055e9c5ce9f52,accidentes_raw_dgt,2026-05-09 20:40:11
2019,Álava,9,Viernes,21,Travesía,Otro,Colisión por alcance,Buen tiempo,Noche sin iluminación,1,1,0,0,2019-09-01,otro,colision por alcance,buen tiempo,noche sin iluminacion,travesia,93411f44e228b5004bdec50f32b6c646819eebd09ba3fa26511502b23781a617,accidentes_raw_dgt,2026-05-09 20:40:11
2019,Álava,9,Domingo,17,Travesía,Otro,Colisión por alcance,Buen tiempo,Pleno día,4,0,0,4,2019-09-01,otro,colision por alcance,buen tiempo,pleno dia,travesia,87a4a78ecb6deb2dee9ddd0678d03800141864a049c99b072e1e6e7904018db7,accidentes_raw_dgt,2026-05-09 20:40:11
2019,Álava,9,Domingo,14,Travesía,Otro,Choque obstáculo lateral,Buen tiempo,Pleno día,2,0,0,2,2019-09-01,otro,choque obstaculo lateral,buen tiempo,pleno dia,travesia,0e78437805639c14d6413de94c031fd1babdb561b7728d31ae06bfc5ff1766d4,accidentes_raw_dgt,2026-05-09 20:40:11
2019,Álava,9,Domingo,21,Travesía,Otro,Colisión frontolateral,Granizo,Noche sin iluminación,1,0,0,1,2019-09-01,otro,colision frontolateral,granizo,noche sin iluminacion,travesia,28955b1fb53203e2ff246fd2d4c3e148d4666a617469cdcc86060985682ab4bc,accidentes_raw_dgt,2026-05-09 20:40:11
2019,Álava,9,Domingo,21,Travesía,Otro,Colisión por alcance,Buen tiempo,Noche sin iluminación,1,0,0,1,2019-09-01,otro,colision por alcance,buen tiempo,noche sin iluminacion,travesia,3da6ee6699da1eb52d358aa59b8e1cf6b5d77db224b4cec0faaa540610fb3b2e,accidentes_raw_dgt,2026-05-09 20:40:11
2019,Álava,9,Lunes,19,Travesía,Otro,Choque obstáculo lateral,Buen tiempo,Pleno día,1,0,0,1,2019-09-01,otro,choque obstaculo lateral,buen tiempo,pleno dia,travesia,5620e84be3e5141819e0d9e4ba10b782ba40e232e56352ed636dc0282161b543,accidentes_raw_dgt,2026-05-09 20:40:11
2019,Álava,9,Martes,8,Travesía,Otro,Choque obstáculo lateral,Buen tiempo,Pleno día,1,0,0,1,2019-09-01,otro,choque obstaculo lateral,buen tiempo,pleno dia,travesia,ff108b68b0e9bc1e5a744f80f9ef1b8575c7d041eeb3e8d2eae300347de6e7fc,accidentes_raw_dgt,2026-05-09 20:40:11
2019,Álava,9,Martes,9,Travesía,Otro,Objeto desprendido,Buen tiempo,Pleno día,1,0,0,1,2019-09-01,otro,objeto desprendido,buen tiempo,pleno dia,travesia,9e04a49e5786695116f9af28552da3083d4eeb015294b878d27053439e363cdf,accidentes_raw_dgt,2026-05-09 20:40:11
2019,Álava,9,Miércoles,10,Travesía,Otro,Colisión por alcance,Buen tiempo,Pleno día,1,0,0,1,2019-09-01,otro,colision por alcance,buen tiempo,pleno dia,travesia,87c7965a1cc6c11a653b210aaef95e381b95afddf1781da3fa5b2d4b1d3097bf,accidentes_raw_dgt,2026-05-09 20:40:11
2019,Álava,9,Miércoles,14,Travesía,Otro,Colisión frontolateral,Buen tiempo,Pleno día,1,0,1,0,2019-09-01,otro,colision frontolateral,buen tiempo,pleno dia,travesia,fc091d39524c9d4b5b11f84f9132996a94ca01c9816d2db3b866bef1b0699d91,accidentes_raw_dgt,2026-05-09 20:40:11
2019,Álava,9,Jueves,12,Travesía,Otro,Choque obstáculo lateral,Buen tiempo,Pleno día,1,0,0,1,2019-09-01,otro,choque obstaculo lateral,buen tiempo,pleno dia,travesia,82607c98dec8f45ac84e7eae445d8da60d05706ee7405a9a53b0c914b488f1ab,accidentes_raw_dgt,2026-05-09 20:40:11
2019,Álava,9,Viernes,13,Travesía,Otro,Colisión lateral,Buen tiempo,Pleno día,1,0,0,1,2019-09-01,otro,colision lateral,buen tiempo,pleno dia,travesia,35a9e381b1a27567549b5f8a6f783c167ebf809f1c4d6a9e367240484d8ce281,accidentes_raw_dgt,2026-05-09 20:40:11
2019,Álava,9,Viernes,15,Travesía,Otro,Choque obstáculo calzada,Buen tiempo,Pleno día,1,0,0,1,2019-09-01,otro,choque obstaculo calzada,buen tiempo,pleno dia,travesia,1a6d9c97798d8997f85ed9228296d533be6b47f97217709d7e2b628e21800220,accidentes_raw_dgt,2026-05-09 20:40:11
2019,Álava,9,Viernes,17,Travesía,Otro,Choque obstáculo calzada,Buen tiempo,Pleno día,1,0,0,1,2019-09-01,otro,choque obstaculo calzada,buen tiempo,pleno dia,travesia,0b0fc3be2ee8d1d33518036b0f38402ee7bc022380a0b9653886019d38acd128,accidentes_raw_dgt,2026-05-09 20:40:11
2019,Álava,9,Miércoles,10,Travesía,Otro,Colisión frontolateral,Buen tiempo,Pleno día,1,0,0,1,2019-09-01,otro,colision frontolateral,buen tiempo,pleno dia,travesia,74332c78b10e3ee51ac4a3c18ccc15c1b6c9807b3ca609969de5e3c361573dfa,accidentes_raw_dgt,2026-05-09 20:40:11
2019,Álava,9,Miércoles,13,Travesía,Otro,Atropello a peatón,Buen tiempo,Pleno día,1,0,0,1,2019-09-01,otro,atropello a peaton,buen tiempo,pleno dia,travesia,23c5910b8b10cfa86e40099cf01e5c2b36f4dd0a903f0c60e5517ea177f4d390,accidentes_raw_dgt,2026-05-09 20:40:11
2019,Álava,9,Miércoles,8,Travesía,Otro,Salida vía izquierda,Buen tiempo,Pleno día,1,0,0,1,2019-09-01,otro,salida via izquierda,buen tiempo,pleno dia,travesia,5283f1b4e66467616feca1e0162c7d37e4e304623d6343a525553ffb436cbdfe,accidentes_raw_dgt,2026-05-09 20:40:11
2019,Álava,9,Miércoles,9,Travesía,Otro,Colisión frontolateral,Buen tiempo,Pleno día,1,0,0,1,2019-09-01,otro,colision frontolateral,buen tiempo,pleno dia,travesia,c032851ed192d8ac0a3ad04b0ef3060b44d1f6d62f8c17414006702787c5d88b,accidentes_raw_dgt,2026-05-09 20:40:11
2019,Álava,9,Miércoles,15,Travesía,Otro,Colisión por alcance,Buen tiempo,Pleno día,1,0,0,1,2019-09-01,otro,colision por alcance,buen tiempo,pleno dia,travesia,724213d95916de041564e5d39c2373585dc15855743a42a5841d849b9f3716de,accidentes_raw_dgt,2026-05-09 20:40:11
2019,Álava,9,Jueves,14,Travesía,Otro,Colisión frontal,Buen tiempo,Pleno día,1,0,0,1,2019-09-01,otro,colision frontal,buen tiempo,pleno dia,travesia,f7abf2a084c3668c7b90654bf01205085e5d0219ffad0564904e5c923af11523,accidentes_raw_dgt,2026-05-09 20:40:11
2019,Álava,9,Jueves,17,Travesía,Otro,Colisión frontolateral,Buen tiempo,Pleno día,1,0,1,0,2019-09-01,otro,colision frontolateral,buen tiempo,pleno dia,travesia,4d5e5deb0353d3a6c0b5cf97de0a23087a56796a3474ee500edbe4676c3b9716,accidentes_raw_dgt,2026-05-09 20:40:11
2019,Álava,9,Jueves,16,Travesía,Otro,Colisión por alcance,Buen tiempo,Pleno día,1,0,0,1,2019-09-01,otro,colision por alcance,buen tiempo,pleno dia,travesia,ce02d4b6d1aceeea96a562c10923d590607df6182b4a3405ad10be85b6354787,accidentes_raw_dgt,2026-05-09 20:40:11
2019,Álava,9,Martes,7,Travesía,Otro,Colisión lateral,Buen tiempo,Noche sin iluminación,1,0,0,1,2019-09-01,otro,colision lateral,buen tiempo,noche sin iluminacion,travesia,1a1cf797fabe7f95836fabeca626907c77b3e6c9aff7c2290b396a238c69362e,accidentes_raw_dgt,2026-05-09 20:40:11
2019,Álava,9,Viernes,21,Travesía,Otro,Choque obstáculo lateral,Buen tiempo,Noche sin iluminación,1,0,0,1,2019-09-01,otro,choque obstaculo lateral,buen tiempo,noche sin iluminacion,travesia,096012b7ebcaf56d1d63b2784d2b2bbdeae080d72ad6bd1b9f7018e62a3c37d0,accidentes_raw_dgt,2026-05-09 20:40:11
2019,Álava,9,Viernes,13,Travesía,Otro,Colisión frontal,Buen tiempo,Pleno día,2,0,0,2,2019-09-01,otro,colision frontal,buen tiempo,pleno dia,travesia,477f4b2cdd3fe2b9fdd7dfb887f98252ef26cecf13eb53289116a1344382256d,accidentes_raw_dgt,2026-05-09 20:40:11
2019,Álava,9,Viernes,17,Travesía,Otro,Choque obstáculo lateral,Buen tiempo,Pleno día,1,0,0,1,2019-09-01,otro,choque obstaculo lateral,buen tiempo,pleno dia,travesia,9f006addc898a6458ff29db72de90b27e29302c92b9c73e33515df56290bd855,accidentes_raw_dgt,2026-05-09 20:40:11
2019,Álava,1,Jueves,20,Travesía,Otro,Colisión frontolateral,Buen tiempo,Noche sin iluminación,1,0,0,1,2019-01-01,otro,colision frontolateral,buen tiempo,noche sin iluminacion,travesia,dccb3c52e7c79f7033e1ea06eadf92fd90bfd7b0b5737dc0c2511a0e163872f5,accidentes_raw_dgt,2026-05-09 20:40:11
2019,Álava,9,Sábado,21,Travesía,Otro,Colisión frontal,Buen tiempo,Noche sin iluminación,1,0,1,0,2019-09-01,otro,colision frontal,buen tiempo,noche sin iluminacion,travesia,d1c78c9aa5dcb0991f46b25fbaaa359d7d5823ac7a2a94c4d4a31da42a26c24f,accidentes_raw_dgt,2026-05-09 20:40:11
2019,Álava,9,Lunes,9,Travesía,Otro,Objeto desprendido,Buen tiempo,Pleno día,2,0,0,2,2019-09-01,otro,objeto desprendido,buen tiempo,pleno dia,travesia,f0ccd8e78b618cb55731054911af540b5496f37e94026cd20dae22363089b2e9,accidentes_raw_dgt,2026-05-09 20:40:11
2019,Álava,9,Lunes,17,Travesía,Otro,Choque obstáculo lateral,Buen tiempo,Pleno día,1,0,0,1,2019-09-01,otro,choque obstaculo lateral,buen tiempo,pleno dia,travesia,fce86e339dc3131c489202ec3b6c8d4319c61f152b3541ba0e4141e5d5c3fac3,accidentes_raw_dgt,2026-05-09 20:40:11
2019,Álava,9,Lunes,17,Travesía,Otro,Colisión frontolateral,Buen tiempo,Pleno día,1,0,0,1,2019-09-01,otro,colision frontolateral,buen tiempo,pleno dia,travesia,d72a11d264e746464ed45f73e1ec058e33ad40270c79324be171932d834d11f3,accidentes_raw_dgt,2026-05-09 20:40:11
2019,Álava,10,Martes,17,Travesía,Otro,Colisión frontolateral,Buen tiempo,Pleno día,1,0,0,1,2019-10-01,otro,colision frontolateral,buen tiempo,pleno dia,travesia,0b06d2ffebd5c025cf444cb95a73e1fff046569238eafd1e80f511ea2a807de3,accidentes_raw_dgt,2026-05-09 20:40:11
2019,Álava,10,Martes,20,Travesía,Otro,Objeto desprendido,Buen tiempo,Noche sin iluminación,1,0,0,1,2019-10-01,otro,objeto desprendido,buen tiempo,noche sin iluminacion,travesia,5d85be4cc5af40a7cf2c4f0818d92689c185fdea6566745ef26305d80413f483,accidentes_raw_dgt,2026-05-09 20:40:11
2019,Álava,10,Martes,9,Travesía,Otro,Colisión por alcance,Buen tiempo,Pleno día,1,0,0,1,2019-10-01,otro,colision por alcance,buen tiempo,pleno dia,travesia,bcaf44f4041e62e142d50cad2aae2520e01247cd144d28d4ab20b758524a7217,accidentes_raw_dgt,2026-05-09 20:40:11
2019,Álava,10,Miércoles,10,Travesía,Otro,Colisión frontolateral,Buen tiempo,Pleno día,1,0,0,1,2019-10-01,otro,colision frontolateral,buen tiempo,pleno dia,travesia,313c938e0103b56b43632b702e3e63447fab1f90a4fe890ca5abb7a6cf8830ee,accidentes_raw_dgt,2026-05-09 20:40:11
2019,Álava,10,Miércoles,11,Travesía,Otro,Colisión frontal,Buen tiempo,Pleno día,2,0,0,2,2019-10-01,otro,colision frontal,buen tiempo,pleno dia,travesia,477d8dffaf92d265c56dca496167d71bfc1c34f443bc9a6677009963e6e99706,accidentes_raw_dgt,2026-05-09 20:40:11
2019,Álava,10,Miércoles,13,Travesía,Otro,Atropello a ciclista,Buen tiempo,Pleno día,1,0,0,1,2019-10-01,otro,atropello a ciclista,buen tiempo,pleno dia,travesia,76ba652cbd2ef1931d0546ac1c9d8f12d21c81fad272b754975a0b1561dda275,accidentes_raw_dgt,2026-05-09 20:40:11
2019,Álava,10,Miércoles,14,Travesía,Otro,Atropello a peatón,Buen tiempo,Pleno día,1,0,0,1,2019-10-01,otro,atropello a peaton,buen tiempo,pleno dia,travesia,96da2f8885ba92c9ca4d34bb763a3bc9e19017f0df6424956d61f45abdc7f241,accidentes_raw_dgt,2026-05-09 20:40:11
2019,Álava,10,Jueves,8,Travesía,Otro,Colisión frontolateral,Buen tiempo,Amanecer/Anochecer,1,0,0,1,2019-10-01,otro,colision frontolateral,buen tiempo,amanecer/anochecer,travesia,96bb293aaa330ef307ee004448b92b75ffdc25ade2831ed23fc60ffa97fffb7f,accidentes_raw_dgt,2026-05-09 20:40:11
2019,Álava,10,Jueves,13,Travesía,Otro,Colisión lateral,Buen tiempo,Pleno día,1,0,0,1,2019-10-01,otro,colision lateral,buen tiempo,pleno dia,travesia,7b2c21ead1522776414b5a256722903b465fd0c8e029005fcd865144a429da52,accidentes_raw_dgt,2026-05-09 20:40:11
2019,Álava,10,Jueves,14,Travesía,Otro,Colisión frontolateral,Buen tiempo,Pleno día,1,0,0,1,2019-10-01,otro,colision frontolateral,buen tiempo,pleno dia,travesia,2b4da94214015b4281ac65905270bda4eefb97e08f5b4ae2f517b424ff77bfd9,accidentes_raw_dgt,2026-05-09 20:40:11
2019,Álava,10,Jueves,16,Travesía,Otro,Choque obstáculo lateral,Buen tiempo,Pleno día,1,0,0,1,2019-10-01,otro,choque obstaculo lateral,buen tiempo,pleno dia,travesia,bc57590a33fe355e174396df60ac503f8e99763776307dcd8b9ce8dfe3c47a2a,accidentes_raw_dgt,2026-05-09 20:40:11
2019,Álava,10,Jueves,17,Travesía,Otro,Colisión frontolateral,Buen tiempo,Pleno día,1,0,0,1,2019-10-01,otro,colision frontolateral,buen tiempo,pleno dia,travesia,edbad80a93adb5830afc3fccfe0e7c27a81359b59bb2a8c277f95d4adec7c389,accidentes_raw_dgt,2026-05-09 20:40:11
2019,Álava,10,Viernes,10,Travesía,Otro,Colisión frontolateral,Buen tiempo,Pleno día,1,0,0,1,2019-10-01,otro,colision frontolateral,buen tiempo,pleno dia,travesia,af5422f824076084bed9b8a09086ac59f0ed8c74eea7b189d2809b198ba1f6ee,accidentes_raw_dgt,2026-05-09 20:40:11
2019,Álava,10,Viernes,14,Travesía,Otro,Colisión por alcance,Buen tiempo,Pleno día,1,0,0,1,2019-10-01,otro,colision por alcance,buen tiempo,pleno dia,travesia,f391e014b2ee3a42955272b8fc78634de1d5833e0cacb412b180376f9c756e49,accidentes_raw_dgt,2026-05-09 20:40:11
2019,Álava,10,Sábado,21,Travesía,Otro,Colisión frontolateral,Buen tiempo,Noche sin iluminación,1,0,0,1,2019-10-01,otro,colision frontolateral,buen tiempo,noche sin iluminacion,travesia,7a84ae249fa744b8c1acb6c5247c2cf443e31870aa7217f4a9cd9b157dbd54ef,accidentes_raw_dgt,2026-05-09 20:40:11
2019,Álava,10,Sábado,20,Travesía,Otro,Atropello a peatón,Buen tiempo,Pleno día,1,0,0,1,2019-10-01,otro,atropello a peaton,buen tiempo,pleno dia,travesia,7a9b1b9dd2e433fc1fc962c38ad571bf1ebb49cb365bfdfb2c36d3f059d6fdd5,accidentes_raw_dgt,2026-05-09 20:40:11
2019,Álava,10,Domingo,17,Travesía,Otro,Choque obstáculo calzada,Buen tiempo,Pleno día,1,0,0,1,2019-10-01,otro,choque obstaculo calzada,buen tiempo,pleno dia,travesia,10e4e7caf8b078429bb1c80b1a10118ac6f963eff098fd25a66c78862ae5ebce,accidentes_raw_dgt,2026-05-09 20:40:11
2019,Álava,10,Lunes,15,Travesía,Otro,Choque obstáculo lateral,Buen tiempo,Pleno día,1,0,0,1,2019-10-01,otro,choque obstaculo lateral,buen tiempo,pleno dia,travesia,f6543e952ecb93fba1fa65c547c5073a5d25aba46611fe6cc76c1d2645deb3ff,accidentes_raw_dgt,2026-05-09 20:40:11
2019,Álava,10,Lunes,16,Travesía,Otro,Objeto desprendido,Buen tiempo,Pleno día,1,0,0,1,2019-10-01,otro,objeto desprendido,buen tiempo,pleno dia,travesia,ab16ce326c754df41ed00df6f64f7073dcac3e2986bbf8b2a1ce4549b189a0fb,accidentes_raw_dgt,2026-05-09 20:40:11
2019,Álava,10,Lunes,18,Travesía,Otro,Objeto desprendido,Buen tiempo,Pleno día,1,0,0,1,2019-10-01,otro,objeto desprendido,buen tiempo,pleno dia,travesia,43d244581aa23a744de9d775979165eb226a80e2cce6c0d0885412c9b6a0dbdf,accidentes_raw_dgt,2026-05-09 20:40:11
2019,Álava,10,Martes,15,Travesía,Otro,Colisión frontolateral,Buen tiempo,Pleno día,1,0,0,1,2019-10-01,otro,colision frontolateral,buen tiempo,pleno dia,travesia,a807c0dc0a5b5ea4a70b12ba52ead3d30922e1eac15c396ccfdea715a2f15396,accidentes_raw_dgt,2026-05-09 20:40:11
2019,Álava,10,Martes,18,Travesía,Otro,Choque obstáculo lateral,Buen tiempo,Pleno día,1,0,1,0,2019-10-01,otro,choque obstaculo lateral,buen tiempo,pleno dia,travesia,10716564f7bea47036cae9a39adc7dcd395850714228939a2b508d4e57d61824,accidentes_raw_dgt,2026-05-09 20:40:11