AÑO,PROVINCIA,MES,DIA_SEMANA,HORA,ZONA,TIPO_VIA,TIPO_ACCIDENTE,CONDICION_METEO,CONDICION_ILUMINACION,TOTAL_VICTIMAS,FALLECIDOS_24H,HERIDOS_GRAVES,HERIDOS_LEVES,FECHA_ACCIDENTE,TIPO_VIA_NORM,TIPO_ACCIDENTE_NORM,CONDICION_METEO_NORM,CONDICION_ILUMINACION_NORM,ZONA_NORM,ID_ACCIDENTE_HASH,source_id,load_timestamp
2019,Álava,10,Martes,14,Travesía,Otro,Atropello a peatón,Buen tiempo,Pleno día,1,0,0,1,2019-10-01,otro,atropello a peaton,buen tiempo,pleno dia,travesia,209eb5f20ab018ff6f1e42b98e5b57921aa4e2b7a7b683de32458b7153720a28,accidentes_raw_dgt,2026-05-09 20:40:11
2019,Álava,10,Martes,16,Travesía,Otro,Colisión frontolateral,Buen tiempo,Pleno día,1,0,0,1,2019-10-01,otro,colision frontolateral,buen tiempo,pleno dia,travesia,93c3755d0c9030cd90f0e6eae6870a8497730f89b7fd0cf231adef048d2b524d,accidentes_raw_dgt,2026-05-09 20:40:11
2019,Álava,10,Martes,20,Travesía,Otro,Atropello a peatón,Buen tiempo,Pleno día,1,0,1,0,2019-10-01,otro,atropello a peaton,buen tiempo,pleno dia,travesia,130790feced08212eed7d1490dd4d7abf138543be61a4744a03f69ecb9609764,accidentes_raw_dgt,2026-05-09 20:40:11
2019,Álava,10,Martes,21,Travesía,Otro,Objeto desprendido,Buen tiempo,Noche sin iluminación,1,0,0,1,2019-10-01,otro,objeto desprendido,buen tiempo,noche sin iluminacion,travesia,5c344ba7044815dd03c3448028a43e5b9c16074cb5a6a19c7ae86165c149735f,accidentes_raw_dgt,2026-05-09 20:40:11
2019,Álava,10,Jueves,18,Travesía,Otro,Colisión frontolateral,Buen tiempo,Pleno día,2,0,0,2,2019-10-01,otro,colision frontolateral,buen tiempo,pleno dia,travesia,a5af16fb4a4856cc3f8530b5214830a85103fb5a515b39b93e652c0a142363ee,accidentes_raw_dgt,2026-05-09 20:40:11
2019,Álava,10,Jueves,14,Travesía,Otro,Objeto desprendido,Buen tiempo,Pleno día,1,0,0,1,2019-10-01,otro,objeto desprendido,buen tiempo,pleno dia,travesia,33eb7e4ae43f9873d9c84c0f07b055946b24a71ca27daa60acbbf95b44c7c5e0,accidentes_raw_dgt,2026-05-09 20:40:11
2019,Álava,10,Viernes,12,Travesía,Otro,Colisión por alcance,Buen tiempo,Pleno día,1,0,0,1,2019-10-01,otro,colision por alcance,buen tiempo,pleno dia,travesia,501a4e61aa4f7737df0305124a39119b79a6449d2bfcc6f026da0197af2ae60b,accidentes_raw_dgt,2026-05-09 20:40:11
2019,Álava,10,Viernes,15,Travesía,Otro,Colisión frontolateral,Buen tiempo,Pleno día,1,0,0,1,2019-10-01,otro,colision frontolateral,buen tiempo,pleno dia,travesia,cef5838d118dccd9de488f16a934cf10a82303577b62888b7ff6f84114827e58,accidentes_raw_dgt,2026-05-09 20:40:11
2019,Álava,10,Martes,21,Travesía,Otro,Colisión frontolateral,Buen tiempo,Noche sin iluminación,1,0,0,1,2019-10-01,otro,colision frontolateral,buen tiempo,noche sin iluminacion,travesia,7f3ee9fe1fbf452b0c242614e1cad18b6dce034e5bc80763dff6332e872ad2ff,accidentes_raw_dgt,2026-05-09 20:40:11
2019,Álava,1,Lunes,8,Travesía,Otro,Colisión frontolateral,Nieve,Noche sin iluminación,1,0,0,1,2019-01-01,otro,colision frontolateral,nieve,noche sin iluminacion,travesia,fd0f7e53c5b02b688a57ee37f3d52065cb168a7b9fd5a3abd93d37e1559fbd30,accidentes_raw_dgt,2026-05-09 20:40:11
2019,Álava,10,Miércoles,8,Travesía,Otro,Choque obstáculo lateral,Buen tiempo,Pleno día,1,0,0,1,2019-10-01,otro,choque obstaculo lateral,buen tiempo,pleno dia,travesia,7125e777a6b199fc4e8c2a0d024215e393c06bf775c217a5f2d8d1a6a7c98d96,accidentes_raw_dgt,2026-05-09 20:40:11
2019,Álava,10,Miércoles,14,Travesía,Otro,Colisión múltiple,Buen tiempo,Pleno día,1,0,0,1,2019-10-01,otro,colision multiple,buen tiempo,pleno dia,travesia,ac93f3a0fee5afa2d9399d5d0f257dc92bbde89b1e48452e1bfac3c5c1dc99db,accidentes_raw_dgt,2026-05-09 20:40:11
2019,Álava,10,Miércoles,17,Travesía,Otro,Choque obstáculo lateral,Buen tiempo,Pleno día,1,0,0,1,2019-10-01,otro,choque obstaculo lateral,buen tiempo,pleno dia,travesia,55e8ab098d48f8be5578e3d3708496d152a27c4c5713586a8d321ed84c239827,accidentes_raw_dgt,2026-05-09 20:40:11
2019,Álava,10,Jueves,18,Travesía,Otro,Choque obstáculo lateral,Buen tiempo,Pleno día,1,1,0,0,2019-10-01,otro,choque obstaculo lateral,buen tiempo,pleno dia,travesia,db9351a297a7362b3c913ac8de77bd9a1ccc0d61bada939db15a315f5e8113fc,accidentes_raw_dgt,2026-05-09 20:40:11
2019,Álava,10,Jueves,9,Travesía,Otro,Colisión frontolateral,Buen tiempo,Pleno día,1,0,0,1,2019-10-01,otro,colision frontolateral,buen tiempo,pleno dia,travesia,3d34f102d1708fc5edd3111144f78764b4d7b745cb5450815780545495df1e68,accidentes_raw_dgt,2026-05-09 20:40:11
2019,Álava,10,Jueves,8,Travesía,Otro,Colisión por alcance,Buen tiempo,Pleno día,1,0,0,1,2019-10-01,otro,colision por alcance,buen tiempo,pleno dia,travesia,6cb6d4b2fa122bf8bd63280061e4a230565fdec3ce03268caa2f48ccd931c691,accidentes_raw_dgt,2026-05-09 20:40:11
2019,Álava,10,Sábado,0,Travesía,Otro,Colisión por alcance,Buen tiempo,Noche sin iluminación,1,0,0,1,2019-10-01,otro,colision por alcance,buen tiempo,noche sin iluminacion,travesia,19e68d9fe08f7c4ac18948bf437400f955359b1cf21a86544342427695c3c938,accidentes_raw_dgt,2026-05-09 20:40:11
2019,Álava,10,Sábado,13,Travesía,Otro,Choque obstáculo lateral,Buen tiempo,Pleno día,1,0,0,1,2019-10-01,otro,choque obstaculo lateral,buen tiempo,pleno dia,travesia,de498b9901677f58da56b38a515db0a6a3b93840bde5fd0b74437502163e9fb1,accidentes_raw_dgt,2026-05-09 20:40:11
2019,Álava,10,Sábado,20,Travesía,Otro,Caída de motociclista,Nieve,Noche sin iluminación,1,0,0,1,2019-10-01,otro,caida de motociclista,nieve,noche sin iluminacion,travesia,12e967ca0f368d0d8511518c58c6929146650bb1babce4448263e67722dd0161,accidentes_raw_dgt,2026-05-09 20:40:11
2019,Álava,1,Lunes,5,Travesía,Otro,Colisión por alcance,Granizo,Noche sin iluminación,1,0,0,1,2019-01-01,otro,colision por alcance,granizo,noche sin iluminacion,travesia,7ffc2066e20c16e95c0b41167e334afe57ff4991b21c8d581611a3f516a786a9,accidentes_raw_dgt,2026-05-09 20:40:11
2019,Álava,10,Domingo,1,Travesía,Otro,Objeto desprendido,Granizo,Noche sin iluminación,1,0,0,1,2019-10-01,otro,objeto desprendido,granizo,noche sin iluminacion,travesia,6ffbae9aaff664bd4739f51a6c7883a2c3ce74e9227a6aff728d0d57ad56f234,accidentes_raw_dgt,2026-05-09 20:40:11
2019,Álava,10,Lunes,1,Travesía,Otro,Choque obstáculo calzada,Buen tiempo,Noche sin iluminación,1,0,0,1,2019-10-01,otro,choque obstaculo calzada,buen tiempo,noche sin iluminacion,travesia,929f003731a97f915d11893c6652bbc7db0b36118eb4357cc721f7f68aeb25ff,accidentes_raw_dgt,2026-05-09 20:40:11
2019,Álava,10,Lunes,15,Travesía,Otro,Colisión frontolateral,Buen tiempo,Pleno día,1,0,0,1,2019-10-01,otro,colision frontolateral,buen tiempo,pleno dia,travesia,7fc81a57656ec055615121454cb5343aaf3db93c762fe310d976e5fe8d05e66d,accidentes_raw_dgt,2026-05-09 20:40:11
2019,Álava,10,Martes,8,Travesía,Otro,Choque obstáculo calzada,Buen tiempo,Noche sin iluminación,1,0,0,1,2019-10-01,otro,choque obstaculo calzada,buen tiempo,noche sin iluminacion,travesia,f0cbba2470c7c8706fe77e8d88e947ed8c33100409ffb51ae1af99af7d3077a8,accidentes_raw_dgt,2026-05-09 20:40:11
2019,Álava,10,Miércoles,20,Travesía,Otro,Choque obstáculo lateral,Nieve,Noche sin iluminación,1,0,1,0,2019-10-01,otro,choque obstaculo lateral,nieve,noche sin iluminacion,travesia,3097fc802d49355a0a256d4b07ab9f7257fcf35077cdb8133d59f607fedb229e,accidentes_raw_dgt,2026-05-09 20:40:11
2019,Álava,10,Miércoles,20,Travesía,Otro,Colisión frontolateral,Granizo,Noche sin iluminación,1,0,0,1,2019-10-01,otro,colision frontolateral,granizo,noche sin iluminacion,travesia,c0cc3b36d8f848d56fbf95b8259dd6f3bf80707e436233a6bfc2667b49e28c8a,accidentes_raw_dgt,2026-05-09 20:40:11
2019,Álava,10,Miércoles,22,Travesía,Otro,Choque obstáculo lateral,Nieve,Noche sin iluminación,2,0,0,2,2019-10-01,otro,choque obstaculo lateral,nieve,noche sin iluminacion,travesia,22cdd352056c42ac1a6d01d6bd4f8e8ed1c27fb9addc6e500a59f88b57e4612a,accidentes_raw_dgt,2026-05-09 20:40:11
2019,Álava,10,Miércoles,22,Travesía,Otro,Colisión frontolateral,Nieve,Noche sin iluminación,1,0,0,1,2019-10-01,otro,colision frontolateral,nieve,noche sin iluminacion,travesia,8e46760943785a93c7bbfd1b0e733299b05f4d9fe575cf23087da310db486f7a,accidentes_raw_dgt,2026-05-09 20:40:11
2019,Álava,10,Jueves,13,Travesía,Otro,Colisión por alcance,Granizo,Pleno día,1,0,0,1,2019-10-01,otro,colision por alcance,granizo,pleno dia,travesia,12bdc9eedc0abc0dc0f5a4c36836d8bac9a5b78de2e10a4747859a305f6d4535,accidentes_raw_dgt,2026-05-09 20:40:11
2019,Álava,10,Jueves,17,Travesía,Otro,Colisión lateral,Buen tiempo,Pleno día,2,0,0,2,2019-10-01,otro,colision lateral,buen tiempo,pleno dia,travesia,02f99d2002c703f1669e358989f1663e1e38e96297dcb3bb70fb67b0d74fb877,accidentes_raw_dgt,2026-05-09 20:40:11
2019,Álava,10,Jueves,8,Travesía,Otro,Colisión lateral,Granizo,Amanecer/Anochecer,1,0,0,1,2019-10-01,otro,colision lateral,granizo,amanecer/anochecer,travesia,eb0c9cdc0862653468dacc6a876a0c40e9d642c50f798bae1162fe27f18d482c,accidentes_raw_dgt,2026-05-09 20:40:11
2019,Álava,10,Jueves,19,Travesía,Otro,Choque obstáculo lateral,Buen tiempo,Pleno día,1,0,0,1,2019-10-01,otro,choque obstaculo lateral,buen tiempo,pleno dia,travesia,ee9d527a0a6108477fc5c98cf2a00f65d38c8e8508c4d17c1c11b2441c78a2ec,accidentes_raw_dgt,2026-05-09 20:40:11
2019,Álava,10,Viernes,18,Travesía,Otro,Colisión frontolateral,Buen tiempo,Pleno día,2,0,0,2,2019-10-01,otro,colision frontolateral,buen tiempo,pleno dia,travesia,c62ce8b4e927f02f91742ab99d269a17e05d47f12b2275cec9d353e711ddc218,accidentes_raw_dgt,2026-05-09 20:40:11
2019,Álava,10,Sábado,15,Travesía,Otro,Colisión frontolateral,Buen tiempo,Pleno día,2,0,0,2,2019-10-01,otro,colision frontolateral,buen tiempo,pleno dia,travesia,8f97d9164b8fa131f0361abbe49fe706d3abfd77663ed7939ee20d361a0c6a67,accidentes_raw_dgt,2026-05-09 20:40:11
2019,Álava,10,Sábado,20,Travesía,Otro,Objeto desprendido,Granizo,Noche sin iluminación,1,0,0,1,2019-10-01,otro,objeto desprendido,granizo,noche sin iluminacion,travesia,8b6cd7c429e83373dbd412f43d7422c0c4a127d93d0f2ad15909f0c2a3e7b320,accidentes_raw_dgt,2026-05-09 20:40:11
2019,Álava,1,Lunes,16,Travesía,Otro,Objeto desprendido,Granizo,Pleno día,1,0,0,1,2019-01-01,otro,objeto desprendido,granizo,pleno dia,travesia,80c39b8ca01cdfda142928ba683d503173017d52bfafacb118c62e34ec9bc693,accidentes_raw_dgt,2026-05-09 20:40:11
2019,Álava,10,Domingo,21,Travesía,Otro,Colisión frontolateral,Buen tiempo,Noche sin iluminación,1,0,0,1,2019-10-01,otro,colision frontolateral,buen tiempo,noche sin iluminacion,travesia,7c4e3e519f7e8481ec5cdb09dd1e35a1a79860ea1d440673c9aecb9c9057148a,accidentes_raw_dgt,2026-05-09 20:40:11
2019,Álava,10,Martes,17,Travesía,Otro,Choque obstáculo lateral,Buen tiempo,Pleno día,1,0,0,1,2019-10-01,otro,choque obstaculo lateral,buen tiempo,pleno dia,travesia,d2e655334ee2e4841be477484381df1617a8b891adc04cbc536cc1bed229d713,accidentes_raw_dgt,2026-05-09 20:40:11
2019,Álava,10,Martes,12,Travesía,Otro,Colisión frontolateral,Buen tiempo,Pleno día,1,0,0,1,2019-10-01,otro,colision frontolateral,buen tiempo,pleno dia,travesia,5b7c4e75c9485e2e988dce7c57bd9e9915a74217914e7d7a1f13955367db0899,accidentes_raw_dgt,2026-05-09 20:40:11
2019,Álava,10,Martes,8,Travesía,Otro,Objeto desprendido,Buen tiempo,Pleno día,1,0,0,1,2019-10-01,otro,objeto desprendido,buen tiempo,pleno dia,travesia,8a9a02d73aeefd97306a08c30969a9e8d5ef03960978a1c5db4447558d40f689,accidentes_raw_dgt,2026-05-09 20:40:11
2019,Álava,10,Martes,9,Travesía,Otro,Choque obstáculo lateral,Buen tiempo,Pleno día,1,0,0,1,2019-10-01,otro,choque obstaculo lateral,buen tiempo,pleno dia,travesia,062f50753b9095ee2eff40f888d93e61f2ffeb661bb126d15229f03e0463bdb4,accidentes_raw_dgt,2026-05-09 20:40:11
2019,Álava,10,Miércoles,8,Travesía,Otro,Colisión frontolateral,Buen tiempo,Pleno día,1,0,0,1,2019-10-01,otro,colision frontolateral,buen tiempo,pleno dia,travesia,b543b2a3edcc48cc0f9d7159522673384b34fbce51920d75df4d0c184dd89b18,accidentes_raw_dgt,2026-05-09 20:40:11
2019,Álava,10,Miércoles,20,Travesía,Otro,Choque obstáculo lateral,Granizo,Noche sin iluminación,2,0,0,2,2019-10-01,otro,choque obstaculo lateral,granizo,noche sin iluminacion,travesia,46f9d22816179479bd27b0036854788327eedf3f6f5d8dcb866b976e17cc9715,accidentes_raw_dgt,2026-05-09 20:40:11
2019,Álava,10,Miércoles,10,Travesía,Otro,Colisión frontal,Buen tiempo,Pleno día,2,0,0,2,2019-10-01,otro,colision frontal,buen tiempo,pleno dia,travesia,3d734d729009b74c011651eb24b06a74151fb99b8da5110295da8bb77ec3f92d,accidentes_raw_dgt,2026-05-09 20:40:11
2019,Álava,11,Viernes,14,Travesía,Otro,Objeto desprendido,Buen tiempo,Pleno día,1,0,0,1,2019-11-01,otro,objeto desprendido,buen tiempo,pleno dia,travesia,c63efd61a70d0f6b7e5de2b9e0c36adfae6d760613271650c71c90df16c71344,accidentes_raw_dgt,2026-05-09 20:40:11
2019,Álava,1,Martes,19,Travesía,Otro,Colisión por alcance,Granizo,Noche sin iluminación,4,0,0,4,2019-01-01,otro,colision por alcance,granizo,noche sin iluminacion,travesia,a73ab888363736220eb589458721088241ee10059b1f5898a13fe9c2e14fcd8c,accidentes_raw_dgt,2026-05-09 20:40:11
2019,Álava,11,Viernes,10,Travesía,Otro,Colisión frontal,Buen tiempo,Pleno día,1,0,0,1,2019-11-01,otro,colision frontal,buen tiempo,pleno dia,travesia,30e26cef13a6dbbf0e3035f8c16f55670f4e468e97ac7dad43798621da636abf,accidentes_raw_dgt,2026-05-09 20:40:11
2019,Álava,11,Sábado,12,Travesía,Otro,Objeto desprendido,Buen tiempo,Pleno día,1,0,0,1,2019-11-01,otro,objeto desprendido,buen tiempo,pleno dia,travesia,f1916530dae6514fd8ba7c17eadab5ba6739cbd9190b7f967adbe8744748c539,accidentes_raw_dgt,2026-05-09 20:40:11
2019,Álava,11,Sábado,11,Travesía,Otro,Colisión frontolateral,Buen tiempo,Pleno día,1,0,0,1,2019-11-01,otro,colision frontolateral,buen tiempo,pleno dia,travesia,4f97f2eebf92cde58c103466712fa2f65b10d06ff8f1934d78ff592fa0575e27,accidentes_raw_dgt,2026-05-09 20:40:11
2019,Álava,11,Domingo,20,Travesía,Otro,Colisión lateral,Nieve,Noche sin iluminación,1,0,0,1,2019-11-01,otro,colision lateral,nieve,noche sin iluminacion,travesia,52efd2aad05d27e3eac3665b82f2bffa6da52351ce871c1c28e4ba69b40ea3e6,accidentes_raw_dgt,2026-05-09 20:40:11
2019,Álava,11,Lunes,9,Travesía,Otro,Atropello a peatón,Buen tiempo,Pleno día,1,0,0,1,2019-11-01,otro,atropello a peaton,buen tiempo,pleno dia,travesia,28096b238fafbfd5abdb8ddf4e7f5a2c67196cfd8b5d49a196012d0269a2189f,accidentes_raw_dgt,2026-05-09 20:40:11
2019,Álava,11,Lunes,11,Travesía,Otro,Objeto desprendido,Granizo,Pleno día,1,0,0,1,2019-11-01,otro,objeto desprendido,granizo,pleno dia,travesia,1de4842b42fa3db35fc4cf058a02acb057a8df02d0d3cdc96e686551aee25a39,accidentes_raw_dgt,2026-05-09 20:40:11
2019,Álava,1,Martes,22,Travesía,Otro,Colisión lateral,Nieve,Noche sin iluminación,1,0,0,1,2019-01-01,otro,colision lateral,nieve,noche sin iluminacion,travesia,3055e0d8130c7a197bc6e020afe9bea1edef31f33b720cc326dd404d8e3f82d5,accidentes_raw_dgt,2026-05-09 20:40:11
2019,Álava,11,Lunes,16,Travesía,Otro,Objeto desprendido,Buen tiempo,Pleno día,1,0,0,1,2019-11-01,otro,objeto desprendido,buen tiempo,pleno dia,travesia,f44b7809595e5ebe3bb4d65e0cdd1ebbb41b29f5ab8fd73b2b6aef8e8691a62e,accidentes_raw_dgt,2026-05-09 20:40:11
2019,Álava,1,Martes,7,Travesía,Otro,Choque obstáculo calzada,Buen tiempo,Noche sin iluminación,1,0,0,1,2019-01-01,otro,choque obstaculo calzada,buen tiempo,noche sin iluminacion,travesia,3bd625f07792e885b5a4b5f0b9005a5b53a56a610efa2c27cd923aed53a6a4b5,accidentes_raw_dgt,2026-05-09 20:40:11
2019,Álava,11,Miércoles,8,Travesía,Otro,Objeto desprendido,Buen tiempo,Noche sin iluminación,1,0,0,1,2019-11-01,otro,objeto desprendido,buen tiempo,noche sin iluminacion,travesia,000f21ac06aceb9cdd0575e82d0d85fc39bed0a7a1d71970ba1641666a44f530,accidentes_raw_dgt,2026-05-09 20:40:11
2019,Álava,11,Jueves,8,Travesía,Otro,Colisión frontolateral,Buen tiempo,Pleno día,1,0,0,1,2019-11-01,otro,colision frontolateral,buen tiempo,pleno dia,travesia,be4b2f45069c180ef309521f6770146920df18e69165c577dc7ff8e5a7c34465,accidentes_raw_dgt,2026-05-09 20:40:11
2019,Álava,11,Jueves,18,Travesía,Otro,Colisión frontolateral,Buen tiempo,Noche sin iluminación,1,0,0,1,2019-11-01,otro,colision frontolateral,buen tiempo,noche sin iluminacion,travesia,5e968ce47ce4a17e3823c29332a39d049a8d0afb08d157eb6224625f92671a51,accidentes_raw_dgt,2026-05-09 20:40:11
2019,Álava,11,Jueves,17,Travesía,Otro,Colisión por alcance,Granizo,Amanecer/Anochecer,1,0,1,0,2019-11-01,otro,colision por alcance,granizo,amanecer/anochecer,travesia,a829c72c42755e384141ad8f163e4965ef5c9f8f0e07378c1d05a7222af0dd80,accidentes_raw_dgt,2026-05-09 20:40:11
2019,Álava,11,Jueves,17,Travesía,Otro,Colisión frontolateral,Nieve,Pleno día,1,0,0,1,2019-11-01,otro,colision frontolateral,nieve,pleno dia,travesia,e6f095e985e6762f1538b47ff1abda58dbe8ce088b16d8a5744fc179e9a2fc16,accidentes_raw_dgt,2026-05-09 20:40:11
2019,Álava,11,Jueves,11,Travesía,Otro,Colisión frontolateral,Buen tiempo,Pleno día,1,0,0,1,2019-11-01,otro,colision frontolateral,buen tiempo,pleno dia,travesia,d7be6321b3d940822dd195bcc86cca411cd9d95f82301d04b84119671575a2d9,accidentes_raw_dgt,2026-05-09 20:40:11
2019,Álava,11,Viernes,18,Travesía,Otro,Colisión por alcance,Granizo,Noche sin iluminación,2,0,0,2,2019-11-01,otro,colision por alcance,granizo,noche sin iluminacion,travesia,46db1ca7f3598c26c3e6c8d99e3ed95d2b1c76db040b8f8cd29af723ee086077,accidentes_raw_dgt,2026-05-09 20:40:11
2019,Álava,11,Viernes,20,Travesía,Otro,Choque obstáculo lateral,Nieve,Noche sin iluminación,1,0,0,1,2019-11-01,otro,choque obstaculo lateral,nieve,noche sin iluminacion,travesia,64d94c866dffad6dab67498f5ed9cdf32a6e747e2c17e58d2535f549f7976cb0,accidentes_raw_dgt,2026-05-09 20:40:11
2019,Álava,11,Viernes,21,Travesía,Otro,Colisión frontolateral,Granizo,Noche sin iluminación,1,0,0,1,2019-11-01,otro,colision frontolateral,granizo,noche sin iluminacion,travesia,eaa1938017b2d55e02387d0837e1b56bc124ae8a17624e10e366bae6c4b9c834,accidentes_raw_dgt,2026-05-09 20:40:11
2019,Álava,11,Viernes,14,Travesía,Otro,Colisión frontal,Granizo,Pleno día,1,0,0,1,2019-11-01,otro,colision frontal,granizo,pleno dia,travesia,c49b60838c5c6ddf34806b6b3f56b51516842cb1cead54a903f55d9c6d73c76d,accidentes_raw_dgt,2026-05-09 20:40:11
2019,Álava,11,Sábado,18,Travesía,Otro,Choque obstáculo lateral,Nieve,Noche sin iluminación,1,0,1,0,2019-11-01,otro,choque obstaculo lateral,nieve,noche sin iluminacion,travesia,62f6d46c48c7d9ff3d09a408d0ec880f167a5dc9c8fd343a4e56e96318349583,accidentes_raw_dgt,2026-05-09 20:40:11
2019,Álava,1,Jueves,22,Travesía,Otro,Colisión frontolateral,Buen tiempo,Noche sin iluminación,1,0,0,1,2019-01-01,otro,colision frontolateral,buen tiempo,noche sin iluminacion,travesia,c62510afc57db491f9f993387b76dd9a7d08f09c01326953904b6586c19c4b8a,accidentes_raw_dgt,2026-05-09 20:40:11
2019,Álava,11,Sábado,14,Travesía,Otro,Colisión por alcance,Granizo,Pleno día,1,0,0,1,2019-11-01,otro,colision por alcance,granizo,pleno dia,travesia,1bde41ce9b4fccbf7dde0dc315d1aea5fa03f78c56feb1ba744be9e37fab2dce,accidentes_raw_dgt,2026-05-09 20:40:11
2019,Álava,11,Sábado,20,Travesía,Otro,Colisión por alcance,Granizo,Noche sin iluminación,2,0,0,2,2019-11-01,otro,colision por alcance,granizo,noche sin iluminacion,travesia,91d95f436356bc3df44d44406a139351debd062823258c8cdc67e8dadb9df256,accidentes_raw_dgt,2026-05-09 20:40:11
2019,Álava,11,Sábado,23,Travesía,Otro,Salida vía izquierda,Nieve,Noche sin iluminación,1,0,0,1,2019-11-01,otro,salida via izquierda,nieve,noche sin iluminacion,travesia,bdc5d8a48c23897906b09a9a3680bd2e9c8b3121edbda36f949800f0959c8d55,accidentes_raw_dgt,2026-05-09 20:40:11
2019,Álava,11,Domingo,11,Travesía,Otro,Colisión frontolateral,Buen tiempo,Pleno día,1,0,0,1,2019-11-01,otro,colision frontolateral,buen tiempo,pleno dia,travesia,fa88d374b9cf5e059fad4a2fe406feae4c49cbf4803083ec521d3c75ee22557c,accidentes_raw_dgt,2026-05-09 20:40:11
2019,Álava,11,Domingo,21,Travesía,Otro,Colisión frontolateral,Nieve,Noche sin iluminación,1,0,0,1,2019-11-01,otro,colision frontolateral,nieve,noche sin iluminacion,travesia,6a97982dccf77dd3dafa27fcbdf75c017301f730ba186b1d9e8ea212eee73f54,accidentes_raw_dgt,2026-05-09 20:40:11
2019,Álava,11,Lunes,17,Travesía,Otro,Colisión por alcance,Buen tiempo,Pleno día,1,0,0,1,2019-11-01,otro,colision por alcance,buen tiempo,pleno dia,travesia,a2cc73deb383356e2c51d5616631e0071bdf5faba44812156af3526ebc6fba69,accidentes_raw_dgt,2026-05-09 20:40:11
2019,Álava,11,Martes,15,Travesía,Otro,Colisión frontolateral,Buen tiempo,Pleno día,1,0,0,1,2019-11-01,otro,colision frontolateral,buen tiempo,pleno dia,travesia,533eb9a8909f614c351b65e6b8aba1ffc2890735ce9a8a8936e17c05335dfa47,accidentes_raw_dgt,2026-05-09 20:40:11
2019,Álava,11,Martes,15,Travesía,Otro,Choque obstáculo lateral,Buen tiempo,Pleno día,1,0,0,1,2019-11-01,otro,choque obstaculo lateral,buen tiempo,pleno dia,travesia,43f64dc77762f69f9f52d5f70b53170679cb9abfc688f4cf77bdfc8077f022bc,accidentes_raw_dgt,2026-05-09 20:40:11
2019,Álava,11,Martes,21,Travesía,Otro,Colisión por alcance,Buen tiempo,Noche sin iluminación,1,0,0,1,2019-11-01,otro,colision por alcance,buen tiempo,noche sin iluminacion,travesia,2f84035610deb9378036cb7a5498b885486cf8e0acfde755081b3484bcff8eed,accidentes_raw_dgt,2026-05-09 20:40:11
2019,Álava,11,Viernes,18,Travesía,Otro,Choque obstáculo lateral,Granizo,Noche sin iluminación,2,0,0,2,2019-11-01,otro,choque obstaculo lateral,granizo,noche sin iluminacion,travesia,c8c9cad7b920b50f713830b8dc55f59fffbbad98335d9f30e0bca8fab5dfeedd,accidentes_raw_dgt,2026-05-09 20:40:11
2019,Álava,11,Viernes,21,Travesía,Otro,Colisión por alcance,Granizo,Noche sin iluminación,1,0,0,1,2019-11-01,otro,colision por alcance,granizo,noche sin iluminacion,travesia,5e61b431f3823da05836b2139f9a811c3cc078153ba1853b44519879b7d64af4,accidentes_raw_dgt,2026-05-09 20:40:11
2019,Álava,11,Sábado,13,Travesía,Otro,Choque obstáculo lateral,Granizo,Pleno día,1,0,0,1,2019-11-01,otro,choque obstaculo lateral,granizo,pleno dia,travesia,b123f95a5578ac2ffb571adb3fd60b023e925128d1ef5bf917a73a8fa3d136a4,accidentes_raw_dgt,2026-05-09 20:40:11
2019,Álava,11,Lunes,19,Travesía,Otro,Choque obstáculo lateral,Buen tiempo,Noche sin iluminación,1,0,0,1,2019-11-01,otro,choque obstaculo lateral,buen tiempo,noche sin iluminacion,travesia,39e18a493b913441c12fac89a09f24958e5da0ff6f3300c80c5359f36e3223aa,accidentes_raw_dgt,2026-05-09 20:40:11
2019,Álava,11,Lunes,19,Travesía,Otro,Colisión frontolateral,Buen tiempo,Pleno día,1,0,0,1,2019-11-01,otro,colision frontolateral,buen tiempo,pleno dia,travesia,a5ccb1c538e34663a658b1be28b16455ee5285efb10e6f1d4caba1f69ec9782b,accidentes_raw_dgt,2026-05-09 20:40:11
2019,Álava,11,Lunes,13,Travesía,Otro,Colisión frontolateral,Nieve,Pleno día,1,0,0,1,2019-11-01,otro,colision frontolateral,nieve,pleno dia,travesia,9284d61c8c2ba62b951d501629da26c029eb067c27241a0e4e18d98f702c752e,accidentes_raw_dgt,2026-05-09 20:40:11
2019,Álava,11,Martes,18,Travesía,Otro,Colisión frontolateral,Buen tiempo,Pleno día,1,0,1,0,2019-11-01,otro,colision frontolateral,buen tiempo,pleno dia,travesia,1bee34b6262a7777362f96e3dd5635764e820f97bab9772f492397774a38d74a,accidentes_raw_dgt,2026-05-09 20:40:11
2019,Álava,11,Miércoles,11,Travesía,Otro,Objeto desprendido,Buen tiempo,Pleno día,1,0,0,1,2019-11-01,otro,objeto desprendido,buen tiempo,pleno dia,travesia,28ac593455c7f44e49e0e5fb2b130739cd8aed87c15e4d79eb2fc69c47649360,accidentes_raw_dgt,2026-05-09 20:40:11
2019,Álava,11,Miércoles,14,Travesía,Otro,Colisión frontolateral,Buen tiempo,Pleno día,1,0,1,0,2019-11-01,otro,colision frontolateral,buen tiempo,pleno dia,travesia,b9dafef03fc90f65d4f9efd71ce73bb7a024381eea09b5f909a977bd0d8d1fa4,accidentes_raw_dgt,2026-05-09 20:40:11