AÑO,PROVINCIA,MES,DIA_SEMANA,HORA,ZONA,TIPO_VIA,TIPO_ACCIDENTE,CONDICION_METEO,CONDICION_ILUMINACION,TOTAL_VICTIMAS,FALLECIDOS_24H,HERIDOS_GRAVES,HERIDOS_LEVES,FECHA_ACCIDENTE,TIPO_VIA_NORM,TIPO_ACCIDENTE_NORM,CONDICION_METEO_NORM,CONDICION_ILUMINACION_NORM,ZONA_NORM,ID_ACCIDENTE_HASH,source_id,load_timestamp
2019,Álava,11,Miércoles,18,Travesía,Otro,Choque obstáculo lateral,Buen tiempo,Noche sin iluminación,1,0,0,1,2019-11-01,otro,choque obstaculo lateral,buen tiempo,noche sin iluminacion,travesia,953815689985e39a762284426cd5884050ea56b7001aa332b18d44d8df0ba478,accidentes_raw_dgt,2026-05-09 20:40:11
2019,Álava,1,Miércoles,17,Travesía,Otro,Objeto desprendido,Granizo,Pleno día,1,0,0,1,2019-01-01,otro,objeto desprendido,granizo,pleno dia,travesia,c4ed8e89485d94f74489c8120a6734bb7a9ebdd906328e22a7d89a79be6513cf,accidentes_raw_dgt,2026-05-09 20:40:11
2019,Álava,11,Jueves,14,Travesía,Otro,Choque obstáculo lateral,Buen tiempo,Pleno día,1,0,0,1,2019-11-01,otro,choque obstaculo lateral,buen tiempo,pleno dia,travesia,4779bc407343d916c5a4f6a996174046419bdd87ce6c609054dc8788b3dfc233,accidentes_raw_dgt,2026-05-09 20:40:11
2019,Álava,11,Viernes,9,Travesía,Otro,Choque obstáculo calzada,Granizo,Pleno día,1,0,0,1,2019-11-01,otro,choque obstaculo calzada,granizo,pleno dia,travesia,b50d427a71ef5f98a1bdd4335b71d381dc6a3e937d899f87b92af24121bb9579,accidentes_raw_dgt,2026-05-09 20:40:11
2019,Álava,11,Domingo,18,Travesía,Otro,Choque obstáculo lateral,Buen tiempo,Noche sin iluminación,2,0,0,2,2019-11-01,otro,choque obstaculo lateral,buen tiempo,noche sin iluminacion,travesia,728bf33aab1d32d4dca8fcc6a020d8baeb6b9910104541aa68c2d408154734fc,accidentes_raw_dgt,2026-05-09 20:40:11
2019,Álava,11,Lunes,13,Travesía,Otro,Colisión frontolateral,Buen tiempo,Pleno día,1,0,0,1,2019-11-01,otro,colision frontolateral,buen tiempo,pleno dia,travesia,7e07ae1a0cd3da38f7e619aacacec577992e62944683b47726c201890e98d2a3,accidentes_raw_dgt,2026-05-09 20:40:11
2019,Álava,11,Lunes,7,Travesía,Otro,Objeto desprendido,Buen tiempo,Noche sin iluminación,1,0,0,1,2019-11-01,otro,objeto desprendido,buen tiempo,noche sin iluminacion,travesia,b312d5fbcfab403a28f259ab3d2b333ae2412727528b63ae3c032be535410ed5,accidentes_raw_dgt,2026-05-09 20:40:11
2019,Álava,11,Martes,19,Travesía,Otro,Choque obstáculo lateral,Granizo,Noche sin iluminación,1,0,0,1,2019-11-01,otro,choque obstaculo lateral,granizo,noche sin iluminacion,travesia,b5a9ede9a93528be3e12c5665c179c2dc0e2648aa6f1b1650f3715e56dad8bec,accidentes_raw_dgt,2026-05-09 20:40:11
2019,Álava,11,Martes,19,Travesía,Otro,Atropello a peatón,Otro,Noche sin iluminación,1,0,0,1,2019-11-01,otro,atropello a peaton,otro,noche sin iluminacion,travesia,1a5659493256d9eb296edea686b14dfd94116d21c8ab25ec0ca46a46f617067e,accidentes_raw_dgt,2026-05-09 20:40:11
2019,Álava,1,Jueves,18,Travesía,Otro,Colisión frontolateral,Granizo,Noche sin iluminación,1,0,0,1,2019-01-01,otro,colision frontolateral,granizo,noche sin iluminacion,travesia,51054b8a03281fd02034378a5570ae0c970fb1d5d64246e0eb981481c228c108,accidentes_raw_dgt,2026-05-09 20:40:11
2019,Álava,11,Miércoles,14,Travesía,Otro,Colisión frontolateral,Buen tiempo,Pleno día,1,0,0,1,2019-11-01,otro,colision frontolateral,buen tiempo,pleno dia,travesia,85e36899399df701301f6741ffab57962a14326584b6f082ae0e87d90e492fd4,accidentes_raw_dgt,2026-05-09 20:40:11
2019,Álava,11,Miércoles,14,Travesía,Otro,Choque obstáculo lateral,Buen tiempo,Pleno día,1,0,0,1,2019-11-01,otro,choque obstaculo lateral,buen tiempo,pleno dia,travesia,df156e8465ff477c90a1393a0ab5947e448ed696ac0d3ea982480f5c237a29e1,accidentes_raw_dgt,2026-05-09 20:40:11
2019,Álava,11,Viernes,15,Travesía,Otro,Colisión frontolateral,Buen tiempo,Pleno día,2,0,1,1,2019-11-01,otro,colision frontolateral,buen tiempo,pleno dia,travesia,73c2e083e4e933fc3ba76abc2bd6aea80c838c172e7db94ea473c9be4e07b2d7,accidentes_raw_dgt,2026-05-09 20:40:11
2019,Álava,11,Viernes,7,Travesía,Otro,Colisión lateral,Buen tiempo,Pleno día,1,0,0,1,2019-11-01,otro,colision lateral,buen tiempo,pleno dia,travesia,e0e3fcdfb0803ca538910c12042cb6232acb9e3c6db8908524aea6ed560e5334,accidentes_raw_dgt,2026-05-09 20:40:11
2019,Álava,11,Viernes,21,Travesía,Otro,Colisión por alcance,Buen tiempo,Noche sin iluminación,1,0,0,1,2019-11-01,otro,colision por alcance,buen tiempo,noche sin iluminacion,travesia,bff3992c1d4f9aa5a7945023e32989d83c60ae06b21fd37904de6dbfd67694a3,accidentes_raw_dgt,2026-05-09 20:40:11
2019,Álava,11,Viernes,21,Travesía,Otro,Colisión frontolateral,Buen tiempo,Noche sin iluminación,1,0,0,1,2019-11-01,otro,colision frontolateral,buen tiempo,noche sin iluminacion,travesia,2f74d62c5e51079f4e0db990f3a44137f37b268c0f159b661420dbf203df0373,accidentes_raw_dgt,2026-05-09 20:40:11
2019,Álava,12,Domingo,7,Travesía,Otro,Colisión frontolateral,Buen tiempo,Noche sin iluminación,1,0,0,1,2019-12-01,otro,colision frontolateral,buen tiempo,noche sin iluminacion,travesia,6e8d1a943f129896827384a699a11a6bc83d13ab6b8667763df327c8b2a9b500,accidentes_raw_dgt,2026-05-09 20:40:11
2019,Álava,12,Lunes,11,Travesía,Otro,Colisión frontolateral,Buen tiempo,Pleno día,1,0,1,0,2019-12-01,otro,colision frontolateral,buen tiempo,pleno dia,travesia,ee1a7173778d6b708b4e532f6b997fcd54053fada5b6315886211257c04aed2d,accidentes_raw_dgt,2026-05-09 20:40:11
2019,Álava,12,Lunes,14,Travesía,Otro,Colisión frontolateral,Buen tiempo,Pleno día,2,0,0,2,2019-12-01,otro,colision frontolateral,buen tiempo,pleno dia,travesia,a8443b1426652157edc23a7c54fb7ad2c7643b5d8c431ceb54bc29341faf7e7c,accidentes_raw_dgt,2026-05-09 20:40:11
2019,Álava,12,Lunes,14,Travesía,Otro,Choque obstáculo lateral,Granizo,Pleno día,1,0,0,1,2019-12-01,otro,choque obstaculo lateral,granizo,pleno dia,travesia,b064bdba191139689139124101c1c39926326a9b221bd8dfcd603f065c3dc3b8,accidentes_raw_dgt,2026-05-09 20:40:11
2019,Álava,12,Lunes,20,Travesía,Otro,Colisión frontolateral,Granizo,Noche sin iluminación,1,0,0,1,2019-12-01,otro,colision frontolateral,granizo,noche sin iluminacion,travesia,f53f2fb9b99180ea02b1f345b6c862e6bdde16e3b82a6886be0234d09a0e1645,accidentes_raw_dgt,2026-05-09 20:40:11
2019,Álava,12,Martes,14,Travesía,Otro,Colisión frontolateral,Buen tiempo,Pleno día,2,0,0,2,2019-12-01,otro,colision frontolateral,buen tiempo,pleno dia,travesia,ffd560d182369b08a8b3ed35cfa5ee3cc50b5b5f093ece3139181709813896c3,accidentes_raw_dgt,2026-05-09 20:40:11
2019,Álava,12,Martes,21,Travesía,Otro,Colisión frontolateral,Buen tiempo,Noche sin iluminación,1,0,0,1,2019-12-01,otro,colision frontolateral,buen tiempo,noche sin iluminacion,travesia,21eb478c997305f06e5e0d043d3ec5acc63a85938da69e14f239f34a8348fc54,accidentes_raw_dgt,2026-05-09 20:40:11
2019,Álava,12,Miércoles,13,Travesía,Otro,Choque obstáculo lateral,Buen tiempo,Pleno día,1,0,0,1,2019-12-01,otro,choque obstaculo lateral,buen tiempo,pleno dia,travesia,aaf57ee8c549ef3df8a07abf3a0df0f028e402399ad27aaec710c17aa78d408f,accidentes_raw_dgt,2026-05-09 20:40:11
2019,Álava,12,Viernes,17,Travesía,Otro,Choque obstáculo calzada,Buen tiempo,Pleno día,1,0,0,1,2019-12-01,otro,choque obstaculo calzada,buen tiempo,pleno dia,travesia,5904c93073387f898f4f339094d4bad7043b6440519debb01b2867939661ded2,accidentes_raw_dgt,2026-05-09 20:40:11
2019,Álava,2,Viernes,20,Travesía,Otro,Colisión frontolateral,Buen tiempo,Noche sin iluminación,2,0,0,2,2019-02-01,otro,colision frontolateral,buen tiempo,noche sin iluminacion,travesia,dae40fcfed8e9ce405c3e0e207ba4781acb0a6a55a527f591b6b2b442f8cbbc5,accidentes_raw_dgt,2026-05-09 20:40:11
2019,Álava,12,Lunes,12,Travesía,Otro,Colisión lateral,Buen tiempo,Pleno día,1,0,0,1,2019-12-01,otro,colision lateral,buen tiempo,pleno dia,travesia,68e1e435db6ab43fd38ae5df6c6a03b50a5c9c6290f4691e1b670a786c0ebe12,accidentes_raw_dgt,2026-05-09 20:40:11
2019,Álava,12,Martes,7,Travesía,Otro,Colisión frontolateral,Buen tiempo,Pleno día,1,0,0,1,2019-12-01,otro,colision frontolateral,buen tiempo,pleno dia,travesia,e133553ea138da0438f229cc2273c76d2e44c23a1dcc98a8e7a0d1780a3a65cc,accidentes_raw_dgt,2026-05-09 20:40:11
2019,Álava,12,Martes,9,Travesía,Otro,Colisión múltiple,Buen tiempo,Pleno día,1,0,0,1,2019-12-01,otro,colision multiple,buen tiempo,pleno dia,travesia,6d094db49a6e224278dd87d28835b66af6d2db257522e22c105b829cf368af98,accidentes_raw_dgt,2026-05-09 20:40:11
2019,Álava,12,Martes,13,Travesía,Otro,Colisión frontal,Buen tiempo,Pleno día,1,0,0,1,2019-12-01,otro,colision frontal,buen tiempo,pleno dia,travesia,828bb918957379a792e06807bcd291daf3c1efaa51325f32d2fc7e3280f1b983,accidentes_raw_dgt,2026-05-09 20:40:11
2019,Álava,12,Jueves,10,Travesía,Otro,Choque obstáculo lateral,Buen tiempo,Pleno día,1,0,1,0,2019-12-01,otro,choque obstaculo lateral,buen tiempo,pleno dia,travesia,fb335e8fd0f8aed3eb6ffedd7fca08259d3f25bb14066536c978fbc96c4f75fd,accidentes_raw_dgt,2026-05-09 20:40:11
2019,Álava,12,Jueves,12,Travesía,Otro,Colisión frontolateral,Granizo,Pleno día,1,0,0,1,2019-12-01,otro,colision frontolateral,granizo,pleno dia,travesia,4d0198f4905a08812518045d62dd366a485d24e9e070ce9fc9a34abf4e5af6bd,accidentes_raw_dgt,2026-05-09 20:40:11
2019,Álava,12,Jueves,17,Travesía,Otro,Choque obstáculo lateral,Nieve,Pleno día,1,0,1,0,2019-12-01,otro,choque obstaculo lateral,nieve,pleno dia,travesia,b1e92fe0fa7edab2161fa5090a65e065425f6ead93e1152013b1ba77b471494c,accidentes_raw_dgt,2026-05-09 20:40:11
2019,Álava,12,Jueves,10,Travesía,Otro,Colisión frontolateral,Granizo,Pleno día,2,0,0,2,2019-12-01,otro,colision frontolateral,granizo,pleno dia,travesia,3033cf66fa728da7a2940d823aad8118fb40687ebfad1147c313478b2baafe4b,accidentes_raw_dgt,2026-05-09 20:40:11
2019,Álava,12,Viernes,17,Travesía,Otro,Colisión por alcance,Buen tiempo,Pleno día,1,0,0,1,2019-12-01,otro,colision por alcance,buen tiempo,pleno dia,travesia,5538e771949ffec150f6e8260b2e3801236c7373ed62c22a3f82dc0071265cc4,accidentes_raw_dgt,2026-05-09 20:40:11
2019,Álava,12,Viernes,8,Travesía,Otro,Choque obstáculo lateral,Granizo,Noche sin iluminación,1,0,0,1,2019-12-01,otro,choque obstaculo lateral,granizo,noche sin iluminacion,travesia,8a8b2d66735ed03d0841027e42d38806eedd8e5bd5da54270f958a55d509091f,accidentes_raw_dgt,2026-05-09 20:40:11
2019,Álava,12,Sábado,20,Travesía,Otro,Colisión frontolateral,Buen tiempo,Noche sin iluminación,1,0,0,1,2019-12-01,otro,colision frontolateral,buen tiempo,noche sin iluminacion,travesia,ad8fa913d25b3970c6efa8ca504da8ba670ce2a9cf012d399b71924deb483d3f,accidentes_raw_dgt,2026-05-09 20:40:11
2019,Álava,12,Domingo,1,Travesía,Otro,Colisión frontolateral,Buen tiempo,Noche sin iluminación,1,0,0,1,2019-12-01,otro,colision frontolateral,buen tiempo,noche sin iluminacion,travesia,6953c2a883537cc80135516935de542987c2cd76f94d8cbf2ad004d7bf4c6195,accidentes_raw_dgt,2026-05-09 20:40:11
2019,Álava,12,Lunes,20,Travesía,Otro,Otro tipo,Otro,Noche sin iluminación,1,0,0,1,2019-12-01,otro,otro tipo,otro,noche sin iluminacion,travesia,b471aeea26820f379ea5ca12029f2788ef4eee3f833e6633e5dd4bccda9e0d3f,accidentes_raw_dgt,2026-05-09 20:40:11
2019,Álava,12,Martes,8,Travesía,Otro,Colisión frontolateral,Buen tiempo,Pleno día,2,0,0,2,2019-12-01,otro,colision frontolateral,buen tiempo,pleno dia,travesia,4652614c4d8778e57a970722f142d832798c133a14b1232a92ffe26a0e98919e,accidentes_raw_dgt,2026-05-09 20:40:11
2019,Álava,12,Martes,19,Travesía,Otro,Colisión por alcance,Buen tiempo,Pleno día,3,0,0,3,2019-12-01,otro,colision por alcance,buen tiempo,pleno dia,travesia,fbb2a73b0bacf3953186a92029e3e9b130373a9ff1449407e6125b3481f4f0ca,accidentes_raw_dgt,2026-05-09 20:40:11
2019,Álava,10,Lunes,8,Travesía,Otro,Colisión frontolateral,Buen tiempo,Pleno día,1,0,0,1,2019-10-01,otro,colision frontolateral,buen tiempo,pleno dia,travesia,46d4c7c3285e2d04cbf9d55aa79142a277c48372a71c1455971363f2b8f8ed67,accidentes_raw_dgt,2026-05-09 20:40:11
2019,Álava,12,Miércoles,12,Travesía,Otro,Colisión frontolateral,Buen tiempo,Pleno día,1,0,0,1,2019-12-01,otro,colision frontolateral,buen tiempo,pleno dia,travesia,debc96817a3523d6f3cde58b00abaf6480477744625d0b1f4e406e644ae1763b,accidentes_raw_dgt,2026-05-09 20:40:11
2019,Álava,12,Martes,16,Travesía,Otro,Colisión frontolateral,Buen tiempo,Pleno día,1,0,0,1,2019-12-01,otro,colision frontolateral,buen tiempo,pleno dia,travesia,e6d3cee8c029277da8d978deb058e43540a640414845b2f1c9ffe75f64f8d8be,accidentes_raw_dgt,2026-05-09 20:40:11
2019,Álava,12,Miércoles,16,Travesía,Otro,Colisión múltiple,Buen tiempo,Pleno día,1,0,0,1,2019-12-01,otro,colision multiple,buen tiempo,pleno dia,travesia,7f5642cd0c851c48e5dfbd492e1cdee9a93cba81b38677376437c6587b3af95e,accidentes_raw_dgt,2026-05-09 20:40:11
2019,Álava,12,Jueves,17,Travesía,Otro,Choque obstáculo lateral,Granizo,Pleno día,1,0,0,1,2019-12-01,otro,choque obstaculo lateral,granizo,pleno dia,travesia,eef79a6a04f78a54832c8891ed83f4863850ec0a7d9807e9b6ac208d23a1e59c,accidentes_raw_dgt,2026-05-09 20:40:11
2019,Álava,12,Jueves,21,Travesía,Otro,Colisión por alcance,Granizo,Noche sin iluminación,1,0,0,1,2019-12-01,otro,colision por alcance,granizo,noche sin iluminacion,travesia,084917af148384c1e8396addcec2fca2a9f2c3918cad9676e12cdaad7dc7dfb2,accidentes_raw_dgt,2026-05-09 20:40:11
2019,Álava,12,Jueves,10,Travesía,Otro,Choque obstáculo lateral,Buen tiempo,Pleno día,1,0,1,0,2019-12-01,otro,choque obstaculo lateral,buen tiempo,pleno dia,travesia,b22eb34537f6f6753da6e0dc05713be0ccc35ef12dae0f6bf19b5206d373af33,accidentes_raw_dgt,2026-05-09 20:40:11
2019,Álava,2,Sábado,21,Travesía,Otro,Choque obstáculo lateral,Viento fuerte,Noche sin iluminación,1,0,0,1,2019-02-01,otro,choque obstaculo lateral,viento fuerte,noche sin iluminacion,travesia,835cc509d6d86a3a287de70581b43415aee21309f2dfd9533df5f563f37e3b22,accidentes_raw_dgt,2026-05-09 20:40:11
2019,Álava,12,Viernes,11,Travesía,Otro,Choque obstáculo lateral,Buen tiempo,Pleno día,1,0,0,1,2019-12-01,otro,choque obstaculo lateral,buen tiempo,pleno dia,travesia,2f1d593cd98cb5bf81eb9d880221122342784ac5fb7f41f2b137006bafc92e39,accidentes_raw_dgt,2026-05-09 20:40:11
2019,Álava,12,Viernes,19,Travesía,Otro,Choque obstáculo lateral,Nieve,Noche sin iluminación,1,0,0,1,2019-12-01,otro,choque obstaculo lateral,nieve,noche sin iluminacion,travesia,339d9d13edbaa267cb977f39e0a9da194e07c1dc9ec3a2567eec6f45776e3018,accidentes_raw_dgt,2026-05-09 20:40:11
2019,Álava,12,Viernes,14,Travesía,Otro,Colisión por alcance,Granizo,Pleno día,1,0,0,1,2019-12-01,otro,colision por alcance,granizo,pleno dia,travesia,40a7ae9a07a94bf510c89d41b034787f768cc960e7471746dec613c8c6287c11,accidentes_raw_dgt,2026-05-09 20:40:11
2019,Álava,12,Viernes,20,Travesía,Otro,Choque obstáculo lateral,Nieve,Pleno día,1,0,0,1,2019-12-01,otro,choque obstaculo lateral,nieve,pleno dia,travesia,d6420a4ee44bc345c7bf3a2efbab98e08a4727016df8e8d6bb8375d0a23a8c72,accidentes_raw_dgt,2026-05-09 20:40:11
2019,Álava,12,Sábado,13,Travesía,Otro,Objeto desprendido,Buen tiempo,Pleno día,1,0,0,1,2019-12-01,otro,objeto desprendido,buen tiempo,pleno dia,travesia,16b30490a644117a249c2018f31f7d29d2848c8bd43956a895f9bcd649f3ff9c,accidentes_raw_dgt,2026-05-09 20:40:11
2019,Álava,12,Domingo,19,Travesía,Otro,Colisión múltiple,Otro,Noche sin iluminación,3,0,0,3,2019-12-01,otro,colision multiple,otro,noche sin iluminacion,travesia,ce7d916f3b5c6edb421222b8e3b4c69f21bcdd5c38bac9e8a2751f55d865b9dc,accidentes_raw_dgt,2026-05-09 20:40:11
2019,Álava,2,Domingo,6,Travesía,Otro,Se desconoce,Viento fuerte,Noche sin iluminación,1,0,0,1,2019-02-01,otro,se desconoce,viento fuerte,noche sin iluminacion,travesia,98964da49d0a98402ed3d2d37b3350cf0aa346f522f8f1feb6b01cd680bc9455,accidentes_raw_dgt,2026-05-09 20:40:11
2019,Álava,12,Lunes,17,Travesía,Otro,Choque obstáculo lateral,Buen tiempo,Pleno día,1,0,0,1,2019-12-01,otro,choque obstaculo lateral,buen tiempo,pleno dia,travesia,3658d7fa3c43456f3c9c87db0490e872039516e6375336254560167cc3db2ea2,accidentes_raw_dgt,2026-05-09 20:40:11
2019,Álava,12,Lunes,20,Travesía,Otro,Objeto desprendido,Buen tiempo,Noche sin iluminación,3,0,0,3,2019-12-01,otro,objeto desprendido,buen tiempo,noche sin iluminacion,travesia,c24cf8d31cf7e596ba052b7ed00f169b1c2bafb941b01e277910a1c8263c3e89,accidentes_raw_dgt,2026-05-09 20:40:11
2019,Álava,12,Lunes,20,Travesía,Otro,Colisión por alcance,Buen tiempo,Noche sin iluminación,1,0,0,1,2019-12-01,otro,colision por alcance,buen tiempo,noche sin iluminacion,travesia,51cfe39433c33d8144a4d4663e3834ca238ce78c5e38335c96a9301c5960ac0e,accidentes_raw_dgt,2026-05-09 20:40:11
2019,Álava,12,Martes,21,Travesía,Otro,Choque obstáculo lateral,Buen tiempo,Noche sin iluminación,2,0,1,1,2019-12-01,otro,choque obstaculo lateral,buen tiempo,noche sin iluminacion,travesia,0aa598c735f77296910c9b61658e9411d38061dc817b9e35b5ea4867d83f7603,accidentes_raw_dgt,2026-05-09 20:40:11
2019,Álava,12,Martes,14,Travesía,Otro,Colisión frontal,Buen tiempo,Pleno día,1,0,0,1,2019-12-01,otro,colision frontal,buen tiempo,pleno dia,travesia,3cb65cad26f0a517866e06dcba59afa4a5eadf832404e0e17c707b928825c144,accidentes_raw_dgt,2026-05-09 20:40:11
2019,Álava,12,Miércoles,7,Travesía,Otro,Salida vía izquierda,Buen tiempo,Noche sin iluminación,1,0,0,1,2019-12-01,otro,salida via izquierda,buen tiempo,noche sin iluminacion,travesia,3837e1aa083f578c9179bdd9e3b2b0ebe980361d800f99637c7b331c29a26e87,accidentes_raw_dgt,2026-05-09 20:40:11
2019,Álava,12,Domingo,18,Travesía,Otro,Choque obstáculo lateral,Buen tiempo,Noche sin iluminación,1,0,0,1,2019-12-01,otro,choque obstaculo lateral,buen tiempo,noche sin iluminacion,travesia,759b87b87ba0c0c701d14eb2e6e31560929e93591537818856d079634ee1bb68,accidentes_raw_dgt,2026-05-09 20:40:11
2019,Álava,12,Martes,14,Travesía,Otro,Colisión frontolateral,Buen tiempo,Pleno día,1,0,0,1,2019-12-01,otro,colision frontolateral,buen tiempo,pleno dia,travesia,8590ac062555493444893ec5871609dffedf8cf684d93f7533bc52ffc5611dc8,accidentes_raw_dgt,2026-05-09 20:40:11
2019,Álava,2,Lunes,5,Travesía,Otro,Choque obstáculo lateral,Buen tiempo,Noche sin iluminación,1,0,0,1,2019-02-01,otro,choque obstaculo lateral,buen tiempo,noche sin iluminacion,travesia,38879b6376fbabdc8fbfb85f6b11a296aca6de14093a54881b73528b62848d8c,accidentes_raw_dgt,2026-05-09 20:40:11
2019,Álava,2,Lunes,6,Travesía,Otro,Colisión frontal,Buen tiempo,Pleno día,1,0,0,1,2019-02-01,otro,colision frontal,buen tiempo,pleno dia,travesia,aaf5060b9517ba4f550ee34a7f3ed7b05b6e5100a523d3e0aae05bf4f8f7ec34,accidentes_raw_dgt,2026-05-09 20:40:11
2019,Álava,2,Viernes,16,Travesía,Otro,Objeto desprendido,Buen tiempo,Pleno día,1,0,0,1,2019-02-01,otro,objeto desprendido,buen tiempo,pleno dia,travesia,dff17949eb4f9ecd9361bb97c38a9404f3d034565e5d4395f073c0c367b5ea0b,accidentes_raw_dgt,2026-05-09 20:40:11
2019,Álava,2,Lunes,6,Travesía,Otro,Objeto desprendido,Buen tiempo,Pleno día,1,0,0,1,2019-02-01,otro,objeto desprendido,buen tiempo,pleno dia,travesia,fbe10beedf9d29cf53137ba38859ffd1dbe7642cedb7ef0a102a3ab109b47842,accidentes_raw_dgt,2026-05-09 20:40:11
2019,Álava,2,Lunes,8,Travesía,Otro,Atropello a peatón,Otro,Noche sin iluminación,1,0,0,1,2019-02-01,otro,atropello a peaton,otro,noche sin iluminacion,travesia,72805ff7c0f210f3aa6e66f3f208974437611c64a2393f4e7edfef47d8e140a7,accidentes_raw_dgt,2026-05-09 20:40:11
2019,Álava,2,Lunes,8,Travesía,Otro,Atropello a peatón,Otro,Noche sin iluminación,1,0,0,1,2019-02-01,otro,atropello a peaton,otro,noche sin iluminacion,travesia,70d432707ec2478670d5b36a95d5b1000cb9c3ef6ea1fb7be14b060775723d03,accidentes_raw_dgt,2026-05-09 20:40:11
2019,Álava,2,Viernes,20,Travesía,Otro,Objeto desprendido,Buen tiempo,Noche sin iluminación,1,0,0,1,2019-02-01,otro,objeto desprendido,buen tiempo,noche sin iluminacion,travesia,2c3f699f4b5f7734ed802c0b52f27f670772ddff9d4b875c6d1b7c2f09f728a0,accidentes_raw_dgt,2026-05-09 20:40:11
2019,Álava,2,Lunes,15,Travesía,Otro,Colisión frontolateral,Buen tiempo,Pleno día,1,0,0,1,2019-02-01,otro,colision frontolateral,buen tiempo,pleno dia,travesia,55c8079ac96c6a4f6a94e3460c79e4006d62374cce6e9fc8b281938a3abc7627,accidentes_raw_dgt,2026-05-09 20:40:11
2019,Álava,2,Miércoles,8,Travesía,Otro,Colisión frontolateral,Buen tiempo,Noche sin iluminación,1,0,0,1,2019-02-01,otro,colision frontolateral,buen tiempo,noche sin iluminacion,travesia,ba9c5622470525f1bbed5f36077631df5089db3ad0d79e9782078a681c0dac09,accidentes_raw_dgt,2026-05-09 20:40:11
2019,Álava,2,Miércoles,16,Travesía,Otro,Choque obstáculo lateral,Buen tiempo,Pleno día,1,0,0,1,2019-02-01,otro,choque obstaculo lateral,buen tiempo,pleno dia,travesia,926a7fc32c08e49183ba9969eb0fe284d7572a79934f3da12dcb26458777091d,accidentes_raw_dgt,2026-05-09 20:40:11
2019,Álava,2,Miércoles,22,Travesía,Otro,Colisión frontolateral,Buen tiempo,Noche sin iluminación,1,0,0,1,2019-02-01,otro,colision frontolateral,buen tiempo,noche sin iluminacion,travesia,fe50b64954720ccb97ff36a6bd105b6c6018565eea17352a8e1c095204ff4e62,accidentes_raw_dgt,2026-05-09 20:40:11
2019,Álava,2,Viernes,10,Travesía,Otro,Colisión frontolateral,Buen tiempo,Pleno día,2,0,0,2,2019-02-01,otro,colision frontolateral,buen tiempo,pleno dia,travesia,25b7c81e770034aeda70db74af0fb638beca992d2a535641e6313f38b9665016,accidentes_raw_dgt,2026-05-09 20:40:11
2019,Álava,2,Viernes,22,Travesía,Otro,Choque obstáculo lateral,Buen tiempo,Noche sin iluminación,1,0,0,1,2019-02-01,otro,choque obstaculo lateral,buen tiempo,noche sin iluminacion,travesia,c0d2d188feaa1562d9a1ca041b28896773ad5cf55793d9c056a2ece46eb3667a,accidentes_raw_dgt,2026-05-09 20:40:11
2019,Álava,2,Domingo,20,Travesía,Otro,Atropello a peatón,Granizo,Noche sin iluminación,1,0,0,1,2019-02-01,otro,atropello a peaton,granizo,noche sin iluminacion,travesia,40fb7164e459a38813f304e3b45db2b074be149818924e46fdc49cc38a3e4955,accidentes_raw_dgt,2026-05-09 20:40:11
2019,Álava,2,Lunes,8,Travesía,Otro,Colisión por alcance,Buen tiempo,Pleno día,1,0,0,1,2019-02-01,otro,colision por alcance,buen tiempo,pleno dia,travesia,8c004c94eb689b3765ccb51f03e1aa3392f46c6852196c8602b7ee6fc0c9d7de,accidentes_raw_dgt,2026-05-09 20:40:11
2019,Álava,2,Lunes,18,Travesía,Otro,Choque obstáculo lateral,Buen tiempo,Noche sin iluminación,1,0,0,1,2019-02-01,otro,choque obstaculo lateral,buen tiempo,noche sin iluminacion,travesia,abbb9233cee3e720b2a86acf4ad04e51a670a7e762f301f0fc5b64b8794c30cd,accidentes_raw_dgt,2026-05-09 20:40:11
2019,Álava,2,Martes,11,Travesía,Otro,Choque obstáculo lateral,Buen tiempo,Pleno día,1,0,0,1,2019-02-01,otro,choque obstaculo lateral,buen tiempo,pleno dia,travesia,3292bef42975c0ab63a2e9ab72143d6e2658dbd6e81a28cb9cf7618ff906c978,accidentes_raw_dgt,2026-05-09 20:40:11
2019,Álava,2,Martes,14,Travesía,Otro,Colisión frontolateral,Buen tiempo,Pleno día,1,0,0,1,2019-02-01,otro,colision frontolateral,buen tiempo,pleno dia,travesia,864995ea35b82212a9a2d456a3f89833f24651c4e5ebc21c18476a9afb065035,accidentes_raw_dgt,2026-05-09 20:40:11
2019,Álava,2,Jueves,15,Travesía,Otro,Choque obstáculo lateral,Buen tiempo,Pleno día,2,0,0,2,2019-02-01,otro,choque obstaculo lateral,buen tiempo,pleno dia,travesia,462c39f8e9bbf461369150222f7493055e67079106a1a721824544b113519bf3,accidentes_raw_dgt,2026-05-09 20:40:11
2019,Álava,1,Sábado,21,Travesía,Otro,Objeto desprendido,Buen tiempo,Noche sin iluminación,1,0,0,1,2019-01-01,otro,objeto desprendido,buen tiempo,noche sin iluminacion,travesia,83cf8b609de60036a8277bd0e96135751bbc07eb234256d4b65b893360651bf2,accidentes_raw_dgt,2026-05-09 20:40:11
2019,Álava,2,Viernes,16,Travesía,Otro,Colisión por alcance,Buen tiempo,Pleno día,2,0,0,2,2019-02-01,otro,colision por alcance,buen tiempo,pleno dia,travesia,40510175845988f13f6162ed8526f0b09f73384467fa855e1e79b44a56562a58,accidentes_raw_dgt,2026-05-09 20:40:11