AÑO,PROVINCIA,MES,DIA_SEMANA,HORA,ZONA,TIPO_VIA,TIPO_ACCIDENTE,CONDICION_METEO,CONDICION_ILUMINACION,TOTAL_VICTIMAS,FALLECIDOS_24H,HERIDOS_GRAVES,HERIDOS_LEVES,FECHA_ACCIDENTE,TIPO_VIA_NORM,TIPO_ACCIDENTE_NORM,CONDICION_METEO_NORM,CONDICION_ILUMINACION_NORM,ZONA_NORM,ID_ACCIDENTE_HASH,source_id,load_timestamp
2019,Álava,2,Sábado,21,Travesía,Otro,Colisión frontolateral,Buen tiempo,Noche sin iluminación,1,0,0,1,2019-02-01,otro,colision frontolateral,buen tiempo,noche sin iluminacion,travesia,fe675fe7aaee830b6fed09b64e034f84dcbdaeb429d9cccd4ebb90e15af8dd71,accidentes_raw_dgt,2026-05-09 20:40:11
2019,Álava,2,Domingo,1,Travesía,Otro,Choque obstáculo calzada,Buen tiempo,Noche sin iluminación,1,0,0,1,2019-02-01,otro,choque obstaculo calzada,buen tiempo,noche sin iluminacion,travesia,b281bc2c616cb3c3a097215fdc9397ae87e6e06b156cc34e656be7a1a9ce8839,accidentes_raw_dgt,2026-05-09 20:40:11
2019,Álava,2,Sábado,23,Travesía,Otro,Choque obstáculo lateral,Buen tiempo,Noche sin iluminación,1,0,1,0,2019-02-01,otro,choque obstaculo lateral,buen tiempo,noche sin iluminacion,travesia,8c9a013ab70c0434313e3e881c310b9ff24aff1075255ceede3f2c239c231623,accidentes_raw_dgt,2026-05-09 20:40:11
2019,Álava,1,Domingo,14,Travesía,Otro,Colisión por alcance,Buen tiempo,Pleno día,1,0,0,1,2019-01-01,otro,colision por alcance,buen tiempo,pleno dia,travesia,75992a5ac67ff644d3063976c2effd10bdd93fcc109798e3d5c1acf2e530d01a,accidentes_raw_dgt,2026-05-09 20:40:11
2019,Álava,2,Lunes,12,Travesía,Otro,Choque obstáculo calzada,Buen tiempo,Pleno día,1,0,0,1,2019-02-01,otro,choque obstaculo calzada,buen tiempo,pleno dia,travesia,7f861bcee185de001377d79e08af62e94b1e7718e2470e08520c917f8d953602,accidentes_raw_dgt,2026-05-09 20:40:11
2019,Álava,2,Martes,17,Travesía,Otro,Colisión múltiple,Buen tiempo,Pleno día,1,0,0,1,2019-02-01,otro,colision multiple,buen tiempo,pleno dia,travesia,478c4ffb1cbcea37956a748e6c19d8eadd0a47e86f5e308d26cad39453b5d1ab,accidentes_raw_dgt,2026-05-09 20:40:11
2019,Álava,2,Miércoles,14,Travesía,Otro,Colisión por alcance,Buen tiempo,Pleno día,1,0,1,0,2019-02-01,otro,colision por alcance,buen tiempo,pleno dia,travesia,2c8b871e52d4e5f5db5ff84a82a45327e20df77edef961c4b6fa0e9c3d97ce5b,accidentes_raw_dgt,2026-05-09 20:40:11
2019,Álava,2,Viernes,20,Travesía,Otro,Choque obstáculo lateral,Buen tiempo,Pleno día,1,0,0,1,2019-02-01,otro,choque obstaculo lateral,buen tiempo,pleno dia,travesia,9aaf689fbcdfe9f64a071f9cbe28ae44193fa218e72af24456f44bed64583b4d,accidentes_raw_dgt,2026-05-09 20:40:11
2019,Álava,2,Domingo,13,Travesía,Otro,Choque obstáculo lateral,Buen tiempo,Pleno día,1,0,0,1,2019-02-01,otro,choque obstaculo lateral,buen tiempo,pleno dia,travesia,6ad4a6b1e5ea5569795e516d71909e0ce4809d9dc983d2c219144f684f816e12,accidentes_raw_dgt,2026-05-09 20:40:11
2019,Álava,2,Lunes,7,Travesía,Otro,Choque obstáculo lateral,Buen tiempo,Pleno día,1,0,0,1,2019-02-01,otro,choque obstaculo lateral,buen tiempo,pleno dia,travesia,7a5df5ffa0dec2228d90b8d0a0f1b0767b748b0a41314c123075b8289e4e053f,accidentes_raw_dgt,2026-05-09 20:40:11
2019,Álava,2,Lunes,7,Travesía,Otro,Colisión frontolateral,Buen tiempo,Pleno día,1,0,0,1,2019-02-01,otro,colision frontolateral,buen tiempo,pleno dia,travesia,3dd9c0995d54c0abd51a90f1d57b1ce77bc885fc8a7cea52dcad3c2540dda5ee,accidentes_raw_dgt,2026-05-09 20:40:11
2019,Álava,2,Lunes,10,Travesía,Otro,Colisión frontolateral,Buen tiempo,Pleno día,1,0,0,1,2019-02-01,otro,colision frontolateral,buen tiempo,pleno dia,travesia,165940940a02a187e4463ff467090930038c5af8fc26107bf301e714f599a1da,accidentes_raw_dgt,2026-05-09 20:40:11
2019,Álava,1,Lunes,14,Travesía,Otro,Choque obstáculo lateral,Buen tiempo,Pleno día,1,0,0,1,2019-01-01,otro,choque obstaculo lateral,buen tiempo,pleno dia,travesia,2ec42bc1f3e672fc1cf7fdcfc23246415dcf20f03c0d4a5bbbd92a185708f5b7,accidentes_raw_dgt,2026-05-09 20:40:11
2019,Álava,2,Martes,15,Travesía,Otro,Atropello a ciclista,Buen tiempo,Pleno día,1,0,0,1,2019-02-01,otro,atropello a ciclista,buen tiempo,pleno dia,travesia,df4865fca1f159162557359ef967f9502087f57527b0e030e139933e54f3061e,accidentes_raw_dgt,2026-05-09 20:40:11
2019,Álava,2,Martes,18,Travesía,Otro,Choque obstáculo lateral,Buen tiempo,Pleno día,1,0,1,0,2019-02-01,otro,choque obstaculo lateral,buen tiempo,pleno dia,travesia,9553627933b214db60798fe40d2b4f8497781d024f53d62dc1b12469b7d53784,accidentes_raw_dgt,2026-05-09 20:40:11
2019,Álava,2,Miércoles,10,Travesía,Otro,Choque obstáculo calzada,Buen tiempo,Pleno día,1,0,0,1,2019-02-01,otro,choque obstaculo calzada,buen tiempo,pleno dia,travesia,ef32cc5c2b7c62093d3ec4844b36a02b08bb83eee2efa6b6b5e85ad605790192,accidentes_raw_dgt,2026-05-09 20:40:11
2019,Álava,2,Miércoles,11,Travesía,Otro,Colisión por alcance,Buen tiempo,Pleno día,1,0,0,1,2019-02-01,otro,colision por alcance,buen tiempo,pleno dia,travesia,b0ab628c9e14621846c58b4eb35060ef3885253a457d2d76136716d4850bad45,accidentes_raw_dgt,2026-05-09 20:40:11
2019,Álava,2,Miércoles,18,Travesía,Otro,Colisión frontolateral,Buen tiempo,Pleno día,1,0,0,1,2019-02-01,otro,colision frontolateral,buen tiempo,pleno dia,travesia,9989a37538faecc495bbe774b30fb447a1582b8f1bc14ac88dfd84996a7b799a,accidentes_raw_dgt,2026-05-09 20:40:11
2019,Álava,2,Miércoles,20,Travesía,Otro,Colisión frontolateral,Buen tiempo,Noche sin iluminación,1,0,0,1,2019-02-01,otro,colision frontolateral,buen tiempo,noche sin iluminacion,travesia,61ab550f4c85a975cd46f8606ede483d8ee720a76f627773de1bc1dd8ce5fb35,accidentes_raw_dgt,2026-05-09 20:40:11
2019,Álava,2,Miércoles,17,Travesía,Otro,Atropello a peatón,Buen tiempo,Pleno día,1,0,0,1,2019-02-01,otro,atropello a peaton,buen tiempo,pleno dia,travesia,f296867839c8befafed32b55a7c11ab4ad14387d2434b970a55237d537bc9353,accidentes_raw_dgt,2026-05-09 20:40:11
2019,Álava,2,Miércoles,15,Travesía,Otro,Colisión frontolateral,Buen tiempo,Pleno día,1,0,0,1,2019-02-01,otro,colision frontolateral,buen tiempo,pleno dia,travesia,cdad86ca9450d1c143675a8436131cabaf55905c114fa4524bf6a9ec5662cad7,accidentes_raw_dgt,2026-05-09 20:40:11
2019,Álava,2,Martes,17,Travesía,Otro,Objeto desprendido,Buen tiempo,Pleno día,1,0,0,1,2019-02-01,otro,objeto desprendido,buen tiempo,pleno dia,travesia,f00f2e7bca65e9f8409fdb3bcddfa031664224255d7bd2f6b3de8ff11ababe20,accidentes_raw_dgt,2026-05-09 20:40:11
2019,Álava,2,Martes,16,Travesía,Otro,Choque obstáculo lateral,Buen tiempo,Pleno día,1,0,0,1,2019-02-01,otro,choque obstaculo lateral,buen tiempo,pleno dia,travesia,6629ddae3736e894e89cb4a1300a9d2c5c0fad418f8ea06a341b81f2a98bb491,accidentes_raw_dgt,2026-05-09 20:40:11
2019,Álava,3,Viernes,7,Travesía,Otro,Colisión frontolateral,Buen tiempo,Pleno día,1,0,0,1,2019-03-01,otro,colision frontolateral,buen tiempo,pleno dia,travesia,e39eef82f61b21e2e7f762fcc4307358f165757f2e77ec855d6992f7e0191932,accidentes_raw_dgt,2026-05-09 20:40:11
2019,Álava,3,Sábado,13,Travesía,Otro,Choque obstáculo calzada,Buen tiempo,Pleno día,1,0,1,0,2019-03-01,otro,choque obstaculo calzada,buen tiempo,pleno dia,travesia,46372791018924b8cbc444334300f85a211d2f29a56f2bb4890780b5983fc201,accidentes_raw_dgt,2026-05-09 20:40:11
2019,Álava,3,Lunes,16,Travesía,Otro,Objeto desprendido,Buen tiempo,Pleno día,1,0,0,1,2019-03-01,otro,objeto desprendido,buen tiempo,pleno dia,travesia,582c0168ba17eac49642bc85ae623204069e8d6ea06cf45af11e7de46ea31d18,accidentes_raw_dgt,2026-05-09 20:40:11
2019,Álava,3,Lunes,9,Travesía,Otro,Colisión por alcance,Buen tiempo,Pleno día,1,0,0,1,2019-03-01,otro,colision por alcance,buen tiempo,pleno dia,travesia,60f256c7ccbc748036024fa0440e45fe1574db20a874e4041a16faf0105a01ff,accidentes_raw_dgt,2026-05-09 20:40:11
2019,Álava,3,Lunes,12,Travesía,Otro,Choque obstáculo lateral,Buen tiempo,Pleno día,2,0,0,2,2019-03-01,otro,choque obstaculo lateral,buen tiempo,pleno dia,travesia,a73060afb61efe1b7c817645d00c342df02407f65435a64c88d251d56150ff42,accidentes_raw_dgt,2026-05-09 20:40:11
2019,Álava,3,Martes,9,Travesía,Otro,Colisión por alcance,Buen tiempo,Pleno día,1,0,0,1,2019-03-01,otro,colision por alcance,buen tiempo,pleno dia,travesia,d9a5223b761c375d1263e6e57ebec42d3e0fe3f6f283488d2eb204fb6ff17ee5,accidentes_raw_dgt,2026-05-09 20:40:11
2019,Albacete,1,Miércoles,19,Travesía,Otro,Choque obstáculo lateral,Buen tiempo,Noche sin iluminación,1,0,0,1,2019-01-01,otro,choque obstaculo lateral,buen tiempo,noche sin iluminacion,travesia,2f1987bf98c09d2f5d2a23a6ae29fa53b9aec8f07ed1330bd439122f5a1a2c2c,accidentes_raw_dgt,2026-05-09 20:40:11
2019,Albacete,1,Viernes,11,Travesía,Otro,Animal en calzada,Buen tiempo,Pleno día,1,0,0,1,2019-01-01,otro,animal en calzada,buen tiempo,pleno dia,travesia,3e34b5dc434bcf3186f089d362691cfac1b17231601f2f402dc79015be878d83,accidentes_raw_dgt,2026-05-09 20:40:11
2019,Albacete,1,Miércoles,1,Travesía,Otro,Colisión frontolateral,Buen tiempo,Noche sin iluminación,1,0,0,1,2019-01-01,otro,colision frontolateral,buen tiempo,noche sin iluminacion,travesia,340ab11db8d1a7435cb4b4a0492a9eee7b8e388e3e4a1714bcd3b69df3d8f1e1,accidentes_raw_dgt,2026-05-09 20:40:11
2019,Albacete,1,Martes,7,Travesía,Otro,Colisión frontolateral,Buen tiempo,Noche con iluminación,1,0,0,1,2019-01-01,otro,colision frontolateral,buen tiempo,noche con iluminacion,travesia,f8b7291025863577c250b562e8aa0d7a70387bc67029915cd5c2dfda40a9e055,accidentes_raw_dgt,2026-05-09 20:40:11
2019,Albacete,1,Sábado,9,Travesía,Otro,Choque obstáculo lateral,Buen tiempo,Pleno día,1,0,0,1,2019-01-01,otro,choque obstaculo lateral,buen tiempo,pleno dia,travesia,6719009a76851c4bed2fcdea10b635c1bd58bf12af0c1fea3a470a87d3ee6995,accidentes_raw_dgt,2026-05-09 20:40:11
2019,Albacete,1,Lunes,17,Travesía,Otro,Colisión frontolateral,Buen tiempo,Pleno día,1,0,0,1,2019-01-01,otro,colision frontolateral,buen tiempo,pleno dia,travesia,f46733e1619957ff5bb51ea0272a2d8d73376cabd24f44461061c2caca2430aa,accidentes_raw_dgt,2026-05-09 20:40:11
2019,Albacete,1,Martes,7,Travesía,Otro,Colisión frontolateral,Buen tiempo,Noche sin iluminación,1,0,0,1,2019-01-01,otro,colision frontolateral,buen tiempo,noche sin iluminacion,travesia,56cc29cee9e859a5314952b8184da882e2482d7bc17234b4ca333bfffe5f74f3,accidentes_raw_dgt,2026-05-09 20:40:11
2019,Albacete,1,Martes,18,Travesía,Otro,Objeto desprendido,Buen tiempo,Noche con iluminación,1,0,0,1,2019-01-01,otro,objeto desprendido,buen tiempo,noche con iluminacion,travesia,920c37d6464a8f20e8930c1980560dfd8ab7183334a20fa9447ecd5edb7a83b8,accidentes_raw_dgt,2026-05-09 20:40:11
2019,Albacete,1,Miércoles,23,Travesía,Otro,Colisión frontolateral,Buen tiempo,Noche sin iluminación,4,0,0,4,2019-01-01,otro,colision frontolateral,buen tiempo,noche sin iluminacion,travesia,0c1c43111448b131d65b3b380041de26f2edd6264ee1c371184f54d26ab53365,accidentes_raw_dgt,2026-05-09 20:40:11
2019,Albacete,1,Jueves,17,Travesía,Otro,Choque obstáculo lateral,Buen tiempo,Amanecer/Anochecer,1,0,0,1,2019-01-01,otro,choque obstaculo lateral,buen tiempo,amanecer/anochecer,travesia,00037f39cf870a1f49129f9c82d935665d352ffd25ea3296208f6f7b16fd654f,accidentes_raw_dgt,2026-05-09 20:40:11
2019,Albacete,1,Sábado,15,Travesía,Otro,Colisión frontolateral,Buen tiempo,Pleno día,1,0,1,0,2019-01-01,otro,colision frontolateral,buen tiempo,pleno dia,travesia,0d21ae129a64e1d19e4a94dfca3a67c777e17374e9d4ca2f74b65647a88119ea,accidentes_raw_dgt,2026-05-09 20:40:11
2019,Albacete,1,Lunes,15,Travesía,Otro,Colisión lateral,Buen tiempo,Pleno día,1,0,0,1,2019-01-01,otro,colision lateral,buen tiempo,pleno dia,travesia,8c6c42f379f08f03b79653a3230abd5e8079999435030fd8ca703ae35fe9b37a,accidentes_raw_dgt,2026-05-09 20:40:11
2019,Albacete,1,Jueves,15,Travesía,Otro,Colisión lateral,Buen tiempo,Pleno día,1,0,0,1,2019-01-01,otro,colision lateral,buen tiempo,pleno dia,travesia,216da54b5931a6d37cca8e29953361fe02c680bbd8b482343f508e32e8e9cc3b,accidentes_raw_dgt,2026-05-09 20:40:11
2019,Albacete,1,Lunes,18,Travesía,Otro,Colisión frontolateral,Buen tiempo,Noche sin iluminación,2,0,0,2,2019-01-01,otro,colision frontolateral,buen tiempo,noche sin iluminacion,travesia,c0aa4a0be7ba28399b09a68835a21755f442e25f8e0971b1d1ea3a6c749f0385,accidentes_raw_dgt,2026-05-09 20:40:11
2019,Albacete,1,Lunes,7,Travesía,Otro,Colisión por alcance,Buen tiempo,Noche sin iluminación,1,0,1,0,2019-01-01,otro,colision por alcance,buen tiempo,noche sin iluminacion,travesia,a0a531122de465614efef1078901475b2d78b72b13d67968bd2bb7bd8558ae67,accidentes_raw_dgt,2026-05-09 20:40:11
2019,Albacete,1,Lunes,0,Travesía,Otro,Choque obstáculo lateral,Buen tiempo,Noche sin iluminación,1,0,0,1,2019-01-01,otro,choque obstaculo lateral,buen tiempo,noche sin iluminacion,travesia,40794500a2845c943a0f4910461d9c39868a2930f689d2dfa9659625aa7a15cc,accidentes_raw_dgt,2026-05-09 20:40:11
2019,Albacete,1,Jueves,14,Travesía,Otro,Colisión frontal,Buen tiempo,Pleno día,1,0,0,1,2019-01-01,otro,colision frontal,buen tiempo,pleno dia,travesia,6db44caad5c968a5ec334024daa615d29998fa79f82797cc12141871d0ffbd7b,accidentes_raw_dgt,2026-05-09 20:40:11
2019,Albacete,1,Sábado,14,Zona interurbana,Calle,Caída de ocupante,Buen tiempo,Pleno día,1,0,0,1,2019-01-01,calle,caida de ocupante,buen tiempo,pleno dia,zona interurbana,025ca19d7b07d7f554fd7cd060b628e628d0f607afa3a6fde17c4488f35716d2,accidentes_raw_dgt,2026-05-09 20:40:11
2019,Albacete,1,Domingo,14,Travesía,Otro,Objeto desprendido,Buen tiempo,Pleno día,1,0,0,1,2019-01-01,otro,objeto desprendido,buen tiempo,pleno dia,travesia,6d6ae523edc27b235030584adf12a890bf2b3c209da5b11b97d6b58c3ed66f60,accidentes_raw_dgt,2026-05-09 20:40:11
2019,Albacete,1,Domingo,22,Travesía,Otro,Colisión frontolateral,Buen tiempo,Noche sin iluminación,1,0,0,1,2019-01-01,otro,colision frontolateral,buen tiempo,noche sin iluminacion,travesia,0c62cc42d6479a691f03083654ab6a7a84229ab156c948ba8d3b6c79ddd95536,accidentes_raw_dgt,2026-05-09 20:40:11
2019,Albacete,1,Jueves,6,Travesía,Otro,Animal en calzada,Lluvia,Noche sin iluminación,1,0,0,1,2019-01-01,otro,animal en calzada,lluvia,noche sin iluminacion,travesia,ffa6059b954a4602a9fa1518d10ca6163bce3f9d4bd3ee51c860eb6c2da16675,accidentes_raw_dgt,2026-05-09 20:40:11
2019,Albacete,1,Lunes,9,Travesía,Otro,Colisión por alcance,Buen tiempo,Pleno día,1,0,0,1,2019-01-01,otro,colision por alcance,buen tiempo,pleno dia,travesia,11382b8de6b4b042f25bf021335d31c09f2f23ae80ca4dafc63214691dfb3dae,accidentes_raw_dgt,2026-05-09 20:40:11
2019,Albacete,1,Domingo,11,Travesía,Travesía,Salida vía izquierda,Granizo,Pleno día,3,0,0,3,2019-01-01,travesia,salida via izquierda,granizo,pleno dia,travesia,d8b5e2791d0d1cee319ee3def0e4631852bfcb329e06feb1c6ee6add251509ae,accidentes_raw_dgt,2026-05-09 20:40:11
2019,Albacete,1,Lunes,8,Travesía,Otro,Choque obstáculo lateral,Buen tiempo,Pleno día,1,0,0,1,2019-01-01,otro,choque obstaculo lateral,buen tiempo,pleno dia,travesia,285b71922aaa01d870483d3b4f59e4a61c2057e1476854a810f387a1d2317806,accidentes_raw_dgt,2026-05-09 20:40:11
2019,Albacete,1,Martes,18,Travesía,Otro,Choque obstáculo lateral,Granizo,Noche sin iluminación,1,0,0,1,2019-01-01,otro,choque obstaculo lateral,granizo,noche sin iluminacion,travesia,7d7179c146d0d6af4ebd304ab799a718fe949a8dcd660cd6d12fb97915f9ab0a,accidentes_raw_dgt,2026-05-09 20:40:11
2019,Albacete,1,Martes,21,Travesía,Otro,Animal en calzada,Buen tiempo,Noche sin iluminación,1,0,0,1,2019-01-01,otro,animal en calzada,buen tiempo,noche sin iluminacion,travesia,02abf8fa7d9c4db035df33acba2dcd495ae9af91152ea9a135533cb747eb3afc,accidentes_raw_dgt,2026-05-09 20:40:11
2019,Albacete,1,Martes,19,Travesía,Otro,Animal en calzada,Granizo,Noche sin iluminación,1,0,0,1,2019-01-01,otro,animal en calzada,granizo,noche sin iluminacion,travesia,e8c5e943ad4fd9d115c2baacd110acddee7f66ec24aa177efa6780f5641ce277,accidentes_raw_dgt,2026-05-09 20:40:11
2019,Albacete,1,Sábado,9,Travesía,Otro,Choque obstáculo lateral,Buen tiempo,Pleno día,1,0,0,1,2019-01-01,otro,choque obstaculo lateral,buen tiempo,pleno dia,travesia,b910260d6ccd1fedb9919e9974c4b1eacf7ff1e3a4643c05cf423de2f221c06a,accidentes_raw_dgt,2026-05-09 20:40:11
2019,Albacete,1,Viernes,9,Travesía,Otro,Objeto desprendido,Buen tiempo,Pleno día,1,0,0,1,2019-01-01,otro,objeto desprendido,buen tiempo,pleno dia,travesia,fb5316204aa75301303e70a2e9555cf9cbb1457356a041dd58a88e003aca9142,accidentes_raw_dgt,2026-05-09 20:40:11
2019,Albacete,1,Martes,17,Travesía,Otro,Colisión frontolateral,Buen tiempo,Pleno día,1,0,0,1,2019-01-01,otro,colision frontolateral,buen tiempo,pleno dia,travesia,12051e9967d26fabc3b319b06be4bb57b504c40ac47edc24b5b335f64e71b4e1,accidentes_raw_dgt,2026-05-09 20:40:11
2019,Albacete,1,Miércoles,8,Travesía,Otro,Objeto desprendido,Lluvia,Pleno día,1,0,0,1,2019-01-01,otro,objeto desprendido,lluvia,pleno dia,travesia,8dfd13f4376053626e97eb7221d469013cae9bc031027e64f0db2ec114f8ffd9,accidentes_raw_dgt,2026-05-09 20:40:11
2019,Albacete,1,Domingo,23,Travesía,Otro,Colisión por alcance,Buen tiempo,Noche sin iluminación,2,0,0,2,2019-01-01,otro,colision por alcance,buen tiempo,noche sin iluminacion,travesia,5d9e09b09389f1e4c8268e5464bfce4c9ea6a516f9c84b2f49e313427421ef3d,accidentes_raw_dgt,2026-05-09 20:40:11
2019,Albacete,1,Sábado,9,Travesía,Otro,Objeto desprendido,Buen tiempo,Pleno día,1,0,0,1,2019-01-01,otro,objeto desprendido,buen tiempo,pleno dia,travesia,ae4def1ecaae8be24edf7f6453e37f7200ef2e41048da1b17d68978322097cd6,accidentes_raw_dgt,2026-05-09 20:40:11
2019,Albacete,1,Viernes,15,Travesía,Otro,Animal en calzada,Buen tiempo,Pleno día,1,0,0,1,2019-01-01,otro,animal en calzada,buen tiempo,pleno dia,travesia,0fe39b99b379952df916ed88c169ec63757291bf0c3db2881a4e0e9bf84b1463,accidentes_raw_dgt,2026-05-09 20:40:11
2019,Albacete,2,Viernes,22,Travesía,Otro,Animal en calzada,Lluvia,Noche sin iluminación,1,0,0,1,2019-02-01,otro,animal en calzada,lluvia,noche sin iluminacion,travesia,0087cf99a4636ebd9a0f66eaf98fde8bca977e2a274bc832cc903c3561735e9d,accidentes_raw_dgt,2026-05-09 20:40:11
2019,Albacete,2,Sábado,7,Zona interurbana,Vía urbana,Colisión frontal,Buen tiempo,Se desconoce,4,1,1,0,2019-02-01,via urbana,colision frontal,buen tiempo,se desconoce,zona interurbana,4f95c3cf2c7c5bb500102f36abe7f477de6f89c5b77d13a271614ffbf115f7bd,accidentes_raw_dgt,2026-05-09 20:40:11
2019,Albacete,2,Sábado,19,Travesía,Otro,Choque obstáculo lateral,Buen tiempo,Noche sin iluminación,2,0,0,2,2019-02-01,otro,choque obstaculo lateral,buen tiempo,noche sin iluminacion,travesia,eab8ff114cc63fd8ab3d9f42249e20b8ce5ecce463e8368e98747f03c50eeabb,accidentes_raw_dgt,2026-05-09 20:40:11
2019,Albacete,2,Sábado,20,Travesía,Otro,Colisión lateral,Buen tiempo,Noche sin iluminación,1,0,0,1,2019-02-01,otro,colision lateral,buen tiempo,noche sin iluminacion,travesia,f48280c0107726b99afcbd3cd0a46a2bac5f1ddb44e8768f232ac4da562eb166,accidentes_raw_dgt,2026-05-09 20:40:11
2019,Albacete,1,Domingo,2,Travesía,Otro,Colisión frontal,Buen tiempo,Noche sin iluminación,2,0,0,2,2019-01-01,otro,colision frontal,buen tiempo,noche sin iluminacion,travesia,0f0b82fae280ae9fec1905f029b6ee9a9c85bb6cc5151da6dafe38a7902a4a53,accidentes_raw_dgt,2026-05-09 20:40:11
2019,Albacete,1,Viernes,17,Travesía,Otro,Choque obstáculo calzada,Buen tiempo,Pleno día,1,0,0,1,2019-01-01,otro,choque obstaculo calzada,buen tiempo,pleno dia,travesia,2ff2a721fab172f1ab7e77774978c698899249076747675c872eaa9b2f6780b8,accidentes_raw_dgt,2026-05-09 20:40:11
2019,Albacete,2,Lunes,15,Travesía,Otro,Colisión frontal,Buen tiempo,Pleno día,1,0,0,1,2019-02-01,otro,colision frontal,buen tiempo,pleno dia,travesia,d0f451801443fa1478e1cf080e8d63dead650c9712b2631edf7e1658a98967d9,accidentes_raw_dgt,2026-05-09 20:40:11
2019,Albacete,2,Domingo,20,Travesía,Otro,Colisión lateral,Buen tiempo,Noche sin iluminación,3,0,0,3,2019-02-01,otro,colision lateral,buen tiempo,noche sin iluminacion,travesia,34be1021b378c5701b4dd1430970982e0dbe72b3b340018d7a9b65939881ed7b,accidentes_raw_dgt,2026-05-09 20:40:11
2019,Albacete,2,Lunes,21,Travesía,Otro,Se desconoce,Buen tiempo,Se desconoce,1,0,0,1,2019-02-01,otro,se desconoce,buen tiempo,se desconoce,travesia,f8b2f96ed09b16bfd24ff625c064408fe19143db121b7944763fcbcc69ab4991,accidentes_raw_dgt,2026-05-09 20:40:11
2019,Albacete,1,Jueves,6,Travesía,Otro,Salida vía izquierda,Buen tiempo,Noche sin iluminación,1,0,0,1,2019-01-01,otro,salida via izquierda,buen tiempo,noche sin iluminacion,travesia,be1722b1d104ffb2753260682954754d9757b986013823c5df20f28e0f74e655,accidentes_raw_dgt,2026-05-09 20:40:11
2019,Albacete,2,Martes,13,Travesía,Otro,Choque obstáculo lateral,Buen tiempo,Pleno día,1,0,0,1,2019-02-01,otro,choque obstaculo lateral,buen tiempo,pleno dia,travesia,fde3f2e7127f6810eb4160bf7bb0563240d78c9d75a9a590b6d6244748a7f4ff,accidentes_raw_dgt,2026-05-09 20:40:11
2019,Albacete,2,Sábado,21,Travesía,Otro,Choque obstáculo lateral,Otro,Noche sin iluminación,1,0,0,1,2019-02-01,otro,choque obstaculo lateral,otro,noche sin iluminacion,travesia,337b02741a9561b611d394e835278d377c8eb54b0fa32f9923e4e90ddb5582b5,accidentes_raw_dgt,2026-05-09 20:40:11
2019,Albacete,2,Domingo,14,Travesía,Otro,Choque obstáculo lateral,Lluvia,Pleno día,1,0,0,1,2019-02-01,otro,choque obstaculo lateral,lluvia,pleno dia,travesia,61dbec1d67afe651537e012d2327f6b469780e41565e50e39498f8336fd38cc8,accidentes_raw_dgt,2026-05-09 20:40:11
2019,Albacete,2,Miércoles,12,Travesía,Otro,Choque obstáculo lateral,Buen tiempo,Pleno día,1,0,0,1,2019-02-01,otro,choque obstaculo lateral,buen tiempo,pleno dia,travesia,bcce03f625c22998dcb812feb157db59cbb8f22a424a70710a8d9ef20c7e5580,accidentes_raw_dgt,2026-05-09 20:40:11
2019,Albacete,2,Lunes,10,Travesía,Otro,Colisión por alcance,Buen tiempo,Pleno día,1,0,0,1,2019-02-01,otro,colision por alcance,buen tiempo,pleno dia,travesia,d88c39de46401a311ffda92d37930b4a543eb6286f835afe9d04dd416476434d,accidentes_raw_dgt,2026-05-09 20:40:11
2019,Albacete,1,Miércoles,14,Travesía,Otro,Animal en calzada,Buen tiempo,Pleno día,1,0,1,0,2019-01-01,otro,animal en calzada,buen tiempo,pleno dia,travesia,de2d0a787b3351763f3c1a45aca2d08ad0b90276a621104fe49ab367e96db632,accidentes_raw_dgt,2026-05-09 20:40:11
2019,Albacete,2,Jueves,19,Travesía,Otro,Colisión por alcance,Buen tiempo,Noche sin iluminación,3,0,0,3,2019-02-01,otro,colision por alcance,buen tiempo,noche sin iluminacion,travesia,32eb1a8dafeb0873c8d00b0e9058c8c77ff6c6d9235b3236989c50ef63d8f9ba,accidentes_raw_dgt,2026-05-09 20:40:11
2019,Albacete,2,Jueves,14,Travesía,Otro,Choque obstáculo lateral,Buen tiempo,Pleno día,1,0,0,1,2019-02-01,otro,choque obstaculo lateral,buen tiempo,pleno dia,travesia,e18037f42fd038fa9b51c6234fa4f332fa681c14653c9852fdf9a0a501bbac24,accidentes_raw_dgt,2026-05-09 20:40:11
2019,Albacete,2,Lunes,1,Travesía,Otro,Choque obstáculo lateral,Buen tiempo,Noche sin iluminación,1,0,1,0,2019-02-01,otro,choque obstaculo lateral,buen tiempo,noche sin iluminacion,travesia,3ef58410b868298fcca4ee41144221bf86bc94e810dfdac6f4b502ce5fcd75c6,accidentes_raw_dgt,2026-05-09 20:40:11
2019,Albacete,2,Martes,19,Travesía,Otro,Choque obstáculo lateral,Buen tiempo,Noche sin iluminación,1,0,1,0,2019-02-01,otro,choque obstaculo lateral,buen tiempo,noche sin iluminacion,travesia,1090b9e9eba719a3f27dfa49de49497271d9569d00826d58b4ef83c60d0ba5b9,accidentes_raw_dgt,2026-05-09 20:40:11
2019,Albacete,2,Jueves,15,Travesía,Otro,Colisión frontolateral,Buen tiempo,Pleno día,1,0,0,1,2019-02-01,otro,colision frontolateral,buen tiempo,pleno dia,travesia,9fbb55aa1ca6da90db1c9914bc0960ad0d6a7b3eabe9a88c37580a6e31b5a0c0,accidentes_raw_dgt,2026-05-09 20:40:11