AÑO,PROVINCIA,MES,DIA_SEMANA,HORA,ZONA,TIPO_VIA,TIPO_ACCIDENTE,CONDICION_METEO,CONDICION_ILUMINACION,TOTAL_VICTIMAS,FALLECIDOS_24H,HERIDOS_GRAVES,HERIDOS_LEVES,FECHA_ACCIDENTE,TIPO_VIA_NORM,TIPO_ACCIDENTE_NORM,CONDICION_METEO_NORM,CONDICION_ILUMINACION_NORM,ZONA_NORM,ID_ACCIDENTE_HASH,source_id,load_timestamp
2019,Albacete,2,Martes,15,Travesía,Otro,Colisión frontolateral,Buen tiempo,Pleno día,1,0,0,1,2019-02-01,otro,colision frontolateral,buen tiempo,pleno dia,travesia,0c0ad5934ba82dd287896d6406d1428b9e9669a995ce7964226aa47ede31d547,accidentes_raw_dgt,2026-05-09 20:40:11
2019,Albacete,2,Jueves,11,Travesía,Otro,Choque obstáculo lateral,Buen tiempo,Pleno día,1,0,0,1,2019-02-01,otro,choque obstaculo lateral,buen tiempo,pleno dia,travesia,084ae23e6996e701addeeb7dcf33696f32dcb4ab78c0ca2026f8f5dbbe5a81d0,accidentes_raw_dgt,2026-05-09 20:40:11
2019,Albacete,2,Domingo,6,Travesía,Otro,Choque obstáculo lateral,Buen tiempo,Noche sin iluminación,1,0,0,1,2019-02-01,otro,choque obstaculo lateral,buen tiempo,noche sin iluminacion,travesia,c6d537e112156be1afbb8a5a85221ff4d95e2461f83f03425549ff42dee7a278,accidentes_raw_dgt,2026-05-09 20:40:11
2019,Albacete,2,Domingo,13,Travesía,Otro,Colisión por alcance,Buen tiempo,Pleno día,1,0,0,1,2019-02-01,otro,colision por alcance,buen tiempo,pleno dia,travesia,9dacbde326501c9f63debf4311ae5e2bc047636edc4ee9d9ce828bcdf4a7f25d,accidentes_raw_dgt,2026-05-09 20:40:11
2019,Albacete,2,Miércoles,22,Travesía,Otro,Animal en calzada,Buen tiempo,Pleno día,1,0,0,1,2019-02-01,otro,animal en calzada,buen tiempo,pleno dia,travesia,8cf04f0d07191f042b1d11880ab80618c2680e8e03bbacc60f9e31160d4fa87f,accidentes_raw_dgt,2026-05-09 20:40:11
2019,Albacete,2,Miércoles,8,Travesía,Otro,Objeto desprendido,Buen tiempo,Pleno día,1,0,0,1,2019-02-01,otro,objeto desprendido,buen tiempo,pleno dia,travesia,b7768fbb1847758d75c3ee28c3e2391e70c6ee29f7ce19847822bd5a7381ac67,accidentes_raw_dgt,2026-05-09 20:40:11
2019,Albacete,2,Jueves,15,Travesía,Otro,Animal en calzada,Buen tiempo,Pleno día,1,0,0,1,2019-02-01,otro,animal en calzada,buen tiempo,pleno dia,travesia,11bde34a6593b3da0d81a8a71b24dc6f6cf05d18e9f59e610e58ff202263adef,accidentes_raw_dgt,2026-05-09 20:40:11
2019,Albacete,2,Sábado,0,Travesía,Otro,Colisión frontolateral,Buen tiempo,Noche sin iluminación,1,0,0,1,2019-02-01,otro,colision frontolateral,buen tiempo,noche sin iluminacion,travesia,5f302d143dace627a6a87157fd1362b010874e4dc64609b17d87db648de0af3c,accidentes_raw_dgt,2026-05-09 20:40:11
2019,Albacete,2,Lunes,23,Travesía,Otro,Colisión frontolateral,Buen tiempo,Noche sin iluminación,1,0,0,1,2019-02-01,otro,colision frontolateral,buen tiempo,noche sin iluminacion,travesia,1ff7b91c979ea344298826c212adf745783ae8a14a3eded36d56ba1b0f4bdeee,accidentes_raw_dgt,2026-05-09 20:40:11
2019,Albacete,2,Martes,12,Travesía,Otro,Colisión frontolateral,Buen tiempo,Pleno día,1,0,0,1,2019-02-01,otro,colision frontolateral,buen tiempo,pleno dia,travesia,f1250af9005fb93c6bc8ea65860a4079e4f90b38d8c258af498bf8cb5e9e84df,accidentes_raw_dgt,2026-05-09 20:40:11
2019,Albacete,2,Domingo,9,Travesía,Otro,Colisión frontolateral,Buen tiempo,Pleno día,1,0,0,1,2019-02-01,otro,colision frontolateral,buen tiempo,pleno dia,travesia,e0d8014e6e3c51d780465166f0ed7faf81a08bb1817693ba45282fcca874eeb6,accidentes_raw_dgt,2026-05-09 20:40:11
2019,Albacete,2,Martes,15,Travesía,Otro,Colisión frontolateral,Buen tiempo,Pleno día,2,0,0,2,2019-02-01,otro,colision frontolateral,buen tiempo,pleno dia,travesia,8352dd9eb8b64669e0a8347fd37ae6e5cd67c817f2b4b1eec4475d466ab59eb7,accidentes_raw_dgt,2026-05-09 20:40:11
2019,Albacete,2,Sábado,10,Travesía,Otro,Colisión frontolateral,Buen tiempo,Pleno día,1,0,0,1,2019-02-01,otro,colision frontolateral,buen tiempo,pleno dia,travesia,235aa062e6372588dbae00552abf36b8ff9c315e3da56cf02786980e764630e9,accidentes_raw_dgt,2026-05-09 20:40:11
2019,Albacete,2,Jueves,11,Travesía,Otro,Animal en calzada,Buen tiempo,Pleno día,1,0,0,1,2019-02-01,otro,animal en calzada,buen tiempo,pleno dia,travesia,4aec429ac0bfafdbb8dab14f41d1b7a98dacf1ce3478b71b904d383ae614b032,accidentes_raw_dgt,2026-05-09 20:40:11
2019,Albacete,3,Viernes,17,Zona interurbana,Vía urbana,Colisión frontal,Buen tiempo,Pleno día,2,0,1,1,2019-03-01,via urbana,colision frontal,buen tiempo,pleno dia,zona interurbana,330e14d4ae80612334d94c488d29eb469626b476864abdeb5c1bd261db461c50,accidentes_raw_dgt,2026-05-09 20:40:11
2019,Albacete,3,Sábado,15,Travesía,Otro,Colisión múltiple,Buen tiempo,Pleno día,1,0,0,1,2019-03-01,otro,colision multiple,buen tiempo,pleno dia,travesia,ab9828ca390581b72629069049793ba3c99bb8e5e9e7b97a55c71957e04df9a3,accidentes_raw_dgt,2026-05-09 20:40:11
2019,Albacete,3,Miércoles,14,Travesía,Otro,Objeto desprendido,Buen tiempo,Pleno día,1,0,0,1,2019-03-01,otro,objeto desprendido,buen tiempo,pleno dia,travesia,36ab771eba23f49d7ae43af88c601f3de8fccb201250906a4085444ae765f2db,accidentes_raw_dgt,2026-05-09 20:40:11
2019,Albacete,2,Martes,14,Travesía,Otro,Colisión por alcance,Buen tiempo,Pleno día,1,0,0,1,2019-02-01,otro,colision por alcance,buen tiempo,pleno dia,travesia,277375b99e186c72ac38ac47b03199038342fe0389be8765476fa2be0c5b5649,accidentes_raw_dgt,2026-05-09 20:40:11
2019,Albacete,3,Lunes,8,Travesía,Otro,Choque obstáculo lateral,Lluvia,Pleno día,1,0,0,1,2019-03-01,otro,choque obstaculo lateral,lluvia,pleno dia,travesia,f0d588a225e6e6ba0501a3f787230abf579f6db2dd55be0fa3450f8acd54e6f3,accidentes_raw_dgt,2026-05-09 20:40:11
2019,Albacete,3,Viernes,15,Travesía,Otro,Choque obstáculo lateral,Buen tiempo,Pleno día,1,0,0,1,2019-03-01,otro,choque obstaculo lateral,buen tiempo,pleno dia,travesia,d74fe97872d8a425b5263add13d51a1066bf0b2cdd5e368d316dfe31048b2104,accidentes_raw_dgt,2026-05-09 20:40:11
2019,Albacete,2,Jueves,17,Travesía,Otro,Colisión por alcance,Buen tiempo,Pleno día,3,0,0,3,2019-02-01,otro,colision por alcance,buen tiempo,pleno dia,travesia,47c5fbf51c636da0b48309ad799e2e4d0443b9c25b055c6b762d6b6f6d95fc52,accidentes_raw_dgt,2026-05-09 20:40:11
2019,Albacete,3,Viernes,15,Travesía,Otro,Colisión frontolateral,Buen tiempo,Pleno día,2,0,0,2,2019-03-01,otro,colision frontolateral,buen tiempo,pleno dia,travesia,fb7bab9edf08f024aabf3501518399e82ab590666207a8b0ab7963b181ecf4b8,accidentes_raw_dgt,2026-05-09 20:40:11
2019,Albacete,2,Jueves,14,Travesía,Otro,Colisión frontolateral,Buen tiempo,Pleno día,1,0,1,0,2019-02-01,otro,colision frontolateral,buen tiempo,pleno dia,travesia,86cb35a822329fe1de40eb82a1791be1f66f8bd327446686bdd859a89e436853,accidentes_raw_dgt,2026-05-09 20:40:11
2019,Albacete,2,Miércoles,14,Travesía,Otro,Choque obstáculo lateral,Buen tiempo,Pleno día,1,0,0,1,2019-02-01,otro,choque obstaculo lateral,buen tiempo,pleno dia,travesia,737c6b9773fa031bee4787ad780d2c9c9ecb3375a7c1f4dbd8047a6cd5c67b4c,accidentes_raw_dgt,2026-05-09 20:40:11
2019,Albacete,3,Lunes,15,Travesía,Otro,Colisión frontolateral,Buen tiempo,Pleno día,1,0,0,1,2019-03-01,otro,colision frontolateral,buen tiempo,pleno dia,travesia,6711597a2bc4e5878638c2115353f0792a9bec6ff55a84f283c4be5d897fe110,accidentes_raw_dgt,2026-05-09 20:40:11
2019,Albacete,3,Martes,10,Travesía,Otro,Choque obstáculo lateral,Buen tiempo,Pleno día,1,0,0,1,2019-03-01,otro,choque obstaculo lateral,buen tiempo,pleno dia,travesia,055f78940c07630352676197ab7c3ed8d5bb204d406e5c6ff101f870bc9b7dd7,accidentes_raw_dgt,2026-05-09 20:40:11
2019,Albacete,3,Domingo,13,Travesía,Otro,Caída de motociclista,Buen tiempo,Pleno día,1,0,0,1,2019-03-01,otro,caida de motociclista,buen tiempo,pleno dia,travesia,0ffe1abd1a08215353c233d6e009613e95eec4253832a761af28ff37ac5a150c,accidentes_raw_dgt,2026-05-09 20:40:11
2019,Albacete,3,Lunes,7,Travesía,Otro,Animal en calzada,Lluvia,Pleno día,1,0,1,0,2019-03-01,otro,animal en calzada,lluvia,pleno dia,travesia,fe91a760983d401d9b679fb092b689488d1f46d92f3af5e9e93363326f3e8aa4,accidentes_raw_dgt,2026-05-09 20:40:11
2019,Albacete,3,Jueves,11,Zona interurbana,Vía urbana,Caída de motociclista,Buen tiempo,Pleno día,1,0,0,1,2019-03-01,via urbana,caida de motociclista,buen tiempo,pleno dia,zona interurbana,b7e307660e1611cb42bcb28e4bb4a6465ccb5ec2e028ca4be8b84e8787929a38,accidentes_raw_dgt,2026-05-09 20:40:11
2019,Albacete,3,Martes,20,Travesía,Otro,Colisión frontolateral,Buen tiempo,Noche sin iluminación,1,0,0,1,2019-03-01,otro,colision frontolateral,buen tiempo,noche sin iluminacion,travesia,793a84a351bd364d2f0323b67b39407711e54bc4748c439fb32734538ef8dd15,accidentes_raw_dgt,2026-05-09 20:40:11
2019,Albacete,3,Martes,8,Travesía,Otro,Colisión frontolateral,Granizo,Pleno día,1,0,0,1,2019-03-01,otro,colision frontolateral,granizo,pleno dia,travesia,71af0fdd2e7f62c1c351432a69fdf8f6579e9dce0c12c2b3af90f964540bdb83,accidentes_raw_dgt,2026-05-09 20:40:11
2019,Albacete,3,Lunes,13,Travesía,Otro,Colisión lateral,Buen tiempo,Pleno día,1,0,0,1,2019-03-01,otro,colision lateral,buen tiempo,pleno dia,travesia,10e35e8e93e91e58b54af372922fe86028c587c7e32fa3f50c4a106eaa05e668,accidentes_raw_dgt,2026-05-09 20:40:11
2019,Albacete,3,Martes,9,Travesía,Otro,Colisión frontolateral,Buen tiempo,Pleno día,2,0,0,2,2019-03-01,otro,colision frontolateral,buen tiempo,pleno dia,travesia,e1d9ce80c3abd825263ac199b82e1e29431d2b681312842a35cf8ee744911eaa,accidentes_raw_dgt,2026-05-09 20:40:11
2019,Albacete,3,Viernes,8,Travesía,Travesía,Se desconoce,Buen tiempo,Pleno día,2,0,0,2,2019-03-01,travesia,se desconoce,buen tiempo,pleno dia,travesia,63ecbfa3a1ad34a1fdd5e3dd3aeaec31456d1d676552c654d5ecf7dab0b2f4f8,accidentes_raw_dgt,2026-05-09 20:40:11
2019,Albacete,3,Jueves,13,Zona interurbana,Camino vecinal,Atropello a peatón,Buen tiempo,Pleno día,1,0,0,1,2019-03-01,camino vecinal,atropello a peaton,buen tiempo,pleno dia,zona interurbana,b280279a0ef279d0b9f0bdc4162591dbbc6312abac67120527b20d65c7de5dbf,accidentes_raw_dgt,2026-05-09 20:40:11
2019,Albacete,3,Sábado,11,Zona interurbana,Calle,Choque obstáculo mediana,Buen tiempo,Pleno día,1,0,0,1,2019-03-01,calle,choque obstaculo mediana,buen tiempo,pleno dia,zona interurbana,829f00a11ddfdebb51b67a913981eddb7937c3f8f01f4140415a24ff1cc29609,accidentes_raw_dgt,2026-05-09 20:40:11
2019,Albacete,3,Miércoles,12,Travesía,Otro,Animal en calzada,Buen tiempo,Pleno día,1,0,1,0,2019-03-01,otro,animal en calzada,buen tiempo,pleno dia,travesia,3958de59a1ae60b4330e99d6a5b791897717cdd2347260d0f71df22d60b01062,accidentes_raw_dgt,2026-05-09 20:40:11
2019,Albacete,3,Domingo,16,Travesía,Otro,Colisión lateral,Buen tiempo,Pleno día,2,0,0,2,2019-03-01,otro,colision lateral,buen tiempo,pleno dia,travesia,b3282a2f2a28757b3a18ab833de16a9c54518c0b0cf493e3f0a7cf09386f326a,accidentes_raw_dgt,2026-05-09 20:40:11
2019,Albacete,3,Lunes,17,Travesía,Área de servicio,Animal en calzada,Buen tiempo,Pleno día,1,0,0,1,2019-03-01,area de servicio,animal en calzada,buen tiempo,pleno dia,travesia,4739ee3bd29e4f415da8ba9298a087e0fdc9c61378420ba8fbbab298bd74c4df,accidentes_raw_dgt,2026-05-09 20:40:11
2019,Albacete,3,Viernes,8,Travesía,Otro,Choque obstáculo lateral,Buen tiempo,Pleno día,1,0,0,1,2019-03-01,otro,choque obstaculo lateral,buen tiempo,pleno dia,travesia,736e537f0f664a3d8208e88c114f2c5a16fff5800e5c146b0b83b1c43213d003,accidentes_raw_dgt,2026-05-09 20:40:11
2019,Albacete,3,Martes,17,Travesía,Otro,Colisión lateral,Buen tiempo,Pleno día,2,0,0,2,2019-03-01,otro,colision lateral,buen tiempo,pleno dia,travesia,ed053874ca199cc53e11c9f4aeaeccd07da652d1c19e3cbdbad5fd9fadba2532,accidentes_raw_dgt,2026-05-09 20:40:11
2019,Albacete,3,Martes,12,Travesía,Otro,Colisión frontolateral,Buen tiempo,Pleno día,1,0,1,0,2019-03-01,otro,colision frontolateral,buen tiempo,pleno dia,travesia,5817ae4948371f9b6b7d94615c0704e6a13ba5a773938351ebd832d0fcdbdf2f,accidentes_raw_dgt,2026-05-09 20:40:11
2019,Albacete,3,Domingo,12,Travesía,Otro,Colisión frontolateral,Granizo,Pleno día,2,0,0,2,2019-03-01,otro,colision frontolateral,granizo,pleno dia,travesia,7377a71607a8dabc029ab10e7a6a895b92e87762538b10ce8b10c4c9ddc74448,accidentes_raw_dgt,2026-05-09 20:40:11
2019,Albacete,3,Viernes,11,Travesía,Otro,Colisión frontolateral,Buen tiempo,Pleno día,2,0,0,2,2019-03-01,otro,colision frontolateral,buen tiempo,pleno dia,travesia,94c47d91f1bebd7b85fb5b4210cb24a8125beaf843e6e4a7a80698817c79ae64,accidentes_raw_dgt,2026-05-09 20:40:11
2019,Albacete,3,Lunes,10,Travesía,Otro,Choque obstáculo lateral,Buen tiempo,Pleno día,1,0,0,1,2019-03-01,otro,choque obstaculo lateral,buen tiempo,pleno dia,travesia,e9ab39f01d431c5250493a3dc493bba9c43f73a4461c72b5135ee09738582af7,accidentes_raw_dgt,2026-05-09 20:40:11
2019,Albacete,4,Martes,15,Zona interurbana,Vía convencional,Salida vía izquierda,Buen tiempo,Pleno día,1,0,1,0,2019-04-01,via convencional,salida via izquierda,buen tiempo,pleno dia,zona interurbana,78c0781a0697b8212d21711580c2c60616f80ab66ec717ecdbb8200be03407f8,accidentes_raw_dgt,2026-05-09 20:40:11
2019,Albacete,4,Martes,18,Zona interurbana,Vía urbana,Colisión frontolateral,Buen tiempo,Pleno día,1,0,0,1,2019-04-01,via urbana,colision frontolateral,buen tiempo,pleno dia,zona interurbana,af6b495dd2d7c1174d63ec26b36a86cf4bebe478260becafd815b81cdce71b0f,accidentes_raw_dgt,2026-05-09 20:40:11
2019,Albacete,4,Sábado,14,Zona interurbana,Vía urbana,Objeto desprendido,Granizo,Pleno día,4,0,0,4,2019-04-01,via urbana,objeto desprendido,granizo,pleno dia,zona interurbana,e754478c35f2708c5d0bf28696b44f1bcf79832bf716a2bfba665212ba9b4f09,accidentes_raw_dgt,2026-05-09 20:40:11
2019,Albacete,4,Martes,13,Travesía,Otro,Choque obstáculo lateral,Buen tiempo,Pleno día,1,0,0,1,2019-04-01,otro,choque obstaculo lateral,buen tiempo,pleno dia,travesia,7a99d42d79e9bafeaa5ccedaf0135267da4ccd197a99131a8cf15025cb54ab18,accidentes_raw_dgt,2026-05-09 20:40:11
2019,Albacete,3,Lunes,23,Travesía,Otro,Animal en calzada,Buen tiempo,Noche sin iluminación,2,0,1,1,2019-03-01,otro,animal en calzada,buen tiempo,noche sin iluminacion,travesia,6cc6eefb674286f7d1a0e4adaa840670dafa7870f77c7d6d73d5924c44ce3bff,accidentes_raw_dgt,2026-05-09 20:40:11
2019,Albacete,4,Jueves,11,Travesía,Otro urbano,Colisión frontolateral,Lluvia,Pleno día,1,0,0,1,2019-04-01,otro urbano,colision frontolateral,lluvia,pleno dia,travesia,d7008e68b135c3c77bdf98063491d09b02f1f28337dea8bb0e0dc7c0f3084db6,accidentes_raw_dgt,2026-05-09 20:40:11
2019,Albacete,4,Miércoles,9,Travesía,Otro,Colisión frontolateral,Buen tiempo,Pleno día,1,0,0,1,2019-04-01,otro,colision frontolateral,buen tiempo,pleno dia,travesia,35ca46713cea7233ec955b340b044a986726e9e419213f832de1469692b7ce26,accidentes_raw_dgt,2026-05-09 20:40:11
2019,Albacete,4,Viernes,13,Travesía,Otro,Choque obstáculo lateral,Buen tiempo,Pleno día,2,0,0,2,2019-04-01,otro,choque obstaculo lateral,buen tiempo,pleno dia,travesia,96be21608a6aa9d2424e4af66984baf4a32690789ed4f30fdacbeaaca72ce260,accidentes_raw_dgt,2026-05-09 20:40:11
2019,Albacete,4,Lunes,22,Travesía,Otro,Colisión frontolateral,Buen tiempo,Noche sin iluminación,1,0,0,1,2019-04-01,otro,colision frontolateral,buen tiempo,noche sin iluminacion,travesia,41966e55400c17d811391ad507c6af707e42e5528f54cb9734571def64c0e97c,accidentes_raw_dgt,2026-05-09 20:40:11
2019,Albacete,4,Jueves,8,Travesía,Otro,Colisión múltiple,Buen tiempo,Pleno día,1,0,0,1,2019-04-01,otro,colision multiple,buen tiempo,pleno dia,travesia,5b64147d2864c61f08bdd4fb85c70d4d26e2b8d7774dc20edabeb13c9391c327,accidentes_raw_dgt,2026-05-09 20:40:11
2019,Albacete,4,Sábado,13,Travesía,Otro,Colisión frontolateral,Buen tiempo,Pleno día,1,0,0,1,2019-04-01,otro,colision frontolateral,buen tiempo,pleno dia,travesia,bc10b57514d76124b4120a34db2224067fed660b09408ade0b14b582946ff2fc,accidentes_raw_dgt,2026-05-09 20:40:11
2019,Albacete,4,Viernes,14,Travesía,Otro,Choque obstáculo lateral,Buen tiempo,Pleno día,1,0,0,1,2019-04-01,otro,choque obstaculo lateral,buen tiempo,pleno dia,travesia,434dbd07bc54f593ede0fe8e4d0b93a7f9dce4e90088d73c1011c7bb3b87b8ac,accidentes_raw_dgt,2026-05-09 20:40:11
2019,Albacete,4,Domingo,22,Travesía,Otro,Animal en calzada,Granizo,Noche sin iluminación,1,0,0,1,2019-04-01,otro,animal en calzada,granizo,noche sin iluminacion,travesia,73401dfc9377b9ed6ea5a996cbde303cc34651192c67fba770bdb8745d3303e0,accidentes_raw_dgt,2026-05-09 20:40:11
2019,Albacete,2,Viernes,1,Travesía,Otro,Colisión lateral,Buen tiempo,Noche sin iluminación,1,0,0,1,2019-02-01,otro,colision lateral,buen tiempo,noche sin iluminacion,travesia,a183251a8414fd819da06488541d523365d51a7d0d942e272c2dce108f6dcdae,accidentes_raw_dgt,2026-05-09 20:40:11
2019,Albacete,4,Sábado,21,Travesía,Otro,Choque obstáculo lateral,Buen tiempo,Noche con iluminación,1,0,0,1,2019-04-01,otro,choque obstaculo lateral,buen tiempo,noche con iluminacion,travesia,28fdc24c9abb066ea7343dc47c79a7cce15a581bcb30002a96903450bbe641a5,accidentes_raw_dgt,2026-05-09 20:40:11
2019,Albacete,3,Miércoles,15,Travesía,Otro,Colisión por alcance,Buen tiempo,Pleno día,1,0,0,1,2019-03-01,otro,colision por alcance,buen tiempo,pleno dia,travesia,a5bef651c8e3fd6cc63c43cd6bc1341af97d78af828f152c0f40d5a06570bd34,accidentes_raw_dgt,2026-05-09 20:40:11
2019,Albacete,3,Jueves,17,Travesía,Otro,Colisión frontolateral,Buen tiempo,Pleno día,1,0,0,1,2019-03-01,otro,colision frontolateral,buen tiempo,pleno dia,travesia,0b36980af5c0346a818b88693526bc0deb1e8ed19cba03824cc6db1110c331db,accidentes_raw_dgt,2026-05-09 20:40:11
2019,Albacete,4,Viernes,23,Zona interurbana,Vía convencional,Atropello a ciclista,Buen tiempo,Se desconoce,1,0,1,0,2019-04-01,via convencional,atropello a ciclista,buen tiempo,se desconoce,zona interurbana,7987e36c43f067b54276ccb5f72d4d495d4ec9d21dab110714eeb9148df9e3ec,accidentes_raw_dgt,2026-05-09 20:40:11
2019,Albacete,4,Viernes,15,Travesía,Otro,Animal en calzada,Nieve,Pleno día,1,0,0,1,2019-04-01,otro,animal en calzada,nieve,pleno dia,travesia,542cacae1d41132ac9e10320dc19210336f60ee3b2d5bb64838eff7556132823,accidentes_raw_dgt,2026-05-09 20:40:11
2019,Albacete,4,Jueves,5,Travesía,Otro,Colisión por alcance,Lluvia,Se desconoce,1,0,1,0,2019-04-01,otro,colision por alcance,lluvia,se desconoce,travesia,3b2252403733f1c121b735f144853af40c3e02a84b81e60c40571893d5d8652c,accidentes_raw_dgt,2026-05-09 20:40:11
2019,Albacete,4,Lunes,12,Zona interurbana,Vía convencional,Colisión múltiple,Buen tiempo,Pleno día,3,0,1,2,2019-04-01,via convencional,colision multiple,buen tiempo,pleno dia,zona interurbana,0eaa69a16d7c358a329a7111a809bd2f9a7ff489596bdda17538705e9e03e05d,accidentes_raw_dgt,2026-05-09 20:40:11
2019,Albacete,3,Viernes,9,Travesía,Otro,Colisión frontolateral,Buen tiempo,Pleno día,1,0,0,1,2019-03-01,otro,colision frontolateral,buen tiempo,pleno dia,travesia,a3ab7bbaf7390c1faafb17a4075a3a633882f897fa93ace3976bb64b0712842c,accidentes_raw_dgt,2026-05-09 20:40:11
2019,Albacete,4,Viernes,8,Travesía,Otro,Colisión frontolateral,Buen tiempo,Pleno día,1,0,0,1,2019-04-01,otro,colision frontolateral,buen tiempo,pleno dia,travesia,a367613375c7fcd7402955ec5143e208948604a13765c1805450f350ba570d3d,accidentes_raw_dgt,2026-05-09 20:40:11
2019,Albacete,3,Sábado,17,Travesía,Otro,Colisión frontolateral,Buen tiempo,Pleno día,1,0,0,1,2019-03-01,otro,colision frontolateral,buen tiempo,pleno dia,travesia,c28474616c0273f299e922da2138b3ba7949770067a57f40a3896a0564bb5036,accidentes_raw_dgt,2026-05-09 20:40:11
2019,Albacete,4,Domingo,11,Travesía,Otro,Colisión frontolateral,Lluvia,Pleno día,1,0,0,1,2019-04-01,otro,colision frontolateral,lluvia,pleno dia,travesia,06ec44ccee3b23b9e067e96afb796d3b8d75ac7701185f649c61e405c282bdf8,accidentes_raw_dgt,2026-05-09 20:40:11
2019,Albacete,4,Miércoles,7,Travesía,Otro,Choque obstáculo lateral,Buen tiempo,Pleno día,1,0,0,1,2019-04-01,otro,choque obstaculo lateral,buen tiempo,pleno dia,travesia,37b1267a4ff4e12dddfe443810c1f986dcf2f5e96358ab20847d28e3d80883d8,accidentes_raw_dgt,2026-05-09 20:40:11
2019,Albacete,4,Miércoles,23,Travesía,Otro,Colisión lateral,Buen tiempo,Noche sin iluminación,3,0,0,3,2019-04-01,otro,colision lateral,buen tiempo,noche sin iluminacion,travesia,3aa82834b765ea0421465a785c356dea163579e448ca30a0a2c8684dc5ae590a,accidentes_raw_dgt,2026-05-09 20:40:11
2019,Albacete,4,Viernes,14,Travesía,Otro,Animal en calzada,Buen tiempo,Pleno día,1,0,0,1,2019-04-01,otro,animal en calzada,buen tiempo,pleno dia,travesia,76bf061a545d61832da4a5cdb72f1fab5474aff86d62f0424ce1cf3f68b36420,accidentes_raw_dgt,2026-05-09 20:40:11
2019,Albacete,4,Lunes,16,Travesía,Otro,Animal en calzada,Buen tiempo,Pleno día,1,0,1,0,2019-04-01,otro,animal en calzada,buen tiempo,pleno dia,travesia,589302a339e5059513c12b404e3dd270ffef4c8651619c2d3a07787ea6fc0577,accidentes_raw_dgt,2026-05-09 20:40:11
2019,Albacete,4,Martes,20,Travesía,Otro,Choque obstáculo lateral,Nieve,Noche con iluminación,1,0,0,1,2019-04-01,otro,choque obstaculo lateral,nieve,noche con iluminacion,travesia,118a91dd9d8f92a02d5ddc7881e260ba24ee44736859fb44262d942da0e0cb03,accidentes_raw_dgt,2026-05-09 20:40:11
2019,Albacete,4,Sábado,15,Travesía,Otro,Colisión frontolateral,Buen tiempo,Pleno día,1,0,0,1,2019-04-01,otro,colision frontolateral,buen tiempo,pleno dia,travesia,77523aa0395b6ee089984c28fd543755244df3ba6adba24be6b5b20f4fe5c6b3,accidentes_raw_dgt,2026-05-09 20:40:11
2019,Albacete,5,Viernes,11,Travesía,Otro,Colisión frontolateral,Buen tiempo,Pleno día,1,0,0,1,2019-05-01,otro,colision frontolateral,buen tiempo,pleno dia,travesia,f1de64eac803d9604ccb03ec7734b0e0eedc75ffebb091a39bf9b9397c39edf8,accidentes_raw_dgt,2026-05-09 20:40:11
2019,Albacete,5,Jueves,17,Travesía,Otro,Choque obstáculo lateral,Buen tiempo,Pleno día,1,0,0,1,2019-05-01,otro,choque obstaculo lateral,buen tiempo,pleno dia,travesia,7ec62885a6b7777a7d9cab7f236a96f23344a64e84b356f9bb6843e5c091d572,accidentes_raw_dgt,2026-05-09 20:40:11
2019,Albacete,5,Lunes,8,Travesía,Calle peatonal,Animal en calzada,Buen tiempo,Pleno día,1,0,0,1,2019-05-01,calle peatonal,animal en calzada,buen tiempo,pleno dia,travesia,998bae6a40b82ac12dd182fbb3bd6bbbc49809216aa316afdda461dbb0a8e5df,accidentes_raw_dgt,2026-05-09 20:40:11
2019,Albacete,4,Martes,11,Travesía,Otro,Colisión lateral,Buen tiempo,Pleno día,1,0,0,1,2019-04-01,otro,colision lateral,buen tiempo,pleno dia,travesia,9e468662812f45d0558e113a4b263fe79a657a32ced55af2b02b50630e5533bc,accidentes_raw_dgt,2026-05-09 20:40:11
2019,Albacete,5,Viernes,12,Travesía,Otro,Colisión por alcance,Buen tiempo,Pleno día,1,0,0,1,2019-05-01,otro,colision por alcance,buen tiempo,pleno dia,travesia,28dbec0e0501d3cc564103ed9c269ef959e7c697218c4aecc9eec6cbfbf27e97,accidentes_raw_dgt,2026-05-09 20:40:11
2019,Albacete,5,Lunes,20,Travesía,Otro,Choque obstáculo lateral,Buen tiempo,Pleno día,1,0,0,1,2019-05-01,otro,choque obstaculo lateral,buen tiempo,pleno dia,travesia,7d86b48acdec123e6c4bdb0031bfa9be7471d5728494270685a2227316ba3e8a,accidentes_raw_dgt,2026-05-09 20:40:11
2019,Albacete,5,Miércoles,7,Travesía,Otro,Colisión frontolateral,Lluvia,Pleno día,1,0,0,1,2019-05-01,otro,colision frontolateral,lluvia,pleno dia,travesia,972fb81a3b9e6076bb06207a2687f1f1d167ec845852aa6a33e11c1cf1f282f7,accidentes_raw_dgt,2026-05-09 20:40:11
2019,Albacete,5,Miércoles,17,Travesía,Otro,Choque obstáculo lateral,Buen tiempo,Pleno día,1,0,0,1,2019-05-01,otro,choque obstaculo lateral,buen tiempo,pleno dia,travesia,68ac846d8dc1c75da907a425479be9ddf766b4dc1e172b195cfbb9738ed895dc,accidentes_raw_dgt,2026-05-09 20:40:11
2019,Albacete,5,Viernes,15,Travesía,Otro,Animal en calzada,Buen tiempo,Pleno día,1,0,0,1,2019-05-01,otro,animal en calzada,buen tiempo,pleno dia,travesia,36d144ea081f24500bf72163ccde3d47487366cc47e9ea2fa199f60bbbcee648,accidentes_raw_dgt,2026-05-09 20:40:11