AÑO,PROVINCIA,MES,DIA_SEMANA,HORA,ZONA,TIPO_VIA,TIPO_ACCIDENTE,CONDICION_METEO,CONDICION_ILUMINACION,TOTAL_VICTIMAS,FALLECIDOS_24H,HERIDOS_GRAVES,HERIDOS_LEVES,FECHA_ACCIDENTE,TIPO_VIA_NORM,TIPO_ACCIDENTE_NORM,CONDICION_METEO_NORM,CONDICION_ILUMINACION_NORM,ZONA_NORM,ID_ACCIDENTE_HASH,source_id,load_timestamp
2019,Albacete,5,Viernes,15,Travesía,Otro,Colisión por alcance,Buen tiempo,Pleno día,1,0,0,1,2019-05-01,otro,colision por alcance,buen tiempo,pleno dia,travesia,19d0b0d4077454bdec0d553cc96ce822959a5707d28de909cd32395eb0b6f645,accidentes_raw_dgt,2026-05-09 20:40:11
2019,Albacete,5,Miércoles,16,Travesía,Otro,Objeto desprendido,Buen tiempo,Pleno día,1,0,0,1,2019-05-01,otro,objeto desprendido,buen tiempo,pleno dia,travesia,e361ec1ff521cfdb913fbfeb831a2ae6d8f46d505d9c0286db8682a32ca2aaf4,accidentes_raw_dgt,2026-05-09 20:40:11
2019,Albacete,5,Domingo,20,Travesía,Otro,Animal en calzada,Buen tiempo,Pleno día,1,0,0,1,2019-05-01,otro,animal en calzada,buen tiempo,pleno dia,travesia,02ede7e8caf71df40a5bb6495f5fcbc092cf7c87de6beed5d7813910d82ba3bd,accidentes_raw_dgt,2026-05-09 20:40:11
2019,Albacete,5,Lunes,17,Travesía,Otro,Colisión frontolateral,Buen tiempo,Pleno día,2,0,0,2,2019-05-01,otro,colision frontolateral,buen tiempo,pleno dia,travesia,0e6801798cea548d4bdb92af10e38939f59af24c4558a458707f8c970801a9c7,accidentes_raw_dgt,2026-05-09 20:40:11
2019,Albacete,5,Miércoles,9,Travesía,Otro,Colisión frontolateral,Buen tiempo,Pleno día,1,0,0,1,2019-05-01,otro,colision frontolateral,buen tiempo,pleno dia,travesia,973d94870ea2543da0aed1ebb95f8224c63bacbdf218b0e3793b24bc4d405d2c,accidentes_raw_dgt,2026-05-09 20:40:11
2019,Albacete,5,Lunes,19,Travesía,Otro,Choque obstáculo lateral,Buen tiempo,Pleno día,1,0,0,1,2019-05-01,otro,choque obstaculo lateral,buen tiempo,pleno dia,travesia,56626ff45dd863da4148044fe8f8dd459490a17b4fbb835be9408bde0e0fa3c1,accidentes_raw_dgt,2026-05-09 20:40:11
2019,Albacete,5,Martes,10,Travesía,Otro,Colisión frontolateral,Buen tiempo,Pleno día,1,0,0,1,2019-05-01,otro,colision frontolateral,buen tiempo,pleno dia,travesia,74e9f3d8efbda803994e08efba32440782235900ee20c261ff17b60e69a3d347,accidentes_raw_dgt,2026-05-09 20:40:11
2019,Albacete,5,Martes,11,Travesía,Otro,Choque obstáculo lateral,Buen tiempo,Pleno día,1,0,0,1,2019-05-01,otro,choque obstaculo lateral,buen tiempo,pleno dia,travesia,66c2e6dd7fe34b78c205baeea6f8216733c173269b8db8f322869fe2079af258,accidentes_raw_dgt,2026-05-09 20:40:11
2019,Albacete,5,Domingo,14,Travesía,Otro,Colisión por alcance,Buen tiempo,Pleno día,1,0,0,1,2019-05-01,otro,colision por alcance,buen tiempo,pleno dia,travesia,59a6d3288187dfcd54bb45d3ab2d4f073617978a981f2e5e07f6d4cfee470114,accidentes_raw_dgt,2026-05-09 20:40:11
2019,Albacete,5,Sábado,11,Travesía,Otro,Colisión lateral,Buen tiempo,Pleno día,1,0,0,1,2019-05-01,otro,colision lateral,buen tiempo,pleno dia,travesia,ed07bf12b8fe09324c8bc24c6738e1a8fd1e1c579615665a73b5fffe740db719,accidentes_raw_dgt,2026-05-09 20:40:11
2019,Albacete,5,Viernes,9,Travesía,Otro,Colisión lateral,Buen tiempo,Pleno día,1,0,0,1,2019-05-01,otro,colision lateral,buen tiempo,pleno dia,travesia,2c58b3a68ac99f845a207a613ce245b3fd2dd839320355a9778e9319f96363b2,accidentes_raw_dgt,2026-05-09 20:40:11
2019,Albacete,5,Martes,12,Travesía,Otro,Colisión frontolateral,Buen tiempo,Pleno día,1,0,0,1,2019-05-01,otro,colision frontolateral,buen tiempo,pleno dia,travesia,0252b081bda70b478f0131b310a93cb8d79086d785fb4ae392a8c5ffc3ddc5fe,accidentes_raw_dgt,2026-05-09 20:40:11
2019,Albacete,5,Viernes,16,Travesía,Otro,Animal en calzada,Otro,Pleno día,1,0,0,1,2019-05-01,otro,animal en calzada,otro,pleno dia,travesia,c7b96125d8bb1b5ac26f057909f1a29dcd87d00ced1a9b563f3220b6d6038d66,accidentes_raw_dgt,2026-05-09 20:40:11
2019,Albacete,5,Lunes,15,Travesía,Otro,Animal en calzada,Buen tiempo,Pleno día,1,0,0,1,2019-05-01,otro,animal en calzada,buen tiempo,pleno dia,travesia,48e1ff78f2967629663434954e7034e9a16116b94c678174f080fb20509144dc,accidentes_raw_dgt,2026-05-09 20:40:11
2019,Albacete,5,Lunes,18,Travesía,Otro,Choque obstáculo lateral,Buen tiempo,Pleno día,1,0,0,1,2019-05-01,otro,choque obstaculo lateral,buen tiempo,pleno dia,travesia,d40535ac09aac0ef32f8a23b8bb8e04bc2e8f9d6b0981fa98a16d0382f558d83,accidentes_raw_dgt,2026-05-09 20:40:11
2019,Albacete,5,Miércoles,17,Travesía,Otro,Colisión por alcance,Buen tiempo,Pleno día,1,0,0,1,2019-05-01,otro,colision por alcance,buen tiempo,pleno dia,travesia,efec9aaf21433bf806e7681de337cac7dbecfbf17b22ad3bcdfe5e46e564f32f,accidentes_raw_dgt,2026-05-09 20:40:11
2019,Albacete,5,Sábado,13,Travesía,Otro,Colisión frontolateral,Buen tiempo,Pleno día,1,0,0,1,2019-05-01,otro,colision frontolateral,buen tiempo,pleno dia,travesia,274897360371d52c0d6f5e7dcc285f914c51a39bb714f51a7a547433b143c151,accidentes_raw_dgt,2026-05-09 20:40:11
2019,Albacete,5,Martes,18,Travesía,Otro,Colisión frontolateral,Buen tiempo,Pleno día,1,0,0,1,2019-05-01,otro,colision frontolateral,buen tiempo,pleno dia,travesia,ca153fc499ffc25f1118ad5e58ff242584f3b3a285d4d9428615325613633e3e,accidentes_raw_dgt,2026-05-09 20:40:11
2019,Albacete,5,Martes,20,Travesía,Otro,Colisión frontolateral,Buen tiempo,Pleno día,1,0,0,1,2019-05-01,otro,colision frontolateral,buen tiempo,pleno dia,travesia,b62764dc19af7e6a2fd312662a2fe207d273a883e64bf87bd0ec755007649e6c,accidentes_raw_dgt,2026-05-09 20:40:11
2019,Albacete,4,Martes,14,Travesía,Otro,Colisión por alcance,Granizo,Pleno día,2,0,0,2,2019-04-01,otro,colision por alcance,granizo,pleno dia,travesia,e9ef91d2836a3d6a880c71604dda2bc5cf97836539864ee1a7da3221c3843df7,accidentes_raw_dgt,2026-05-09 20:40:11
2019,Albacete,5,Miércoles,17,Travesía,Otro,Colisión frontolateral,Buen tiempo,Pleno día,1,0,0,1,2019-05-01,otro,colision frontolateral,buen tiempo,pleno dia,travesia,58eb0dd988df36c54ae88fcf58afcd0a69944c335d82dfbe68094063f54f4363,accidentes_raw_dgt,2026-05-09 20:40:11
2019,Albacete,5,Martes,11,Travesía,Otro,Colisión lateral,Buen tiempo,Pleno día,1,0,0,1,2019-05-01,otro,colision lateral,buen tiempo,pleno dia,travesia,941b74661161da4ada37e53ac991b085d6700e9b16fb8dd999d4f8348fa958e8,accidentes_raw_dgt,2026-05-09 20:40:11
2019,Albacete,5,Martes,19,Travesía,Otro,Choque obstáculo lateral,Buen tiempo,Amanecer/Anochecer,2,0,0,2,2019-05-01,otro,choque obstaculo lateral,buen tiempo,amanecer/anochecer,travesia,26c151f9669f97e9117673c9283843f75cab75cf338c189234dd048f08343e69,accidentes_raw_dgt,2026-05-09 20:40:11
2019,Albacete,5,Miércoles,22,Travesía,Otro,Colisión lateral,Buen tiempo,Noche sin iluminación,1,0,1,0,2019-05-01,otro,colision lateral,buen tiempo,noche sin iluminacion,travesia,6bd44ccbcb332868f388c5e513b138cad353444144eb078ac58bf6f530c31439,accidentes_raw_dgt,2026-05-09 20:40:11
2019,Albacete,5,Jueves,11,Travesía,Otro,Choque obstáculo lateral,Buen tiempo,Pleno día,1,0,0,1,2019-05-01,otro,choque obstaculo lateral,buen tiempo,pleno dia,travesia,6d6e1059500ddb11aefec9d93e6847aab619cc084be4a20d11ffa1e58ec4a137,accidentes_raw_dgt,2026-05-09 20:40:11
2019,Albacete,5,Miércoles,12,Travesía,Otro,Colisión frontolateral,Buen tiempo,Pleno día,2,0,0,2,2019-05-01,otro,colision frontolateral,buen tiempo,pleno dia,travesia,32396038fca01cb69d2c44b0964624d1fe461c9780cffc7f95582a8aa977c2a1,accidentes_raw_dgt,2026-05-09 20:40:11
2019,Albacete,5,Miércoles,8,Travesía,Otro,Colisión lateral,Buen tiempo,Pleno día,1,0,0,1,2019-05-01,otro,colision lateral,buen tiempo,pleno dia,travesia,369b906a75d372193bbe4afb088078fa9e5eefc3778b6ff2398c811223d245ac,accidentes_raw_dgt,2026-05-09 20:40:11
2019,Albacete,6,Martes,19,Travesía,Otro,Colisión frontal,Buen tiempo,Pleno día,1,0,0,1,2019-06-01,otro,colision frontal,buen tiempo,pleno dia,travesia,f343a80aafa11416dbea660c9adb5728982363a1db46756a4c4c86849048088b,accidentes_raw_dgt,2026-05-09 20:40:11
2019,Albacete,6,Martes,10,Travesía,Otro,Choque obstáculo lateral,Buen tiempo,Pleno día,1,0,1,0,2019-06-01,otro,choque obstaculo lateral,buen tiempo,pleno dia,travesia,c18a8ad752fb7e649161dcabed2d1fb96fa38265866c1e8d123ba292aa23f1de,accidentes_raw_dgt,2026-05-09 20:40:11
2019,Albacete,5,Jueves,12,Travesía,Otro,Colisión por alcance,Buen tiempo,Pleno día,1,0,0,1,2019-05-01,otro,colision por alcance,buen tiempo,pleno dia,travesia,7123d367e354baefc7131376b2e3bbab1055dd45ba920b9f1ee2047cb1b72efc,accidentes_raw_dgt,2026-05-09 20:40:11
2019,Albacete,6,Lunes,13,Travesía,Otro,Choque obstáculo lateral,Buen tiempo,Pleno día,1,0,0,1,2019-06-01,otro,choque obstaculo lateral,buen tiempo,pleno dia,travesia,15197cf7214b58e67cae565e573ffd9aa44bcb81f8ee5d7185dfe8da0a16ef43,accidentes_raw_dgt,2026-05-09 20:40:11
2019,Albacete,6,Jueves,15,Travesía,Travesía,Choque obstáculo calzada,Buen tiempo,Pleno día,1,0,0,1,2019-06-01,travesia,choque obstaculo calzada,buen tiempo,pleno dia,travesia,3b47492744946d5a188be73c702fb2e3cd1b635433f841381ae8d2e0ed67b45f,accidentes_raw_dgt,2026-05-09 20:40:11
2019,Albacete,6,Jueves,15,Travesía,Otro,Colisión lateral,Buen tiempo,Pleno día,2,0,0,2,2019-06-01,otro,colision lateral,buen tiempo,pleno dia,travesia,da26b77becf8bcc17aa4e59a0205d8910373e5a25e0d7993fd5b2856c21ecdbb,accidentes_raw_dgt,2026-05-09 20:40:11
2019,Albacete,6,Lunes,6,Zona interurbana,Vía urbana,Caída de ocupante,Buen tiempo,Amanecer/Anochecer,1,0,0,1,2019-06-01,via urbana,caida de ocupante,buen tiempo,amanecer/anochecer,zona interurbana,7ac25d5d84cae3dcc037c52a93dfe320fe83b2a6abe787451b4fc15aeba2c9e7,accidentes_raw_dgt,2026-05-09 20:40:11
2019,Albacete,6,Miércoles,9,Travesía,Otro,Objeto desprendido,Buen tiempo,Pleno día,1,0,0,1,2019-06-01,otro,objeto desprendido,buen tiempo,pleno dia,travesia,0af7d7158becc6d02dc41536107090e77195cf90c556cadb37866528cc94e8a9,accidentes_raw_dgt,2026-05-09 20:40:11
2019,Albacete,5,Miércoles,7,Travesía,Otro,Choque obstáculo lateral,Buen tiempo,Pleno día,1,0,0,1,2019-05-01,otro,choque obstaculo lateral,buen tiempo,pleno dia,travesia,2cec8cf0e321c284fa0c2ebef804aac18bf1cbb85546f89e7e3d0b6aa8b9d2cf,accidentes_raw_dgt,2026-05-09 20:40:11
2019,Albacete,6,Viernes,10,Travesía,Otro,Animal en calzada,Buen tiempo,Pleno día,1,0,0,1,2019-06-01,otro,animal en calzada,buen tiempo,pleno dia,travesia,9a20ae78840d1a444686d7ef12f62082888b1f764151438badc3f5e0122f1429,accidentes_raw_dgt,2026-05-09 20:40:11
2019,Albacete,5,Sábado,0,Travesía,Otro,Colisión lateral,Buen tiempo,Pleno día,2,0,0,2,2019-05-01,otro,colision lateral,buen tiempo,pleno dia,travesia,eaf2067e34d6876930d2b304db688ab6b9d5064b7e682f7831297d39fbe01c92,accidentes_raw_dgt,2026-05-09 20:40:11
2019,Albacete,6,Domingo,19,Travesía,Otro,Colisión lateral,Buen tiempo,Pleno día,1,0,0,1,2019-06-01,otro,colision lateral,buen tiempo,pleno dia,travesia,12b637dd6a40e81118a123a7dde7d54c584569c273c31ed71ef33fcaa373112a,accidentes_raw_dgt,2026-05-09 20:40:11
2019,Albacete,6,Viernes,7,Travesía,Otro,Colisión frontolateral,Buen tiempo,Pleno día,1,0,0,1,2019-06-01,otro,colision frontolateral,buen tiempo,pleno dia,travesia,fd68fcf88c30b4df82ec214bb6b559ede1a5d47f3b1f751524177b998bb6bbdd,accidentes_raw_dgt,2026-05-09 20:40:11
2019,Albacete,6,Martes,23,Travesía,Otro,Animal en calzada,Buen tiempo,Noche con iluminación,1,0,0,1,2019-06-01,otro,animal en calzada,buen tiempo,noche con iluminacion,travesia,45297c633d331e6ac35169ebaaf75bc7fafd206ebb59ba4efd80566936e46eb0,accidentes_raw_dgt,2026-05-09 20:40:11
2019,Albacete,6,Jueves,10,Travesía,Otro urbano,Colisión lateral,Buen tiempo,Pleno día,1,0,0,1,2019-06-01,otro urbano,colision lateral,buen tiempo,pleno dia,travesia,2ecefe59ab6ae4e734bb1adec3bbb706be8c6fae0b39500d05f7a6665ffa7390,accidentes_raw_dgt,2026-05-09 20:40:11
2019,Albacete,6,Sábado,14,Travesía,Otro,Objeto desprendido,Buen tiempo,Pleno día,2,0,0,2,2019-06-01,otro,objeto desprendido,buen tiempo,pleno dia,travesia,cbfad02f9ed2a8d1e08d8f74f5303e9eb93637d47f82ab6f1c15871cf8dd0481,accidentes_raw_dgt,2026-05-09 20:40:11
2019,Albacete,6,Miércoles,12,Travesía,Otro,Choque obstáculo lateral,Buen tiempo,Pleno día,1,0,0,1,2019-06-01,otro,choque obstaculo lateral,buen tiempo,pleno dia,travesia,de3d43caad2bd3c4f0622fc60deecd06b34a0f25a80e30b81fe051a3c54799bb,accidentes_raw_dgt,2026-05-09 20:40:11
2019,Albacete,4,Lunes,13,Travesía,Otro,Colisión frontal,Buen tiempo,Pleno día,1,0,0,1,2019-04-01,otro,colision frontal,buen tiempo,pleno dia,travesia,585579aed1c5241bcec5569704f0863f09f42a230a3329daf11e8314025a0e28,accidentes_raw_dgt,2026-05-09 20:40:11
2019,Albacete,6,Martes,9,Travesía,Otro,Choque obstáculo lateral,Buen tiempo,Pleno día,1,0,0,1,2019-06-01,otro,choque obstaculo lateral,buen tiempo,pleno dia,travesia,e7faa8b075ab5b412691a8b097ebfee4bb5fd87c448bfffc35ed519a449702ce,accidentes_raw_dgt,2026-05-09 20:40:11
2019,Albacete,6,Miércoles,2,Travesía,Otro,Choque obstáculo calzada,Buen tiempo,Noche sin iluminación,1,0,0,1,2019-06-01,otro,choque obstaculo calzada,buen tiempo,noche sin iluminacion,travesia,2b36364b92fdfed9c63879bf2b415b1beb8ed2b9d08e8efb265d1aba48deca96,accidentes_raw_dgt,2026-05-09 20:40:11
2019,Albacete,6,Miércoles,14,Zona interurbana,Vía convencional,Caída de ocupante,Buen tiempo,Pleno día,1,0,1,0,2019-06-01,via convencional,caida de ocupante,buen tiempo,pleno dia,zona interurbana,cb69775effd93fc34ef38dfbfcdc4c593b1a3d8e7ab70c0f05d627dbc5cbd298,accidentes_raw_dgt,2026-05-09 20:40:11
2019,Albacete,6,Viernes,11,Travesía,Otro,Colisión por alcance,Buen tiempo,Pleno día,1,0,0,1,2019-06-01,otro,colision por alcance,buen tiempo,pleno dia,travesia,f5efb6e05e55f7eda6e88bec2eec69e6e2919cce997d7da9e6723e71b3021a87,accidentes_raw_dgt,2026-05-09 20:40:11
2019,Albacete,6,Lunes,12,Zona interurbana,Vía convencional,Colisión por alcance,Buen tiempo,Pleno día,2,0,0,2,2019-06-01,via convencional,colision por alcance,buen tiempo,pleno dia,zona interurbana,53f4041ba0cc8ed13c5a119242af44e60105ea5e486e4e8e3153e770c09261bb,accidentes_raw_dgt,2026-05-09 20:40:11
2019,Albacete,6,Martes,11,Travesía,Otro,Colisión lateral,Buen tiempo,Pleno día,1,0,0,1,2019-06-01,otro,colision lateral,buen tiempo,pleno dia,travesia,f79b8977720743f5e7c8b5b2e3813a8a4cc9aacd97eb20fcf41a7169e66ec1b9,accidentes_raw_dgt,2026-05-09 20:40:11
2019,Albacete,6,Jueves,13,Travesía,Otro,Colisión lateral,Buen tiempo,Pleno día,1,0,0,1,2019-06-01,otro,colision lateral,buen tiempo,pleno dia,travesia,46437ab18a6657040b4535297ff247b20c535c02263713f88b6a9e17484f1f3f,accidentes_raw_dgt,2026-05-09 20:40:11
2019,Albacete,6,Jueves,23,Travesía,Otro,Colisión lateral,Buen tiempo,Noche sin iluminación,1,0,0,1,2019-06-01,otro,colision lateral,buen tiempo,noche sin iluminacion,travesia,16a3e9e922b41fde13be3ae377b18e08d44fb136594e7f9819ff2ac75bab5516,accidentes_raw_dgt,2026-05-09 20:40:11
2019,Albacete,6,Jueves,14,Travesía,Otro,Colisión frontolateral,Buen tiempo,Pleno día,2,0,0,2,2019-06-01,otro,colision frontolateral,buen tiempo,pleno dia,travesia,fa3cfb3f1bb823aa9501f88f1f95f732ee6fef2c3a48be7f1d38037b216a549f,accidentes_raw_dgt,2026-05-09 20:40:11
2019,Albacete,6,Jueves,8,Travesía,Otro,Se desconoce,Buen tiempo,Pleno día,1,0,1,0,2019-06-01,otro,se desconoce,buen tiempo,pleno dia,travesia,0d866ba9f9fd0f2cbb2134daf52356d2021a3686352d5c19d967305bf9e4bbdc,accidentes_raw_dgt,2026-05-09 20:40:11
2019,Albacete,6,Viernes,17,Travesía,Otro,Colisión frontal,Buen tiempo,Pleno día,2,0,0,2,2019-06-01,otro,colision frontal,buen tiempo,pleno dia,travesia,6ecf763ff6e7cef7b47e6611e1bf76fe2608a2e32a97b2d88b083ae1d8d02c82,accidentes_raw_dgt,2026-05-09 20:40:11
2019,Albacete,6,Jueves,12,Travesía,Otro,Choque obstáculo lateral,Buen tiempo,Pleno día,1,0,0,1,2019-06-01,otro,choque obstaculo lateral,buen tiempo,pleno dia,travesia,e66f404f78b6875bb24ff40d80d21b78418607abff2e68d3084f75de4a239095,accidentes_raw_dgt,2026-05-09 20:40:11
2019,Albacete,6,Domingo,14,Travesía,Otro,Colisión frontolateral,Buen tiempo,Pleno día,1,0,0,1,2019-06-01,otro,colision frontolateral,buen tiempo,pleno dia,travesia,eeafcf2e9d8037ab51da8788043fdd0829500b7d8cc36aeb4503128b8a864cc5,accidentes_raw_dgt,2026-05-09 20:40:11
2019,Albacete,4,Sábado,10,Travesía,Travesía,Choque obstáculo lateral,Buen tiempo,Noche sin iluminación,1,0,0,1,2019-04-01,travesia,choque obstaculo lateral,buen tiempo,noche sin iluminacion,travesia,6dfb97632210ac38a071667cf8be7df83a16178e12f1248e45b2a3d24b3b2bd1,accidentes_raw_dgt,2026-05-09 20:40:11
2019,Albacete,6,Miércoles,13,Travesía,Otro,Objeto desprendido,Buen tiempo,Pleno día,1,0,0,1,2019-06-01,otro,objeto desprendido,buen tiempo,pleno dia,travesia,ee932b02fc14995ab1085f9c686b916d3dd5d21361ca4c20923965257334991d,accidentes_raw_dgt,2026-05-09 20:40:11
2019,Albacete,6,Miércoles,10,Travesía,Otro,Choque obstáculo lateral,Buen tiempo,Pleno día,1,0,0,1,2019-06-01,otro,choque obstaculo lateral,buen tiempo,pleno dia,travesia,22a2fa7d04248931a8853a7714b86546610afd01b2b1841890e979ba7ba6bcae,accidentes_raw_dgt,2026-05-09 20:40:11
2019,Albacete,6,Jueves,10,Travesía,Otro,Colisión frontolateral,Buen tiempo,Pleno día,1,0,0,1,2019-06-01,otro,colision frontolateral,buen tiempo,pleno dia,travesia,52a6eb687cd22e80d3342eac6fcc7f2e19209e8f83eb9b82e81c6f3e6f30743b,accidentes_raw_dgt,2026-05-09 20:40:11
2019,Albacete,6,Jueves,18,Travesía,Otro,Choque obstáculo lateral,Buen tiempo,Pleno día,1,0,0,1,2019-06-01,otro,choque obstaculo lateral,buen tiempo,pleno dia,travesia,b6602f58690ca41488e97cd28153671356747c951c55541b6c8d8b8493eb7143,accidentes_raw_dgt,2026-05-09 20:40:11
2019,Albacete,6,Miércoles,10,Travesía,Otro,Colisión frontolateral,Buen tiempo,Pleno día,1,0,0,1,2019-06-01,otro,colision frontolateral,buen tiempo,pleno dia,travesia,4654d793972c3b6a1d48fb0ab58d9cb0de46c3d33d605f9222c283dfaa12d420,accidentes_raw_dgt,2026-05-09 20:40:11
2019,Albacete,6,Lunes,10,Travesía,Otro,Colisión frontolateral,Buen tiempo,Pleno día,2,0,0,2,2019-06-01,otro,colision frontolateral,buen tiempo,pleno dia,travesia,03ac674216f3e15c761ee1a5e255f067953623c8b388b4459e13f978d7c846f4,accidentes_raw_dgt,2026-05-09 20:40:11
2019,Albacete,6,Domingo,1,Travesía,Otro,Colisión lateral,Buen tiempo,Noche sin iluminación,1,0,0,1,2019-06-01,otro,colision lateral,buen tiempo,noche sin iluminacion,travesia,310ced37200b1a0dae25edb263fe52c491f6e467268acab0ffec06666e2ed959,accidentes_raw_dgt,2026-05-09 20:40:11
2019,Albacete,6,Viernes,12,Travesía,Otro,Colisión frontolateral,Buen tiempo,Pleno día,1,0,0,1,2019-06-01,otro,colision frontolateral,buen tiempo,pleno dia,travesia,7b0838c2af7e6b1f3fe5a49c32dd459d997a931cee349ca6869f3c17cc838394,accidentes_raw_dgt,2026-05-09 20:40:11
2019,Albacete,6,Sábado,19,Travesía,Otro,Choque obstáculo lateral,Buen tiempo,Pleno día,1,0,0,1,2019-06-01,otro,choque obstaculo lateral,buen tiempo,pleno dia,travesia,a7ef9d0560e2144949045a322a88b84796b7266688a6db1eb0d1a1688bf16950,accidentes_raw_dgt,2026-05-09 20:40:11
2019,Albacete,7,Lunes,0,Travesía,Otro,Colisión frontolateral,Buen tiempo,Noche sin iluminación,1,0,0,1,2019-07-01,otro,colision frontolateral,buen tiempo,noche sin iluminacion,travesia,8de143c7e8ffc2a50d4910226e43210686863274cb0435990149fdecb0163dd8,accidentes_raw_dgt,2026-05-09 20:40:11
2019,Albacete,7,Miércoles,11,Travesía,Otro,Choque obstáculo lateral,Buen tiempo,Pleno día,1,0,0,1,2019-07-01,otro,choque obstaculo lateral,buen tiempo,pleno dia,travesia,f97350101e1a9de922bdbb762a33695234102dc119ffafa25c15d0418ec82b23,accidentes_raw_dgt,2026-05-09 20:40:11
2019,Albacete,7,Jueves,21,Travesía,Otro,Choque obstáculo lateral,Buen tiempo,Pleno día,1,0,0,1,2019-07-01,otro,choque obstaculo lateral,buen tiempo,pleno dia,travesia,1c00e16c0db1f129d7b8b87fad27646fdfc393600d20182fa7eb94682601b913,accidentes_raw_dgt,2026-05-09 20:40:11
2019,Albacete,7,Jueves,14,Travesía,Otro,Choque obstáculo lateral,Buen tiempo,Pleno día,1,0,0,1,2019-07-01,otro,choque obstaculo lateral,buen tiempo,pleno dia,travesia,1a08785d4897bde6665ece8ff85cc539010a6495c88f0f223999fa73956969ef,accidentes_raw_dgt,2026-05-09 20:40:11
2019,Albacete,7,Sábado,6,Travesía,Otro,Colisión frontolateral,Buen tiempo,Noche con iluminación,1,0,0,1,2019-07-01,otro,colision frontolateral,buen tiempo,noche con iluminacion,travesia,550018524a55c47b54067a7454e1b6f65f0fd43a53e79d71b0e5cb364017cf45,accidentes_raw_dgt,2026-05-09 20:40:11
2019,Albacete,7,Martes,22,Travesía,Otro,Objeto desprendido,Buen tiempo,Noche sin iluminación,1,0,0,1,2019-07-01,otro,objeto desprendido,buen tiempo,noche sin iluminacion,travesia,8c454536b6e2b8b29a1d839aa3c5ccf0ab57a590d619739b23a32d11585220c9,accidentes_raw_dgt,2026-05-09 20:40:11
2019,Albacete,7,Domingo,10,Travesía,Otro urbano,Animal en calzada,Buen tiempo,Pleno día,1,0,0,1,2019-07-01,otro urbano,animal en calzada,buen tiempo,pleno dia,travesia,aedec0d0ca66f380aed5fa5634c513c1bdfedc50ff2d734104809ddbc8b82295,accidentes_raw_dgt,2026-05-09 20:40:11
2019,Albacete,7,Lunes,17,Zona interurbana,Vía urbana,Atropello a peatón,Buen tiempo,Pleno día,1,0,0,1,2019-07-01,via urbana,atropello a peaton,buen tiempo,pleno dia,zona interurbana,8c244b370747c1930a4e0967254778ddbb69f6a409e62beebe5f92191a09a3a1,accidentes_raw_dgt,2026-05-09 20:40:11
2019,Albacete,7,Martes,17,Travesía,Otro,Choque obstáculo lateral,Buen tiempo,Pleno día,1,0,0,1,2019-07-01,otro,choque obstaculo lateral,buen tiempo,pleno dia,travesia,cf3ff1a00fa1836509df654dd27e81bd2e64b6ee293b26a7b96817388e44a711,accidentes_raw_dgt,2026-05-09 20:40:11
2019,Albacete,7,Lunes,8,Travesía,Calle peatonal,Objeto desprendido,Buen tiempo,Pleno día,1,0,1,0,2019-07-01,calle peatonal,objeto desprendido,buen tiempo,pleno dia,travesia,92f3c34650437f1ddf6b2f2e3f4d240e6e3755bace50d44b7a3fda82332a942b,accidentes_raw_dgt,2026-05-09 20:40:11
2019,Albacete,7,Domingo,17,Travesía,Otro,Choque obstáculo lateral,Nieve,Pleno día,2,0,0,2,2019-07-01,otro,choque obstaculo lateral,nieve,pleno dia,travesia,da2c575e48ee7651b9e99a511216b827ef6dea7ca08e77c7055b18b9d918a842,accidentes_raw_dgt,2026-05-09 20:40:11
2019,Albacete,7,Martes,19,Travesía,Travesía,Colisión por alcance,Buen tiempo,Pleno día,1,0,0,1,2019-07-01,travesia,colision por alcance,buen tiempo,pleno dia,travesia,4579e127cc265d745b89f77b7e266e9e8c46326d35a380e24761b0542d5cca7d,accidentes_raw_dgt,2026-05-09 20:40:11
2019,Albacete,7,Miércoles,18,Travesía,Otro,Animal en calzada,Buen tiempo,Pleno día,1,0,0,1,2019-07-01,otro,animal en calzada,buen tiempo,pleno dia,travesia,dfcafae694259c719203dd502252ab975bf6849dc6c8f5fcbe1eda19a821db4d,accidentes_raw_dgt,2026-05-09 20:40:11
2019,Albacete,7,Miércoles,11,Travesía,Otro,Colisión lateral,Buen tiempo,Pleno día,1,0,0,1,2019-07-01,otro,colision lateral,buen tiempo,pleno dia,travesia,ea80b523f4585374b7c94e7b9b420166e845e318f0efb4bafd6f51d3e8b1f72a,accidentes_raw_dgt,2026-05-09 20:40:11
2019,Albacete,7,Miércoles,18,Travesía,Otro,Choque obstáculo lateral,Buen tiempo,Pleno día,2,0,0,2,2019-07-01,otro,choque obstaculo lateral,buen tiempo,pleno dia,travesia,788181d3e6c41241e68b21d3b3826e3d2c4800ba621dff4e8b0f1bae3be798a9,accidentes_raw_dgt,2026-05-09 20:40:11
2019,Albacete,7,Miércoles,20,Travesía,Otro,Choque obstáculo lateral,Buen tiempo,Pleno día,1,0,0,1,2019-07-01,otro,choque obstaculo lateral,buen tiempo,pleno dia,travesia,f2adeac9190ca809f50201695117e73b723ddab809b7508f72a8a57c667767ea,accidentes_raw_dgt,2026-05-09 20:40:11
2019,Albacete,7,Martes,14,Travesía,Otro,Colisión frontolateral,Buen tiempo,Pleno día,2,0,0,2,2019-07-01,otro,colision frontolateral,buen tiempo,pleno dia,travesia,665cb02ac3b3b46848dff3760744b8c87710eef31b8e73b063158543c024fe3f,accidentes_raw_dgt,2026-05-09 20:40:11