AÑO,PROVINCIA,MES,DIA_SEMANA,HORA,ZONA,TIPO_VIA,TIPO_ACCIDENTE,CONDICION_METEO,CONDICION_ILUMINACION,TOTAL_VICTIMAS,FALLECIDOS_24H,HERIDOS_GRAVES,HERIDOS_LEVES,FECHA_ACCIDENTE,TIPO_VIA_NORM,TIPO_ACCIDENTE_NORM,CONDICION_METEO_NORM,CONDICION_ILUMINACION_NORM,ZONA_NORM,ID_ACCIDENTE_HASH,source_id,load_timestamp
2019,Albacete,7,Viernes,22,Travesía,Otro,Colisión frontolateral,Buen tiempo,Noche sin iluminación,1,0,0,1,2019-07-01,otro,colision frontolateral,buen tiempo,noche sin iluminacion,travesia,3f9eb849d10083d521abdb950e6ac4084bf4c0dad005cc7dab81a3d0a2499715,accidentes_raw_dgt,2026-05-09 20:40:11
2019,Albacete,7,Domingo,1,Travesía,Otro,Choque obstáculo lateral,Buen tiempo,Noche sin iluminación,1,0,0,1,2019-07-01,otro,choque obstaculo lateral,buen tiempo,noche sin iluminacion,travesia,e7d5f7be5195d60646a43ebfa0c38f0451121756e4146f5c2c75deb4e1f63820,accidentes_raw_dgt,2026-05-09 20:40:11
2019,Albacete,7,Viernes,13,Travesía,Otro,Choque obstáculo lateral,Buen tiempo,Pleno día,1,0,0,1,2019-07-01,otro,choque obstaculo lateral,buen tiempo,pleno dia,travesia,92abb80a9a9b828aeeef27efa528a247f91824f8d65773c1ac28781f931a6f40,accidentes_raw_dgt,2026-05-09 20:40:11
2019,Albacete,7,Lunes,15,Travesía,Otro,Animal en calzada,Buen tiempo,Pleno día,1,0,0,1,2019-07-01,otro,animal en calzada,buen tiempo,pleno dia,travesia,d8ed8ca27d83a63df6982905ea53b4613b9d7974edcee06f301cf43d63177f47,accidentes_raw_dgt,2026-05-09 20:40:11
2019,Albacete,7,Lunes,12,Travesía,Otro,Colisión frontolateral,Buen tiempo,Pleno día,1,0,0,1,2019-07-01,otro,colision frontolateral,buen tiempo,pleno dia,travesia,b32523d903bfe2355dca166631f0ed936c3b8940eadccc0cdf87c6e33c248f86,accidentes_raw_dgt,2026-05-09 20:40:11
2019,Albacete,7,Martes,7,Travesía,Otro,Colisión por alcance,Buen tiempo,Pleno día,1,0,0,1,2019-07-01,otro,colision por alcance,buen tiempo,pleno dia,travesia,9c19f29d0e6fefa21eec58f6ff4d0cf807b63d0ed146f1fea0874506b66c35ee,accidentes_raw_dgt,2026-05-09 20:40:11
2019,Albacete,7,Lunes,18,Travesía,Otro,Colisión por alcance,Buen tiempo,Pleno día,3,0,0,3,2019-07-01,otro,colision por alcance,buen tiempo,pleno dia,travesia,b81d00e65f747a4161b56ab92f400b81862c2bbefe84f220fcefab0399081798,accidentes_raw_dgt,2026-05-09 20:40:11
2019,Albacete,6,Lunes,15,Travesía,Otro,Choque obstáculo lateral,Buen tiempo,Pleno día,1,0,0,1,2019-06-01,otro,choque obstaculo lateral,buen tiempo,pleno dia,travesia,16e18ac98844452e0eba34f615bdeaad8ba8a53a7e59e232de17502a17cd57d3,accidentes_raw_dgt,2026-05-09 20:40:11
2019,Albacete,7,Lunes,10,Travesía,Otro,Objeto desprendido,Buen tiempo,Pleno día,1,0,0,1,2019-07-01,otro,objeto desprendido,buen tiempo,pleno dia,travesia,51e1424eeb514560081905811593feb19b6594c1e79146eae6fff3bed87a3e5a,accidentes_raw_dgt,2026-05-09 20:40:11
2019,Albacete,7,Martes,8,Travesía,Otro,Animal en calzada,Buen tiempo,Pleno día,1,0,0,1,2019-07-01,otro,animal en calzada,buen tiempo,pleno dia,travesia,ccc6742d528e7ca27cf37d49f4e9a2679da2ed959baeffee985aa7ecb39c58f7,accidentes_raw_dgt,2026-05-09 20:40:11
2019,Albacete,7,Miércoles,11,Zona interurbana,Vía urbana,Se desconoce,Buen tiempo,Pleno día,1,0,0,1,2019-07-01,via urbana,se desconoce,buen tiempo,pleno dia,zona interurbana,23b0cc711cca646227414df7e7acb15e878b93723280f388f33f24b5dab92b0b,accidentes_raw_dgt,2026-05-09 20:40:11
2019,Albacete,7,Viernes,18,Zona interurbana,Vía convencional,Colisión por alcance,Buen tiempo,Pleno día,1,0,0,1,2019-07-01,via convencional,colision por alcance,buen tiempo,pleno dia,zona interurbana,f7d7736a8f77a494064203eda8d618bb0cfbe19668065fa083825ecdc1eda540,accidentes_raw_dgt,2026-05-09 20:40:11
2019,Albacete,7,Viernes,23,Travesía,Otro,Choque obstáculo lateral,Buen tiempo,Noche sin iluminación,2,0,0,2,2019-07-01,otro,choque obstaculo lateral,buen tiempo,noche sin iluminacion,travesia,ec216fb204db213fecf8a4a72363a84fc97d5d1e3ec362eaf42a69ce6a025e16,accidentes_raw_dgt,2026-05-09 20:40:11
2019,Albacete,7,Viernes,14,Travesía,Otro,Animal en calzada,Buen tiempo,Pleno día,1,0,1,0,2019-07-01,otro,animal en calzada,buen tiempo,pleno dia,travesia,3bad45f2cc9f047e72cd5cf44eabbd27bfa3228302bb26be4c0a02a06fcdd9d9,accidentes_raw_dgt,2026-05-09 20:40:11
2019,Albacete,7,Jueves,19,Travesía,Otro,Colisión por alcance,Buen tiempo,Pleno día,1,0,0,1,2019-07-01,otro,colision por alcance,buen tiempo,pleno dia,travesia,6028e2a87c5080933ca436888c9d26630d7f34146c814e5d9b16c8dc21c5e223,accidentes_raw_dgt,2026-05-09 20:40:11
2019,Albacete,7,Domingo,22,Travesía,Otro,Choque obstáculo lateral,Buen tiempo,Noche sin iluminación,1,0,0,1,2019-07-01,otro,choque obstaculo lateral,buen tiempo,noche sin iluminacion,travesia,93654b454b7bc1eea6739e8ca279d028a9f2650c4f3e8843abc47fc5a8893300,accidentes_raw_dgt,2026-05-09 20:40:11
2019,Albacete,7,Sábado,20,Travesía,Otro,Choque obstáculo calzada,Buen tiempo,Pleno día,1,0,0,1,2019-07-01,otro,choque obstaculo calzada,buen tiempo,pleno dia,travesia,efbd1f26a54875e39972ccf7fa21a34f2491c850b2eba9636cb5478e595897b5,accidentes_raw_dgt,2026-05-09 20:40:11
2019,Albacete,7,Miércoles,13,Travesía,Otro,Choque obstáculo lateral,Buen tiempo,Pleno día,1,0,0,1,2019-07-01,otro,choque obstaculo lateral,buen tiempo,pleno dia,travesia,c676b6e9a4ca6b5ac36368e46b51915a0fcf7371a90c9155ddfa82195555496a,accidentes_raw_dgt,2026-05-09 20:40:11
2019,Albacete,7,Domingo,22,Travesía,Otro,Colisión lateral,Buen tiempo,Noche con iluminación,1,0,0,1,2019-07-01,otro,colision lateral,buen tiempo,noche con iluminacion,travesia,7deef068fe937f6dcc2098c04bfea863983b6799a91010cde91a2d19eaa63ed1,accidentes_raw_dgt,2026-05-09 20:40:11
2019,Albacete,7,Viernes,22,Travesía,Otro,Animal en calzada,Buen tiempo,Se desconoce,1,0,0,1,2019-07-01,otro,animal en calzada,buen tiempo,se desconoce,travesia,f8726da5732fa9095e0129c6c25619a35d435aa39e17a15998fa87ee96d34aeb,accidentes_raw_dgt,2026-05-09 20:40:11
2019,Albacete,7,Domingo,15,Zona interurbana,Vía urbana,Caída de motociclista,Buen tiempo,Pleno día,1,0,0,1,2019-07-01,via urbana,caida de motociclista,buen tiempo,pleno dia,zona interurbana,a1bb364ad3761439e83376289d6656aaabf8b99014a8a7ff937e37c53611d885,accidentes_raw_dgt,2026-05-09 20:40:11
2019,Albacete,7,Domingo,19,Travesía,Otro,Choque obstáculo lateral,Buen tiempo,Pleno día,2,0,0,2,2019-07-01,otro,choque obstaculo lateral,buen tiempo,pleno dia,travesia,c8bcad7f2864e0f66e4f8441c5547e899da3efcc43256c4be51280bb072cb018,accidentes_raw_dgt,2026-05-09 20:40:11
2019,Albacete,7,Viernes,13,Travesía,Otro,Colisión por alcance,Buen tiempo,Pleno día,1,0,0,1,2019-07-01,otro,colision por alcance,buen tiempo,pleno dia,travesia,7cbc1f697e71f94e5e4871b5d4e89420f2823dc219d95a58b79482c206f5cbb1,accidentes_raw_dgt,2026-05-09 20:40:11
2019,Albacete,7,Lunes,9,Travesía,Otro,Animal en calzada,Buen tiempo,Pleno día,1,0,0,1,2019-07-01,otro,animal en calzada,buen tiempo,pleno dia,travesia,fa9b1cc5d156de5b6ebd583ff1fe2c178fb1bacba5af7bf929cf51654a44e394,accidentes_raw_dgt,2026-05-09 20:40:11
2019,Albacete,7,Lunes,20,Travesía,Otro,Objeto desprendido,Buen tiempo,Pleno día,1,0,0,1,2019-07-01,otro,objeto desprendido,buen tiempo,pleno dia,travesia,f478525457dcd5ec6223e52bd3df32d1edb600275e18d6435cdeb3ef2294e8de,accidentes_raw_dgt,2026-05-09 20:40:11
2019,Albacete,7,Miércoles,12,Travesía,Otro,Objeto desprendido,Buen tiempo,Pleno día,1,0,0,1,2019-07-01,otro,objeto desprendido,buen tiempo,pleno dia,travesia,6f13d39f5c4665967f7df9f2f7311187fda905292da1a5a7cef66dd8cb6e9dd8,accidentes_raw_dgt,2026-05-09 20:40:11
2019,Albacete,6,Viernes,12,Travesía,Otro,Colisión frontolateral,Buen tiempo,Pleno día,1,0,0,1,2019-06-01,otro,colision frontolateral,buen tiempo,pleno dia,travesia,c2a824544a0afd72c9bfe30643efd67fa7b92401d1468625235b3b7cce716a8b,accidentes_raw_dgt,2026-05-09 20:40:11
2019,Albacete,8,Sábado,9,Travesía,Otro,Choque obstáculo lateral,Buen tiempo,Pleno día,2,0,0,2,2019-08-01,otro,choque obstaculo lateral,buen tiempo,pleno dia,travesia,3ac84a052226066874f36ca9dfddd1639db06447d2096a119ed31515dbd67505,accidentes_raw_dgt,2026-05-09 20:40:11
2019,Albacete,7,Martes,11,Travesía,Otro,Objeto desprendido,Buen tiempo,Pleno día,1,0,0,1,2019-07-01,otro,objeto desprendido,buen tiempo,pleno dia,travesia,c47affb712a521d4fdd0d9af6cb0e4d455eb9a241716a6456c4f093480f56df0,accidentes_raw_dgt,2026-05-09 20:40:11
2019,Albacete,8,Sábado,17,Travesía,Otro,Colisión por alcance,Buen tiempo,Pleno día,1,0,0,1,2019-08-01,otro,colision por alcance,buen tiempo,pleno dia,travesia,da9570a2a77104e59f0185cff795f508d23173949032cf0b90de9dfffaefaad3,accidentes_raw_dgt,2026-05-09 20:40:11
2019,Albacete,8,Lunes,18,Travesía,Otro,Choque obstáculo lateral,Buen tiempo,Pleno día,1,0,0,1,2019-08-01,otro,choque obstaculo lateral,buen tiempo,pleno dia,travesia,6fa0b9010de4170dbe2153884069668def7b78919fab3284c90d7b591b1f54a5,accidentes_raw_dgt,2026-05-09 20:40:11
2019,Albacete,8,Martes,20,Travesía,Otro,Colisión frontolateral,Buen tiempo,Pleno día,1,0,0,1,2019-08-01,otro,colision frontolateral,buen tiempo,pleno dia,travesia,2adf89afa76f370d54092cb53f74d1558f116bbbffe20007a67ba31746fdb7e3,accidentes_raw_dgt,2026-05-09 20:40:11
2019,Albacete,8,Jueves,19,Travesía,Otro,Colisión por alcance,Buen tiempo,Pleno día,1,0,0,1,2019-08-01,otro,colision por alcance,buen tiempo,pleno dia,travesia,065f4fa6723db9087ba06d66629821913cac0ec250a6e0e8e5e54f736751a132,accidentes_raw_dgt,2026-05-09 20:40:11
2019,Albacete,8,Sábado,13,Zona interurbana,Vía convencional,Colisión por alcance,Buen tiempo,Pleno día,1,0,0,1,2019-08-01,via convencional,colision por alcance,buen tiempo,pleno dia,zona interurbana,c999d2c4092b50ce7f8be2dc448be4aa7d19e51aa6686be633e326d7e39bd96f,accidentes_raw_dgt,2026-05-09 20:40:11
2019,Albacete,8,Viernes,6,Travesía,Otro,Colisión frontolateral,Buen tiempo,Noche con iluminación,2,0,0,2,2019-08-01,otro,colision frontolateral,buen tiempo,noche con iluminacion,travesia,0e0c8d9c5fa46e66bd8293289e410bbc9e35da10a211a4d5c3e0b64a373db54f,accidentes_raw_dgt,2026-05-09 20:40:11
2019,Albacete,8,Viernes,11,Travesía,Otro,Colisión frontolateral,Buen tiempo,Pleno día,1,0,0,1,2019-08-01,otro,colision frontolateral,buen tiempo,pleno dia,travesia,8c8f6b4381421dac2b8d6216cff7cb26161a13adf7239b703489841da47ff34b,accidentes_raw_dgt,2026-05-09 20:40:11
2019,Albacete,8,Martes,13,Travesía,Otro,Colisión por alcance,Buen tiempo,Pleno día,1,0,0,1,2019-08-01,otro,colision por alcance,buen tiempo,pleno dia,travesia,a9b9bd8e0ec83c8374c3c83178e416add3f6c8e0011164a40ee91a333b433384,accidentes_raw_dgt,2026-05-09 20:40:11
2019,Albacete,8,Jueves,12,Zona interurbana,Vía convencional,Colisión por alcance,Buen tiempo,Pleno día,3,0,0,3,2019-08-01,via convencional,colision por alcance,buen tiempo,pleno dia,zona interurbana,400b6feaba94359995cb987b5dbf76665c18e226aa77cb08695fad93d2d8a37f,accidentes_raw_dgt,2026-05-09 20:40:11
2019,Albacete,8,Lunes,16,Zona interurbana,Vía urbana,Colisión frontolateral,Lluvia,Pleno día,2,1,1,0,2019-08-01,via urbana,colision frontolateral,lluvia,pleno dia,zona interurbana,587a490557627756d252bf50aab1c7c0faa45f5fe2f9160fa8fe0d5d55c5a679,accidentes_raw_dgt,2026-05-09 20:40:11
2019,Albacete,8,Miércoles,13,Travesía,Otro,Colisión por alcance,Granizo,Pleno día,1,0,0,1,2019-08-01,otro,colision por alcance,granizo,pleno dia,travesia,9c499c3ddf63c6ea23a4831f4ab64c36c8e5d64461dc4f09e12cf6d4da78ca4b,accidentes_raw_dgt,2026-05-09 20:40:11
2019,Albacete,8,Jueves,13,Travesía,Otro,Choque obstáculo lateral,Buen tiempo,Pleno día,1,0,0,1,2019-08-01,otro,choque obstaculo lateral,buen tiempo,pleno dia,travesia,18959bb5d775ec360e139fc7f60d53fde6d31a6f6f3f434bf4fcdb5b91535a98,accidentes_raw_dgt,2026-05-09 20:40:11
2019,Albacete,8,Miércoles,14,Travesía,Otro,Colisión frontolateral,Granizo,Pleno día,1,0,0,1,2019-08-01,otro,colision frontolateral,granizo,pleno dia,travesia,f7961248034a58c430eda8e243830a0876f062e793810e0bb97d929fc35bb175,accidentes_raw_dgt,2026-05-09 20:40:11
2019,Albacete,8,Jueves,12,Travesía,Otro,Choque obstáculo lateral,Buen tiempo,Pleno día,1,0,0,1,2019-08-01,otro,choque obstaculo lateral,buen tiempo,pleno dia,travesia,40367c3cc999a9f9e951a1d33211545b84b2d5a63933b0020433000c3bb410fb,accidentes_raw_dgt,2026-05-09 20:40:11
2019,Albacete,8,Lunes,8,Travesía,Otro,Colisión por alcance,Lluvia,Pleno día,1,0,0,1,2019-08-01,otro,colision por alcance,lluvia,pleno dia,travesia,d59a23c3feff6c21bbd651244d14c5639d3aa704751d4ce7aaa481712a18456d,accidentes_raw_dgt,2026-05-09 20:40:11
2019,Albacete,8,Lunes,10,Travesía,Otro,Objeto desprendido,Lluvia,Pleno día,1,0,0,1,2019-08-01,otro,objeto desprendido,lluvia,pleno dia,travesia,df4011e630c0cda98a2323d4a528f461abdf6e30f69029dbc6508f6897264bb4,accidentes_raw_dgt,2026-05-09 20:40:11
2019,Albacete,8,Lunes,11,Travesía,Otro,Colisión frontal,Lluvia,Pleno día,1,0,0,1,2019-08-01,otro,colision frontal,lluvia,pleno dia,travesia,a037a7dfaf26abe1265bd5d51447be3bb1fdaef7c4c7a14bcf0d819818fb80b0,accidentes_raw_dgt,2026-05-09 20:40:11
2019,Albacete,8,Lunes,16,Travesía,Otro,Colisión frontolateral,Buen tiempo,Pleno día,1,0,0,1,2019-08-01,otro,colision frontolateral,buen tiempo,pleno dia,travesia,0f2cb44170f42cc966535f392a10dcd4499426df69dc476f1bf36609f7fa8c1e,accidentes_raw_dgt,2026-05-09 20:40:11
2019,Albacete,8,Miércoles,5,Zona interurbana,Camino vecinal,Se desconoce,Buen tiempo,Se desconoce,4,1,1,3,2019-08-01,camino vecinal,se desconoce,buen tiempo,se desconoce,zona interurbana,ee47968ec53bbe68eaf52703d6cab88d710f59de77edf4826b4ccaad0aed36ab,accidentes_raw_dgt,2026-05-09 20:40:11
2019,Albacete,8,Jueves,6,Zona interurbana,Vía convencional,Colisión por alcance,Buen tiempo,Se desconoce,1,0,0,1,2019-08-01,via convencional,colision por alcance,buen tiempo,se desconoce,zona interurbana,58070c528ac8e387bfc110298bf417979caaa9ec0612a18f3c6ae17bd425090d,accidentes_raw_dgt,2026-05-09 20:40:11
2019,Albacete,9,Lunes,13,Travesía,Otro,Objeto desprendido,Buen tiempo,Pleno día,2,0,0,2,2019-09-01,otro,objeto desprendido,buen tiempo,pleno dia,travesia,8ecb5bcd8cd84cc3ffc6f5dc3076d81c0a457a6bd4b305a33f318b623d701c2e,accidentes_raw_dgt,2026-05-09 20:40:11
2019,Albacete,8,Jueves,11,Travesía,Otro,Choque obstáculo lateral,Buen tiempo,Pleno día,1,0,1,0,2019-08-01,otro,choque obstaculo lateral,buen tiempo,pleno dia,travesia,c7f4f146491d27eed1cd4d422c9b3fec37006c606b17dabbfebef85845f3cbc1,accidentes_raw_dgt,2026-05-09 20:40:11
2019,Albacete,8,Jueves,11,Travesía,Otro,Se desconoce,Buen tiempo,Pleno día,1,0,1,0,2019-08-01,otro,se desconoce,buen tiempo,pleno dia,travesia,2c17079b4da72e80c1875f7d2feefe79322a71544c5de1c838ee0230f3598312,accidentes_raw_dgt,2026-05-09 20:40:11
2019,Albacete,9,Domingo,13,Travesía,Otro,Objeto desprendido,Buen tiempo,Pleno día,1,0,0,1,2019-09-01,otro,objeto desprendido,buen tiempo,pleno dia,travesia,8c144858bb5ea1a931069f55943c55a427e2530405bbe720e97aae0fda85ee8c,accidentes_raw_dgt,2026-05-09 20:40:11
2019,Albacete,8,Jueves,12,Travesía,Otro,Choque obstáculo lateral,Buen tiempo,Pleno día,1,0,0,1,2019-08-01,otro,choque obstaculo lateral,buen tiempo,pleno dia,travesia,c2c2cbd7d05c03ab560138b5633fd4058c92247fad26e23accfc3e4eefa52c58,accidentes_raw_dgt,2026-05-09 20:40:11
2019,Albacete,9,Sábado,16,Travesía,Otro,Objeto desprendido,Buen tiempo,Pleno día,1,0,0,1,2019-09-01,otro,objeto desprendido,buen tiempo,pleno dia,travesia,0c1a70e4512ee6f78c92820756a4026ce1f93872369624f31cf206614b2e231f,accidentes_raw_dgt,2026-05-09 20:40:11
2019,Albacete,9,Martes,9,Travesía,Otro,Choque obstáculo lateral,Buen tiempo,Pleno día,1,0,0,1,2019-09-01,otro,choque obstaculo lateral,buen tiempo,pleno dia,travesia,28995a2c0d04b66d5c7c818536bb00cd1fc1ac422aea47627de0999782fee3f4,accidentes_raw_dgt,2026-05-09 20:40:11
2019,Albacete,9,Jueves,12,Travesía,Otro,Choque obstáculo lateral,Lluvia,Pleno día,1,0,0,1,2019-09-01,otro,choque obstaculo lateral,lluvia,pleno dia,travesia,7611f1a57f80b0a87b4178e2e5f16bafa30dd0d9947d99f953c091d8c96abd0e,accidentes_raw_dgt,2026-05-09 20:40:11
2019,Albacete,9,Jueves,10,Travesía,Otro,Animal en calzada,Lluvia,Pleno día,1,0,0,1,2019-09-01,otro,animal en calzada,lluvia,pleno dia,travesia,712dca40936b39ce670dc803736fe3735cf99311030a928de039a36f77926230,accidentes_raw_dgt,2026-05-09 20:40:11
2019,Albacete,9,Martes,21,Travesía,Otro,Colisión frontolateral,Buen tiempo,Noche sin iluminación,3,0,0,3,2019-09-01,otro,colision frontolateral,buen tiempo,noche sin iluminacion,travesia,1cfafff6d51a03662b85b93dc3417f51687034ba9a46682f5328257eff7133ed,accidentes_raw_dgt,2026-05-09 20:40:11
2019,Albacete,9,Lunes,13,Travesía,Otro,Colisión frontolateral,Buen tiempo,Pleno día,1,0,0,1,2019-09-01,otro,colision frontolateral,buen tiempo,pleno dia,travesia,3324dab86f4dcdf48ba8ed6d736dcf050f09a23bf617c7d3579224548269ba1f,accidentes_raw_dgt,2026-05-09 20:40:11
2019,Albacete,9,Martes,17,Travesía,Otro,Colisión frontolateral,Buen tiempo,Pleno día,1,0,1,0,2019-09-01,otro,colision frontolateral,buen tiempo,pleno dia,travesia,b3b32ef85491ba019823218698a8dc82ed5ea963b1c0444cda283894440de5f9,accidentes_raw_dgt,2026-05-09 20:40:11
2019,Albacete,9,Sábado,11,Travesía,Otro,Colisión lateral,Buen tiempo,Pleno día,1,0,1,0,2019-09-01,otro,colision lateral,buen tiempo,pleno dia,travesia,b572ebd3a02e4754fca2ce9a36598a20853b3bd645fe725e71f4a08f7bd9b5c7,accidentes_raw_dgt,2026-05-09 20:40:11
2019,Albacete,9,Domingo,19,Travesía,Otro,Objeto desprendido,Buen tiempo,Pleno día,1,1,0,0,2019-09-01,otro,objeto desprendido,buen tiempo,pleno dia,travesia,845aab778f5f137db62ee9d8f87c24797456ad8f6b148d8f38acf858ce11ef80,accidentes_raw_dgt,2026-05-09 20:40:11
2019,Albacete,9,Domingo,16,Travesía,Otro urbano,Colisión frontal,Buen tiempo,Pleno día,1,0,1,0,2019-09-01,otro urbano,colision frontal,buen tiempo,pleno dia,travesia,095eaa09cd36d1f1e7a963c9ad618edab13f466882c9027ab81ffc18b0eb727e,accidentes_raw_dgt,2026-05-09 20:40:11
2019,Albacete,9,Sábado,6,Travesía,Otro,Se desconoce,Granizo,Noche sin iluminación,1,0,0,1,2019-09-01,otro,se desconoce,granizo,noche sin iluminacion,travesia,560229669058290cfa539ba7fb4bbe33e3773745e91dab75a02306f0e19b32ef,accidentes_raw_dgt,2026-05-09 20:40:11
2019,Albacete,9,Domingo,23,Travesía,Otro,Colisión frontolateral,Buen tiempo,Noche sin iluminación,1,0,0,1,2019-09-01,otro,colision frontolateral,buen tiempo,noche sin iluminacion,travesia,5f0fbfc126a9876e177921aeb69a9705447e5b4f29fc96631ab4ac6d31c62717,accidentes_raw_dgt,2026-05-09 20:40:11
2019,Albacete,8,Viernes,0,Travesía,Otro,Colisión frontolateral,Buen tiempo,Noche sin iluminación,1,0,0,1,2019-08-01,otro,colision frontolateral,buen tiempo,noche sin iluminacion,travesia,fc61dd3e648333d1c1133dde787c624ec4cfbac64912876c3fc5f80b5ab883bd,accidentes_raw_dgt,2026-05-09 20:40:11
2019,Albacete,9,Viernes,9,Travesía,Otro,Caída de motociclista,Buen tiempo,Pleno día,1,0,0,1,2019-09-01,otro,caida de motociclista,buen tiempo,pleno dia,travesia,6d62aa4b52071e39f064a930d190b85ab327eb1a5045a8050ac538666ee765ca,accidentes_raw_dgt,2026-05-09 20:40:11
2019,Albacete,9,Miércoles,11,Travesía,Otro,Choque obstáculo lateral,Buen tiempo,Pleno día,1,0,0,1,2019-09-01,otro,choque obstaculo lateral,buen tiempo,pleno dia,travesia,b24e3e21870645af14da826d4cb300c0f4f877c308efa30ff084f976f191aafb,accidentes_raw_dgt,2026-05-09 20:40:11
2019,Albacete,9,Miércoles,15,Travesía,Otro,Colisión frontolateral,Buen tiempo,Pleno día,2,0,0,2,2019-09-01,otro,colision frontolateral,buen tiempo,pleno dia,travesia,dd49477b0b970dde26d58606384cfedd0dc5740b719bffc06442e7d949849deb,accidentes_raw_dgt,2026-05-09 20:40:11
2019,Albacete,9,Lunes,13,Travesía,Otro,Objeto desprendido,Otro,Pleno día,1,0,0,1,2019-09-01,otro,objeto desprendido,otro,pleno dia,travesia,59c4d02848bada0d98508d51ff67b1a057ee8c537b90ab34873f61df7dc33c41,accidentes_raw_dgt,2026-05-09 20:40:11
2019,Albacete,9,Martes,11,Travesía,Otro,Choque obstáculo lateral,Buen tiempo,Pleno día,2,0,0,2,2019-09-01,otro,choque obstaculo lateral,buen tiempo,pleno dia,travesia,32718321fcedd1bcfbef86cac61aa50938668428fddd0e5810c97b3574f2e070,accidentes_raw_dgt,2026-05-09 20:40:11
2019,Albacete,9,Jueves,9,Travesía,Otro,Colisión frontolateral,Buen tiempo,Pleno día,1,0,1,0,2019-09-01,otro,colision frontolateral,buen tiempo,pleno dia,travesia,b01672c37b296eaf3f1854d10e9c2b8a6c96f77c739f9982d03e59f3e9696521,accidentes_raw_dgt,2026-05-09 20:40:11
2019,Albacete,9,Jueves,9,Travesía,Otro,Choque obstáculo lateral,Buen tiempo,Pleno día,1,0,0,1,2019-09-01,otro,choque obstaculo lateral,buen tiempo,pleno dia,travesia,040fe555cb4f5459547ee1da624040b002a012b23af44ff9005e59005b7e62ac,accidentes_raw_dgt,2026-05-09 20:40:11
2019,Albacete,9,Sábado,20,Travesía,Otro,Colisión frontolateral,Buen tiempo,Noche sin iluminación,1,0,0,1,2019-09-01,otro,colision frontolateral,buen tiempo,noche sin iluminacion,travesia,ce0d320a502ecee73ce06e640cad426ce1b955d3c5202ebc3f9d03df1ee7379b,accidentes_raw_dgt,2026-05-09 20:40:11
2019,Albacete,9,Jueves,14,Travesía,Otro,Colisión frontolateral,Buen tiempo,Pleno día,1,0,0,1,2019-09-01,otro,colision frontolateral,buen tiempo,pleno dia,travesia,0546542b90c76d50b3f8480b8b330865f8e5f2a0622a0dc9c3d6d5746cd72a13,accidentes_raw_dgt,2026-05-09 20:40:11
2019,Albacete,9,Viernes,9,Travesía,Otro,Colisión por alcance,Buen tiempo,Pleno día,1,0,0,1,2019-09-01,otro,colision por alcance,buen tiempo,pleno dia,travesia,7ba7d31bfa1ed86327ecfa9deb2dd8a44488fba943ca78c86c1e21f2d1be0a10,accidentes_raw_dgt,2026-05-09 20:40:11
2019,Albacete,10,Martes,18,Zona interurbana,Vía urbana,Se desconoce,Buen tiempo,Pleno día,2,0,0,2,2019-10-01,via urbana,se desconoce,buen tiempo,pleno dia,zona interurbana,24fd7e2735af185459f293eb8704789722c8e46ef86c880322577fe019bb829c,accidentes_raw_dgt,2026-05-09 20:40:11
2019,Albacete,9,Sábado,15,Travesía,Otro,Animal en calzada,Buen tiempo,Pleno día,1,0,0,1,2019-09-01,otro,animal en calzada,buen tiempo,pleno dia,travesia,6fdd9b073bc00a5da50bbb71825e6461116845cf1fbb3c84cd22aed47a75fdc2,accidentes_raw_dgt,2026-05-09 20:40:11
2019,Albacete,9,Sábado,12,Travesía,Otro,Choque obstáculo lateral,Buen tiempo,Pleno día,2,0,0,2,2019-09-01,otro,choque obstaculo lateral,buen tiempo,pleno dia,travesia,eb43272640b269219a01caf99c5a4122d6edc0916d45ac13c0ce80ca3ad2def0,accidentes_raw_dgt,2026-05-09 20:40:11
2019,Albacete,10,Miércoles,14,Travesía,Otro urbano,Colisión lateral,Buen tiempo,Pleno día,1,0,0,1,2019-10-01,otro urbano,colision lateral,buen tiempo,pleno dia,travesia,c399e9273f18bf50d4fc695c25a1909e6994caf1fd120a78e572762945136c2d,accidentes_raw_dgt,2026-05-09 20:40:11
2019,Albacete,10,Jueves,15,Travesía,Otro,Colisión por alcance,Buen tiempo,Pleno día,1,0,0,1,2019-10-01,otro,colision por alcance,buen tiempo,pleno dia,travesia,3c4ee858b268931acbb681e4d072ba08f451b0b58d77f886deb4e8ff584187e1,accidentes_raw_dgt,2026-05-09 20:40:11
2019,Albacete,9,Viernes,8,Travesía,Otro,Animal en calzada,Buen tiempo,Pleno día,1,0,0,1,2019-09-01,otro,animal en calzada,buen tiempo,pleno dia,travesia,5db1fee4b5703808c48078a76768b155b421b210c0761cd6a5d223f4d99f1eaa,accidentes_raw_dgt,2026-05-09 20:40:11
2019,Albacete,10,Sábado,21,Travesía,Otro,Colisión frontolateral,Buen tiempo,Noche sin iluminación,1,0,0,1,2019-10-01,otro,colision frontolateral,buen tiempo,noche sin iluminacion,travesia,929335bd815765d7b6766e83703418a3e98b7c519a6c9ec2e1400f57a348807b,accidentes_raw_dgt,2026-05-09 20:40:11
2019,Albacete,10,Viernes,9,Travesía,Otro,Colisión lateral,Buen tiempo,Pleno día,1,0,0,1,2019-10-01,otro,colision lateral,buen tiempo,pleno dia,travesia,462b01670e50875a9df97c18e87cd367dbe7fbd6f32783be20883747e37d5af6,accidentes_raw_dgt,2026-05-09 20:40:11