AÑO,PROVINCIA,MES,DIA_SEMANA,HORA,ZONA,TIPO_VIA,TIPO_ACCIDENTE,CONDICION_METEO,CONDICION_ILUMINACION,TOTAL_VICTIMAS,FALLECIDOS_24H,HERIDOS_GRAVES,HERIDOS_LEVES,FECHA_ACCIDENTE,TIPO_VIA_NORM,TIPO_ACCIDENTE_NORM,CONDICION_METEO_NORM,CONDICION_ILUMINACION_NORM,ZONA_NORM,ID_ACCIDENTE_HASH,source_id,load_timestamp
2019,Albacete,9,Sábado,22,Travesía,Otro,Colisión lateral,Buen tiempo,Noche sin iluminación,1,0,0,1,2019-09-01,otro,colision lateral,buen tiempo,noche sin iluminacion,travesia,9e0bc0a9aa374eab9ae10383ab67c9fadb1e2aa69a1d54555a7dff0670678bda,accidentes_raw_dgt,2026-05-09 20:40:11
2019,Albacete,9,Martes,15,Travesía,Otro,Colisión frontal,Buen tiempo,Pleno día,1,0,0,1,2019-09-01,otro,colision frontal,buen tiempo,pleno dia,travesia,866cf6ce0c5209505ff73ec603df870e4b40a94b61b751b5b26adf6428991ce4,accidentes_raw_dgt,2026-05-09 20:40:11
2019,Albacete,10,Domingo,21,Travesía,Otro,Choque obstáculo lateral,Buen tiempo,Noche con iluminación,1,0,0,1,2019-10-01,otro,choque obstaculo lateral,buen tiempo,noche con iluminacion,travesia,1c0e147e6071fdf6fbdad9b7add2ecac421cbb056ab74256ce78a910f97933bd,accidentes_raw_dgt,2026-05-09 20:40:11
2019,Albacete,10,Martes,8,Travesía,Otro,Colisión frontolateral,Buen tiempo,Pleno día,1,0,0,1,2019-10-01,otro,colision frontolateral,buen tiempo,pleno dia,travesia,2b0ebe245db547be83a6fe7635f1e9204b237b7e9f8ed0347fd92cede5791c60,accidentes_raw_dgt,2026-05-09 20:40:11
2019,Albacete,10,Martes,15,Travesía,Otro,Choque obstáculo lateral,Buen tiempo,Pleno día,1,0,0,1,2019-10-01,otro,choque obstaculo lateral,buen tiempo,pleno dia,travesia,aa13fda43018c393de7088225497fee24270d428a9de0d2f8d0cc899f6687e69,accidentes_raw_dgt,2026-05-09 20:40:11
2019,Albacete,10,Jueves,6,Travesía,Otro,Animal en calzada,Lluvia,Noche sin iluminación,1,0,0,1,2019-10-01,otro,animal en calzada,lluvia,noche sin iluminacion,travesia,8d30c678193105253b548f92bd2e972c39f192ae7cc3af3812c0d7b3bcc6e1ec,accidentes_raw_dgt,2026-05-09 20:40:11
2019,Albacete,10,Jueves,12,Travesía,Otro,Colisión frontal,Buen tiempo,Pleno día,1,0,0,1,2019-10-01,otro,colision frontal,buen tiempo,pleno dia,travesia,5631e5efadc1db19f6b2453cc6a2d6b76a81682d8c8594680343794a2558a91e,accidentes_raw_dgt,2026-05-09 20:40:11
2019,Albacete,10,Jueves,14,Travesía,Otro,Colisión por alcance,Buen tiempo,Pleno día,1,0,0,1,2019-10-01,otro,colision por alcance,buen tiempo,pleno dia,travesia,f74fee330886f88ceea28e9bdb43c9db1df048010398f407c9cb67e1c1c80e5e,accidentes_raw_dgt,2026-05-09 20:40:11
2019,Albacete,10,Lunes,8,Travesía,Otro,Animal en calzada,Lluvia,Pleno día,1,0,0,1,2019-10-01,otro,animal en calzada,lluvia,pleno dia,travesia,7f9401303ba2dafb41c911e1957b16e370a167a55cd62aa474431165ec993954,accidentes_raw_dgt,2026-05-09 20:40:11
2019,Albacete,10,Viernes,9,Travesía,Otro,Animal en calzada,Buen tiempo,Pleno día,1,0,0,1,2019-10-01,otro,animal en calzada,buen tiempo,pleno dia,travesia,6f42ae6ab479ee1698056d7ac5452bd3ccdedf788e1d78e5c1098ee13ee00f2b,accidentes_raw_dgt,2026-05-09 20:40:11
2019,Albacete,10,Miércoles,12,Travesía,Otro,Colisión frontolateral,Buen tiempo,Pleno día,1,0,0,1,2019-10-01,otro,colision frontolateral,buen tiempo,pleno dia,travesia,cba8d3a39041d4164e60270c6281f81be92d29656bec527211d87de66571f403,accidentes_raw_dgt,2026-05-09 20:40:11
2019,Albacete,10,Jueves,1,Travesía,Otro,Colisión frontolateral,Buen tiempo,Noche sin iluminación,2,0,0,2,2019-10-01,otro,colision frontolateral,buen tiempo,noche sin iluminacion,travesia,ed6f2060379b3b2192ea06e51b6e771f0ef931e9efc702f767da99869d4e67f7,accidentes_raw_dgt,2026-05-09 20:40:11
2019,Albacete,9,Miércoles,20,Travesía,Otro,Objeto desprendido,Buen tiempo,Pleno día,1,0,0,1,2019-09-01,otro,objeto desprendido,buen tiempo,pleno dia,travesia,9d551151d715267077b3a4a41ac5652b5887a82bd8e5ebdd085386a093cd1a89,accidentes_raw_dgt,2026-05-09 20:40:11
2019,Albacete,10,Jueves,7,Travesía,Otro,Colisión por alcance,Buen tiempo,Noche con iluminación,1,0,0,1,2019-10-01,otro,colision por alcance,buen tiempo,noche con iluminacion,travesia,04ad22d7630382dd5ece1410d2d8a131c44bdf54b53eb6b22a0276994b836d53,accidentes_raw_dgt,2026-05-09 20:40:11
2019,Albacete,10,Jueves,11,Travesía,Otro,Choque obstáculo lateral,Buen tiempo,Pleno día,1,0,0,1,2019-10-01,otro,choque obstaculo lateral,buen tiempo,pleno dia,travesia,d5b148567313dccf2ecad36152900c51a967603c18fda39cc3c3771b76df0325,accidentes_raw_dgt,2026-05-09 20:40:11
2019,Albacete,10,Martes,8,Travesía,Otro,Choque obstáculo lateral,Granizo,Noche con iluminación,1,0,0,1,2019-10-01,otro,choque obstaculo lateral,granizo,noche con iluminacion,travesia,a5a3f1ccc4741c42447995965e354b5e4372895fb8e88b50c90cba84ea668ef2,accidentes_raw_dgt,2026-05-09 20:40:11
2019,Albacete,10,Martes,20,Travesía,Otro,Choque obstáculo lateral,Buen tiempo,Noche sin iluminación,1,0,0,1,2019-10-01,otro,choque obstaculo lateral,buen tiempo,noche sin iluminacion,travesia,85e63bcfdcfcf1a63ccef788e46665211b53eb6a1f1da18149ab69715516df06,accidentes_raw_dgt,2026-05-09 20:40:11
2019,Albacete,10,Martes,19,Travesía,Otro,Colisión por alcance,Buen tiempo,Noche sin iluminación,1,0,0,1,2019-10-01,otro,colision por alcance,buen tiempo,noche sin iluminacion,travesia,f3e055913a0b1eb0f07317896f9a1bc466b9a50db85a7f882f3ffde9ffb23aca,accidentes_raw_dgt,2026-05-09 20:40:11
2019,Albacete,10,Miércoles,15,Travesía,Otro,Colisión por alcance,Buen tiempo,Pleno día,2,0,0,2,2019-10-01,otro,colision por alcance,buen tiempo,pleno dia,travesia,40207240ec43f8d817b96f2ee3e78aacd508dd2bea5634bb3284157eb824839a,accidentes_raw_dgt,2026-05-09 20:40:11
2019,Albacete,10,Domingo,23,Travesía,Otro,Colisión frontolateral,Buen tiempo,Noche sin iluminación,1,0,0,1,2019-10-01,otro,colision frontolateral,buen tiempo,noche sin iluminacion,travesia,80b6b4d2701219ca5adae9c5de9f7a00cb5773ee51ac5c446cb4b8c31704904e,accidentes_raw_dgt,2026-05-09 20:40:11
2019,Albacete,10,Miércoles,19,Travesía,Otro,Caída de motociclista,Granizo,Noche sin iluminación,1,1,0,0,2019-10-01,otro,caida de motociclista,granizo,noche sin iluminacion,travesia,d034a904e224b629947dac2110cf9900b655e6934aa735d5144f92a3399785fc,accidentes_raw_dgt,2026-05-09 20:40:11
2019,Albacete,10,Jueves,9,Travesía,Otro,Choque obstáculo lateral,Buen tiempo,Pleno día,1,0,0,1,2019-10-01,otro,choque obstaculo lateral,buen tiempo,pleno dia,travesia,2ee1a4c2b1f11f0ca375d1429e7902a1d84b900348ae65e624c83b1589ff2e27,accidentes_raw_dgt,2026-05-09 20:40:11
2019,Albacete,10,Domingo,19,Zona interurbana,Vía convencional,Salida vía izquierda,Buen tiempo,Amanecer/Anochecer,1,0,0,1,2019-10-01,via convencional,salida via izquierda,buen tiempo,amanecer/anochecer,zona interurbana,a2cdc3e5a34ca7321a76d6cd14bc467796cca6638f039def04126ee004152c18,accidentes_raw_dgt,2026-05-09 20:40:11
2019,Albacete,10,Domingo,6,Travesía,Otro,Se desconoce,Granizo,Noche sin iluminación,1,0,0,1,2019-10-01,otro,se desconoce,granizo,noche sin iluminacion,travesia,52558cb584c322ce06bc71777ddf400d2585bec7e64a888334aca9c24b016287,accidentes_raw_dgt,2026-05-09 20:40:11
2019,Albacete,10,Martes,22,Travesía,Otro,Colisión lateral,Granizo,Noche sin iluminación,1,0,0,1,2019-10-01,otro,colision lateral,granizo,noche sin iluminacion,travesia,50e9a8665b62c8d68bccc77c7c92431a1aa26ccbd38ed4bba8dd7422a3a4ab70,accidentes_raw_dgt,2026-05-09 20:40:11
2019,Albacete,11,Viernes,21,Travesía,Otro,Colisión lateral,Buen tiempo,Noche sin iluminación,1,0,0,1,2019-11-01,otro,colision lateral,buen tiempo,noche sin iluminacion,travesia,67d1514f9bb64c1adcec4ff70c012a40d675612d4403bfae978193547b751142,accidentes_raw_dgt,2026-05-09 20:40:11
2019,Albacete,11,Domingo,17,Zona interurbana,Vía convencional,Colisión múltiple,Buen tiempo,Pleno día,2,0,0,2,2019-11-01,via convencional,colision multiple,buen tiempo,pleno dia,zona interurbana,a6f988d30328bd706c66f8ac0d92aac21dd732149cdd69cb31f459dca20c5abe,accidentes_raw_dgt,2026-05-09 20:40:11
2019,Albacete,10,Lunes,0,Travesía,Otro,Colisión frontal,Buen tiempo,Noche sin iluminación,2,0,1,1,2019-10-01,otro,colision frontal,buen tiempo,noche sin iluminacion,travesia,68d49968602df15aad408dc2b20231992a941064ef1801e79e399ad8ceee8381,accidentes_raw_dgt,2026-05-09 20:40:11
2019,Albacete,10,Miércoles,10,Travesía,Otro,Choque obstáculo lateral,Buen tiempo,Pleno día,1,0,0,1,2019-10-01,otro,choque obstaculo lateral,buen tiempo,pleno dia,travesia,a985bb36df0be53b3487b4d0c57cae5ffdafcb3d0d50ffaea9f200c7b02ecf3f,accidentes_raw_dgt,2026-05-09 20:40:11
2019,Albacete,10,Miércoles,9,Travesía,Otro,Colisión por alcance,Buen tiempo,Pleno día,2,0,0,2,2019-10-01,otro,colision por alcance,buen tiempo,pleno dia,travesia,eed5fe88eedf687582e394a4afc70a7b8c6afbf20072c1a1d4a935ef5ef94640,accidentes_raw_dgt,2026-05-09 20:40:11
2019,Albacete,11,Martes,14,Travesía,Otro,Choque obstáculo lateral,Buen tiempo,Pleno día,2,0,0,2,2019-11-01,otro,choque obstaculo lateral,buen tiempo,pleno dia,travesia,07e9bba1c63a7a01f935ee06d931c453e0864fc0fcc11ec445a8af60a36cc6c8,accidentes_raw_dgt,2026-05-09 20:40:11
2019,Albacete,11,Miércoles,15,Travesía,Otro,Colisión frontolateral,Buen tiempo,Pleno día,1,0,0,1,2019-11-01,otro,colision frontolateral,buen tiempo,pleno dia,travesia,b2493a63065944321efebad0c9078c6bcb5a81345fd9449790c214a494174a44,accidentes_raw_dgt,2026-05-09 20:40:11
2019,Albacete,10,Domingo,13,Travesía,Otro,Colisión frontolateral,Buen tiempo,Pleno día,2,0,0,2,2019-10-01,otro,colision frontolateral,buen tiempo,pleno dia,travesia,a2144767f33525b47ccdbeb90311911fc7966c0975d14ae1df69712264d9ad47,accidentes_raw_dgt,2026-05-09 20:40:11
2019,Albacete,11,Sábado,13,Travesía,Otro,Choque obstáculo lateral,Buen tiempo,Pleno día,1,0,0,1,2019-11-01,otro,choque obstaculo lateral,buen tiempo,pleno dia,travesia,16c6411a67ff85c3c3ab8b938976ffd4c6403467a5dec3b253b68603a5c14775,accidentes_raw_dgt,2026-05-09 20:40:11
2019,Albacete,11,Sábado,22,Travesía,Otro,Colisión por alcance,Buen tiempo,Noche sin iluminación,3,0,0,3,2019-11-01,otro,colision por alcance,buen tiempo,noche sin iluminacion,travesia,117019447c8cafa16c8c15c79e694a1b2e99bd3adc86a9121856b3fc810879f3,accidentes_raw_dgt,2026-05-09 20:40:11
2019,Albacete,10,Miércoles,20,Travesía,Otro,Colisión frontal,Buen tiempo,Noche con iluminación,1,0,0,1,2019-10-01,otro,colision frontal,buen tiempo,noche con iluminacion,travesia,d818f221cbcb7016316f8a918c9a9967eb7d71ec54785211ec1d0a9ba7923dcd,accidentes_raw_dgt,2026-05-09 20:40:11
2019,Albacete,10,Martes,17,Travesía,Otro,Colisión frontolateral,Buen tiempo,Pleno día,1,0,0,1,2019-10-01,otro,colision frontolateral,buen tiempo,pleno dia,travesia,f3fc4fc7ae34fab1ec7cde93ff10f2960ca5244e9383c324431cf61788a26253,accidentes_raw_dgt,2026-05-09 20:40:11
2019,Albacete,10,Lunes,15,Travesía,Otro,Choque obstáculo lateral,Buen tiempo,Pleno día,1,0,0,1,2019-10-01,otro,choque obstaculo lateral,buen tiempo,pleno dia,travesia,2a1d1388f992dbcacd05d30692d4b902e81dea0843211b9430835767aaef0aa2,accidentes_raw_dgt,2026-05-09 20:40:11
2019,Albacete,11,Viernes,18,Travesía,Otro,Choque obstáculo lateral,Buen tiempo,Amanecer/Anochecer,1,0,0,1,2019-11-01,otro,choque obstaculo lateral,buen tiempo,amanecer/anochecer,travesia,81a4373c77b042b75ad630f0af56de33dd25ad692c31dab35aa77452c268a686,accidentes_raw_dgt,2026-05-09 20:40:11
2019,Albacete,11,Lunes,10,Travesía,Otro,Choque obstáculo lateral,Buen tiempo,Pleno día,1,0,0,1,2019-11-01,otro,choque obstaculo lateral,buen tiempo,pleno dia,travesia,8cfecd937a9328ecb71d3c08e5dd312058ca7d75171e7ba6e3af7573e210cd6c,accidentes_raw_dgt,2026-05-09 20:40:11
2019,Albacete,11,Martes,13,Travesía,Otro,Choque obstáculo lateral,Buen tiempo,Pleno día,1,0,1,0,2019-11-01,otro,choque obstaculo lateral,buen tiempo,pleno dia,travesia,aecef364029f6f3f008b4f2b87b9a1c27e596a74062b83cad24fab73cce4f1f0,accidentes_raw_dgt,2026-05-09 20:40:11
2019,Albacete,6,Jueves,18,Travesía,Otro,Colisión frontolateral,Buen tiempo,Pleno día,1,0,0,1,2019-06-01,otro,colision frontolateral,buen tiempo,pleno dia,travesia,a39ff608d7c5bc24e03340701adfa5728b72b6b9933f56ffb477ec888ac5c0d6,accidentes_raw_dgt,2026-05-09 20:40:11
2019,Albacete,7,Lunes,14,Travesía,Otro,Choque obstáculo lateral,Buen tiempo,Pleno día,1,0,1,0,2019-07-01,otro,choque obstaculo lateral,buen tiempo,pleno dia,travesia,479f16c2905bae7bb62edf5164063fc0260820e701f1ffa18f768f88aa899201,accidentes_raw_dgt,2026-05-09 20:40:11
2019,Albacete,11,Viernes,18,Travesía,Otro,Animal en calzada,Buen tiempo,Noche sin iluminación,2,1,1,0,2019-11-01,otro,animal en calzada,buen tiempo,noche sin iluminacion,travesia,6495da527bb644b403ca922424bd8976d85699d392f975c7d84cff45db3fd96e,accidentes_raw_dgt,2026-05-09 20:40:11
2019,Albacete,11,Jueves,18,Travesía,Otro,Choque obstáculo lateral,Buen tiempo,Noche ilum. insuficiente,1,0,0,1,2019-11-01,otro,choque obstaculo lateral,buen tiempo,noche ilum. insuficiente,travesia,a73531f89e6bcbc2a72a8b08ac33122114e19ffbf89d9dc7d3ef0e85f5dc2287,accidentes_raw_dgt,2026-05-09 20:40:11
2019,Albacete,7,Lunes,14,Travesía,Otro,Colisión frontolateral,Buen tiempo,Pleno día,2,0,0,2,2019-07-01,otro,colision frontolateral,buen tiempo,pleno dia,travesia,f6920d2ecbf720691362f699e0aa14eecffd23c76545147719dcc3a9a5734050,accidentes_raw_dgt,2026-05-09 20:40:11
2019,Albacete,6,Sábado,20,Travesía,Otro,Colisión frontolateral,Buen tiempo,Pleno día,1,0,1,0,2019-06-01,otro,colision frontolateral,buen tiempo,pleno dia,travesia,b8044b04302d760305b008520892997750ee61bbbe81b762cfc2cb22c47c5e24,accidentes_raw_dgt,2026-05-09 20:40:11
2019,Albacete,11,Jueves,19,Travesía,Otro,Colisión por alcance,Buen tiempo,Pleno día,1,0,0,1,2019-11-01,otro,colision por alcance,buen tiempo,pleno dia,travesia,5d6e5dacd1f15ec9e3860fbbaf3666e0a3c6717f6eba7982d43c2d2d626bbd31,accidentes_raw_dgt,2026-05-09 20:40:11
2019,Albacete,6,Miércoles,21,Travesía,Otro,Colisión frontolateral,Buen tiempo,Noche con iluminación,2,0,0,2,2019-06-01,otro,colision frontolateral,buen tiempo,noche con iluminacion,travesia,e401f2bd399f3456e5348217a7908ca545ea6d179f60f297a1b0133e87d2ff85,accidentes_raw_dgt,2026-05-09 20:40:11
2019,Albacete,7,Sábado,12,Travesía,Otro,Colisión lateral,Buen tiempo,Pleno día,1,0,0,1,2019-07-01,otro,colision lateral,buen tiempo,pleno dia,travesia,e40a3fa00fd2788c09beb9d57d12f88172d9d9ff8f2ff6b3e66482a6abc0da75,accidentes_raw_dgt,2026-05-09 20:40:11
2019,Albacete,7,Lunes,13,Travesía,Otro,Colisión lateral,Buen tiempo,Pleno día,1,0,0,1,2019-07-01,otro,colision lateral,buen tiempo,pleno dia,travesia,bb4d3bd125603e48cf30c795c427afd9da53f3a70482aa98ca3b8bbe1980d021,accidentes_raw_dgt,2026-05-09 20:40:11
2019,Albacete,11,Jueves,10,Travesía,Otro,Colisión frontolateral,Buen tiempo,Pleno día,1,0,0,1,2019-11-01,otro,colision frontolateral,buen tiempo,pleno dia,travesia,01d77b0b1bd2fecc8ddd43210d4d10934aa31db043675f53eb46907a031d10d2,accidentes_raw_dgt,2026-05-09 20:40:11
2019,Albacete,11,Jueves,15,Travesía,Otro,Choque obstáculo lateral,Nieve,Pleno día,1,0,0,1,2019-11-01,otro,choque obstaculo lateral,nieve,pleno dia,travesia,01b23136ea7f9f8b9e72c9e125fd710301baec28662b0de2168967838c79e81a,accidentes_raw_dgt,2026-05-09 20:40:11
2019,Albacete,6,Sábado,12,Travesía,Otro,Colisión lateral,Buen tiempo,Pleno día,1,0,0,1,2019-06-01,otro,colision lateral,buen tiempo,pleno dia,travesia,6fef307f9c8a3fb0ad69aea55b3d9c74c652a858c61b235e70ce2e2d490eb34c,accidentes_raw_dgt,2026-05-09 20:40:11
2019,Albacete,11,Miércoles,11,Travesía,Otro,Animal en calzada,Lluvia,Pleno día,2,0,0,2,2019-11-01,otro,animal en calzada,lluvia,pleno dia,travesia,48d3007452360e9b7e6b8ed5c7eab72c2e738bb48c43ffdbcb73ecc8550fd937,accidentes_raw_dgt,2026-05-09 20:40:11
2019,Albacete,11,Jueves,23,Travesía,Otro,Colisión frontolateral,Granizo,Noche sin iluminación,1,0,0,1,2019-11-01,otro,colision frontolateral,granizo,noche sin iluminacion,travesia,3e6fadf870460e8de27944dbf668c111feafdecd7ad396aff65380cde34051b4,accidentes_raw_dgt,2026-05-09 20:40:11
2019,Albacete,5,Martes,15,Travesía,Otro,Colisión lateral,Buen tiempo,Pleno día,1,0,0,1,2019-05-01,otro,colision lateral,buen tiempo,pleno dia,travesia,7b4f6f46093c9812bff7745ec3bc0f70d49ad40f18ae3bba91f719f15c0571f7,accidentes_raw_dgt,2026-05-09 20:40:11
2019,Albacete,11,Sábado,14,Travesía,Otro,Choque obstáculo lateral,Buen tiempo,Pleno día,1,0,0,1,2019-11-01,otro,choque obstaculo lateral,buen tiempo,pleno dia,travesia,67b75961400e53222b0107d3e6c3b223d6de41c6875c202704ca580a7fece038,accidentes_raw_dgt,2026-05-09 20:40:11
2019,Albacete,8,Martes,10,Travesía,Otro urbano,Animal en calzada,Lluvia,Pleno día,1,0,0,1,2019-08-01,otro urbano,animal en calzada,lluvia,pleno dia,travesia,b41f1aff4d998f2ee49db0454b48ed69cb5c0e499e9bd1608b5d2c0b4f6cccfe,accidentes_raw_dgt,2026-05-09 20:40:11
2019,Albacete,10,Viernes,22,Travesía,Otro,Colisión frontolateral,Buen tiempo,Noche sin iluminación,1,0,0,1,2019-10-01,otro,colision frontolateral,buen tiempo,noche sin iluminacion,travesia,3485da2e4aaa4c692d04e570406af48b512f13137ab9e57718753a7a9f7b6e1c,accidentes_raw_dgt,2026-05-09 20:40:11
2019,Albacete,8,Domingo,18,Travesía,Otro,Colisión por alcance,Buen tiempo,Pleno día,1,0,0,1,2019-08-01,otro,colision por alcance,buen tiempo,pleno dia,travesia,55fdec963805de594b61b2c1692cadc2c1dfb844d6ac10c5bfed33c842087b2e,accidentes_raw_dgt,2026-05-09 20:40:11
2019,Albacete,10,Martes,9,Travesía,Otro,Colisión por alcance,Buen tiempo,Pleno día,1,0,0,1,2019-10-01,otro,colision por alcance,buen tiempo,pleno dia,travesia,afd679cd3f9a81fd9ce02e6434a24f848937f09909fabcc3b3781e06036e284c,accidentes_raw_dgt,2026-05-09 20:40:11
2019,Albacete,9,Miércoles,13,Travesía,Otro,Choque obstáculo lateral,Buen tiempo,Pleno día,1,0,0,1,2019-09-01,otro,choque obstaculo lateral,buen tiempo,pleno dia,travesia,5626696e19ac4b81318bf2bdc4af05efb210da38a29f0cc395eeda1c37d11ede,accidentes_raw_dgt,2026-05-09 20:40:11
2019,Albacete,4,Domingo,14,Travesía,Otro,Colisión por alcance,Buen tiempo,Pleno día,2,0,0,2,2019-04-01,otro,colision por alcance,buen tiempo,pleno dia,travesia,e8026bda3ea2eedc7dc7bce9daa640f8cc0f33e335bd73d986a872b3ba789c71,accidentes_raw_dgt,2026-05-09 20:40:11
2019,Albacete,10,Jueves,10,Travesía,Otro,Colisión frontal,Buen tiempo,Pleno día,2,0,0,2,2019-10-01,otro,colision frontal,buen tiempo,pleno dia,travesia,a8fd7dc0e1bf71874f7bae013d89b07da30f44bdb001c6e44071388ce6fa380f,accidentes_raw_dgt,2026-05-09 20:40:11
2019,Albacete,7,Domingo,0,Travesía,Otro,Animal en calzada,Buen tiempo,Noche sin iluminación,1,0,0,1,2019-07-01,otro,animal en calzada,buen tiempo,noche sin iluminacion,travesia,ae600959378c54c51d1b867e77cef34eba55658bf2abcec187cfe901526d0a80,accidentes_raw_dgt,2026-05-09 20:40:11
2019,Albacete,10,Jueves,12,Travesía,Otro,Choque obstáculo lateral,Buen tiempo,Pleno día,1,0,0,1,2019-10-01,otro,choque obstaculo lateral,buen tiempo,pleno dia,travesia,1326c6c44cc5e89cc510c9d2a17dd02c9105a377df60cf64d953c1eb4b06b00d,accidentes_raw_dgt,2026-05-09 20:40:11
2019,Albacete,11,Sábado,0,Travesía,Otro,Animal en calzada,Buen tiempo,Noche sin iluminación,1,0,0,1,2019-11-01,otro,animal en calzada,buen tiempo,noche sin iluminacion,travesia,a3346b8b4c26feb607f8a40699c934ef426dee5ceebf51f9f7209aa79c08a0da,accidentes_raw_dgt,2026-05-09 20:40:11
2019,Albacete,10,Miércoles,10,Travesía,Otro,Choque obstáculo lateral,Buen tiempo,Pleno día,1,0,0,1,2019-10-01,otro,choque obstaculo lateral,buen tiempo,pleno dia,travesia,f8a5da214f3f6c281e008924914e7decf9a13637737204589eed04379dc600a8,accidentes_raw_dgt,2026-05-09 20:40:11
2019,Albacete,8,Lunes,10,Travesía,Otro,Choque obstáculo lateral,Buen tiempo,Pleno día,1,0,0,1,2019-08-01,otro,choque obstaculo lateral,buen tiempo,pleno dia,travesia,efe8564971192c24d29c7aedb7c5230aeaf13dbac7815bb7bd2206bdcc483350,accidentes_raw_dgt,2026-05-09 20:40:11
2019,Albacete,6,Martes,10,Travesía,Otro,Choque obstáculo lateral,Buen tiempo,Pleno día,1,0,1,0,2019-06-01,otro,choque obstaculo lateral,buen tiempo,pleno dia,travesia,4103f0a4e707b1c7bebbc42809ab0ace8dd3f56d844d7903bfe9f95a2ccc6972,accidentes_raw_dgt,2026-05-09 20:40:11
2019,Albacete,11,Viernes,11,Travesía,Otro,Choque obstáculo lateral,Buen tiempo,Pleno día,2,0,0,2,2019-11-01,otro,choque obstaculo lateral,buen tiempo,pleno dia,travesia,90dbca35cc682d5b4c2e53bd171e6cfba19168539c6f0799df31613fd5638a0f,accidentes_raw_dgt,2026-05-09 20:40:11
2019,Albacete,11,Lunes,14,Travesía,Otro,Choque obstáculo lateral,Buen tiempo,Pleno día,1,0,0,1,2019-11-01,otro,choque obstaculo lateral,buen tiempo,pleno dia,travesia,8ba36ede1aa545ad0134565edcd06b59293e6ecc8e86eccffab5f6ee4ef90f23,accidentes_raw_dgt,2026-05-09 20:40:11
2019,Albacete,11,Viernes,11,Travesía,Otro,Colisión lateral,Buen tiempo,Pleno día,1,0,0,1,2019-11-01,otro,colision lateral,buen tiempo,pleno dia,travesia,93f9c262828299ee745a8b6506b45a56d6ddc44303bdd99cd865b839680661b8,accidentes_raw_dgt,2026-05-09 20:40:11
2019,Albacete,11,Lunes,19,Travesía,Otro,Colisión por alcance,Buen tiempo,Noche sin iluminación,1,0,0,1,2019-11-01,otro,colision por alcance,buen tiempo,noche sin iluminacion,travesia,afbfb89027a4dae87c6033eaa07896e93f3f1ddc2214ca43658982e8aa74b4d4,accidentes_raw_dgt,2026-05-09 20:40:11
2019,Albacete,11,Viernes,18,Travesía,Calle peatonal,Colisión frontolateral,Granizo,Noche sin iluminación,3,0,0,3,2019-11-01,calle peatonal,colision frontolateral,granizo,noche sin iluminacion,travesia,0c86f2dfd04b5d52de85408b658cd99e053d9010b38c56da20673c9a891e9746,accidentes_raw_dgt,2026-05-09 20:40:11
2019,Albacete,9,Miércoles,16,Travesía,Otro,Choque obstáculo lateral,Buen tiempo,Pleno día,2,0,0,2,2019-09-01,otro,choque obstaculo lateral,buen tiempo,pleno dia,travesia,c775788b4db45b59989df2c70fdbf7895f0de12023618a38f5c0a417b7f3699e,accidentes_raw_dgt,2026-05-09 20:40:11
2019,Albacete,6,Lunes,12,Travesía,Otro,Colisión frontolateral,Buen tiempo,Pleno día,1,0,0,1,2019-06-01,otro,colision frontolateral,buen tiempo,pleno dia,travesia,2e2f4263cfaaee7aaa1d42ef48a906b51faaf6aa20d72cad0a797005238c822e,accidentes_raw_dgt,2026-05-09 20:40:11
2019,Albacete,6,Lunes,12,Travesía,Otro,Colisión por alcance,Buen tiempo,Pleno día,1,0,0,1,2019-06-01,otro,colision por alcance,buen tiempo,pleno dia,travesia,0f47caa1afdc7b7c8f1b627e85db55ba2193692e714b9def1df80f5b9be249b4,accidentes_raw_dgt,2026-05-09 20:40:11
2019,Albacete,10,Sábado,14,Travesía,Otro,Colisión frontolateral,Buen tiempo,Pleno día,1,0,0,1,2019-10-01,otro,colision frontolateral,buen tiempo,pleno dia,travesia,fea8344c6c192a73125b6b1469b96dd2944ec2e6206e0dbab867e910da7ace17,accidentes_raw_dgt,2026-05-09 20:40:11
2019,Albacete,11,Martes,15,Travesía,Otro,Caída de motociclista,Buen tiempo,Pleno día,1,0,0,1,2019-11-01,otro,caida de motociclista,buen tiempo,pleno dia,travesia,3141d9c749e88ee5550192703c3e025a9b3446ec543f17a923cb24e7b61dfece,accidentes_raw_dgt,2026-05-09 20:40:11
2019,Albacete,11,Lunes,16,Travesía,Otro,Colisión por alcance,Buen tiempo,Pleno día,1,0,0,1,2019-11-01,otro,colision por alcance,buen tiempo,pleno dia,travesia,726ec906a90da1f19f317ffc28d601cfddaa5d139a4caab89bd4566b8c605979,accidentes_raw_dgt,2026-05-09 20:40:11
2019,Albacete,12,Miércoles,8,Travesía,Otro,Animal en calzada,Granizo,Pleno día,1,0,0,1,2019-12-01,otro,animal en calzada,granizo,pleno dia,travesia,fd53efd8940f305f79e212dc2e0a557d23eab8f2f60fbf219e19e3351b68e732,accidentes_raw_dgt,2026-05-09 20:40:11
2019,Albacete,12,Lunes,11,Travesía,Otro,Colisión frontal,Lluvia,Pleno día,1,0,0,1,2019-12-01,otro,colision frontal,lluvia,pleno dia,travesia,e81d47bc1914daacdfe3670959ae7f749fd47976471fc68ed00041f6150c80b6,accidentes_raw_dgt,2026-05-09 20:40:11