AÑO,PROVINCIA,MES,DIA_SEMANA,HORA,ZONA,TIPO_VIA,TIPO_ACCIDENTE,CONDICION_METEO,CONDICION_ILUMINACION,TOTAL_VICTIMAS,FALLECIDOS_24H,HERIDOS_GRAVES,HERIDOS_LEVES,FECHA_ACCIDENTE,TIPO_VIA_NORM,TIPO_ACCIDENTE_NORM,CONDICION_METEO_NORM,CONDICION_ILUMINACION_NORM,ZONA_NORM,ID_ACCIDENTE_HASH,source_id,load_timestamp
2019,Albacete,12,Martes,8,Travesía,Otro,Choque obstáculo lateral,Lluvia,Pleno día,1,0,0,1,2019-12-01,otro,choque obstaculo lateral,lluvia,pleno dia,travesia,a478642504ac5d8393e32fc1de2d016311e38b7aa175a80a2adb8a5a0a0263fc,accidentes_raw_dgt,2026-05-09 20:40:11
2019,Albacete,12,Lunes,19,Travesía,Otro,Caída de motociclista,Granizo,Noche sin iluminación,1,0,0,1,2019-12-01,otro,caida de motociclista,granizo,noche sin iluminacion,travesia,27bb63ed6f711388cd6e7b053728de769515945977022b6414ecc9ca546a0889,accidentes_raw_dgt,2026-05-09 20:40:11
2019,Albacete,12,Miércoles,13,Travesía,Otro,Choque obstáculo lateral,Granizo,Pleno día,1,0,0,1,2019-12-01,otro,choque obstaculo lateral,granizo,pleno dia,travesia,2c29bd822988ccf7b83e0baf85cefe1253e718cbe4ee54a119efd998260a85b7,accidentes_raw_dgt,2026-05-09 20:40:11
2019,Albacete,10,Lunes,19,Travesía,Otro,Colisión por alcance,Buen tiempo,Noche sin iluminación,1,0,0,1,2019-10-01,otro,colision por alcance,buen tiempo,noche sin iluminacion,travesia,58fba35ac3591d27507b733ea4a6dc1c8b1c2cf04ddbbd6b3d4a4da3a3c8fd3c,accidentes_raw_dgt,2026-05-09 20:40:11
2019,Albacete,11,Jueves,9,Travesía,Otro,Colisión lateral,Buen tiempo,Pleno día,1,0,0,1,2019-11-01,otro,colision lateral,buen tiempo,pleno dia,travesia,da4bb298d82e8b0c1cde703b60549806e385df057824e9c9b032167c945b0fa8,accidentes_raw_dgt,2026-05-09 20:40:11
2019,Albacete,7,Lunes,10,Travesía,Otro,Animal en calzada,Buen tiempo,Pleno día,2,0,0,2,2019-07-01,otro,animal en calzada,buen tiempo,pleno dia,travesia,ca0a39458de3f06338529071528cd9a8663360350532017ddbd75079d9786136,accidentes_raw_dgt,2026-05-09 20:40:11
2019,Albacete,12,Miércoles,7,Travesía,Otro,Choque obstáculo lateral,Buen tiempo,Noche sin iluminación,1,0,0,1,2019-12-01,otro,choque obstaculo lateral,buen tiempo,noche sin iluminacion,travesia,74bbcf773c82f8b9b1a44138238d135520fe7a0fb898af5c18292a6fe9d23eb8,accidentes_raw_dgt,2026-05-09 20:40:11
2019,Albacete,12,Lunes,8,Travesía,Otro,Colisión lateral,Buen tiempo,Pleno día,1,0,0,1,2019-12-01,otro,colision lateral,buen tiempo,pleno dia,travesia,ffab53082b58bed639d2197c3b31c8771f61d58ec398645df95e3340d7bc6e28,accidentes_raw_dgt,2026-05-09 20:40:11
2019,Albacete,12,Viernes,12,Travesía,Otro,Colisión por alcance,Buen tiempo,Pleno día,1,0,0,1,2019-12-01,otro,colision por alcance,buen tiempo,pleno dia,travesia,1c053d3970411ca6bf88c28c07c635079acad2c969baf0ecccf3f53918320eb9,accidentes_raw_dgt,2026-05-09 20:40:11
2019,Albacete,11,Jueves,17,Travesía,Otro,Colisión lateral,Buen tiempo,Amanecer/Anochecer,1,0,0,1,2019-11-01,otro,colision lateral,buen tiempo,amanecer/anochecer,travesia,38c02f46b57855590f8cdd17c1b2704e72c3effbb92833b46fec0f2a52cc61aa,accidentes_raw_dgt,2026-05-09 20:40:11
2019,Albacete,12,Lunes,22,Travesía,Calle peatonal,Otro tipo,Buen tiempo,Noche sin iluminación,1,0,1,0,2019-12-01,calle peatonal,otro tipo,buen tiempo,noche sin iluminacion,travesia,95fc6cd8aeb992c4169c1f26d4514523b37130b38ce5ca12500e621145be3e15,accidentes_raw_dgt,2026-05-09 20:40:11
2019,Albacete,12,Viernes,10,Travesía,Otro,Colisión lateral,Buen tiempo,Pleno día,2,0,0,2,2019-12-01,otro,colision lateral,buen tiempo,pleno dia,travesia,f10d342ce63e0d2d9cd929adda0c0c1d23bf126a2291491a124dcba638848988,accidentes_raw_dgt,2026-05-09 20:40:11
2019,Albacete,12,Lunes,11,Travesía,Otro,Colisión frontolateral,Buen tiempo,Pleno día,1,0,1,0,2019-12-01,otro,colision frontolateral,buen tiempo,pleno dia,travesia,40dd2b010d461c24e48783a18bd6d051d7e24c8b32079bb913a27860f83295e9,accidentes_raw_dgt,2026-05-09 20:40:11
2019,Albacete,12,Domingo,23,Travesía,Otro,Colisión frontolateral,Buen tiempo,Noche sin iluminación,1,0,0,1,2019-12-01,otro,colision frontolateral,buen tiempo,noche sin iluminacion,travesia,1e656185f98ed3a3eee69c05ebbb7ed45a51cd916f08189f6af64e0a92b9a9ce,accidentes_raw_dgt,2026-05-09 20:40:11
2019,Albacete,12,Lunes,22,Travesía,Otro,Colisión frontolateral,Buen tiempo,Noche sin iluminación,3,0,0,3,2019-12-01,otro,colision frontolateral,buen tiempo,noche sin iluminacion,travesia,0594f04659a605a1a4cf43dce46b70def2ce8f4274adf1c88ae9a56059307c43,accidentes_raw_dgt,2026-05-09 20:40:11
2019,Albacete,12,Lunes,23,Travesía,Otro,Objeto desprendido,Buen tiempo,Pleno día,1,0,0,1,2019-12-01,otro,objeto desprendido,buen tiempo,pleno dia,travesia,d55a6ae3aba2d301e18b7bb6baa9d0ac7ce3c14300361aedc80bbca61da00fb7,accidentes_raw_dgt,2026-05-09 20:40:11
2019,Albacete,12,Domingo,14,Travesía,Otro,Colisión por alcance,Buen tiempo,Pleno día,1,0,0,1,2019-12-01,otro,colision por alcance,buen tiempo,pleno dia,travesia,a4ff3ad278c7b0575a8e32ae08eebfb327e37762cb1a2caa793c431b9b2ca2c6,accidentes_raw_dgt,2026-05-09 20:40:11
2019,Albacete,12,Jueves,17,Travesía,Otro,Animal en calzada,Lluvia,Pleno día,1,0,0,1,2019-12-01,otro,animal en calzada,lluvia,pleno dia,travesia,497e671df1de83a45eec09ac98062e8149b2f4cc8ca4e9cfbf89dc86a45404dd,accidentes_raw_dgt,2026-05-09 20:40:11
2019,Albacete,12,Martes,21,Travesía,Otro,Choque obstáculo lateral,Buen tiempo,Noche con iluminación,1,0,0,1,2019-12-01,otro,choque obstaculo lateral,buen tiempo,noche con iluminacion,travesia,8fd238119777a31e5950abe5c4ef1425508405edc5f401df042655db4e9d1884,accidentes_raw_dgt,2026-05-09 20:40:11
2019,Albacete,12,Jueves,13,Travesía,Otro urbano,Colisión lateral,Lluvia,Pleno día,1,0,0,1,2019-12-01,otro urbano,colision lateral,lluvia,pleno dia,travesia,298647699bcb31c22e6d6486891b637b28f1c3cf4d0cf710ce5ce775f9a1e4d3,accidentes_raw_dgt,2026-05-09 20:40:11
2019,Albacete,12,Jueves,18,Travesía,Otro urbano,Colisión por alcance,Lluvia,Noche sin iluminación,1,0,0,1,2019-12-01,otro urbano,colision por alcance,lluvia,noche sin iluminacion,travesia,2315bd64e75a346541681575e5b227059bc726907f5a5b893505b648a3062e77,accidentes_raw_dgt,2026-05-09 20:40:11
2019,Albacete,12,Jueves,11,Travesía,Otro,Choque obstáculo lateral,Lluvia,Pleno día,1,0,1,0,2019-12-01,otro,choque obstaculo lateral,lluvia,pleno dia,travesia,146c09db1bc3d53de430b2539d042fc870a84996071db58de8b8cf2099bbebc6,accidentes_raw_dgt,2026-05-09 20:40:11
2019,Albacete,12,Domingo,21,Travesía,Otro,Animal en calzada,Granizo,Noche sin iluminación,1,0,0,1,2019-12-01,otro,animal en calzada,granizo,noche sin iluminacion,travesia,ad608cd856711cb405d7dc74818f9b8c26ae7a4d82268f05c57e2612cdf9f808,accidentes_raw_dgt,2026-05-09 20:40:11
2019,Albacete,12,Martes,0,Travesía,Otro,Animal en calzada,Buen tiempo,Noche sin iluminación,1,0,0,1,2019-12-01,otro,animal en calzada,buen tiempo,noche sin iluminacion,travesia,2ace3763af339e1b735f0b3cccd9c31a27473ae1a2d80a4e2a0b07ab220e73f9,accidentes_raw_dgt,2026-05-09 20:40:11
2019,Albacete,12,Martes,22,Travesía,Otro,Animal en calzada,Granizo,Noche sin iluminación,1,0,0,1,2019-12-01,otro,animal en calzada,granizo,noche sin iluminacion,travesia,57c03210be824f7a26151a1000ae617d5f31a8bdee6001fc05284de407d93e7b,accidentes_raw_dgt,2026-05-09 20:40:11
2019,Albacete,12,Martes,11,Travesía,Otro urbano,Colisión frontolateral,Buen tiempo,Pleno día,1,0,0,1,2019-12-01,otro urbano,colision frontolateral,buen tiempo,pleno dia,travesia,afd7745eb596901684c7c919fcd6554b281ce0bc43ffa17d86dbc3c951c60127,accidentes_raw_dgt,2026-05-09 20:40:11
2019,Albacete,12,Viernes,17,Travesía,Otro,Choque obstáculo lateral,Buen tiempo,Pleno día,1,0,0,1,2019-12-01,otro,choque obstaculo lateral,buen tiempo,pleno dia,travesia,b0193ceb57d22ae3f35716d0e3d5ee4a45452b7b3af33fdc710013b6a65b3b67,accidentes_raw_dgt,2026-05-09 20:40:11
2019,Albacete,12,Sábado,5,Travesía,Otro,Animal en calzada,Lluvia,Noche sin iluminación,1,0,0,1,2019-12-01,otro,animal en calzada,lluvia,noche sin iluminacion,travesia,2a3d253e5273a3e67096224cca77d84c7fc096b0515320989df59d4b177636fe,accidentes_raw_dgt,2026-05-09 20:40:11
2019,Albacete,12,Miércoles,10,Travesía,Otro,Colisión frontolateral,Buen tiempo,Pleno día,1,0,0,1,2019-12-01,otro,colision frontolateral,buen tiempo,pleno dia,travesia,abe6c5838bf22b825feb81d89e93c837871fcef0dbc4cd106fe1d4fb19f1d335,accidentes_raw_dgt,2026-05-09 20:40:11
2019,Albacete,12,Sábado,14,Travesía,Otro,Colisión lateral,Buen tiempo,Pleno día,1,0,0,1,2019-12-01,otro,colision lateral,buen tiempo,pleno dia,travesia,53d2dd2504402eec1bc49ad74daf2e90c352f399842f3d5a3606892213c110fc,accidentes_raw_dgt,2026-05-09 20:40:11
2019,Albacete,12,Viernes,13,Zona interurbana,Camino vecinal,Colisión frontolateral,Buen tiempo,Pleno día,2,0,0,2,2019-12-01,camino vecinal,colision frontolateral,buen tiempo,pleno dia,zona interurbana,96b026df37a1f9966a1efa807a2e8dce70c3e4a0ee9d36d2764fe0226bf16ec4,accidentes_raw_dgt,2026-05-09 20:40:11
2019,Albacete,3,Lunes,16,Zona interurbana,Calle,Choque obstáculo mediana,Buen tiempo,Pleno día,1,0,0,1,2019-03-01,calle,choque obstaculo mediana,buen tiempo,pleno dia,zona interurbana,257ad493dc36225fcc2b8db98198dd24a3379258a2121f421c965671ca308bf8,accidentes_raw_dgt,2026-05-09 20:40:11
2019,Albacete,4,Domingo,16,Zona interurbana,Vía urbana,Atropello a ciclista,Buen tiempo,Pleno día,2,0,1,0,2019-04-01,via urbana,atropello a ciclista,buen tiempo,pleno dia,zona interurbana,fddc599a3afe6c68b8098f7ef3db02335f7e398e3c0bd34b663f04f424886aeb,accidentes_raw_dgt,2026-05-09 20:40:11
2019,Albacete,5,Jueves,16,Zona interurbana,Vía urbana,Salida vía izquierda,Buen tiempo,Pleno día,2,0,1,1,2019-05-01,via urbana,salida via izquierda,buen tiempo,pleno dia,zona interurbana,63fd44eec460feb25809df9182b23432d590259750995df7fbf4e9c7913963cc,accidentes_raw_dgt,2026-05-09 20:40:11
2019,Albacete,6,Sábado,18,Zona interurbana,Vía urbana,Se desconoce,Buen tiempo,Pleno día,1,0,1,0,2019-06-01,via urbana,se desconoce,buen tiempo,pleno dia,zona interurbana,c4da2d0f7e453e96af0d89290487d88f9c26298313beb91dbf77411833563ba2,accidentes_raw_dgt,2026-05-09 20:40:11
2019,Albacete,10,Domingo,15,Zona interurbana,Vía urbana,Colisión frontolateral,Buen tiempo,Pleno día,1,0,0,1,2019-10-01,via urbana,colision frontolateral,buen tiempo,pleno dia,zona interurbana,8b8b2039da03dec40c356d392dddbdae0625b7e52f6e7f5dbb400c14fbc2c225,accidentes_raw_dgt,2026-05-09 20:40:11
2019,Albacete,10,Domingo,10,Zona interurbana,Vía urbana,Se desconoce,Granizo,Pleno día,1,0,0,1,2019-10-01,via urbana,se desconoce,granizo,pleno dia,zona interurbana,63d942da157a1ee4e0cf3f5bbf3984243788e786641466444cf3f5c2c604d41d,accidentes_raw_dgt,2026-05-09 20:40:11
2019,Albacete,1,Miércoles,12,Travesía,Otro,Choque obstáculo lateral,Buen tiempo,Pleno día,1,0,0,1,2019-01-01,otro,choque obstaculo lateral,buen tiempo,pleno dia,travesia,4cd468501fc1a553f49a7098424c51d2ed7f6d546266addcc16e50a008ee148c,accidentes_raw_dgt,2026-05-09 20:40:11
2019,Albacete,2,Martes,15,Travesía,Otro urbano,Colisión frontolateral,Buen tiempo,Pleno día,1,0,1,0,2019-02-01,otro urbano,colision frontolateral,buen tiempo,pleno dia,travesia,3e6ce2279a7dc8bb898363593479217081596b07dafc8947fe7ca11ad723ce56,accidentes_raw_dgt,2026-05-09 20:40:11
2019,Albacete,5,Miércoles,4,Zona interurbana,Vía convencional,Colisión por alcance,Buen tiempo,Se desconoce,3,1,1,0,2019-05-01,via convencional,colision por alcance,buen tiempo,se desconoce,zona interurbana,757b6b66ed184438f5374c3be70402cfa8aaf963d679d0702ad3d37d75b3b68e,accidentes_raw_dgt,2026-05-09 20:40:11
2019,Albacete,9,Miércoles,13,Zona interurbana,Ramal/enlace,Choque obstáculo mediana,Buen tiempo,Pleno día,1,0,1,0,2019-09-01,ramal/enlace,choque obstaculo mediana,buen tiempo,pleno dia,zona interurbana,4753e699ede615170936d7dd4c55a57c11c2965a2f8854e9d5738a387aa11e3a,accidentes_raw_dgt,2026-05-09 20:40:11
2019,Albacete,10,Viernes,22,Zona interurbana,Vía convencional,Objeto desprendido,Buen tiempo,Se desconoce,2,0,0,2,2019-10-01,via convencional,objeto desprendido,buen tiempo,se desconoce,zona interurbana,4a12e183a11f0e64779e934fd6d928a9c9781d448419196e42c3b666d8e7d2fa,accidentes_raw_dgt,2026-05-09 20:40:11
2019,Albacete,11,Viernes,14,Zona interurbana,Vía urbana,Atropello a ciclista,Buen tiempo,Pleno día,2,0,0,2,2019-11-01,via urbana,atropello a ciclista,buen tiempo,pleno dia,zona interurbana,e30919d4d5f54bac51d46d0af2c1a6ea1dc4f3539b763062ef7d828a6328214e,accidentes_raw_dgt,2026-05-09 20:40:11
2019,Albacete,12,Lunes,5,Zona interurbana,Vía urbana,Choque con bordillo,Buen tiempo,Se desconoce,2,0,0,2,2019-12-01,via urbana,choque con bordillo,buen tiempo,se desconoce,zona interurbana,0038263cc90dfa55d621a6425e46020136a318d12b974340f518892a6ef690ff,accidentes_raw_dgt,2026-05-09 20:40:11
2019,Albacete,1,Sábado,12,Zona interurbana,Calle,Se desconoce,Buen tiempo,Pleno día,1,0,1,0,2019-01-01,calle,se desconoce,buen tiempo,pleno dia,zona interurbana,6b6803d3f23f64d048b7d5e5d1b828c90aac1b68bec5c590100122902a400876,accidentes_raw_dgt,2026-05-09 20:40:11
2019,Albacete,3,Domingo,7,Zona interurbana,Vía urbana,Choque obstáculo mediana,Buen tiempo,Pleno día,1,0,1,0,2019-03-01,via urbana,choque obstaculo mediana,buen tiempo,pleno dia,zona interurbana,a61c5cdf78281955d9ab0ef81d8d6d84d6aa758d9d2da6d2ba1e0a84920ccb15,accidentes_raw_dgt,2026-05-09 20:40:11
2019,Albacete,8,Miércoles,13,Zona interurbana,Vía urbana,Colisión frontal,Buen tiempo,Pleno día,4,0,1,3,2019-08-01,via urbana,colision frontal,buen tiempo,pleno dia,zona interurbana,57fb0303e4a6845cd7a1484ee9773c218975e9c9a763114e668259498cad2f30,accidentes_raw_dgt,2026-05-09 20:40:11
2019,Albacete,4,Domingo,10,Zona interurbana,Vía urbana,Colisión frontal,Buen tiempo,Pleno día,1,1,0,0,2019-04-01,via urbana,colision frontal,buen tiempo,pleno dia,zona interurbana,f64ee82a9f4a0451528059f6302d3ec67c5a3d3616392a86bf88df4bb451a3b3,accidentes_raw_dgt,2026-05-09 20:40:11
2019,Albacete,7,Martes,15,Zona interurbana,Vía urbana,Atropello a ciclista,Buen tiempo,Pleno día,1,0,1,0,2019-07-01,via urbana,atropello a ciclista,buen tiempo,pleno dia,zona interurbana,e56ae9ee21661d3febabe8d1e03ee82d02466a5d405e89f2acf449cd6a6240b8,accidentes_raw_dgt,2026-05-09 20:40:11
2019,Albacete,1,Sábado,13,Zona interurbana,Vía urbana,Colisión frontolateral,Buen tiempo,Pleno día,2,0,0,2,2019-01-01,via urbana,colision frontolateral,buen tiempo,pleno dia,zona interurbana,33bf4329c846019957cdba15fd5767df4392769eac8c3637ac395651a72108af,accidentes_raw_dgt,2026-05-09 20:40:11
2019,Albacete,12,Domingo,17,Travesía,Otro,Atropello a peatón,Buen tiempo,Pleno día,1,0,0,1,2019-12-01,otro,atropello a peaton,buen tiempo,pleno dia,travesia,3a047b4a81effb2caf23b20df833b025335658cf85b97b02138786ff6301be36,accidentes_raw_dgt,2026-05-09 20:40:11
2019,Albacete,3,Sábado,5,Travesía,Otro,Se desconoce,Otro,Se desconoce,1,0,0,1,2019-03-01,otro,se desconoce,otro,se desconoce,travesia,d3fb4415d5c03cf6544957b7a7a66041c95b447ee149f0e4479f8ac2e48969ea,accidentes_raw_dgt,2026-05-09 20:40:11
2019,Albacete,5,Domingo,16,Zona interurbana,Vía urbana,Otro tipo,Buen tiempo,Pleno día,1,0,0,1,2019-05-01,via urbana,otro tipo,buen tiempo,pleno dia,zona interurbana,826958d9ae5a8605475285cc32d4dddaee9b1638abb90d6a55cc2345414aa6c3,accidentes_raw_dgt,2026-05-09 20:40:11
2019,Albacete,4,Domingo,1,Travesía,Otro,Choque obstáculo lateral,Buen tiempo,Noche sin iluminación,2,0,0,2,2019-04-01,otro,choque obstaculo lateral,buen tiempo,noche sin iluminacion,travesia,e5ce886c0b0869006dc9a2da28fcd4f1f291f4a90835b75edb74587b66e5acc9,accidentes_raw_dgt,2026-05-09 20:40:11
2019,Albacete,11,Jueves,15,Zona interurbana,Vía urbana,Colisión frontolateral,Buen tiempo,Pleno día,1,0,0,1,2019-11-01,via urbana,colision frontolateral,buen tiempo,pleno dia,zona interurbana,a13df1211cf4c38cdb7a165c67f8e5ab6fded2982c2cb1f55d4cefef880183d5,accidentes_raw_dgt,2026-05-09 20:40:11
2019,Albacete,2,Sábado,21,Zona interurbana,Vía urbana,Salida vía izquierda,Buen tiempo,Se desconoce,1,0,1,0,2019-02-01,via urbana,salida via izquierda,buen tiempo,se desconoce,zona interurbana,8c40a6d264e529987be355b303cb08181b8595753e3ef3c8f4bdc29859ac5605,accidentes_raw_dgt,2026-05-09 20:40:11
2019,Albacete,2,Lunes,19,Zona interurbana,Vía urbana,Colisión frontal,Buen tiempo,Se desconoce,4,0,1,2,2019-02-01,via urbana,colision frontal,buen tiempo,se desconoce,zona interurbana,22b954454cfc20ef4813c70018c81004795496191338841e0ca4b9ed6e04e81a,accidentes_raw_dgt,2026-05-09 20:40:11
2019,Albacete,6,Jueves,19,Zona interurbana,Vía urbana,Caída de ocupante,Buen tiempo,Pleno día,1,0,0,1,2019-06-01,via urbana,caida de ocupante,buen tiempo,pleno dia,zona interurbana,f525eef4f03ab81983392564bc44fea01267b8cd44fc5fd45f1974cb9a6bcd46,accidentes_raw_dgt,2026-05-09 20:40:11
2019,Albacete,6,Domingo,10,Zona interurbana,Calle,Caída de ocupante,Buen tiempo,Pleno día,1,0,1,0,2019-06-01,calle,caida de ocupante,buen tiempo,pleno dia,zona interurbana,e3e69eaf6c365e40a7a9fbb927273b3a7d8c2f5893e448324c4d0e1d248c4118,accidentes_raw_dgt,2026-05-09 20:40:11
2019,Albacete,8,Jueves,9,Zona interurbana,Vía urbana,Se desconoce,Buen tiempo,Pleno día,4,0,1,4,2019-08-01,via urbana,se desconoce,buen tiempo,pleno dia,zona interurbana,485d997d70d9483c517eb6f36b649bf37d701e15b0f398df6d01b478d164e82c,accidentes_raw_dgt,2026-05-09 20:40:11
2019,Albacete,9,Domingo,10,Zona interurbana,Vía urbana,Se desconoce,Buen tiempo,Pleno día,1,0,1,0,2019-09-01,via urbana,se desconoce,buen tiempo,pleno dia,zona interurbana,47f6c8c4b34d11e58a4b8643ea77722600f0f2a2134c6b5558de0b704a6ec9fb,accidentes_raw_dgt,2026-05-09 20:40:11
2019,Albacete,4,Martes,9,Zona interurbana,Vía urbana,Colisión frontal,Lluvia,Pleno día,2,0,1,0,2019-04-01,via urbana,colision frontal,lluvia,pleno dia,zona interurbana,c010bb0f7f8f335ccb2bc4e598eee48be11f87ac60a39a1a1cb4185688857003,accidentes_raw_dgt,2026-05-09 20:40:11
2019,Albacete,4,Martes,20,Travesía,Otro,Animal en calzada,Buen tiempo,Noche con iluminación,1,0,0,1,2019-04-01,otro,animal en calzada,buen tiempo,noche con iluminacion,travesia,248aa2bdd0032920ac9e5f6ad36c350549da067efeaf7b4a0c7d8c212ab1b6a5,accidentes_raw_dgt,2026-05-09 20:40:11
2019,Albacete,2,Viernes,14,Travesía,Otro,Colisión frontolateral,Buen tiempo,Pleno día,1,0,0,1,2019-02-01,otro,colision frontolateral,buen tiempo,pleno dia,travesia,ee14860f6bd0506d9d15383aef4c1c56e37d1daf2c6c3ce0c445eec73eb781ba,accidentes_raw_dgt,2026-05-09 20:40:11
2019,Albacete,4,Lunes,21,Zona urbana,Vía urbana,Colisión frontolateral,Buen tiempo,Noche sin iluminación,2,0,0,2,2019-04-01,via urbana,colision frontolateral,buen tiempo,noche sin iluminacion,zona urbana,cf23dc33d6aba13592a72190564ed18b2c0dae295f681ee0fddc4862f01225cf,accidentes_raw_dgt,2026-05-09 20:40:11
2019,Albacete,10,Viernes,21,Zona interurbana,Vía urbana,Colisión frontal,Buen tiempo,Noche sin iluminación,1,0,0,1,2019-10-01,via urbana,colision frontal,buen tiempo,noche sin iluminacion,zona interurbana,3c61752810703534f06918f7a048693a3f0d43431a82aab796267081da0b03cb,accidentes_raw_dgt,2026-05-09 20:40:11
2019,Albacete,11,Viernes,1,Travesía,Otro,Otro tipo,Buen tiempo,Noche sin iluminación,1,0,1,0,2019-11-01,otro,otro tipo,buen tiempo,noche sin iluminacion,travesia,a1271642c26ded1a08fc67a7791aa368ec32e76940cf6f15e779d091f31439fb,accidentes_raw_dgt,2026-05-09 20:40:11
2019,Albacete,2,Jueves,12,Zona interurbana,Vía urbana,Colisión frontolateral,Buen tiempo,Pleno día,1,0,0,1,2019-02-01,via urbana,colision frontolateral,buen tiempo,pleno dia,zona interurbana,4cf3ab13ec4367b7b740f2b7f3d477a8a32de23f8e8f399f63b3ed6976a19b12,accidentes_raw_dgt,2026-05-09 20:40:11
2019,Albacete,5,Sábado,12,Zona interurbana,Calle,Atropello a ciclista,Lluvia,Pleno día,1,0,0,1,2019-05-01,calle,atropello a ciclista,lluvia,pleno dia,zona interurbana,679b3fe58ea4b7378c418d79dbe3e89efb352ae7ea58f293a356e6c38e20f1f1,accidentes_raw_dgt,2026-05-09 20:40:11
2019,Albacete,6,Martes,13,Zona interurbana,Vía convencional,Choque obstáculo mediana,Buen tiempo,Pleno día,1,0,1,0,2019-06-01,via convencional,choque obstaculo mediana,buen tiempo,pleno dia,zona interurbana,b3396bcb59674d33f54fa27c6d3855f647834cfcb75b4cb98f2d279c053e83ea,accidentes_raw_dgt,2026-05-09 20:40:11
2019,Albacete,9,Jueves,9,Zona interurbana,Calle,Atropello a ciclista,Nieve,Pleno día,2,2,0,0,2019-09-01,calle,atropello a ciclista,nieve,pleno dia,zona interurbana,27cf14dfc2232b941066f7c3f8cad04c9820f80a2362fc313f0567b0bae2d527,accidentes_raw_dgt,2026-05-09 20:40:11
2019,Albacete,11,Domingo,3,Zona interurbana,Vía urbana,Caída de ocupante,Lluvia,Se desconoce,1,1,0,0,2019-11-01,via urbana,caida de ocupante,lluvia,se desconoce,zona interurbana,ad5ef4b29e148afd784de5373b210eb00879dfbf08922c96dc6ce4fc1e064fd9,accidentes_raw_dgt,2026-05-09 20:40:11
2019,Albacete,4,Domingo,3,Zona interurbana,Vía urbana,Choque obstáculo lateral,Lluvia,Se desconoce,1,0,1,0,2019-04-01,via urbana,choque obstaculo lateral,lluvia,se desconoce,zona interurbana,d732f39159e67eb62327ae853dfec69db69ec85b23a8b1f840db1959d32acced,accidentes_raw_dgt,2026-05-09 20:40:11
2019,Albacete,4,Viernes,14,Zona interurbana,Vía urbana,Colisión frontolateral,Granizo,Pleno día,1,0,0,1,2019-04-01,via urbana,colision frontolateral,granizo,pleno dia,zona interurbana,556ea1b2f7420f2cd4e6d1d548f7389cdaf91535020c5917e16d2b3bf6b98844,accidentes_raw_dgt,2026-05-09 20:40:11
2019,Albacete,4,Miércoles,17,Zona interurbana,Vía convencional,Atropello a ciclista,Buen tiempo,Pleno día,3,0,0,3,2019-04-01,via convencional,atropello a ciclista,buen tiempo,pleno dia,zona interurbana,0d9653b98d117db68a8977412dc81e8bb7ca6c550bc42d0d2a2f77fc703f923e,accidentes_raw_dgt,2026-05-09 20:40:11
2019,Albacete,5,Miércoles,17,Zona interurbana,Vía urbana,Colisión frontal,Lluvia,Pleno día,1,0,0,1,2019-05-01,via urbana,colision frontal,lluvia,pleno dia,zona interurbana,a3d0c75739a3c6a80dcb6f9d71f9da29b49b62995801bc52957e06acb87db33d,accidentes_raw_dgt,2026-05-09 20:40:11
2019,Albacete,5,Jueves,15,Zona interurbana,Vía convencional,Animal en calzada,Buen tiempo,Pleno día,1,0,0,1,2019-05-01,via convencional,animal en calzada,buen tiempo,pleno dia,zona interurbana,9f69998560dcfd8016442e0a32e959191df095817a164ce844c64ec5a8b0cc1b,accidentes_raw_dgt,2026-05-09 20:40:11
2019,Albacete,6,Jueves,17,Zona interurbana,Vía convencional,Salida vía izquierda,Buen tiempo,Pleno día,1,0,0,1,2019-06-01,via convencional,salida via izquierda,buen tiempo,pleno dia,zona interurbana,3873ecf4855ce373db4b7afc32fe5884d984d37a32c2c605065671d3eed825d4,accidentes_raw_dgt,2026-05-09 20:40:11
2019,Albacete,7,Jueves,16,Travesía,Otro,Objeto desprendido,Buen tiempo,Pleno día,1,0,0,1,2019-07-01,otro,objeto desprendido,buen tiempo,pleno dia,travesia,b7b99ba738afaaf923fa742a27b26940a9c5e327507b1660cc4de9d72ff19d78,accidentes_raw_dgt,2026-05-09 20:40:11
2019,Albacete,8,Sábado,9,Zona interurbana,Vía urbana,Atropello a ciclista,Buen tiempo,Pleno día,2,0,1,1,2019-08-01,via urbana,atropello a ciclista,buen tiempo,pleno dia,zona interurbana,a3513549948fbfecfa1ff0300bf3339f9b1ebff77c9fc831b3c83236a4814d61,accidentes_raw_dgt,2026-05-09 20:40:11
2019,Albacete,10,Jueves,5,Zona interurbana,Vía convencional,Atropello a ciclista,Buen tiempo,Se desconoce,1,0,1,0,2019-10-01,via convencional,atropello a ciclista,buen tiempo,se desconoce,zona interurbana,3ec13115817a014a621e22b052993c86ed03ed69114f8413888f302d70e2d216,accidentes_raw_dgt,2026-05-09 20:40:11