AÑO,PROVINCIA,MES,DIA_SEMANA,HORA,ZONA,TIPO_VIA,TIPO_ACCIDENTE,CONDICION_METEO,CONDICION_ILUMINACION,TOTAL_VICTIMAS,FALLECIDOS_24H,HERIDOS_GRAVES,HERIDOS_LEVES,FECHA_ACCIDENTE,TIPO_VIA_NORM,TIPO_ACCIDENTE_NORM,CONDICION_METEO_NORM,CONDICION_ILUMINACION_NORM,ZONA_NORM,ID_ACCIDENTE_HASH,source_id,load_timestamp
2019,Albacete,10,Domingo,23,Zona interurbana,Vía convencional,Atropello a ciclista,Lluvia,Se desconoce,1,0,0,1,2019-10-01,via convencional,atropello a ciclista,lluvia,se desconoce,zona interurbana,755917ecbc61091ffa6b605d7f82bdaa4e4cbdc309124807b0fb63228d0696df,accidentes_raw_dgt,2026-05-09 20:40:11
2019,Albacete,10,Lunes,9,Zona interurbana,Vía convencional,Caída de ocupante,Buen tiempo,Pleno día,1,0,0,1,2019-10-01,via convencional,caida de ocupante,buen tiempo,pleno dia,zona interurbana,e97776493f213d50b346f81e3f93a78aad1fd0f19c051a38bd8f88b43e46e5b5,accidentes_raw_dgt,2026-05-09 20:40:11
2019,Albacete,11,Martes,4,Travesía,Otro,Atropello a ciclista,Buen tiempo,Noche sin iluminación,1,0,0,1,2019-11-01,otro,atropello a ciclista,buen tiempo,noche sin iluminacion,travesia,c77639710bd89eea8855346472b0eb9175987e0eaeb35df92b1712ca09215f05,accidentes_raw_dgt,2026-05-09 20:40:11
2019,Albacete,12,Martes,15,Zona interurbana,Vía convencional,Choque obstáculo lateral,Buen tiempo,Pleno día,1,1,0,0,2019-12-01,via convencional,choque obstaculo lateral,buen tiempo,pleno dia,zona interurbana,5b33003a928495b97792ac286d477b54dd20eb773c74ae2fb3653bc5950ad6dd,accidentes_raw_dgt,2026-05-09 20:40:11
2019,Albacete,12,Lunes,14,Zona interurbana,Vía convencional,Choque obstáculo mediana,Buen tiempo,Pleno día,1,0,1,0,2019-12-01,via convencional,choque obstaculo mediana,buen tiempo,pleno dia,zona interurbana,7054d0451000f27e0673c136e684b10beee8f4d6d9d04f964a92345a92cb17ef,accidentes_raw_dgt,2026-05-09 20:40:11
2019,Albacete,2,Domingo,14,Zona interurbana,Vía urbana,Se desconoce,Buen tiempo,Pleno día,1,0,0,1,2019-02-01,via urbana,se desconoce,buen tiempo,pleno dia,zona interurbana,431688497f68c837444127cbac14cadba2a943709304af1da765781f49e02ac8,accidentes_raw_dgt,2026-05-09 20:40:11
2019,Albacete,6,Domingo,12,Zona interurbana,Vía urbana,Atropello a ciclista,Buen tiempo,Pleno día,1,0,0,1,2019-06-01,via urbana,atropello a ciclista,buen tiempo,pleno dia,zona interurbana,0d0c9bc37ae955b26c8bfecc22fcd072c4ea5ce95947a5051b5ed7399bff4f2e,accidentes_raw_dgt,2026-05-09 20:40:11
2019,Albacete,11,Miércoles,15,Zona urbana,Vía urbana,Choque obstáculo lateral,Buen tiempo,Pleno día,1,0,0,1,2019-11-01,via urbana,choque obstaculo lateral,buen tiempo,pleno dia,zona urbana,66c03337b22c301d55a339a94165dc09628491c3dfe01a57ef62e3eab452e898,accidentes_raw_dgt,2026-05-09 20:40:11
2019,Albacete,12,Lunes,20,Zona urbana,Vía urbana,Salida vía izquierda,Granizo,Noche con iluminación,1,0,0,1,2019-12-01,via urbana,salida via izquierda,granizo,noche con iluminacion,zona urbana,b695396d3070a538dafaeed76a84fb93d8481fdd7f4672113c5a968130c2e9f4,accidentes_raw_dgt,2026-05-09 20:40:11
2019,Albacete,1,Viernes,17,Zona interurbana,Vía urbana,Colisión frontal,Buen tiempo,Pleno día,2,0,0,2,2019-01-01,via urbana,colision frontal,buen tiempo,pleno dia,zona interurbana,c8f5600f3eb7d801a067e02c477719d37f560491c4dca56eacc11ca755eb1ac6,accidentes_raw_dgt,2026-05-09 20:40:11
2019,Albacete,8,Domingo,12,Zona interurbana,Vía urbana,Colisión lateral,Buen tiempo,Pleno día,2,0,0,2,2019-08-01,via urbana,colision lateral,buen tiempo,pleno dia,zona interurbana,f1ee529ef49111208f1c1646c53c8c311c9f093fd7891c1b46d77e98210b018d,accidentes_raw_dgt,2026-05-09 20:40:11
2019,Albacete,12,Martes,15,Zona interurbana,Vía urbana,Caída de ocupante,Granizo,Pleno día,2,0,0,2,2019-12-01,via urbana,caida de ocupante,granizo,pleno dia,zona interurbana,17c7f8a2457a4b725d6d5f6b2e2ac67bd74933d9633436bd2756a6920ef5a705,accidentes_raw_dgt,2026-05-09 20:40:11
2019,Albacete,8,Sábado,7,Travesía,Otro,Atropello a peatón,Buen tiempo,Amanecer/Anochecer,1,0,0,1,2019-08-01,otro,atropello a peaton,buen tiempo,amanecer/anochecer,travesia,4091f2c5c45d0cb95c6b43919f9f07f62f7f6c6fb46ca207264b2aee4ee6e4f9,accidentes_raw_dgt,2026-05-09 20:40:11
2019,Albacete,7,Martes,6,Zona interurbana,Vía urbana,Colisión frontolateral,Buen tiempo,Amanecer/Anochecer,2,0,0,2,2019-07-01,via urbana,colision frontolateral,buen tiempo,amanecer/anochecer,zona interurbana,1eb3da012cf952c58269bd949984611b7884583f20bac1322719580757161e98,accidentes_raw_dgt,2026-05-09 20:40:11
2019,Albacete,11,Viernes,16,Zona interurbana,Vía urbana,Otro tipo,Buen tiempo,Pleno día,1,0,0,1,2019-11-01,via urbana,otro tipo,buen tiempo,pleno dia,zona interurbana,ee9c43424bb4c242e06f1b84ca7992822f47b6f5f005af866ec6a684382c9547,accidentes_raw_dgt,2026-05-09 20:40:11
2019,Albacete,5,Sábado,20,Zona interurbana,Vía urbana,Choque obstáculo mediana,Buen tiempo,Pleno día,1,0,0,1,2019-05-01,via urbana,choque obstaculo mediana,buen tiempo,pleno dia,zona interurbana,8f08fb89c225a58e92455fae25d3df22bda90a094bfc8e0240b8a9bd94318159,accidentes_raw_dgt,2026-05-09 20:40:11
2019,Albacete,1,Miércoles,16,Zona interurbana,Vía urbana,Atropello a ciclista,Buen tiempo,Pleno día,1,0,1,0,2019-01-01,via urbana,atropello a ciclista,buen tiempo,pleno dia,zona interurbana,9674b1f53ad3b01c8b4eeab981da48a47549f11f6ae31acc27099325c6beae32,accidentes_raw_dgt,2026-05-09 20:40:11
2019,Albacete,1,Domingo,17,Travesía,Otro,Choque obstáculo lateral,Buen tiempo,Amanecer/Anochecer,1,0,0,1,2019-01-01,otro,choque obstaculo lateral,buen tiempo,amanecer/anochecer,travesia,ff231d4dee9c91e9ead0253639c25479b934a352b052aa23ad05f6b79efa137b,accidentes_raw_dgt,2026-05-09 20:40:11
2019,Albacete,1,Miércoles,18,Travesía,Otro,Colisión por alcance,Buen tiempo,Noche con iluminación,1,0,0,1,2019-01-01,otro,colision por alcance,buen tiempo,noche con iluminacion,travesia,311ba2ed6a5b4105fbfdb0a8b745d22fe1b3ecc0efff5c6b9f7ce12351533558,accidentes_raw_dgt,2026-05-09 20:40:11
2019,Albacete,1,Viernes,19,Travesía,Otro,Choque obstáculo lateral,Buen tiempo,Noche sin iluminación,1,0,0,1,2019-01-01,otro,choque obstaculo lateral,buen tiempo,noche sin iluminacion,travesia,bce35ce6291ba5b8fb5fea32ec1aaed5556f355746882a9dd183857cb0e25967,accidentes_raw_dgt,2026-05-09 20:40:11
2019,Albacete,1,Domingo,19,Travesía,Otro,Choque obstáculo lateral,Buen tiempo,Noche sin iluminación,1,0,0,1,2019-01-01,otro,choque obstaculo lateral,buen tiempo,noche sin iluminacion,travesia,ea85b0d61253e1033eab985b8ab1097187216cd45bce749956630c5914758bb9,accidentes_raw_dgt,2026-05-09 20:40:11
2019,Albacete,2,Jueves,19,Zona interurbana,Vía urbana,Colisión frontolateral,Buen tiempo,Se desconoce,1,0,1,0,2019-02-01,via urbana,colision frontolateral,buen tiempo,se desconoce,zona interurbana,70c023a77b3abc66277f31588f4f38c720a1217ba41a7cf799950027020223cf,accidentes_raw_dgt,2026-05-09 20:40:11
2019,Albacete,2,Viernes,16,Travesía,Otro,Colisión por alcance,Buen tiempo,Pleno día,1,0,0,1,2019-02-01,otro,colision por alcance,buen tiempo,pleno dia,travesia,46ff18131a6daf2839e263b69aeeee331620af74e08511fc80ab243ece1b407a,accidentes_raw_dgt,2026-05-09 20:40:11
2019,Albacete,2,Sábado,21,Travesía,Otro,Colisión frontolateral,Buen tiempo,Noche sin iluminación,4,0,0,4,2019-02-01,otro,colision frontolateral,buen tiempo,noche sin iluminacion,travesia,7e46d737fdcad87443ca5b30dd756a5eb6b6dfa94eb0c97ce8c8c16554bc4efb,accidentes_raw_dgt,2026-05-09 20:40:11
2019,Albacete,2,Sábado,9,Zona interurbana,Vía urbana,Salida vía izquierda,Buen tiempo,Pleno día,2,1,1,0,2019-02-01,via urbana,salida via izquierda,buen tiempo,pleno dia,zona interurbana,6f52d3110a0e41e462ac098244206ed69db33999b743e284fc4c5d34c2d4a529,accidentes_raw_dgt,2026-05-09 20:40:11
2019,Albacete,2,Viernes,9,Travesía,Otro,Colisión frontolateral,Buen tiempo,Pleno día,1,0,0,1,2019-02-01,otro,colision frontolateral,buen tiempo,pleno dia,travesia,8ff9538e65e6781d654b811f88161d12455935ffb8f470815063b6ab6cb7fdff,accidentes_raw_dgt,2026-05-09 20:40:11
2019,Albacete,2,Miércoles,10,Travesía,Otro,Animal en calzada,Buen tiempo,Pleno día,1,0,0,1,2019-02-01,otro,animal en calzada,buen tiempo,pleno dia,travesia,f1294f35f19846cd012506eadcc13ecda95eb7ddc6c661bc1b9402c4b00eb703,accidentes_raw_dgt,2026-05-09 20:40:11
2019,Albacete,2,Jueves,12,Travesía,Calle peatonal,Colisión frontolateral,Buen tiempo,Pleno día,1,0,0,1,2019-02-01,calle peatonal,colision frontolateral,buen tiempo,pleno dia,travesia,f76cb816b3f74ecf30d387c64869038ac163fe26f8aabd727c1071dd567fc3d5,accidentes_raw_dgt,2026-05-09 20:40:11
2019,Albacete,3,Sábado,13,Travesía,Otro,Colisión frontolateral,Buen tiempo,Pleno día,1,0,0,1,2019-03-01,otro,colision frontolateral,buen tiempo,pleno dia,travesia,15310fd04ea64483103071a114d24163331cf0f957bf55bad9760b69b33b2aa0,accidentes_raw_dgt,2026-05-09 20:40:11
2019,Albacete,3,Sábado,22,Zona interurbana,Vía urbana,Se desconoce,Buen tiempo,Se desconoce,2,0,0,2,2019-03-01,via urbana,se desconoce,buen tiempo,se desconoce,zona interurbana,13be5b896be039957e7996f606c8513fa2d9061132bdcabdbee5a362dd9fd8ff,accidentes_raw_dgt,2026-05-09 20:40:11
2019,Albacete,3,Jueves,17,Travesía,Otro,Colisión por alcance,Buen tiempo,Pleno día,2,0,0,2,2019-03-01,otro,colision por alcance,buen tiempo,pleno dia,travesia,7ab74ac64fd9a732609f768e00ca317591dbe8d6c340bc4d848fb1a79fa00d97,accidentes_raw_dgt,2026-05-09 20:40:11
2019,Albacete,3,Viernes,18,Travesía,Otro,Choque obstáculo lateral,Buen tiempo,Pleno día,1,0,0,1,2019-03-01,otro,choque obstaculo lateral,buen tiempo,pleno dia,travesia,b51e45a12fbae3d0ee2bf77f1a4f80cbf642e2b4d1c237d2c0f7053a54f6b388,accidentes_raw_dgt,2026-05-09 20:40:11
2019,Albacete,4,Viernes,14,Travesía,Otro,Colisión por alcance,Granizo,Pleno día,1,0,0,1,2019-04-01,otro,colision por alcance,granizo,pleno dia,travesia,6a27eece1c1658b237aede5c6c2b8af51d235ca08b2f7963b67d99caa7a12395,accidentes_raw_dgt,2026-05-09 20:40:11
2019,Albacete,6,Lunes,19,Travesía,Otro,Colisión por alcance,Buen tiempo,Pleno día,2,0,0,2,2019-06-01,otro,colision por alcance,buen tiempo,pleno dia,travesia,0f8e631d28e2a339b435ea55da61c718da28902056ed719e576ff1c1b4cb2baf,accidentes_raw_dgt,2026-05-09 20:40:11
2019,Albacete,7,Domingo,10,Zona interurbana,Vía urbana,Atropello a ciclista,Buen tiempo,Pleno día,2,0,1,1,2019-07-01,via urbana,atropello a ciclista,buen tiempo,pleno dia,zona interurbana,731d65cdd441fde25333a70782a078911af63ef672e299a906030e16ff66756b,accidentes_raw_dgt,2026-05-09 20:40:11
2019,Albacete,7,Miércoles,15,Travesía,Otro,Colisión frontolateral,Buen tiempo,Pleno día,1,0,0,1,2019-07-01,otro,colision frontolateral,buen tiempo,pleno dia,travesia,c73c63198a1338f0d19547e3d07db9dc25babedc30ae35b80426d48afe73624c,accidentes_raw_dgt,2026-05-09 20:40:11
2019,Albacete,8,Miércoles,10,Travesía,Otro,Colisión frontolateral,Buen tiempo,Pleno día,1,0,0,1,2019-08-01,otro,colision frontolateral,buen tiempo,pleno dia,travesia,477e2d13152129e72c4a47a5abed06ce422daff2ca0e99d33bc527477effee34,accidentes_raw_dgt,2026-05-09 20:40:11
2019,Albacete,7,Viernes,12,Travesía,Otro,Choque obstáculo lateral,Buen tiempo,Pleno día,1,0,1,0,2019-07-01,otro,choque obstaculo lateral,buen tiempo,pleno dia,travesia,596d0c702ba6d20835982c87a878f97d07a163285a0a3ee98c6e7a8e0459a8cb,accidentes_raw_dgt,2026-05-09 20:40:11
2019,Albacete,7,Domingo,15,Travesía,Otro,Choque obstáculo lateral,Buen tiempo,Pleno día,1,0,0,1,2019-07-01,otro,choque obstaculo lateral,buen tiempo,pleno dia,travesia,50a0a04f2d67b4a26d3aaa163fa2fb0d80a5457716579587cc45ce5bc89d8fce,accidentes_raw_dgt,2026-05-09 20:40:11
2019,Albacete,7,Viernes,11,Travesía,Otro,Colisión por alcance,Buen tiempo,Pleno día,2,0,0,2,2019-07-01,otro,colision por alcance,buen tiempo,pleno dia,travesia,194af3b3d7b007443c26af23c035430b0afb9abebf8c89432884147fc41af759,accidentes_raw_dgt,2026-05-09 20:40:11
2019,Albacete,8,Domingo,13,Zona interurbana,Vía urbana,Salida vía izquierda,Buen tiempo,Pleno día,4,0,1,4,2019-08-01,via urbana,salida via izquierda,buen tiempo,pleno dia,zona interurbana,8b1fbeee2ea27bf5b180d2c10372ad571a5233b0ba34f272a7bda75f93cbcb84,accidentes_raw_dgt,2026-05-09 20:40:11
2019,Albacete,7,Domingo,10,Travesía,Otro urbano,Animal en calzada,Buen tiempo,Pleno día,1,0,0,1,2019-07-01,otro urbano,animal en calzada,buen tiempo,pleno dia,travesia,495afe547befeedeef191264812945e2c199da63da0e8dfde79bee7dbecb210f,accidentes_raw_dgt,2026-05-09 20:40:11
2019,Albacete,7,Lunes,20,Travesía,Otro,Colisión frontolateral,Buen tiempo,Pleno día,2,0,0,2,2019-07-01,otro,colision frontolateral,buen tiempo,pleno dia,travesia,05fb3c9a7f20d8c60ade227ba6ed41510428c5d3e3847eac78eb486b06d2fae4,accidentes_raw_dgt,2026-05-09 20:40:11
2019,Albacete,8,Viernes,12,Travesía,Otro,Choque obstáculo lateral,Buen tiempo,Pleno día,1,0,0,1,2019-08-01,otro,choque obstaculo lateral,buen tiempo,pleno dia,travesia,48f31b127dde9f650b07d6d68488d734ed95687cbcfb2d06867d21ad0997f438,accidentes_raw_dgt,2026-05-09 20:40:11
2019,Albacete,8,Sábado,18,Travesía,Otro,Colisión frontolateral,Buen tiempo,Pleno día,1,0,0,1,2019-08-01,otro,colision frontolateral,buen tiempo,pleno dia,travesia,75abf1771c0d9038e45203aa603758410f2418fd29b3fe0c25534009c579bb8e,accidentes_raw_dgt,2026-05-09 20:40:11
2019,Albacete,8,Lunes,12,Travesía,Otro urbano,Colisión frontolateral,Buen tiempo,Pleno día,1,0,0,1,2019-08-01,otro urbano,colision frontolateral,buen tiempo,pleno dia,travesia,c27484c7087191b29f05f9c05efc20adeabbf7549f642629322532cb685ffb99,accidentes_raw_dgt,2026-05-09 20:40:11
2019,Albacete,8,Miércoles,12,Travesía,Otro urbano,Colisión frontolateral,Granizo,Pleno día,1,0,0,1,2019-08-01,otro urbano,colision frontolateral,granizo,pleno dia,travesia,1e61da9318ad5f39fa341ffa808659430fd708a76917b50851a1fbcf88375f1e,accidentes_raw_dgt,2026-05-09 20:40:11
2019,Albacete,8,Jueves,17,Travesía,Otro,Colisión lateral,Buen tiempo,Pleno día,2,0,0,2,2019-08-01,otro,colision lateral,buen tiempo,pleno dia,travesia,51e6811411165c04f691eb5a38cf11a7316fdd776478b4fd222fd0107973c381,accidentes_raw_dgt,2026-05-09 20:40:11
2019,Albacete,8,Sábado,13,Travesía,Otro urbano,Colisión por alcance,Buen tiempo,Pleno día,1,0,0,1,2019-08-01,otro urbano,colision por alcance,buen tiempo,pleno dia,travesia,8012472a35fd40939e08041936918ad9f975579bff2519a6fa568774057a799c,accidentes_raw_dgt,2026-05-09 20:40:11
2019,Albacete,8,Viernes,0,Travesía,Otro urbano,Choque con bordillo,Buen tiempo,Noche sin iluminación,1,0,0,1,2019-08-01,otro urbano,choque con bordillo,buen tiempo,noche sin iluminacion,travesia,6fb4775fed7293b1da12333ce782e879cefce4ca3b83e12628b1a54e062606b6,accidentes_raw_dgt,2026-05-09 20:40:11
2019,Albacete,8,Sábado,12,Travesía,Otro urbano,Colisión frontolateral,Buen tiempo,Pleno día,1,0,0,1,2019-08-01,otro urbano,colision frontolateral,buen tiempo,pleno dia,travesia,2ae7ffb0ec4d1bccf01b12233aaced6949cc5808a4a173315ee508abbbaaaa1c,accidentes_raw_dgt,2026-05-09 20:40:11
2019,Albacete,9,Viernes,8,Travesía,Otro,Choque obstáculo lateral,Lluvia,Pleno día,1,0,0,1,2019-09-01,otro,choque obstaculo lateral,lluvia,pleno dia,travesia,46b724b2f85d4f7bd485423a04bcf2cffb2c22304fe264aa4da31794b7adae41,accidentes_raw_dgt,2026-05-09 20:40:11
2019,Albacete,9,Miércoles,15,Zona interurbana,Vía urbana,Colisión frontal,Buen tiempo,Pleno día,2,0,1,0,2019-09-01,via urbana,colision frontal,buen tiempo,pleno dia,zona interurbana,9e2d999a438d4dc3a1ccdafa1a02c99cbf3716717dcd7b5c75376c194444fba2,accidentes_raw_dgt,2026-05-09 20:40:11
2019,Albacete,9,Martes,18,Travesía,Otro,Colisión por alcance,Buen tiempo,Pleno día,1,0,0,1,2019-09-01,otro,colision por alcance,buen tiempo,pleno dia,travesia,67a375e4ddcdb509545a752ea82be28b546ded87431078fe6fc1ead202f5815c,accidentes_raw_dgt,2026-05-09 20:40:11
2019,Albacete,9,Miércoles,11,Travesía,Otro,Choque obstáculo lateral,Buen tiempo,Pleno día,1,0,0,1,2019-09-01,otro,choque obstaculo lateral,buen tiempo,pleno dia,travesia,1e797595727addd0e2663019e48d48a6f1dd555174ab126d482d40a5c752988b,accidentes_raw_dgt,2026-05-09 20:40:11
2019,Albacete,9,Sábado,23,Zona interurbana,Vía urbana,Se desconoce,Buen tiempo,Se desconoce,1,0,1,0,2019-09-01,via urbana,se desconoce,buen tiempo,se desconoce,zona interurbana,c649b15e769148e6b199b7a671140d60c77847fce6fe17277723dc91f0b27d4c,accidentes_raw_dgt,2026-05-09 20:40:11
2019,Albacete,10,Miércoles,16,Zona interurbana,Vía urbana,Colisión por alcance,Buen tiempo,Pleno día,2,0,0,2,2019-10-01,via urbana,colision por alcance,buen tiempo,pleno dia,zona interurbana,8bcefa497af26e688b555d1c4c8cc97365522b5a1416ceb099a98b4c2ed80585,accidentes_raw_dgt,2026-05-09 20:40:11
2019,Albacete,9,Sábado,10,Travesía,Otro,Choque obstáculo lateral,Buen tiempo,Pleno día,1,0,0,1,2019-09-01,otro,choque obstaculo lateral,buen tiempo,pleno dia,travesia,0f427d4e1430f8f57221d70dca9854b6bd67c42fda811e0f27939a58a46f25ae,accidentes_raw_dgt,2026-05-09 20:40:11
2019,Albacete,9,Domingo,11,Travesía,Otro,Colisión lateral,Buen tiempo,Pleno día,1,0,0,1,2019-09-01,otro,colision lateral,buen tiempo,pleno dia,travesia,e830a0d7d5f303724e6404c8f9797580b6e77e4bdab70b8e163967925b69e6d0,accidentes_raw_dgt,2026-05-09 20:40:11
2019,Albacete,10,Lunes,17,Travesía,Otro,Colisión frontolateral,Buen tiempo,Pleno día,2,0,0,2,2019-10-01,otro,colision frontolateral,buen tiempo,pleno dia,travesia,2163909115c0f6f1e638bd2c2279387cbe37cc327150a7b5cddfde3d1cd4ef0e,accidentes_raw_dgt,2026-05-09 20:40:11
2019,Albacete,10,Lunes,13,Travesía,Otro,Colisión por alcance,Buen tiempo,Pleno día,1,0,0,1,2019-10-01,otro,colision por alcance,buen tiempo,pleno dia,travesia,956b130106fbc0890b7a304b19113843e5cdc69b084ae1b95d56225650c180a0,accidentes_raw_dgt,2026-05-09 20:40:11
2019,Albacete,10,Jueves,17,Travesía,Otro,Colisión frontolateral,Buen tiempo,Pleno día,1,0,0,1,2019-10-01,otro,colision frontolateral,buen tiempo,pleno dia,travesia,a9ffbdf317b2dabf198f59653da551149ad51173b2014ae1df5d183c2ddfcf26,accidentes_raw_dgt,2026-05-09 20:40:11
2019,Albacete,9,Miércoles,11,Travesía,Otro,Colisión frontolateral,Buen tiempo,Pleno día,2,0,0,2,2019-09-01,otro,colision frontolateral,buen tiempo,pleno dia,travesia,0651ee70db05737d7195776455175f3f4dbd4755e13e9f87d905a63817e979b8,accidentes_raw_dgt,2026-05-09 20:40:11
2019,Albacete,10,Jueves,6,Zona interurbana,Vía urbana,Atropello a ciclista,Buen tiempo,Noche sin iluminación,1,0,0,1,2019-10-01,via urbana,atropello a ciclista,buen tiempo,noche sin iluminacion,zona interurbana,a2258ffaf9a1490a7a7a01c282b1fe03224a2952b119c3f32b1de4739407cd58,accidentes_raw_dgt,2026-05-09 20:40:11
2019,Albacete,10,Miércoles,20,Travesía,Otro,Colisión frontolateral,Buen tiempo,Noche sin iluminación,1,0,0,1,2019-10-01,otro,colision frontolateral,buen tiempo,noche sin iluminacion,travesia,c98c37cbc0242b2cd603d4ad823a1c29e7314df3ad8f1810cab0fb98c84fc2c4,accidentes_raw_dgt,2026-05-09 20:40:11
2019,Albacete,10,Jueves,14,Travesía,Otro,Choque obstáculo lateral,Buen tiempo,Pleno día,1,0,0,1,2019-10-01,otro,choque obstaculo lateral,buen tiempo,pleno dia,travesia,3a481e728390d89c6843c180dc18ca8d693de5f5421e6240711c5dad483c72b3,accidentes_raw_dgt,2026-05-09 20:40:11
2019,Albacete,11,Martes,13,Travesía,Otro,Colisión por alcance,Buen tiempo,Pleno día,1,0,0,1,2019-11-01,otro,colision por alcance,buen tiempo,pleno dia,travesia,aded40e220d2587b0ef1f88302a192d411bc55ddff1c4d818177777d6060a490,accidentes_raw_dgt,2026-05-09 20:40:11
2019,Albacete,11,Sábado,20,Travesía,Otro,Colisión frontolateral,Buen tiempo,Noche sin iluminación,1,0,0,1,2019-11-01,otro,colision frontolateral,buen tiempo,noche sin iluminacion,travesia,9c05d48bbde0b1ecdc68706e9c4a536de566f35deb45d66ad6d8261689164dfc,accidentes_raw_dgt,2026-05-09 20:40:11
2019,Albacete,11,Viernes,20,Zona interurbana,Vía urbana,Se desconoce,Lluvia,Se desconoce,1,0,0,1,2019-11-01,via urbana,se desconoce,lluvia,se desconoce,zona interurbana,79e8c13e1a8c51e0ff30567fa583fd52c900d56163023cc40049d762871417ea,accidentes_raw_dgt,2026-05-09 20:40:11
2019,Albacete,11,Viernes,21,Travesía,Otro,Colisión frontal,Buen tiempo,Noche sin iluminación,3,0,0,3,2019-11-01,otro,colision frontal,buen tiempo,noche sin iluminacion,travesia,ef4cf73add6b6f476ece3477b6235878bc8a0de65fe7f561200ebac7f18db18a,accidentes_raw_dgt,2026-05-09 20:40:11
2019,Albacete,11,Sábado,21,Travesía,Otro,Choque obstáculo lateral,Buen tiempo,Noche sin iluminación,1,0,1,0,2019-11-01,otro,choque obstaculo lateral,buen tiempo,noche sin iluminacion,travesia,679b0ecadd205e5143506d637aaec6849987ae11c8c8280fb79f4d1080326eec,accidentes_raw_dgt,2026-05-09 20:40:11
2019,Albacete,11,Domingo,14,Travesía,Otro,Colisión frontolateral,Buen tiempo,Pleno día,2,0,0,2,2019-11-01,otro,colision frontolateral,buen tiempo,pleno dia,travesia,da3270018b712b8a4b1841f92c26ff067a088a391dc6031610e6300ee261df15,accidentes_raw_dgt,2026-05-09 20:40:11
2019,Albacete,12,Jueves,16,Travesía,Otro,Colisión frontolateral,Buen tiempo,Pleno día,1,0,0,1,2019-12-01,otro,colision frontolateral,buen tiempo,pleno dia,travesia,1d16bb3354a11b509e641db094ca078be290298b0ec32c6b46b88fe919a1a8ed,accidentes_raw_dgt,2026-05-09 20:40:11
2019,Albacete,2,Domingo,15,Zona interurbana,Vía urbana,Colisión por alcance,Buen tiempo,Pleno día,1,0,0,1,2019-02-01,via urbana,colision por alcance,buen tiempo,pleno dia,zona interurbana,c6437e0ba0560952cb942343f521c60fc3f2247dd1aebf95460c1a070b263051,accidentes_raw_dgt,2026-05-09 20:40:11
2019,Albacete,12,Lunes,14,Zona interurbana,Otro urbano,Colisión frontolateral,Buen tiempo,Pleno día,3,0,1,2,2019-12-01,otro urbano,colision frontolateral,buen tiempo,pleno dia,zona interurbana,ec11f26d671bcc37162187abc1cf6a072960f13ee961a5f20c94bdad512d1428,accidentes_raw_dgt,2026-05-09 20:40:11
2019,Albacete,8,Viernes,16,Zona interurbana,Vía convencional,Caída de ocupante,Buen tiempo,Pleno día,3,0,0,3,2019-08-01,via convencional,caida de ocupante,buen tiempo,pleno dia,zona interurbana,e97e2ffefd968b2a3d838d7a523435948c99fc50eebba8b8e8b0fbf5fce99129,accidentes_raw_dgt,2026-05-09 20:40:11
2019,Albacete,12,Sábado,18,Zona interurbana,Vía urbana,Animal en calzada,Buen tiempo,Noche sin iluminación,1,0,0,1,2019-12-01,via urbana,animal en calzada,buen tiempo,noche sin iluminacion,zona interurbana,3ef4ba73834a4409affdc4f09899d57af3f9c201946d624705e5753bd88d3e89,accidentes_raw_dgt,2026-05-09 20:40:11
2019,Albacete,3,Lunes,18,Zona interurbana,Vía urbana,Atropello a peatón,Buen tiempo,Pleno día,1,0,1,0,2019-03-01,via urbana,atropello a peaton,buen tiempo,pleno dia,zona interurbana,6d78b19a042a64f08cc4df0d42fb91cd757829718e60e82a54e3498f03f3ef32,accidentes_raw_dgt,2026-05-09 20:40:11
2019,Albacete,5,Domingo,15,Zona urbana,Vía urbana,Choque obstáculo lateral,Buen tiempo,Pleno día,1,0,0,1,2019-05-01,via urbana,choque obstaculo lateral,buen tiempo,pleno dia,zona urbana,6360659f97100b35f3dd80cd08358fb415757f07ee670a9e1d3b4ae7fa14a0cf,accidentes_raw_dgt,2026-05-09 20:40:11
2019,Albacete,11,Domingo,17,Zona interurbana,Vía urbana,Colisión frontolateral,Buen tiempo,Pleno día,2,0,0,2,2019-11-01,via urbana,colision frontolateral,buen tiempo,pleno dia,zona interurbana,9ea3f4147c0d763c96e161f83b7aac40c78468f26a382a16eb5b75af0d7ae4f0,accidentes_raw_dgt,2026-05-09 20:40:11
2019,Albacete,7,Domingo,9,Zona urbana,Vía urbana,Colisión frontolateral,Buen tiempo,Pleno día,2,0,1,1,2019-07-01,via urbana,colision frontolateral,buen tiempo,pleno dia,zona urbana,9c8dd327d0f259b6facd68100f664c432101f783d31ac9b78b6e9eaf9fa786b8,accidentes_raw_dgt,2026-05-09 20:40:11
2019,Albacete,11,Jueves,13,Travesía,Otro,Colisión frontolateral,Buen tiempo,Pleno día,1,0,0,1,2019-11-01,otro,colision frontolateral,buen tiempo,pleno dia,travesia,c0bfde62b169890693f8a776ba2577b9522c6d1aa9dd96c65f50042f1f018616,accidentes_raw_dgt,2026-05-09 20:40:11