AÑO,PROVINCIA,MES,DIA_SEMANA,HORA,ZONA,TIPO_VIA,TIPO_ACCIDENTE,CONDICION_METEO,CONDICION_ILUMINACION,TOTAL_VICTIMAS,FALLECIDOS_24H,HERIDOS_GRAVES,HERIDOS_LEVES,FECHA_ACCIDENTE,TIPO_VIA_NORM,TIPO_ACCIDENTE_NORM,CONDICION_METEO_NORM,CONDICION_ILUMINACION_NORM,ZONA_NORM,ID_ACCIDENTE_HASH,source_id,load_timestamp
2019,Albacete,8,Martes,12,Travesía,Otro,Colisión frontolateral,Buen tiempo,Pleno día,2,0,0,2,2019-08-01,otro,colision frontolateral,buen tiempo,pleno dia,travesia,0252fa3e9d9c8c2c1cbd742a0ac409dc817c43f5ef23d6c36137f988e64055f7,accidentes_raw_dgt,2026-05-09 20:40:11
2019,Albacete,7,Domingo,9,Zona interurbana,Vía urbana,Atropello a peatón,Buen tiempo,Pleno día,1,0,1,0,2019-07-01,via urbana,atropello a peaton,buen tiempo,pleno dia,zona interurbana,d24eac45e69be063cc0053eb02650954eec62c314c405e564a4d11e951392e75,accidentes_raw_dgt,2026-05-09 20:40:11
2019,Albacete,9,Domingo,12,Zona interurbana,Vía urbana,Otro tipo,Buen tiempo,Pleno día,1,0,0,1,2019-09-01,via urbana,otro tipo,buen tiempo,pleno dia,zona interurbana,c5080dbc42e822a31c72ebf171d79394f57bba1e0511bad4a721c2c0f62ae6b3,accidentes_raw_dgt,2026-05-09 20:40:11
2019,Albacete,3,Jueves,21,Zona interurbana,Vía urbana,Se desconoce,Buen tiempo,Se desconoce,1,0,0,1,2019-03-01,via urbana,se desconoce,buen tiempo,se desconoce,zona interurbana,6c77b607e17df16d31c46c746a36328056fc8d153b71370ed1a56d4c0700238e,accidentes_raw_dgt,2026-05-09 20:40:11
2019,Albacete,3,Domingo,19,Zona interurbana,Vía urbana,Caída de ocupante,Granizo,Pleno día,1,0,0,1,2019-03-01,via urbana,caida de ocupante,granizo,pleno dia,zona interurbana,e52522a505f68250e81747aa5386c5c60196c1680f1c89762ab1ab0fbaae39b8,accidentes_raw_dgt,2026-05-09 20:40:11
2019,Albacete,11,Lunes,5,Zona interurbana,Vía urbana,Atropello a ciclista,Buen tiempo,Se desconoce,2,0,0,2,2019-11-01,via urbana,atropello a ciclista,buen tiempo,se desconoce,zona interurbana,8cca04ee02b8915f60a6b72c1faf19923aa12aafb5af89bc4bfd403dc60a836b,accidentes_raw_dgt,2026-05-09 20:40:11
2019,Albacete,10,Sábado,3,Zona interurbana,Vía urbana,Atropello a ciclista,Buen tiempo,Se desconoce,1,0,0,1,2019-10-01,via urbana,atropello a ciclista,buen tiempo,se desconoce,zona interurbana,38813d9a6e5332787f13dac070d265339c4c711beea8b21f82966684bda30e79,accidentes_raw_dgt,2026-05-09 20:40:11
2019,Albacete,5,Domingo,18,Zona interurbana,Vía urbana,Colisión por alcance,Buen tiempo,Pleno día,2,1,0,1,2019-05-01,via urbana,colision por alcance,buen tiempo,pleno dia,zona interurbana,8698616a6419549cd9c035d5e250c81c6cefff11ff31c9602bf2ff5aa3e06b7f,accidentes_raw_dgt,2026-05-09 20:40:11
2019,Albacete,8,Jueves,20,Zona interurbana,Vía urbana,Colisión lateral,Buen tiempo,Pleno día,4,0,0,4,2019-08-01,via urbana,colision lateral,buen tiempo,pleno dia,zona interurbana,c6bb15225eca43aca18f2ceb395c34012a6f95fe76c097576c04be49f5875fa3,accidentes_raw_dgt,2026-05-09 20:40:11
2019,Albacete,4,Martes,7,Zona interurbana,Calle,Colisión frontal,Buen tiempo,Pleno día,1,1,0,0,2019-04-01,calle,colision frontal,buen tiempo,pleno dia,zona interurbana,a19fbf8bf0530ca46179b803a8234f56276f21c0e7dc2f84c682924b95de5801,accidentes_raw_dgt,2026-05-09 20:40:11
2019,Albacete,5,Jueves,11,Zona interurbana,Vía urbana,Atropello a peatón,Buen tiempo,Pleno día,1,0,0,1,2019-05-01,via urbana,atropello a peaton,buen tiempo,pleno dia,zona interurbana,eb57f949956cc9f3c32eb7f249bbe56a74c253015af4dddb0c98cde49157cbd0,accidentes_raw_dgt,2026-05-09 20:40:11
2019,Albacete,10,Miércoles,15,Zona interurbana,Vía urbana,Colisión frontal,Buen tiempo,Pleno día,1,1,0,0,2019-10-01,via urbana,colision frontal,buen tiempo,pleno dia,zona interurbana,191024c47d6c2b3c24a570326b7e29f09652ec8bc2bb1779d95783e8753d12db,accidentes_raw_dgt,2026-05-09 20:40:11
2019,Albacete,8,Jueves,8,Zona interurbana,Calle,Se desconoce,Buen tiempo,Se desconoce,1,1,0,0,2019-08-01,calle,se desconoce,buen tiempo,se desconoce,zona interurbana,8e57858ab42fef1ee804b572421beb315e9fb3bd562f10f2f1c9ccf0384e8d99,accidentes_raw_dgt,2026-05-09 20:40:11
2019,Albacete,9,Viernes,10,Zona interurbana,Vía urbana,Choque con bordillo,Buen tiempo,Pleno día,1,0,0,1,2019-09-01,via urbana,choque con bordillo,buen tiempo,pleno dia,zona interurbana,b458944d9ec4322f9ff0de2885ce82d580341fcf0fd688422e9929b6e7ce3b2d,accidentes_raw_dgt,2026-05-09 20:40:11
2019,Albacete,4,Sábado,10,Zona interurbana,Calle,Animal en calzada,Buen tiempo,Pleno día,1,0,0,1,2019-04-01,calle,animal en calzada,buen tiempo,pleno dia,zona interurbana,272228055649002aa68a0787a821ee7e0eff838b2053b6d08531f26b39e09473,accidentes_raw_dgt,2026-05-09 20:40:11
2019,Albacete,12,Viernes,17,Zona interurbana,Vía urbana,Colisión frontolateral,Buen tiempo,Pleno día,1,0,0,1,2019-12-01,via urbana,colision frontolateral,buen tiempo,pleno dia,zona interurbana,2f57a2e309c463513b962750096f4389e229001dccc19afcb95ff98c70e14d09,accidentes_raw_dgt,2026-05-09 20:40:11
2019,Albacete,3,Domingo,17,Zona interurbana,Vía urbana,Salida vía izquierda,Lluvia,Pleno día,1,0,1,0,2019-03-01,via urbana,salida via izquierda,lluvia,pleno dia,zona interurbana,bf0a60ee19adc7954e2248d0c4fd7fed44671ea2cff24a6c75127f9ce0183608,accidentes_raw_dgt,2026-05-09 20:40:11
2019,Albacete,1,Miércoles,0,Travesía,Otro,Colisión lateral,Buen tiempo,Noche sin iluminación,1,0,0,1,2019-01-01,otro,colision lateral,buen tiempo,noche sin iluminacion,travesia,361603c11612df16fcb9d48b4c22430535c8e53fe3b3c5a6a39bdf7e0543f65c,accidentes_raw_dgt,2026-05-09 20:40:11
2019,Albacete,1,Martes,7,Zona interurbana,Vía convencional,Atropello a peatón,Buen tiempo,Se desconoce,1,0,1,0,2019-01-01,via convencional,atropello a peaton,buen tiempo,se desconoce,zona interurbana,5909daa6fb5cf239d52027367f111ecd9c280866d73f8bd47cda43ef5495af6a,accidentes_raw_dgt,2026-05-09 20:40:11
2019,Albacete,2,Domingo,8,Zona interurbana,Vía urbana,Se desconoce,Buen tiempo,Pleno día,1,0,0,1,2019-02-01,via urbana,se desconoce,buen tiempo,pleno dia,zona interurbana,25d114d44f1ee498521f51cd12e524e8fd6e67c82a9d21fc29c0bbc7fff457c4,accidentes_raw_dgt,2026-05-09 20:40:11
2019,Albacete,5,Sábado,12,Zona interurbana,Vía urbana,Colisión frontolateral,Buen tiempo,Pleno día,1,0,0,1,2019-05-01,via urbana,colision frontolateral,buen tiempo,pleno dia,zona interurbana,35fae39286f862cb505a3f0cac0b0d506f9a407cf9227d3c2ae2c67d5ec0d0f5,accidentes_raw_dgt,2026-05-09 20:40:11
2019,Albacete,7,Viernes,4,Zona interurbana,Vía convencional,Colisión por alcance,Buen tiempo,Se desconoce,4,0,0,4,2019-07-01,via convencional,colision por alcance,buen tiempo,se desconoce,zona interurbana,b2382de3cdaaf0c8e505cd370821d7842e493a1e64160dc6991b1109e2938a21,accidentes_raw_dgt,2026-05-09 20:40:11
2019,Albacete,8,Jueves,10,Travesía,Otro,Colisión frontolateral,Otro,Pleno día,1,0,0,1,2019-08-01,otro,colision frontolateral,otro,pleno dia,travesia,8cd6cb7e1601eb5dcd0a0d3d8f62c2dd8ee483819f9130a34259a217e927679f,accidentes_raw_dgt,2026-05-09 20:40:11
2019,Albacete,9,Domingo,6,Travesía,Otro urbano,Salida vía izquierda,Buen tiempo,Noche sin iluminación,2,0,0,2,2019-09-01,otro urbano,salida via izquierda,buen tiempo,noche sin iluminacion,travesia,31d8edb99534fd4800651db4d241d86e0380fa7376718b88590c2d772b41d5f4,accidentes_raw_dgt,2026-05-09 20:40:11
2019,Albacete,9,Viernes,14,Travesía,Otro,Colisión frontolateral,Buen tiempo,Pleno día,1,0,0,1,2019-09-01,otro,colision frontolateral,buen tiempo,pleno dia,travesia,68722dedde84631c45b4aade9365a91aa6fd11c5766e66191ffbf07361204a4c,accidentes_raw_dgt,2026-05-09 20:40:11
2019,Albacete,10,Viernes,22,Zona interurbana,Vía urbana,Colisión frontolateral,Buen tiempo,Se desconoce,2,0,1,1,2019-10-01,via urbana,colision frontolateral,buen tiempo,se desconoce,zona interurbana,76ced5b53829bb4ca8ab376be09683e92512ef0aab8fb68fcee5121596f94143,accidentes_raw_dgt,2026-05-09 20:40:11
2019,Albacete,11,Miércoles,8,Zona interurbana,Vía urbana,Caída de ocupante,Buen tiempo,Pleno día,1,0,1,0,2019-11-01,via urbana,caida de ocupante,buen tiempo,pleno dia,zona interurbana,96382608813353bee4eeaf0635a3b3356276fece94fe8c9cf048871078f8fd14,accidentes_raw_dgt,2026-05-09 20:40:11
2019,Albacete,11,Lunes,10,Zona interurbana,Vía urbana,Se desconoce,Lluvia,Pleno día,1,0,0,1,2019-11-01,via urbana,se desconoce,lluvia,pleno dia,zona interurbana,583b08e38c98f4350a8906d25344ac80b099921a8a8929e64b2dc2b553521343,accidentes_raw_dgt,2026-05-09 20:40:11
2019,Albacete,12,Miércoles,12,Zona interurbana,Vía convencional,Salida vía izquierda,Lluvia,Pleno día,1,0,0,1,2019-12-01,via convencional,salida via izquierda,lluvia,pleno dia,zona interurbana,f68a11527b819bdf3658377dab1ea309bb5c6eefe69bb751e4b59b277cc29a7d,accidentes_raw_dgt,2026-05-09 20:40:11
2019,Albacete,11,Sábado,21,Travesía,Otro,Colisión frontolateral,Otro,Noche sin iluminación,1,0,0,1,2019-11-01,otro,colision frontolateral,otro,noche sin iluminacion,travesia,ee09198e46224875cf39928511ef2b855895c43ee86d1de894ee82bc7c990afa,accidentes_raw_dgt,2026-05-09 20:40:11
2019,Albacete,12,Viernes,19,Zona interurbana,Vía urbana,Colisión frontolateral,Lluvia,Se desconoce,2,0,0,2,2019-12-01,via urbana,colision frontolateral,lluvia,se desconoce,zona interurbana,67aa578ed1fd0fa4198a7f1cc37b1ab20331cb472f7eb766f687f870a53a0670,accidentes_raw_dgt,2026-05-09 20:40:11
2019,Albacete,4,Lunes,19,Zona interurbana,Vía urbana,Colisión por alcance,Buen tiempo,Pleno día,4,0,0,4,2019-04-01,via urbana,colision por alcance,buen tiempo,pleno dia,zona interurbana,ae92bee5080ffa3533774ef98ec7858b08a02fed6778ab5d2043d0c64028e2d6,accidentes_raw_dgt,2026-05-09 20:40:11
2019,Albacete,10,Martes,16,Zona interurbana,Vía urbana,Colisión por alcance,Buen tiempo,Pleno día,1,0,0,1,2019-10-01,via urbana,colision por alcance,buen tiempo,pleno dia,zona interurbana,48af26beb80f0b14f33670336b3deb3b55b7d8f7eb33709596c6174394661034,accidentes_raw_dgt,2026-05-09 20:40:11
2019,Albacete,12,Domingo,12,Zona interurbana,Calle,Vuelco en calzada,Buen tiempo,Pleno día,1,0,1,0,2019-12-01,calle,vuelco en calzada,buen tiempo,pleno dia,zona interurbana,3ce59e84971bc7e65e82559e90b01dbc96e5000411cb2748c35044baf5db753e,accidentes_raw_dgt,2026-05-09 20:40:11
2019,Albacete,12,Sábado,3,Zona interurbana,Vía urbana,Choque obstáculo lateral,Lluvia,Se desconoce,2,0,0,2,2019-12-01,via urbana,choque obstaculo lateral,lluvia,se desconoce,zona interurbana,de690d1ae70d10081585d8ed98ed5825ac88fe8029b67a583a760fcc1d505636,accidentes_raw_dgt,2026-05-09 20:40:11
2019,Albacete,8,Sábado,16,Zona interurbana,Vía urbana,Caída de ocupante,Buen tiempo,Pleno día,1,0,0,1,2019-08-01,via urbana,caida de ocupante,buen tiempo,pleno dia,zona interurbana,6d7be37d6aa3665ddca5b4c3ab26e689e4efc1c33bea69ccbaeec6ed49569558,accidentes_raw_dgt,2026-05-09 20:40:11
2019,Albacete,1,Viernes,3,Zona interurbana,Vía urbana,Caída de ocupante,Buen tiempo,Se desconoce,2,0,1,1,2019-01-01,via urbana,caida de ocupante,buen tiempo,se desconoce,zona interurbana,e84909d7fba7798e68cbb865e5a577137b5d979e7527eb80ebf4aae1707496eb,accidentes_raw_dgt,2026-05-09 20:40:11
2019,Albacete,3,Jueves,7,Zona interurbana,Vía urbana,Colisión frontolateral,Buen tiempo,Pleno día,3,1,1,1,2019-03-01,via urbana,colision frontolateral,buen tiempo,pleno dia,zona interurbana,3ea77fc339263dd319e3dab93c288d0afcbd8ba8f96c20cfd6b42b5e8f3cf458,accidentes_raw_dgt,2026-05-09 20:40:11
2019,Albacete,4,Domingo,21,Travesía,Otro,Colisión frontolateral,Buen tiempo,Noche sin iluminación,2,0,0,2,2019-04-01,otro,colision frontolateral,buen tiempo,noche sin iluminacion,travesia,2b8ae4541022864d57e65a7db4c70b75fea47c9101edebf0325da25ea84def02,accidentes_raw_dgt,2026-05-09 20:40:11
2019,Albacete,10,Viernes,12,Zona interurbana,Vía urbana,Atropello a ciclista,Buen tiempo,Pleno día,1,0,0,1,2019-10-01,via urbana,atropello a ciclista,buen tiempo,pleno dia,zona interurbana,22fc91dc876c50db64efd0ebc175852518cd2bfe6143590af0b375b0b6c2df03,accidentes_raw_dgt,2026-05-09 20:40:11
2019,Albacete,10,Jueves,13,Travesía,Otro,Choque obstáculo lateral,Buen tiempo,Pleno día,1,0,0,1,2019-10-01,otro,choque obstaculo lateral,buen tiempo,pleno dia,travesia,8ec5f9f24992404000f7060d95c087f773f0dd3eeed7c616ee3d89e052ac2ecb,accidentes_raw_dgt,2026-05-09 20:40:11
2019,Albacete,1,Domingo,15,Travesía,Otro,Choque obstáculo lateral,Buen tiempo,Pleno día,1,0,0,1,2019-01-01,otro,choque obstaculo lateral,buen tiempo,pleno dia,travesia,e6c3b6f798b0e8d63406a281cf31ed72a005f9aaba8970ba3d008f2254001146,accidentes_raw_dgt,2026-05-09 20:40:11
2019,Albacete,3,Miércoles,13,Travesía,Otro,Choque obstáculo lateral,Buen tiempo,Pleno día,2,0,0,2,2019-03-01,otro,choque obstaculo lateral,buen tiempo,pleno dia,travesia,d4a66133ca14d9c93ec5ab56bb5afe8193341db5f804e6a4d254dbbc1ba8dddf,accidentes_raw_dgt,2026-05-09 20:40:11
2019,Albacete,3,Domingo,17,Zona interurbana,Vía urbana,Colisión múltiple,Buen tiempo,Pleno día,2,0,0,2,2019-03-01,via urbana,colision multiple,buen tiempo,pleno dia,zona interurbana,e1406f532a84b02f7b7645f2c4041c0dc25c70f10a5f0bb769efa589bcbf492f,accidentes_raw_dgt,2026-05-09 20:40:11
2019,Albacete,5,Martes,9,Travesía,Otro,Caída de ocupante,Buen tiempo,Pleno día,1,0,1,0,2019-05-01,otro,caida de ocupante,buen tiempo,pleno dia,travesia,0341b5dd628e639abaa6a2a7affb6e8905dc4a0065309f69c67456473483c9dd,accidentes_raw_dgt,2026-05-09 20:40:11
2019,Albacete,5,Miércoles,20,Travesía,Otro urbano,Choque obstáculo lateral,Buen tiempo,Pleno día,1,1,0,0,2019-05-01,otro urbano,choque obstaculo lateral,buen tiempo,pleno dia,travesia,3c7217bd6d2c58c67e93c1b4a0c5d2f8bfd5cd46249df0f246307b1f859b9737,accidentes_raw_dgt,2026-05-09 20:40:11
2019,Albacete,6,Domingo,23,Travesía,Otro,Colisión frontal,Buen tiempo,Noche sin iluminación,1,0,0,1,2019-06-01,otro,colision frontal,buen tiempo,noche sin iluminacion,travesia,e62e4120ce246492a612a58846228e2949a25756458cd157f43444b39637383f,accidentes_raw_dgt,2026-05-09 20:40:11
2019,Albacete,6,Miércoles,12,Travesía,Otro,Choque obstáculo lateral,Buen tiempo,Pleno día,1,0,0,1,2019-06-01,otro,choque obstaculo lateral,buen tiempo,pleno dia,travesia,ca05bc2bf73745fee2f3d493297d4f90930477b484d2c08d7dc899d9a574de89,accidentes_raw_dgt,2026-05-09 20:40:11
2019,Albacete,7,Domingo,22,Zona interurbana,Vía convencional,Colisión por alcance,Buen tiempo,Se desconoce,1,0,0,1,2019-07-01,via convencional,colision por alcance,buen tiempo,se desconoce,zona interurbana,735e4a8aa7691b6d7e64836a10faa46e2246aadb16addbf59db7f7b0f45e6d19,accidentes_raw_dgt,2026-05-09 20:40:11
2019,Albacete,8,Sábado,7,Travesía,Otro,Colisión frontolateral,Buen tiempo,Pleno día,1,0,0,1,2019-08-01,otro,colision frontolateral,buen tiempo,pleno dia,travesia,245db7164aace830256c713e17486f1785096c86049d6409349fff5f810da253,accidentes_raw_dgt,2026-05-09 20:40:11
2019,Albacete,10,Sábado,13,Zona interurbana,Vía urbana,Se desconoce,Buen tiempo,Pleno día,1,0,0,1,2019-10-01,via urbana,se desconoce,buen tiempo,pleno dia,zona interurbana,274e64235a5fb9590afabdced2d45045b161d75e5748c23d997295e3c8d4fa0f,accidentes_raw_dgt,2026-05-09 20:40:11
2019,Albacete,10,Sábado,17,Travesía,Otro,Objeto desprendido,Buen tiempo,Pleno día,1,0,0,1,2019-10-01,otro,objeto desprendido,buen tiempo,pleno dia,travesia,6df26dfff059f42aeb0607a761d34c2b820af73ab0c5bfb111f7fe9dadda850a,accidentes_raw_dgt,2026-05-09 20:40:11
2019,Albacete,10,Sábado,20,Travesía,Otro,Colisión frontolateral,Buen tiempo,Noche sin iluminación,2,0,0,2,2019-10-01,otro,colision frontolateral,buen tiempo,noche sin iluminacion,travesia,5549c0d54cb3bce4019f7f4b0f9ebad217bf9f417e8e14d547bdb467ccb0dc4c,accidentes_raw_dgt,2026-05-09 20:40:11
2019,Albacete,1,Sábado,14,Zona interurbana,Calle,Choque obstáculo calzada,Buen tiempo,Pleno día,1,0,1,0,2019-01-01,calle,choque obstaculo calzada,buen tiempo,pleno dia,zona interurbana,cdbe4e7e26e3a55307dac9da65edc0d33fa6b54f79a83373cb997770856c23bd,accidentes_raw_dgt,2026-05-09 20:40:11
2019,Albacete,5,Viernes,11,Zona interurbana,Calle,Colisión frontal,Buen tiempo,Pleno día,1,0,0,1,2019-05-01,calle,colision frontal,buen tiempo,pleno dia,zona interurbana,4cd31e5e6c407602bd01a4b2f9dd0ce7bbb7b654327fcb9edd55cf905fc92719,accidentes_raw_dgt,2026-05-09 20:40:11
2019,Albacete,7,Lunes,17,Zona interurbana,Vía urbana,Caída de motociclista,Buen tiempo,Pleno día,2,0,0,2,2019-07-01,via urbana,caida de motociclista,buen tiempo,pleno dia,zona interurbana,b5740f0e88bf42cdae45c073ea5c170e3a422dd3ec257810a29e67b5fafc40c6,accidentes_raw_dgt,2026-05-09 20:40:11
2019,Albacete,7,Miércoles,18,Zona interurbana,Vía urbana,Salida vía izquierda,Buen tiempo,Pleno día,3,0,0,3,2019-07-01,via urbana,salida via izquierda,buen tiempo,pleno dia,zona interurbana,1b9fc6751bc015632376866fc870c6fbe6ceaee88b4a7107e4018567a7c0a77f,accidentes_raw_dgt,2026-05-09 20:40:11
2019,Albacete,1,Miércoles,21,Zona interurbana,Vía urbana,Choque obstáculo lateral,Lluvia,Se desconoce,1,0,1,0,2019-01-01,via urbana,choque obstaculo lateral,lluvia,se desconoce,zona interurbana,f7d9615965e2b49c6bde79dedfdecc39afade6e543922d5d023fda9d13430c44,accidentes_raw_dgt,2026-05-09 20:40:11
2019,Albacete,3,Domingo,7,Zona interurbana,Calle,Atropello a ciclista,Buen tiempo,Pleno día,2,0,0,2,2019-03-01,calle,atropello a ciclista,buen tiempo,pleno dia,zona interurbana,7e5cb8429dce239403fec15b8930529f51efdf34ce3e28548977ea97e152f303,accidentes_raw_dgt,2026-05-09 20:40:11
2019,Albacete,5,Domingo,18,Travesía,Otro,Choque obstáculo calzada,Buen tiempo,Pleno día,1,0,0,1,2019-05-01,otro,choque obstaculo calzada,buen tiempo,pleno dia,travesia,c4c9f099e7a471df3389eeb1a1487cf95b5a46e997bf9614e3229114b6787dc6,accidentes_raw_dgt,2026-05-09 20:40:11
2019,Albacete,8,Martes,21,Zona interurbana,Vía urbana,Colisión frontolateral,Buen tiempo,Noche sin iluminación,2,0,0,2,2019-08-01,via urbana,colision frontolateral,buen tiempo,noche sin iluminacion,zona interurbana,920232613e4a67a07d6c99b7974dbcd6765ee171da73e4961e1499a05a1f471b,accidentes_raw_dgt,2026-05-09 20:40:11
2019,Albacete,10,Sábado,11,Travesía,Otro,Colisión frontolateral,Buen tiempo,Pleno día,1,0,0,1,2019-10-01,otro,colision frontolateral,buen tiempo,pleno dia,travesia,a16c0ab260e30b22cd06fadf9a6a30c454ddc845925cc831796b2988874d6a5a,accidentes_raw_dgt,2026-05-09 20:40:11
2019,Albacete,10,Martes,10,Zona interurbana,Vía urbana,Colisión por alcance,Buen tiempo,Pleno día,1,0,0,1,2019-10-01,via urbana,colision por alcance,buen tiempo,pleno dia,zona interurbana,3cc16f8f6eede20fc56248b7da32561c5996a6d44fdabcbe3fd965d016a0d29c,accidentes_raw_dgt,2026-05-09 20:40:11
2019,Albacete,11,Jueves,20,Zona interurbana,Vía urbana,Salida vía izquierda,Buen tiempo,Se desconoce,1,0,0,1,2019-11-01,via urbana,salida via izquierda,buen tiempo,se desconoce,zona interurbana,4ab34cdf3e765ab1629ed66b4d683a8d5bd014b8b7e8f2f3edd4cfab45101031,accidentes_raw_dgt,2026-05-09 20:40:11
2019,Albacete,10,Sábado,19,Travesía,Otro,Colisión frontolateral,Buen tiempo,Noche sin iluminación,1,0,0,1,2019-10-01,otro,colision frontolateral,buen tiempo,noche sin iluminacion,travesia,2b1545d9e4c5685925e30a7ad1a0a47327afaeeac7f5e53cab34468198e782af,accidentes_raw_dgt,2026-05-09 20:40:11
2019,Albacete,1,Viernes,18,Zona interurbana,Vía urbana,Colisión por alcance,Buen tiempo,Amanecer/Anochecer,2,1,1,0,2019-01-01,via urbana,colision por alcance,buen tiempo,amanecer/anochecer,zona interurbana,b3dfc696bb0a50080a047af22f87c0f9a07728ba3095a9aac126123ad1bc24d3,accidentes_raw_dgt,2026-05-09 20:40:11
2019,Albacete,1,Sábado,13,Travesía,Otro,Colisión lateral,Buen tiempo,Pleno día,1,0,0,1,2019-01-01,otro,colision lateral,buen tiempo,pleno dia,travesia,ef0d2e96b08cee59a3557ca2ddba84bd84b4dabd4e2f882122a291bffee0acdd,accidentes_raw_dgt,2026-05-09 20:40:11
2019,Albacete,2,Sábado,19,Travesía,Otro,Colisión por alcance,Buen tiempo,Noche sin iluminación,2,0,0,2,2019-02-01,otro,colision por alcance,buen tiempo,noche sin iluminacion,travesia,ddb3686e0d40ad1e8779241b49ebb2ddb4c9bece101dff8140fe933ba99faf6b,accidentes_raw_dgt,2026-05-09 20:40:11
2019,Albacete,1,Viernes,9,Travesía,Otro,Colisión frontolateral,Buen tiempo,Pleno día,2,0,0,2,2019-01-01,otro,colision frontolateral,buen tiempo,pleno dia,travesia,b368537ed2fe65023ec2b77740725a878cbfff387e82cee58e058c55c993f548,accidentes_raw_dgt,2026-05-09 20:40:11
2019,Albacete,2,Sábado,13,Travesía,Otro,Colisión frontal,Buen tiempo,Pleno día,2,0,0,2,2019-02-01,otro,colision frontal,buen tiempo,pleno dia,travesia,681d12400213531e5fdef04c597ac192d359c2d0351df6f22f0240134d873350,accidentes_raw_dgt,2026-05-09 20:40:11
2019,Albacete,2,Sábado,8,Zona interurbana,Vía urbana,Atropello a ciclista,Buen tiempo,Pleno día,1,0,0,1,2019-02-01,via urbana,atropello a ciclista,buen tiempo,pleno dia,zona interurbana,14c54242e8185b507bc9ae74bc044aac05caaa101c0693c13a2310ebb591c582,accidentes_raw_dgt,2026-05-09 20:40:11
2019,Albacete,3,Domingo,7,Zona interurbana,Calle,Otro tipo,Buen tiempo,Amanecer/Anochecer,1,0,0,1,2019-03-01,calle,otro tipo,buen tiempo,amanecer/anochecer,zona interurbana,b72b8ff4cac9641a216743dce4985c75e550a690abdc65e5ceff8fca8428d70b,accidentes_raw_dgt,2026-05-09 20:40:11
2019,Albacete,3,Miércoles,20,Travesía,Otro,Colisión lateral,Buen tiempo,Noche sin iluminación,1,0,0,1,2019-03-01,otro,colision lateral,buen tiempo,noche sin iluminacion,travesia,aed8be046f04a89cfa707bb5c1c52e6f374393507edfb090fbd409810b325bee,accidentes_raw_dgt,2026-05-09 20:40:11
2019,Albacete,1,Jueves,13,Travesía,Otro,Colisión por alcance,Buen tiempo,Pleno día,1,0,0,1,2019-01-01,otro,colision por alcance,buen tiempo,pleno dia,travesia,fe35907591696b6a53ef1010575751a6ff02c810b26a6738e718fbfab4af0e55,accidentes_raw_dgt,2026-05-09 20:40:11
2019,Albacete,1,Domingo,14,Travesía,Otro,Colisión frontolateral,Buen tiempo,Pleno día,1,0,0,1,2019-01-01,otro,colision frontolateral,buen tiempo,pleno dia,travesia,8429476daf79869660e1228853868ae86ae9ec97893d38ae2be5ac85618d9082,accidentes_raw_dgt,2026-05-09 20:40:11
2019,Albacete,2,Viernes,20,Travesía,Otro,Colisión por alcance,Buen tiempo,Noche sin iluminación,1,0,0,1,2019-02-01,otro,colision por alcance,buen tiempo,noche sin iluminacion,travesia,2f5903a7888abd6b422cf1e888c5e6783685197a46a9a473e6adc8e807677541,accidentes_raw_dgt,2026-05-09 20:40:11
2019,Albacete,3,Martes,17,Travesía,Otro,Colisión por alcance,Buen tiempo,Pleno día,2,0,0,2,2019-03-01,otro,colision por alcance,buen tiempo,pleno dia,travesia,9eb2d543a0a36152b0077db398e71d3e0f03d3ef9e0a739f0d257042a4c7efb2,accidentes_raw_dgt,2026-05-09 20:40:11
2019,Albacete,4,Lunes,15,Travesía,Otro,Colisión frontolateral,Granizo,Pleno día,2,0,0,2,2019-04-01,otro,colision frontolateral,granizo,pleno dia,travesia,5aca6f08b6780157a0da46aaaef9d86d2fe55919395b0e2aba71e52a377db90d,accidentes_raw_dgt,2026-05-09 20:40:11
2019,Albacete,1,Martes,13,Travesía,Otro,Colisión por alcance,Buen tiempo,Pleno día,1,0,0,1,2019-01-01,otro,colision por alcance,buen tiempo,pleno dia,travesia,09f7cb7bb38f019f431f8d8c20fd2ccd64f6414fce56924ee7ccc40ef2a35447,accidentes_raw_dgt,2026-05-09 20:40:11
2019,Albacete,4,Martes,13,Travesía,Otro,Choque obstáculo lateral,Buen tiempo,Pleno día,1,0,0,1,2019-04-01,otro,choque obstaculo lateral,buen tiempo,pleno dia,travesia,64ef8cbfd4e16b46fba5c355a47cb596c58f876c7e898f2bbf8562f12e35b09a,accidentes_raw_dgt,2026-05-09 20:40:11
2019,Albacete,4,Viernes,0,Travesía,Otro,Colisión frontolateral,Lluvia,Noche sin iluminación,1,0,0,1,2019-04-01,otro,colision frontolateral,lluvia,noche sin iluminacion,travesia,d253d7b7ace4e06589dd90003f047380ddfdcfb29007b4e815caf48ff09b498b,accidentes_raw_dgt,2026-05-09 20:40:11