AÑO,PROVINCIA,MES,DIA_SEMANA,HORA,ZONA,TIPO_VIA,TIPO_ACCIDENTE,CONDICION_METEO,CONDICION_ILUMINACION,TOTAL_VICTIMAS,FALLECIDOS_24H,HERIDOS_GRAVES,HERIDOS_LEVES,FECHA_ACCIDENTE,TIPO_VIA_NORM,TIPO_ACCIDENTE_NORM,CONDICION_METEO_NORM,CONDICION_ILUMINACION_NORM,ZONA_NORM,ID_ACCIDENTE_HASH,source_id,load_timestamp
2019,Albacete,1,Lunes,9,Travesía,Otro,Colisión por alcance,Buen tiempo,Pleno día,1,0,0,1,2019-01-01,otro,colision por alcance,buen tiempo,pleno dia,travesia,328c58f0f1726122097e75379a5d2ff5fe7b7c88799fb09ea3fe62ab269a1192,accidentes_raw_dgt,2026-05-09 20:40:11
2019,Albacete,4,Sábado,7,Travesía,Otro,Colisión frontolateral,Buen tiempo,Pleno día,1,0,0,1,2019-04-01,otro,colision frontolateral,buen tiempo,pleno dia,travesia,411922c1ae8248b994a04fe6f08864503f7c0f41a5dd37f126d5f9b18f8c65f4,accidentes_raw_dgt,2026-05-09 20:40:11
2019,Albacete,4,Jueves,10,Zona interurbana,Vía convencional,Atropello a ciclista,Nieve,Pleno día,3,0,0,3,2019-04-01,via convencional,atropello a ciclista,nieve,pleno dia,zona interurbana,f8646a257c0c4273b72c83c5d563ba1acda190626677d3cb89dc748e00182315,accidentes_raw_dgt,2026-05-09 20:40:11
2019,Albacete,4,Miércoles,21,Travesía,Otro,Colisión frontolateral,Buen tiempo,Noche sin iluminación,1,0,0,1,2019-04-01,otro,colision frontolateral,buen tiempo,noche sin iluminacion,travesia,15d45f2509126484f295a467baa497716a95742d401311586e75d5db3f88be9c,accidentes_raw_dgt,2026-05-09 20:40:11
2019,Albacete,3,Jueves,18,Travesía,Otro,Colisión frontolateral,Buen tiempo,Pleno día,1,0,0,1,2019-03-01,otro,colision frontolateral,buen tiempo,pleno dia,travesia,aeba47c17ca09557808c333b49af210a0209aff6b4334fa7192aaed69c5f36dd,accidentes_raw_dgt,2026-05-09 20:40:11
2019,Albacete,4,Martes,13,Travesía,Otro,Colisión frontolateral,Buen tiempo,Pleno día,1,0,0,1,2019-04-01,otro,colision frontolateral,buen tiempo,pleno dia,travesia,5514a9f709310b22ee9bddd4e6da1b2b8b04d1ad5c3dcb47ed945c356b9b852d,accidentes_raw_dgt,2026-05-09 20:40:11
2019,Albacete,4,Martes,18,Zona interurbana,Vía urbana,Colisión frontolateral,Lluvia,Pleno día,2,0,1,1,2019-04-01,via urbana,colision frontolateral,lluvia,pleno dia,zona interurbana,b366c0efba99d592b8ed6bd45529a964d775a5aac6eebe5cb09d5ca6156a6e66,accidentes_raw_dgt,2026-05-09 20:40:11
2019,Albacete,5,Sábado,7,Zona interurbana,Vía urbana,Se desconoce,Buen tiempo,Amanecer/Anochecer,1,1,0,0,2019-05-01,via urbana,se desconoce,buen tiempo,amanecer/anochecer,zona interurbana,38f13ba4550b60ae975cb2a6efd68b795f4c026ea25b162d316a9d00182cd92d,accidentes_raw_dgt,2026-05-09 20:40:11
2019,Albacete,5,Lunes,18,Travesía,Otro,Colisión lateral,Buen tiempo,Pleno día,1,0,0,1,2019-05-01,otro,colision lateral,buen tiempo,pleno dia,travesia,df6822cd01387e05c8ea01eae408dacae839ebf27c2ce1ffa3b6a0b7f3f0ffa1,accidentes_raw_dgt,2026-05-09 20:40:11
2019,Albacete,5,Martes,7,Travesía,Otro,Colisión lateral,Buen tiempo,Amanecer/Anochecer,1,0,1,0,2019-05-01,otro,colision lateral,buen tiempo,amanecer/anochecer,travesia,88b82308d570d71f02c5aa6a14ffe29a7ffbe14969a63094eb19e8e34256d9bf,accidentes_raw_dgt,2026-05-09 20:40:11
2019,Albacete,4,Viernes,17,Travesía,Otro,Choque obstáculo lateral,Buen tiempo,Pleno día,1,0,0,1,2019-04-01,otro,choque obstaculo lateral,buen tiempo,pleno dia,travesia,18bed1232c7d6375b760860a0c1904bf560a92b8cec0965fda4c244bb5c55e49,accidentes_raw_dgt,2026-05-09 20:40:11
2019,Albacete,4,Martes,19,Travesía,Otro,Colisión por alcance,Buen tiempo,Pleno día,1,0,0,1,2019-04-01,otro,colision por alcance,buen tiempo,pleno dia,travesia,b93e56aec7724213a91e5c44256af055313fc7e8d80554fb7ed23b866470695b,accidentes_raw_dgt,2026-05-09 20:40:11
2019,Albacete,6,Martes,10,Travesía,Otro,Objeto desprendido,Buen tiempo,Pleno día,1,0,0,1,2019-06-01,otro,objeto desprendido,buen tiempo,pleno dia,travesia,0ebe0fb634f8e4aca93dcdea090d01120e73df4c7da22888c595b593da608c78,accidentes_raw_dgt,2026-05-09 20:40:11
2019,Albacete,6,Domingo,17,Zona interurbana,Vía urbana,Colisión frontolateral,Buen tiempo,Pleno día,2,0,1,1,2019-06-01,via urbana,colision frontolateral,buen tiempo,pleno dia,zona interurbana,6debfc7d20fed1535e09e87aaead966fb3c6dd3f98122527b7165e1b90ee7d29,accidentes_raw_dgt,2026-05-09 20:40:11
2019,Albacete,6,Domingo,18,Zona interurbana,Calle,Atropello a ciclista,Buen tiempo,Pleno día,1,0,1,0,2019-06-01,calle,atropello a ciclista,buen tiempo,pleno dia,zona interurbana,39fb5bd005525dbf048273aa7453557b0b84c4e99250e6ed8ce5c3370825725f,accidentes_raw_dgt,2026-05-09 20:40:11
2019,Albacete,7,Miércoles,14,Zona interurbana,Vía urbana,Atropello a ciclista,Buen tiempo,Pleno día,2,0,0,2,2019-07-01,via urbana,atropello a ciclista,buen tiempo,pleno dia,zona interurbana,7db67cf8f985b40952938e7402a645eba1d6eecc98fc3166d0be0b47e76dd56c,accidentes_raw_dgt,2026-05-09 20:40:11
2019,Albacete,7,Jueves,15,Travesía,Otro,Colisión frontolateral,Buen tiempo,Pleno día,1,0,0,1,2019-07-01,otro,colision frontolateral,buen tiempo,pleno dia,travesia,2f351206009bd31541b52e772dab244c7331af91be90d333165f7e77cde33805,accidentes_raw_dgt,2026-05-09 20:40:11
2019,Albacete,8,Viernes,12,Travesía,Otro urbano,Colisión lateral,Buen tiempo,Pleno día,1,0,1,0,2019-08-01,otro urbano,colision lateral,buen tiempo,pleno dia,travesia,c2f61742e5f0ef0a74c5fcbeff7ff659def91bf4b5f1e175943a0b075c82058b,accidentes_raw_dgt,2026-05-09 20:40:11
2019,Albacete,8,Jueves,7,Travesía,Otro,Colisión lateral,Buen tiempo,Amanecer/Anochecer,2,0,0,2,2019-08-01,otro,colision lateral,buen tiempo,amanecer/anochecer,travesia,78332745628ea113b091333b92951f03561d14e3eea87ba572b594634ad3054d,accidentes_raw_dgt,2026-05-09 20:40:11
2019,Albacete,8,Jueves,15,Travesía,Otro,Colisión frontolateral,Buen tiempo,Pleno día,1,0,0,1,2019-08-01,otro,colision frontolateral,buen tiempo,pleno dia,travesia,42d9972e972e40956658f1b4f3bd676512837741de686d03f447d8015feb6a6c,accidentes_raw_dgt,2026-05-09 20:40:11
2019,Albacete,8,Sábado,14,Travesía,Otro,Colisión frontolateral,Buen tiempo,Pleno día,1,0,0,1,2019-08-01,otro,colision frontolateral,buen tiempo,pleno dia,travesia,2ed927e972728bc356c12808c31656d17ce6a4afded459165923d4b5c25ffd4f,accidentes_raw_dgt,2026-05-09 20:40:11
2019,Albacete,8,Jueves,13,Zona interurbana,Vía urbana,Colisión frontolateral,Buen tiempo,Pleno día,1,0,0,1,2019-08-01,via urbana,colision frontolateral,buen tiempo,pleno dia,zona interurbana,41e32284df1a73272655a26bfe6d4919ed6504972cc47461330a26e90cd9ddc3,accidentes_raw_dgt,2026-05-09 20:40:11
2019,Albacete,9,Miércoles,11,Zona interurbana,Vía convencional,Choque obstáculo calzada,Buen tiempo,Pleno día,3,0,1,2,2019-09-01,via convencional,choque obstaculo calzada,buen tiempo,pleno dia,zona interurbana,6ed255bcd55046343338a717f96b055b531cf7afd739e03c7f26f57ba3d51218,accidentes_raw_dgt,2026-05-09 20:40:11
2019,Albacete,9,Lunes,14,Travesía,Otro,Colisión lateral,Buen tiempo,Pleno día,1,0,0,1,2019-09-01,otro,colision lateral,buen tiempo,pleno dia,travesia,70399d63b169b1ae4b8c6e7ae9a75df6dbf0d7776e55545bdf6c46c97ef59185,accidentes_raw_dgt,2026-05-09 20:40:11
2019,Albacete,9,Sábado,10,Travesía,Otro,Choque obstáculo lateral,Granizo,Pleno día,1,0,1,0,2019-09-01,otro,choque obstaculo lateral,granizo,pleno dia,travesia,2740db06dfb5b0b667597f708e38bed538f45002a3cc379adb63905fa01edaa6,accidentes_raw_dgt,2026-05-09 20:40:11
2019,Albacete,9,Jueves,21,Travesía,Otro,Colisión lateral,Buen tiempo,Noche con iluminación,1,0,0,1,2019-09-01,otro,colision lateral,buen tiempo,noche con iluminacion,travesia,a8caa602fb66f78027e2035b4200e304e21bb21b88ff6c16e516c3f27955dc45,accidentes_raw_dgt,2026-05-09 20:40:11
2019,Albacete,10,Lunes,22,Zona interurbana,Vía urbana,Caída de ocupante,Buen tiempo,Se desconoce,1,0,1,0,2019-10-01,via urbana,caida de ocupante,buen tiempo,se desconoce,zona interurbana,470ece82662f34902283de3bedcaf43b83c8c0168ed532ae386e9f6bf6b48879,accidentes_raw_dgt,2026-05-09 20:40:11
2019,Albacete,10,Miércoles,20,Travesía,Otro,Choque obstáculo calzada,Buen tiempo,Noche con iluminación,1,0,0,1,2019-10-01,otro,choque obstaculo calzada,buen tiempo,noche con iluminacion,travesia,35ea9e03d5f2f4658cb5cc8276de93747154af7401732c9a208b4793706106b8,accidentes_raw_dgt,2026-05-09 20:40:11
2019,Albacete,11,Miércoles,9,Zona interurbana,Vía urbana,Atropello a ciclista,Buen tiempo,Pleno día,1,0,1,0,2019-11-01,via urbana,atropello a ciclista,buen tiempo,pleno dia,zona interurbana,e64474fd91f16a0891fb1de23dff06e8bd0a0ee495f1add2ec08a07f1fb63bb4,accidentes_raw_dgt,2026-05-09 20:40:11
2019,Albacete,7,Miércoles,20,Travesía,Otro,Colisión frontolateral,Buen tiempo,Pleno día,1,0,0,1,2019-07-01,otro,colision frontolateral,buen tiempo,pleno dia,travesia,d464f7141af4a42f6579fe8e7b5d3623b9742b2b0bc48536ca1a33a32944d57a,accidentes_raw_dgt,2026-05-09 20:40:11
2019,Albacete,11,Sábado,1,Travesía,Otro,Colisión frontolateral,Buen tiempo,Noche sin iluminación,4,0,0,4,2019-11-01,otro,colision frontolateral,buen tiempo,noche sin iluminacion,travesia,2fe98face8187bcd9a099889cbb3d02c4a80b9fc72ec9f9f5e121c8d4aa8645d,accidentes_raw_dgt,2026-05-09 20:40:11
2019,Albacete,12,Martes,14,Travesía,Otro,Colisión lateral,Granizo,Pleno día,1,0,0,1,2019-12-01,otro,colision lateral,granizo,pleno dia,travesia,aeaa6370266a3650553410b0d9f8f3e02aa6bdfe68a2380a118fb3cf4a7d832f,accidentes_raw_dgt,2026-05-09 20:40:11
2019,Albacete,12,Lunes,2,Zona interurbana,Vía convencional,Colisión por alcance,Buen tiempo,Se desconoce,2,1,0,1,2019-12-01,via convencional,colision por alcance,buen tiempo,se desconoce,zona interurbana,b97d4904938f12a04277ff18c386c7460877bf4002ad82a0ee3a5ab88f2b9249,accidentes_raw_dgt,2026-05-09 20:40:11
2019,Albacete,3,Domingo,14,Zona interurbana,Vía urbana,Colisión frontal,Granizo,Pleno día,4,0,1,2,2019-03-01,via urbana,colision frontal,granizo,pleno dia,zona interurbana,1b365a4dfc8a9d9d77b27e0e07614e4001bb2e0ffb38676277f9155a082913c0,accidentes_raw_dgt,2026-05-09 20:40:11
2019,Albacete,5,Sábado,12,Zona interurbana,Vía urbana,Colisión por alcance,Buen tiempo,Pleno día,2,0,0,2,2019-05-01,via urbana,colision por alcance,buen tiempo,pleno dia,zona interurbana,7a64ce427ce0ca963ce9c3ab0da2db27c1f3ac9620444e1b4312422af8e093b9,accidentes_raw_dgt,2026-05-09 20:40:11
2019,Albacete,5,Domingo,11,Zona interurbana,Vía urbana,Colisión lateral,Buen tiempo,Pleno día,1,0,1,0,2019-05-01,via urbana,colision lateral,buen tiempo,pleno dia,zona interurbana,a860d24f31d82a4fbf73c4239d615936fcdfbd6d08319ba3807303469a0a35d1,accidentes_raw_dgt,2026-05-09 20:40:11
2019,Albacete,8,Viernes,15,Zona interurbana,Vía urbana,Colisión por alcance,Buen tiempo,Pleno día,1,0,0,1,2019-08-01,via urbana,colision por alcance,buen tiempo,pleno dia,zona interurbana,f898c0e2fa3b9767f4e8e8e98c4a29bb98664b2a6f7b9e67129aa90915ed8a4a,accidentes_raw_dgt,2026-05-09 20:40:11
2019,Albacete,11,Sábado,16,Zona interurbana,Vía urbana,Salida vía izquierda,Buen tiempo,Pleno día,1,0,0,1,2019-11-01,via urbana,salida via izquierda,buen tiempo,pleno dia,zona interurbana,38bc3d1c4787dd15fb6b16dccd548786cb773da29ffeb075602c76d2ca87f9fd,accidentes_raw_dgt,2026-05-09 20:40:11
2019,Albacete,6,Sábado,12,Zona interurbana,Vía convencional,Atropello a ciclista,Buen tiempo,Pleno día,2,0,0,2,2019-06-01,via convencional,atropello a ciclista,buen tiempo,pleno dia,zona interurbana,c08ee2a296e9cc80f185cf84596b17f6dc4e29df05c403f2b0fb077876289cb8,accidentes_raw_dgt,2026-05-09 20:40:11
2019,Albacete,7,Lunes,11,Zona interurbana,Vía convencional,Salida vía izquierda,Buen tiempo,Pleno día,1,0,0,1,2019-07-01,via convencional,salida via izquierda,buen tiempo,pleno dia,zona interurbana,78f9110cf588bd30afae93e571cd302097208933596793c8d07d9eaff8a2b456,accidentes_raw_dgt,2026-05-09 20:40:11
2019,Albacete,11,Viernes,10,Zona interurbana,Vía convencional,Atropello a ciclista,Lluvia,Pleno día,1,1,0,0,2019-11-01,via convencional,atropello a ciclista,lluvia,pleno dia,zona interurbana,15b9e0db83ca5103d0d81f272584932103478a4850cb788ee4fff20b7ab5c5ba,accidentes_raw_dgt,2026-05-09 20:40:11
2019,Alicante,10,Martes,10,Zona interurbana,Vía urbana,Atropello a ciclista,Nieve,Pleno día,1,0,0,1,2019-10-01,via urbana,atropello a ciclista,nieve,pleno dia,zona interurbana,e41fbda961c9b0a19e1232a464bdf5a03c5b5568b12147ee234d4a473c425beb,accidentes_raw_dgt,2026-05-09 20:40:11
2019,Alicante,2,Sábado,16,Zona interurbana,Vía urbana,Salida vía izquierda,Buen tiempo,Pleno día,1,0,1,0,2019-02-01,via urbana,salida via izquierda,buen tiempo,pleno dia,zona interurbana,1aa3e4f8f4a38d99994d6af04b69455db781c6932257873a272c928820d77484,accidentes_raw_dgt,2026-05-09 20:40:11
2019,Alicante,3,Lunes,14,Zona interurbana,Vía urbana,Salida vía izquierda,Lluvia,Pleno día,1,1,0,0,2019-03-01,via urbana,salida via izquierda,lluvia,pleno dia,zona interurbana,f8d64a31eb7d864da9252b7e5dd2659229cf1a3c4bf9d6d544c0318c81e13cff,accidentes_raw_dgt,2026-05-09 20:40:11
2019,Alicante,5,Miércoles,11,Zona interurbana,Vía urbana,Colisión por alcance,Buen tiempo,Pleno día,1,0,0,1,2019-05-01,via urbana,colision por alcance,buen tiempo,pleno dia,zona interurbana,1c918023d679a37e1f3338c9029fe54730b3338643dea17773a25e4c67956699,accidentes_raw_dgt,2026-05-09 20:40:11
2019,Alicante,6,Lunes,14,Zona interurbana,Vía urbana,Atropello a ciclista,Buen tiempo,Pleno día,1,0,0,1,2019-06-01,via urbana,atropello a ciclista,buen tiempo,pleno dia,zona interurbana,319f6d0f44f72b8278c5abaf74ad0357c9d13f8d7328246f3474063f08150952,accidentes_raw_dgt,2026-05-09 20:40:11
2019,Alicante,9,Sábado,12,Zona interurbana,Vía urbana,Colisión lateral,Buen tiempo,Pleno día,1,0,0,1,2019-09-01,via urbana,colision lateral,buen tiempo,pleno dia,zona interurbana,747ad1db126a954a4c23ad79aa71eef66768ece8f664d810921017c812f5acaf,accidentes_raw_dgt,2026-05-09 20:40:11
2019,Alicante,10,Miércoles,10,Zona interurbana,Vía urbana,Animal en calzada,Buen tiempo,Pleno día,1,0,0,1,2019-10-01,via urbana,animal en calzada,buen tiempo,pleno dia,zona interurbana,10f15d8a9d76da2d65de8b9fa59150f6591ae53813e3789272a344edec36a04d,accidentes_raw_dgt,2026-05-09 20:40:11
2019,Alicante,10,Jueves,7,Zona interurbana,Vía urbana,Colisión por alcance,Buen tiempo,Amanecer/Anochecer,3,0,0,3,2019-10-01,via urbana,colision por alcance,buen tiempo,amanecer/anochecer,zona interurbana,825f11613c4f2f302f0680b1939e665db3422e33cd0336067dcd170933bb39d6,accidentes_raw_dgt,2026-05-09 20:40:11
2019,Alicante,2,Martes,16,Travesía,Otro,Colisión frontolateral,Buen tiempo,Pleno día,1,0,0,1,2019-02-01,otro,colision frontolateral,buen tiempo,pleno dia,travesia,33dc0ba86008f4434bd43d050df9022209367483c1eef5280b25da861c32f6ad,accidentes_raw_dgt,2026-05-09 20:40:11
2019,Alicante,8,Sábado,10,Zona interurbana,Vía urbana,Colisión lateral,Buen tiempo,Pleno día,2,0,0,2,2019-08-01,via urbana,colision lateral,buen tiempo,pleno dia,zona interurbana,c0d2b0fe4d7671d1bb90703e6ab60ab14f01998648c45ba1da553283f8ab9dd6,accidentes_raw_dgt,2026-05-09 20:40:11
2019,Alicante,9,Lunes,9,Travesía,Otro,Choque obstáculo lateral,Buen tiempo,Pleno día,1,0,0,1,2019-09-01,otro,choque obstaculo lateral,buen tiempo,pleno dia,travesia,24eb60438e77548b221428f6b624cc20cb5a3b2dcbf80730532d7843bdef85c2,accidentes_raw_dgt,2026-05-09 20:40:11
2019,Alicante,9,Jueves,15,Travesía,Otro,Colisión por alcance,Buen tiempo,Pleno día,1,0,0,1,2019-09-01,otro,colision por alcance,buen tiempo,pleno dia,travesia,451b01cbb6bdda2450c47423173e5655a3760dd6b130d95005d3b14600f21173,accidentes_raw_dgt,2026-05-09 20:40:11
2019,Alicante,12,Viernes,22,Travesía,Otro,Choque obstáculo lateral,Buen tiempo,Noche sin iluminación,1,0,0,1,2019-12-01,otro,choque obstaculo lateral,buen tiempo,noche sin iluminacion,travesia,f6c9da6121853fcc02a24a3bc2d82fba916fe4e73622149627b97605d1dca2ec,accidentes_raw_dgt,2026-05-09 20:40:11
2019,Alicante,4,Martes,13,Zona interurbana,Vía urbana,Animal en calzada,Buen tiempo,Pleno día,1,0,0,1,2019-04-01,via urbana,animal en calzada,buen tiempo,pleno dia,zona interurbana,cdb1cf26ad261fb2b601b814b8385032894c8e9e30fcc437592eb48813a356bd,accidentes_raw_dgt,2026-05-09 20:40:11
2019,Alicante,5,Lunes,19,Zona interurbana,Vía urbana,Caída de motociclista,Buen tiempo,Pleno día,2,0,0,2,2019-05-01,via urbana,caida de motociclista,buen tiempo,pleno dia,zona interurbana,7c1c2745ec0ebb049fcc29e39d81909f3e5a55b88dcb43d491476fe6bb92b196,accidentes_raw_dgt,2026-05-09 20:40:11
2019,Alicante,6,Sábado,11,Zona interurbana,Vía urbana,Caída de motociclista,Buen tiempo,Pleno día,1,0,0,1,2019-06-01,via urbana,caida de motociclista,buen tiempo,pleno dia,zona interurbana,41a5bf614853fabc117ea53b00f106bdebd914dc77bb4152df785b42779dfd4d,accidentes_raw_dgt,2026-05-09 20:40:11
2019,Alicante,9,Sábado,18,Zona interurbana,Vía urbana,Caída de motociclista,Buen tiempo,Pleno día,2,0,0,2,2019-09-01,via urbana,caida de motociclista,buen tiempo,pleno dia,zona interurbana,be322fb77d654ad524a7fc2d66e1dc74dde39e544b5a189ef09f5c8aafc6ab3b,accidentes_raw_dgt,2026-05-09 20:40:11
2019,Alicante,1,Sábado,13,Zona interurbana,Vía urbana,Colisión frontolateral,Buen tiempo,Pleno día,1,0,0,1,2019-01-01,via urbana,colision frontolateral,buen tiempo,pleno dia,zona interurbana,2f11192801e83bf30f01139f338c5cf52a5e5cdf3e5b7c2d3ef5b051e9fd1fde,accidentes_raw_dgt,2026-05-09 20:40:11
2019,Alicante,1,Domingo,17,Travesía,Área de servicio,Colisión frontolateral,Buen tiempo,Pleno día,1,0,0,1,2019-01-01,area de servicio,colision frontolateral,buen tiempo,pleno dia,travesia,434f4d14c1eb231306b51aaa160c021b63670ac6ca67fb8e403f4500983dd1e4,accidentes_raw_dgt,2026-05-09 20:40:11
2019,Alicante,1,Jueves,19,Zona interurbana,Vía convencional,Objeto desprendido,Buen tiempo,Se desconoce,3,0,0,3,2019-01-01,via convencional,objeto desprendido,buen tiempo,se desconoce,zona interurbana,a0bd94956b9f42cde97b95b10ad65bbaf2a8d87142caf819e4c099ed75126d72,accidentes_raw_dgt,2026-05-09 20:40:11
2019,Alicante,2,Viernes,14,Zona interurbana,Vía urbana,Colisión por alcance,Buen tiempo,Pleno día,1,0,0,1,2019-02-01,via urbana,colision por alcance,buen tiempo,pleno dia,zona interurbana,98b1690510df1bf21fe13018a2641b19c7f3871f289b523b395d0bffa3574be9,accidentes_raw_dgt,2026-05-09 20:40:11
2019,Alicante,2,Martes,9,Travesía,Otro,Choque obstáculo lateral,Buen tiempo,Pleno día,1,0,0,1,2019-02-01,otro,choque obstaculo lateral,buen tiempo,pleno dia,travesia,dab2e78c8b5b1d04c09908172faba7f5433f4ab79c95bc73dca3d18695532476,accidentes_raw_dgt,2026-05-09 20:40:11
2019,Alicante,2,Jueves,5,Zona interurbana,Vía urbana,Colisión frontolateral,Buen tiempo,Noche ilum. insuficiente,1,0,0,1,2019-02-01,via urbana,colision frontolateral,buen tiempo,noche ilum. insuficiente,zona interurbana,05758cd3875ad2171484c0026ccbb8adc210cd2d852407e3c7af1b751f35fdd6,accidentes_raw_dgt,2026-05-09 20:40:11
2019,Alicante,2,Domingo,21,Travesía,Otro,Animal en calzada,Buen tiempo,Noche sin iluminación,1,0,0,1,2019-02-01,otro,animal en calzada,buen tiempo,noche sin iluminacion,travesia,bfea46db09aa46da5a6628ecd5d5fba31d9d50417f5178db9727d3676427e2df,accidentes_raw_dgt,2026-05-09 20:40:11
2019,Alicante,2,Domingo,19,Zona interurbana,Vía urbana,Colisión frontolateral,Buen tiempo,Noche sin iluminación,1,0,0,1,2019-02-01,via urbana,colision frontolateral,buen tiempo,noche sin iluminacion,zona interurbana,8b0ae2d638c19a4186bd51d80e80aa645d81af9cbc68bc87048d5a5c43d48a9a,accidentes_raw_dgt,2026-05-09 20:40:11
2019,Alicante,2,Jueves,15,Zona interurbana,Vía urbana,Salida vía izquierda,Buen tiempo,Pleno día,1,0,0,1,2019-02-01,via urbana,salida via izquierda,buen tiempo,pleno dia,zona interurbana,1cdabc0d91a051251a6e7b1bd972f6cb63daafcee9a8256d9e1a1fa8f95ee086,accidentes_raw_dgt,2026-05-09 20:40:11
2019,Alicante,4,Domingo,12,Travesía,Otro,Colisión frontolateral,Buen tiempo,Pleno día,1,0,0,1,2019-04-01,otro,colision frontolateral,buen tiempo,pleno dia,travesia,76d6a8153b2e6ea49abf44111408f3d25887ddab9af37284a025d1b8febac3c1,accidentes_raw_dgt,2026-05-09 20:40:11
2019,Alicante,4,Miércoles,17,Travesía,Otro,Colisión frontolateral,Buen tiempo,Pleno día,2,0,0,2,2019-04-01,otro,colision frontolateral,buen tiempo,pleno dia,travesia,96a1a93e19030f5f93783143ab66d333a0ee8e97c4d2d1eccc7d831d5fb4e2d9,accidentes_raw_dgt,2026-05-09 20:40:11
2019,Alicante,6,Viernes,11,Travesía,Otro,Colisión por alcance,Buen tiempo,Pleno día,2,0,0,2,2019-06-01,otro,colision por alcance,buen tiempo,pleno dia,travesia,6d271914b437b2dacc234633e11fa7fb0f290788ecdd37e370c942c4bced4173,accidentes_raw_dgt,2026-05-09 20:40:11
2019,Alicante,6,Sábado,21,Travesía,Otro,Animal en calzada,Buen tiempo,Noche con iluminación,1,0,0,1,2019-06-01,otro,animal en calzada,buen tiempo,noche con iluminacion,travesia,30606ac3b4fd5c618ac4c6555ce007edd7fe73d75b685320aa56be211ebc4b40,accidentes_raw_dgt,2026-05-09 20:40:11
2019,Alicante,7,Jueves,17,Zona interurbana,Vía urbana,Colisión por alcance,Buen tiempo,Pleno día,2,0,0,2,2019-07-01,via urbana,colision por alcance,buen tiempo,pleno dia,zona interurbana,b1d7183ef649ed5aac1542c4251412d09b4f184da562f85c41cb42dcae430335,accidentes_raw_dgt,2026-05-09 20:40:11
2019,Alicante,7,Jueves,12,Travesía,Otro,Choque obstáculo lateral,Buen tiempo,Pleno día,1,0,0,1,2019-07-01,otro,choque obstaculo lateral,buen tiempo,pleno dia,travesia,04e17d3132b946c48d0a3c708526055e7cd184f9a6b792995f309dd65c4c3d24,accidentes_raw_dgt,2026-05-09 20:40:11
2019,Alicante,7,Jueves,22,Travesía,Otro,Colisión por alcance,Buen tiempo,Noche sin iluminación,1,0,1,0,2019-07-01,otro,colision por alcance,buen tiempo,noche sin iluminacion,travesia,1828526428f17576e6581a0b9c893ecf79c1fdc20f495f0bdc98b559b25b92a6,accidentes_raw_dgt,2026-05-09 20:40:11
2019,Alicante,8,Martes,19,Travesía,Otro,Colisión frontolateral,Buen tiempo,Pleno día,2,0,0,2,2019-08-01,otro,colision frontolateral,buen tiempo,pleno dia,travesia,e85cdd30a33c8fbee53826f320976004b87d7f4660d2b2743cb2d39ce23da5f1,accidentes_raw_dgt,2026-05-09 20:40:11
2019,Alicante,9,Domingo,21,Zona interurbana,Vía convencional,Choque con bordillo,Buen tiempo,Se desconoce,1,0,0,1,2019-09-01,via convencional,choque con bordillo,buen tiempo,se desconoce,zona interurbana,acff539c0d5cd0d34613b4233b7b4bb86cea4d1c505d509eb7bb2c7b54380746,accidentes_raw_dgt,2026-05-09 20:40:11
2019,Alicante,9,Jueves,14,Zona interurbana,Vía urbana,Colisión frontolateral,Buen tiempo,Pleno día,1,0,0,1,2019-09-01,via urbana,colision frontolateral,buen tiempo,pleno dia,zona interurbana,0c75ccaac2812081198391f595e46d12ec1d3cbb0f5aa664e6631f110ae4526c,accidentes_raw_dgt,2026-05-09 20:40:11
2019,Alicante,9,Martes,7,Travesía,Otro,Colisión frontolateral,Buen tiempo,Pleno día,2,0,0,2,2019-09-01,otro,colision frontolateral,buen tiempo,pleno dia,travesia,b24dd49aca341e9341c8a091c32a22de1e44c98430abbb15a3c4db1b4abd8271,accidentes_raw_dgt,2026-05-09 20:40:11
2019,Alicante,9,Miércoles,13,Zona interurbana,Vía convencional,Colisión múltiple,Buen tiempo,Pleno día,3,0,0,3,2019-09-01,via convencional,colision multiple,buen tiempo,pleno dia,zona interurbana,c699c2458106e30074937995e5f3b117ab4f2657618c42c5f4e5c90bb0801787,accidentes_raw_dgt,2026-05-09 20:40:11
2019,Alicante,9,Viernes,22,Travesía,Otro,Colisión lateral,Buen tiempo,Pleno día,1,0,0,1,2019-09-01,otro,colision lateral,buen tiempo,pleno dia,travesia,262fbc155dc2e68571f7fa9487fd573282232b97a1c23dbf398f41fd8eaf175b,accidentes_raw_dgt,2026-05-09 20:40:11
2019,Alicante,10,Martes,23,Zona interurbana,Calle,Colisión frontolateral,Buen tiempo,Se desconoce,2,0,0,2,2019-10-01,calle,colision frontolateral,buen tiempo,se desconoce,zona interurbana,03d0925ac4f53b4b02d68e21baf79305bf3f65ee4c01d3111a6aa04f704efaeb,accidentes_raw_dgt,2026-05-09 20:40:11