AÑO,PROVINCIA,MES,DIA_SEMANA,HORA,ZONA,TIPO_VIA,TIPO_ACCIDENTE,CONDICION_METEO,CONDICION_ILUMINACION,TOTAL_VICTIMAS,FALLECIDOS_24H,HERIDOS_GRAVES,HERIDOS_LEVES,FECHA_ACCIDENTE,TIPO_VIA_NORM,TIPO_ACCIDENTE_NORM,CONDICION_METEO_NORM,CONDICION_ILUMINACION_NORM,ZONA_NORM,ID_ACCIDENTE_HASH,source_id,load_timestamp
2019,Alicante,10,Sábado,17,Zona interurbana,Vía urbana,Se desconoce,Buen tiempo,Pleno día,2,1,1,0,2019-10-01,via urbana,se desconoce,buen tiempo,pleno dia,zona interurbana,ef1d1c50e751f3944e2fc1bbe88c22633b8e85f458919e5fa58c8a2217e44e2d,accidentes_raw_dgt,2026-05-09 20:40:11
2019,Alicante,10,Miércoles,14,Travesía,Otro,Choque obstáculo lateral,Buen tiempo,Pleno día,1,0,0,1,2019-10-01,otro,choque obstaculo lateral,buen tiempo,pleno dia,travesia,1625f9db144171f78dc64afa00f5f5065f176d05eb8f9dcb11f6c8cd3624aaa6,accidentes_raw_dgt,2026-05-09 20:40:11
2019,Alicante,11,Sábado,23,Travesía,Otro,Colisión frontolateral,Buen tiempo,Noche sin iluminación,1,0,0,1,2019-11-01,otro,colision frontolateral,buen tiempo,noche sin iluminacion,travesia,35fcdee9b9238f7ed41a17b8d4dfafdeb0577917191150eb43567d5163a20c72,accidentes_raw_dgt,2026-05-09 20:40:11
2019,Alicante,11,Miércoles,10,Zona interurbana,Vía urbana,Caída de motociclista,Lluvia,Pleno día,1,0,0,1,2019-11-01,via urbana,caida de motociclista,lluvia,pleno dia,zona interurbana,fe4f4f270df95e1b05dc0f682ec6f10ec55644cd1d6cfe07ade1807347020057,accidentes_raw_dgt,2026-05-09 20:40:11
2019,Alicante,12,Lunes,10,Travesía,Otro,Choque obstáculo lateral,Buen tiempo,Pleno día,1,0,0,1,2019-12-01,otro,choque obstaculo lateral,buen tiempo,pleno dia,travesia,6815fd0989fc6aa86c07ab321564405cedf401875868f38d40a4631cac92e599,accidentes_raw_dgt,2026-05-09 20:40:11
2019,Alicante,12,Domingo,13,Zona interurbana,Vía urbana,Colisión frontolateral,Buen tiempo,Pleno día,4,0,0,4,2019-12-01,via urbana,colision frontolateral,buen tiempo,pleno dia,zona interurbana,a6d4096b24cd4ad24ea6decb45c71ff54c207874a2792713c804a9b384d66e35,accidentes_raw_dgt,2026-05-09 20:40:11
2019,Alicante,1,Domingo,23,Zona interurbana,Vía urbana,Atropello a ciclista,Buen tiempo,Se desconoce,4,0,1,3,2019-01-01,via urbana,atropello a ciclista,buen tiempo,se desconoce,zona interurbana,9ed1279b64427e295210c4bb660464639ab50d0d34e3fae67ee5d2b0af33507e,accidentes_raw_dgt,2026-05-09 20:40:11
2019,Alicante,1,Jueves,10,Zona interurbana,Vía urbana,Se desconoce,Buen tiempo,Pleno día,1,0,0,1,2019-01-01,via urbana,se desconoce,buen tiempo,pleno dia,zona interurbana,6b05617279df95e013e10ea339c994ce286d8cce08e7334665ec7ddf0c5890b4,accidentes_raw_dgt,2026-05-09 20:40:11
2019,Alicante,3,Sábado,10,Zona interurbana,Vía urbana,Choque obstáculo mediana,Buen tiempo,Pleno día,1,0,0,1,2019-03-01,via urbana,choque obstaculo mediana,buen tiempo,pleno dia,zona interurbana,507c38cb8a975a83bafbd888501918e3c7f5a9266e21b38e9d5df3e219c1b6d1,accidentes_raw_dgt,2026-05-09 20:40:11
2019,Alicante,7,Sábado,11,Zona interurbana,Vía urbana,Colisión lateral,Buen tiempo,Pleno día,1,0,0,1,2019-07-01,via urbana,colision lateral,buen tiempo,pleno dia,zona interurbana,3404e567432e7e13aec580b6e1475f98773918b4cda4bf155ea428abac8448d9,accidentes_raw_dgt,2026-05-09 20:40:11
2019,Alicante,5,Lunes,18,Zona interurbana,Vía urbana,Atropello a ciclista,Buen tiempo,Pleno día,1,0,0,1,2019-05-01,via urbana,atropello a ciclista,buen tiempo,pleno dia,zona interurbana,314e9ad1bb068ed152ce11d5afe810468471752f8b7bed2594ff3b5c5b471cd9,accidentes_raw_dgt,2026-05-09 20:40:11
2019,Alicante,2,Viernes,12,Zona interurbana,Vía urbana,Otro tipo,Buen tiempo,Pleno día,1,0,0,1,2019-02-01,via urbana,otro tipo,buen tiempo,pleno dia,zona interurbana,d2388821e8b13716fc4a68f4a82fd8c66265b9cccb7b7ed3ad88d3be47418b9c,accidentes_raw_dgt,2026-05-09 20:40:11
2019,Alicante,7,Domingo,9,Zona interurbana,Vía urbana,Se desconoce,Buen tiempo,Pleno día,1,0,0,1,2019-07-01,via urbana,se desconoce,buen tiempo,pleno dia,zona interurbana,c8808071a31da48c328ed639de35c0b2b85a8c99dd9db97e8a50a0f75e26e79c,accidentes_raw_dgt,2026-05-09 20:40:11
2019,Alicante,1,Martes,17,Zona interurbana,Camino vecinal,Colisión múltiple,Buen tiempo,Pleno día,2,0,0,2,2019-01-01,camino vecinal,colision multiple,buen tiempo,pleno dia,zona interurbana,a4fd40788cd53f2f10dc480f6b73edc91a399144f79598869160dcdcb2a1ef58,accidentes_raw_dgt,2026-05-09 20:40:11
2019,Alicante,1,Martes,5,Zona interurbana,Vía urbana,Otro tipo,Buen tiempo,Se desconoce,1,0,0,1,2019-01-01,via urbana,otro tipo,buen tiempo,se desconoce,zona interurbana,9a0d49266d4f5e24ff7841a16012f3edab7668657ccaee858e0d55b97d5b8f9a,accidentes_raw_dgt,2026-05-09 20:40:11
2019,Alicante,1,Jueves,11,Travesía,Otro,Choque obstáculo lateral,Buen tiempo,Pleno día,1,1,0,0,2019-01-01,otro,choque obstaculo lateral,buen tiempo,pleno dia,travesia,9f273a349b224b830bf816e38baa3d1ffd849abc889d57fbba8024042e5693db,accidentes_raw_dgt,2026-05-09 20:40:11
2019,Alicante,3,Miércoles,10,Zona interurbana,Vía urbana,Caída de ocupante,Buen tiempo,Pleno día,1,0,0,1,2019-03-01,via urbana,caida de ocupante,buen tiempo,pleno dia,zona interurbana,ac6a322dba52cae84c865b29066b7d105c66d0bcb27b95493ea85d979eeea9f8,accidentes_raw_dgt,2026-05-09 20:40:11
2019,Alicante,3,Viernes,18,Zona interurbana,Vía urbana,Colisión lateral,Buen tiempo,Pleno día,1,0,0,1,2019-03-01,via urbana,colision lateral,buen tiempo,pleno dia,zona interurbana,e50b6b02d6d90ddc9e3801a28ee7aaee2bb527371de05a11f294dddaac62d513,accidentes_raw_dgt,2026-05-09 20:40:11
2019,Alicante,3,Jueves,16,Zona interurbana,Vía urbana,Animal en calzada,Otro,Pleno día,1,0,1,0,2019-03-01,via urbana,animal en calzada,otro,pleno dia,zona interurbana,eb25198438a00b734ec6328be8da0b1bd787595b91d391f8ee1cfbd79b45d9dc,accidentes_raw_dgt,2026-05-09 20:40:11
2019,Alicante,3,Jueves,15,Zona interurbana,Vía convencional,Colisión frontolateral,Buen tiempo,Pleno día,1,0,0,1,2019-03-01,via convencional,colision frontolateral,buen tiempo,pleno dia,zona interurbana,4cbe3d6227abe57a801103c2e9a89c1ccf51eadc32c13cf5f8ebd6776fbe3671,accidentes_raw_dgt,2026-05-09 20:40:11
2019,Alicante,5,Domingo,22,Zona interurbana,Vía convencional,Colisión por alcance,Buen tiempo,Se desconoce,2,0,0,2,2019-05-01,via convencional,colision por alcance,buen tiempo,se desconoce,zona interurbana,eb861137efa007794537eac2795cec2e0f87e13e4dce41b303cc45d9794761ed,accidentes_raw_dgt,2026-05-09 20:40:11
2019,Alicante,5,Miércoles,14,Travesía,Otro,Objeto desprendido,Buen tiempo,Pleno día,1,0,0,1,2019-05-01,otro,objeto desprendido,buen tiempo,pleno dia,travesia,753f5d07dca28b828839860b6b691eab72f41a9cc3d9cb176ef35355207494a0,accidentes_raw_dgt,2026-05-09 20:40:11
2019,Alicante,6,Jueves,11,Zona interurbana,Vía urbana,Caída de motociclista,Buen tiempo,Pleno día,1,0,0,1,2019-06-01,via urbana,caida de motociclista,buen tiempo,pleno dia,zona interurbana,678fdf60f09b909c910d95cc43d81a4660221760f463ffa63e2e51be41bc78b8,accidentes_raw_dgt,2026-05-09 20:40:11
2019,Alicante,6,Lunes,16,Zona interurbana,Vía convencional,Colisión por alcance,Buen tiempo,Pleno día,2,0,0,2,2019-06-01,via convencional,colision por alcance,buen tiempo,pleno dia,zona interurbana,075441be7bc0cdbab6093bbaed5a25b2c06d33c6a2e74601cbea17d0885a75a5,accidentes_raw_dgt,2026-05-09 20:40:11
2019,Alicante,6,Viernes,15,Zona interurbana,Vía convencional,Colisión frontolateral,Buen tiempo,Pleno día,2,0,0,2,2019-06-01,via convencional,colision frontolateral,buen tiempo,pleno dia,zona interurbana,7880bd7fe5dcd28637eade8b95c42961c6c5acffa946a671aa0f01ce3a3479bc,accidentes_raw_dgt,2026-05-09 20:40:11
2019,Alicante,7,Martes,19,Zona interurbana,Vía urbana,Colisión frontolateral,Buen tiempo,Pleno día,1,0,0,1,2019-07-01,via urbana,colision frontolateral,buen tiempo,pleno dia,zona interurbana,d50d8ea32d67d5120a3ac346c952311f36c8375979ba7ac7a2c6fd0ca7388357,accidentes_raw_dgt,2026-05-09 20:40:11
2019,Alicante,7,Martes,13,Travesía,Otro,Choque obstáculo lateral,Buen tiempo,Pleno día,1,0,0,1,2019-07-01,otro,choque obstaculo lateral,buen tiempo,pleno dia,travesia,8fe1029e7f1d04f6911b35ca2c666d172ed8605550e8c55397bedd823b4e6686,accidentes_raw_dgt,2026-05-09 20:40:11
2019,Alicante,7,Domingo,8,Travesía,Otro,Colisión por alcance,Buen tiempo,Pleno día,2,0,0,2,2019-07-01,otro,colision por alcance,buen tiempo,pleno dia,travesia,475368189e17ec9d12cf43f873f4ba27b0ae9ccbd0686fa21f5caad89ed57243,accidentes_raw_dgt,2026-05-09 20:40:11
2019,Alicante,8,Viernes,23,Travesía,Otro,Animal en calzada,Buen tiempo,Noche sin iluminación,1,0,0,1,2019-08-01,otro,animal en calzada,buen tiempo,noche sin iluminacion,travesia,3d80025e7a475d44dde1e42dff074c1b20338642e295bbd9160cfb03918223c0,accidentes_raw_dgt,2026-05-09 20:40:11
2019,Alicante,7,Lunes,15,Travesía,Otro,Colisión lateral,Buen tiempo,Pleno día,1,0,0,1,2019-07-01,otro,colision lateral,buen tiempo,pleno dia,travesia,79672d8381e02513e7941767f7692499eeb7af280a71861235c3efda72ee621a,accidentes_raw_dgt,2026-05-09 20:40:11
2019,Alicante,7,Miércoles,18,Travesía,Otro,Choque obstáculo lateral,Buen tiempo,Pleno día,1,0,0,1,2019-07-01,otro,choque obstaculo lateral,buen tiempo,pleno dia,travesia,457f8d7fda944376d24150aa30ed8ceee9490ca8ae4f8a7c3a413c9d524362d2,accidentes_raw_dgt,2026-05-09 20:40:11
2019,Alicante,7,Domingo,12,Travesía,Otro,Choque obstáculo lateral,Buen tiempo,Pleno día,1,0,0,1,2019-07-01,otro,choque obstaculo lateral,buen tiempo,pleno dia,travesia,d8d0dedb4bda4204d0b5e1de5a990a00757aa2d80a64bd97699cad3b3d6fbf5f,accidentes_raw_dgt,2026-05-09 20:40:11
2019,Alicante,8,Sábado,12,Zona interurbana,Vía urbana,Se desconoce,Buen tiempo,Pleno día,1,0,1,0,2019-08-01,via urbana,se desconoce,buen tiempo,pleno dia,zona interurbana,61697e084834fbb2cf9ceebd945b42bdb9cd7cee96e0eaeb3df2232ccc95a3f0,accidentes_raw_dgt,2026-05-09 20:40:11
2019,Alicante,8,Viernes,4,Travesía,Otro,Colisión frontolateral,Buen tiempo,Noche con iluminación,1,0,1,0,2019-08-01,otro,colision frontolateral,buen tiempo,noche con iluminacion,travesia,72b31cf00f8ab3967588fad4a32f61622cb162f9b7bc2cfbefba2084557370fa,accidentes_raw_dgt,2026-05-09 20:40:11
2019,Alicante,9,Miércoles,19,Zona interurbana,Vía convencional,Colisión frontolateral,Buen tiempo,Pleno día,1,0,1,0,2019-09-01,via convencional,colision frontolateral,buen tiempo,pleno dia,zona interurbana,85a0c85aa37d722d218815ffa1a4df4d00d0e461ff6eeea904446de2a77d3775,accidentes_raw_dgt,2026-05-09 20:40:11
2019,Alicante,9,Sábado,10,Zona interurbana,Vía urbana,Colisión lateral,Buen tiempo,Pleno día,2,0,1,1,2019-09-01,via urbana,colision lateral,buen tiempo,pleno dia,zona interurbana,a142832c40dfb4b20f965c8822574a41a333be125fa010660b52494061515d6b,accidentes_raw_dgt,2026-05-09 20:40:11
2019,Alicante,9,Viernes,12,Travesía,Otro,Colisión lateral,Buen tiempo,Pleno día,2,0,0,2,2019-09-01,otro,colision lateral,buen tiempo,pleno dia,travesia,14a79e51478113c60d5d3e5685ff10e54819d85a40ac78144900460c52504e11,accidentes_raw_dgt,2026-05-09 20:40:11
2019,Alicante,10,Martes,20,Travesía,Otro,Objeto desprendido,Buen tiempo,Pleno día,1,0,0,1,2019-10-01,otro,objeto desprendido,buen tiempo,pleno dia,travesia,c1fcf0cd023db10f29d0b27e7f7b649185b04e8ba26f7a6061751add2126a4e6,accidentes_raw_dgt,2026-05-09 20:40:11
2019,Alicante,10,Sábado,17,Travesía,Otro,Objeto desprendido,Buen tiempo,Pleno día,1,0,1,0,2019-10-01,otro,objeto desprendido,buen tiempo,pleno dia,travesia,d6245609f9341aa8022554b45ea8d79e90ea83184e739b82629204b7dc6f9e80,accidentes_raw_dgt,2026-05-09 20:40:11
2019,Alicante,10,Sábado,14,Travesía,Otro,Animal en calzada,Buen tiempo,Pleno día,1,0,0,1,2019-10-01,otro,animal en calzada,buen tiempo,pleno dia,travesia,ad7a0849a3ea6e33c1e2b80f50222f76eda56d2f4c154039a99aa710f7800c7b,accidentes_raw_dgt,2026-05-09 20:40:11
2019,Alicante,10,Sábado,23,Travesía,Otro,Colisión lateral,Buen tiempo,Noche sin iluminación,1,0,0,1,2019-10-01,otro,colision lateral,buen tiempo,noche sin iluminacion,travesia,ced6f3c05e1dfefa8455fa60aacdd2d76ffd79489b631c2dbde22a74e927544b,accidentes_raw_dgt,2026-05-09 20:40:11
2019,Alicante,10,Viernes,10,Travesía,Otro,Colisión por alcance,Otro,Pleno día,1,0,0,1,2019-10-01,otro,colision por alcance,otro,pleno dia,travesia,61dd8cd59a50bdaed10cc8e749b8015d81ed830a990e255186f44dae78d6d20f,accidentes_raw_dgt,2026-05-09 20:40:11
2019,Alicante,10,Domingo,7,Zona interurbana,Vía urbana,Colisión lateral,Buen tiempo,Amanecer/Anochecer,1,0,0,1,2019-10-01,via urbana,colision lateral,buen tiempo,amanecer/anochecer,zona interurbana,d62e1c294189ca3ba7b7190070222ef984b851ddaf4ca5c731dd4743ccafd997,accidentes_raw_dgt,2026-05-09 20:40:11
2019,Alicante,10,Martes,6,Travesía,Otro,Choque obstáculo lateral,Buen tiempo,Noche con iluminación,1,0,0,1,2019-10-01,otro,choque obstaculo lateral,buen tiempo,noche con iluminacion,travesia,88831144c552348a6df88c9a58528323d0e5f7da3c67e213fffdba38ac6617c1,accidentes_raw_dgt,2026-05-09 20:40:11
2019,Alicante,10,Miércoles,8,Travesía,Otro,Choque obstáculo lateral,Buen tiempo,Pleno día,1,0,0,1,2019-10-01,otro,choque obstaculo lateral,buen tiempo,pleno dia,travesia,873bd5e10c28890f7e74992f89b9aa26c6e465eba5a80a80c9117b8cc1f4988b,accidentes_raw_dgt,2026-05-09 20:40:11
2019,Alicante,10,Martes,8,Travesía,Otro,Choque obstáculo lateral,Buen tiempo,Pleno día,1,0,0,1,2019-10-01,otro,choque obstaculo lateral,buen tiempo,pleno dia,travesia,cca40327e9be88bde3e98b71aa9f73ce6b44b211460cd920b2869e82118c8510,accidentes_raw_dgt,2026-05-09 20:40:11
2019,Alicante,11,Viernes,0,Zona interurbana,Vía urbana,Otro tipo,Buen tiempo,Se desconoce,2,0,0,2,2019-11-01,via urbana,otro tipo,buen tiempo,se desconoce,zona interurbana,cf1881df6f1696c2e59b47fde80838e66a1dfad4f0e993fd686186333456b55d,accidentes_raw_dgt,2026-05-09 20:40:11
2019,Alicante,10,Lunes,16,Travesía,Otro,Choque obstáculo lateral,Buen tiempo,Pleno día,1,0,0,1,2019-10-01,otro,choque obstaculo lateral,buen tiempo,pleno dia,travesia,7c22d3cf6ebfa987c5fcd920a272f0079cdde214a504d7bb2efc3df4a7473b72,accidentes_raw_dgt,2026-05-09 20:40:11
2019,Alicante,11,Martes,12,Travesía,Otro,Choque obstáculo lateral,Buen tiempo,Pleno día,1,0,1,0,2019-11-01,otro,choque obstaculo lateral,buen tiempo,pleno dia,travesia,f8b4b02c09cf57b204db3b18aa763786d15574ec0824e3639e10afc54990d52d,accidentes_raw_dgt,2026-05-09 20:40:11
2019,Alicante,12,Miércoles,8,Travesía,Otro,Choque obstáculo lateral,Buen tiempo,Pleno día,1,0,0,1,2019-12-01,otro,choque obstaculo lateral,buen tiempo,pleno dia,travesia,79b50932dd998d253b85c9f6c57c6b64dac3e58c252c38720af0ee7a249860eb,accidentes_raw_dgt,2026-05-09 20:40:11
2019,Alicante,10,Jueves,16,Travesía,Otro,Choque obstáculo lateral,Buen tiempo,Pleno día,1,0,0,1,2019-10-01,otro,choque obstaculo lateral,buen tiempo,pleno dia,travesia,63a4b69673ba773821ec0128843e7c2a0c7089c4f85f2b05d088cae62bf64647,accidentes_raw_dgt,2026-05-09 20:40:11
2019,Alicante,12,Lunes,20,Travesía,Otro,Colisión frontolateral,Buen tiempo,Noche con iluminación,1,0,0,1,2019-12-01,otro,colision frontolateral,buen tiempo,noche con iluminacion,travesia,e49ec846db7527df7ff483009fe61700e6435072c8c5b551ab08f0a13fc45a07,accidentes_raw_dgt,2026-05-09 20:40:11
2019,Alicante,12,Lunes,10,Travesía,Otro,Animal en calzada,Lluvia,Pleno día,1,0,0,1,2019-12-01,otro,animal en calzada,lluvia,pleno dia,travesia,22f2c8e194c42ba73d51ad92a2b9a45fa29d012298b17e816190347af802e38f,accidentes_raw_dgt,2026-05-09 20:40:11
2019,Alicante,1,Domingo,18,Zona interurbana,Vía urbana,Caída de motociclista,Lluvia,Amanecer/Anochecer,1,0,0,1,2019-01-01,via urbana,caida de motociclista,lluvia,amanecer/anochecer,zona interurbana,fe7c8b93142029fafe356ee9b2dd09766e6f266141c0c1340b262fc633c16e10,accidentes_raw_dgt,2026-05-09 20:40:11
2019,Alicante,2,Miércoles,22,Zona interurbana,Vía urbana,Choque con bordillo,Buen tiempo,Se desconoce,1,0,0,1,2019-02-01,via urbana,choque con bordillo,buen tiempo,se desconoce,zona interurbana,ee0d6c299a70d20946c1bbdba7e14d32bd0214291344fad4a050f42e0197f866,accidentes_raw_dgt,2026-05-09 20:40:11
2019,Alicante,6,Domingo,10,Zona interurbana,Vía urbana,Animal en calzada,Lluvia,Pleno día,1,0,0,1,2019-06-01,via urbana,animal en calzada,lluvia,pleno dia,zona interurbana,da28719dfd9c4da81f433d4788c3d0e10d97180018d0e32b65c967c45661597e,accidentes_raw_dgt,2026-05-09 20:40:11
2019,Alicante,11,Domingo,15,Zona interurbana,Vía urbana,Otro tipo,Buen tiempo,Pleno día,1,0,1,0,2019-11-01,via urbana,otro tipo,buen tiempo,pleno dia,zona interurbana,672eb365c903a3b4558bebaef687a5fe9599d87f8b816558d88cc53f5ae9e577,accidentes_raw_dgt,2026-05-09 20:40:11
2019,Alicante,2,Miércoles,11,Zona interurbana,Vía urbana,Colisión lateral,Buen tiempo,Pleno día,1,0,0,1,2019-02-01,via urbana,colision lateral,buen tiempo,pleno dia,zona interurbana,a78000a5ff6306012360b87357e93eb04bd07897b57167459c36c70215ddbc70,accidentes_raw_dgt,2026-05-09 20:40:11
2019,Alicante,2,Domingo,19,Zona interurbana,Vía urbana,Colisión por alcance,Buen tiempo,Noche sin iluminación,1,0,0,1,2019-02-01,via urbana,colision por alcance,buen tiempo,noche sin iluminacion,zona interurbana,9589262630f775d921bef5b9b2d36fa40f91afebeab887deefc721ff3c787b2c,accidentes_raw_dgt,2026-05-09 20:40:11
2019,Alicante,1,Lunes,13,Travesía,Otro,Choque obstáculo lateral,Otro,Pleno día,1,0,0,1,2019-01-01,otro,choque obstaculo lateral,otro,pleno dia,travesia,0ee372d0a0fefa4431a2ece96d93c06f3984e8cb8d2d1c4003549e975413bf3e,accidentes_raw_dgt,2026-05-09 20:40:11
2019,Alicante,1,Sábado,0,Travesía,Otro,Colisión lateral,Buen tiempo,Noche sin iluminación,2,0,1,1,2019-01-01,otro,colision lateral,buen tiempo,noche sin iluminacion,travesia,4fc779c823fd37ed61f66a6ae37c9dffed06bb295f3902d2fa9d485aa741a724,accidentes_raw_dgt,2026-05-09 20:40:11
2019,Alicante,2,Domingo,11,Travesía,Otro,Colisión frontolateral,Otro,Pleno día,1,0,1,0,2019-02-01,otro,colision frontolateral,otro,pleno dia,travesia,1a09807a0e6928a66d91025ed5fccd713c9edb101e72a1bbcb8a01cd9a53cb51,accidentes_raw_dgt,2026-05-09 20:40:11
2019,Alicante,2,Jueves,18,Travesía,Otro,Colisión frontolateral,Otro,Noche con iluminación,1,0,1,0,2019-02-01,otro,colision frontolateral,otro,noche con iluminacion,travesia,a7bb4472588958f3423a69c1f8a922f367b3c8e5fc72dfc8d138f646943d0b44,accidentes_raw_dgt,2026-05-09 20:40:11
2019,Alicante,2,Lunes,12,Travesía,Otro,Choque obstáculo lateral,Otro,Pleno día,1,0,0,1,2019-02-01,otro,choque obstaculo lateral,otro,pleno dia,travesia,eb5af8ab99b55cda453f70e6a92c7b327bd8f76f49ff6a81c18ade4c26690057,accidentes_raw_dgt,2026-05-09 20:40:11
2019,Alicante,3,Viernes,12,Travesía,Otro,Colisión lateral,Buen tiempo,Pleno día,2,0,1,0,2019-03-01,otro,colision lateral,buen tiempo,pleno dia,travesia,ce63ea0809ce32335dd7692f1e0c6c5f3493f2b4039351662b60741de4d9a9bd,accidentes_raw_dgt,2026-05-09 20:40:11
2019,Alicante,3,Miércoles,17,Zona interurbana,Vía urbana,Colisión por alcance,Buen tiempo,Pleno día,1,0,0,1,2019-03-01,via urbana,colision por alcance,buen tiempo,pleno dia,zona interurbana,2c674047a16dab9c7804377dc82649ca3b5bb40cdb51e8d13dbee804d08e5a57,accidentes_raw_dgt,2026-05-09 20:40:11
2019,Alicante,3,Sábado,11,Zona interurbana,Vía urbana,Colisión por alcance,Buen tiempo,Pleno día,1,0,0,1,2019-03-01,via urbana,colision por alcance,buen tiempo,pleno dia,zona interurbana,934aa7be7deafc0053e92ce49a029603af8bc0b3891322a10b7ab730dfaa5d63,accidentes_raw_dgt,2026-05-09 20:40:11
2019,Alicante,4,Miércoles,12,Zona interurbana,Vía urbana,Colisión por alcance,Buen tiempo,Pleno día,2,0,0,2,2019-04-01,via urbana,colision por alcance,buen tiempo,pleno dia,zona interurbana,36c321ad538f860b4e2875eb52eb13c962ecbbf15e87ea091460277d622bda55,accidentes_raw_dgt,2026-05-09 20:40:11
2019,Alicante,4,Sábado,11,Zona interurbana,Autopista,Caída de ocupante,Nieve,Pleno día,1,0,0,1,2019-04-01,autopista,caida de ocupante,nieve,pleno dia,zona interurbana,728edd27debc2046984906dbbb117313dab4a9f0e9b47c7f0411e236c175f3e2,accidentes_raw_dgt,2026-05-09 20:40:11
2019,Alicante,4,Martes,16,Zona interurbana,Vía urbana,Se desconoce,Buen tiempo,Pleno día,2,0,0,2,2019-04-01,via urbana,se desconoce,buen tiempo,pleno dia,zona interurbana,8ffe8459134b46975acd31df13a50c51dbeacf1c19a764bf1602ba7c73ffc8fb,accidentes_raw_dgt,2026-05-09 20:40:11
2019,Alicante,5,Miércoles,12,Zona interurbana,Vía urbana,Colisión por alcance,Buen tiempo,Pleno día,1,0,0,1,2019-05-01,via urbana,colision por alcance,buen tiempo,pleno dia,zona interurbana,99cf15ac55d54e0c14d9bd363e3037ab63daebbc68b836ea162fcd22f86c4545,accidentes_raw_dgt,2026-05-09 20:40:11
2019,Alicante,6,Lunes,12,Zona interurbana,Vía urbana,Colisión múltiple,Buen tiempo,Pleno día,3,0,0,3,2019-06-01,via urbana,colision multiple,buen tiempo,pleno dia,zona interurbana,6a7a1382f96c6e92e5ae50aedcbf77cc1e51c0750c363cb9bbcd4d558421b2c4,accidentes_raw_dgt,2026-05-09 20:40:11
2019,Alicante,4,Jueves,23,Travesía,Otro,Animal en calzada,Otro,Noche sin iluminación,1,0,0,1,2019-04-01,otro,animal en calzada,otro,noche sin iluminacion,travesia,3c98b2624d1e35016ae337691a8bdce3a639429a9cb34c3e7e04842ab8904b64,accidentes_raw_dgt,2026-05-09 20:40:11
2019,Alicante,5,Jueves,14,Travesía,Otro,Colisión frontolateral,Otro,Pleno día,1,0,0,1,2019-05-01,otro,colision frontolateral,otro,pleno dia,travesia,4aa7c75f447a322ef6880842b631cdc226eeb598cac8f5c813dc06f7d6a58493,accidentes_raw_dgt,2026-05-09 20:40:11
2019,Alicante,5,Jueves,17,Travesía,Otro,Colisión frontolateral,Otro,Pleno día,1,0,0,1,2019-05-01,otro,colision frontolateral,otro,pleno dia,travesia,2e1943902be93c87e9d31812ef887d1f91326e8e8e3779feb59c48c9ac32f58f,accidentes_raw_dgt,2026-05-09 20:40:11
2019,Alicante,4,Lunes,14,Travesía,Otro,Animal en calzada,Otro,Pleno día,1,0,0,1,2019-04-01,otro,animal en calzada,otro,pleno dia,travesia,2ced184d8477465987593807f31360e94b539aa41f515e0a973179f881663698,accidentes_raw_dgt,2026-05-09 20:40:11
2019,Alicante,6,Sábado,15,Travesía,Otro,Colisión frontolateral,Otro,Noche sin iluminación,1,0,0,1,2019-06-01,otro,colision frontolateral,otro,noche sin iluminacion,travesia,0be057bbbdf7ad63295016eb691feb8c21a364073267de09503eb04b954d522e,accidentes_raw_dgt,2026-05-09 20:40:11
2019,Alicante,7,Lunes,12,Zona interurbana,Vía urbana,Colisión lateral,Buen tiempo,Pleno día,2,0,0,2,2019-07-01,via urbana,colision lateral,buen tiempo,pleno dia,zona interurbana,c211bfaf37edd35f533f3433432157d182ba23fb70ab9a2101cff4b9ad7d6262,accidentes_raw_dgt,2026-05-09 20:40:11
2019,Alicante,5,Lunes,15,Travesía,Otro,Caída de motociclista,Otro,Pleno día,1,0,0,1,2019-05-01,otro,caida de motociclista,otro,pleno dia,travesia,52a6932d5af5316a815af86286167054ebaa4953cedb82e3914a5c126e363ea4,accidentes_raw_dgt,2026-05-09 20:40:11
2019,Alicante,5,Jueves,13,Travesía,Otro,Choque obstáculo lateral,Otro,Pleno día,1,0,0,1,2019-05-01,otro,choque obstaculo lateral,otro,pleno dia,travesia,4f6ceab7942f9dece7e2e0e93b2c16560d49670d2187082af547c3c3dd339460,accidentes_raw_dgt,2026-05-09 20:40:11
2019,Alicante,6,Lunes,18,Travesía,Otro,Caída de motociclista,Otro,Pleno día,1,0,0,1,2019-06-01,otro,caida de motociclista,otro,pleno dia,travesia,19e639b064bdb018bbf393d0f751e6e5e9934f70394531ab3f617513529ab264,accidentes_raw_dgt,2026-05-09 20:40:11
2019,Alicante,7,Miércoles,13,Zona interurbana,Vía urbana,Colisión por alcance,Buen tiempo,Pleno día,1,0,0,1,2019-07-01,via urbana,colision por alcance,buen tiempo,pleno dia,zona interurbana,aa4b0d224e2b4488c6e3c5692347a0e26322d86dcb6bf01ab937e15d76037ee4,accidentes_raw_dgt,2026-05-09 20:40:11