AÑO,PROVINCIA,MES,DIA_SEMANA,HORA,ZONA,TIPO_VIA,TIPO_ACCIDENTE,CONDICION_METEO,CONDICION_ILUMINACION,TOTAL_VICTIMAS,FALLECIDOS_24H,HERIDOS_GRAVES,HERIDOS_LEVES,FECHA_ACCIDENTE,TIPO_VIA_NORM,TIPO_ACCIDENTE_NORM,CONDICION_METEO_NORM,CONDICION_ILUMINACION_NORM,ZONA_NORM,ID_ACCIDENTE_HASH,source_id,load_timestamp
2019,Alicante,7,Miércoles,11,Travesía,Otro,Choque obstáculo lateral,Otro,Pleno día,1,0,0,1,2019-07-01,otro,choque obstaculo lateral,otro,pleno dia,travesia,1ba71fb680250d97f045b4653bb05eda11362e5ef7f69538b6261af1a84112e8,accidentes_raw_dgt,2026-05-09 20:40:11
2019,Alicante,7,Sábado,13,Travesía,Otro,Atropello a peatón,Otro,Pleno día,1,0,0,1,2019-07-01,otro,atropello a peaton,otro,pleno dia,travesia,e0687aaa8689e196e8bdb1d9c79b6c7631067a21246bfd7372657e6cd129bd72,accidentes_raw_dgt,2026-05-09 20:40:11
2019,Alicante,7,Martes,20,Travesía,Otro,Animal en calzada,Otro,Pleno día,1,0,0,1,2019-07-01,otro,animal en calzada,otro,pleno dia,travesia,c91bcd9ef3968cb25256c8fda7b1613b6a3cdddb7513ca818193e4daac5f00e1,accidentes_raw_dgt,2026-05-09 20:40:11
2019,Alicante,7,Viernes,14,Travesía,Otro,Colisión por alcance,Otro,Pleno día,1,0,0,1,2019-07-01,otro,colision por alcance,otro,pleno dia,travesia,777abbc10ddf9551bf53465886aa3735ae687df3c3bacf08fa300736422cc21b,accidentes_raw_dgt,2026-05-09 20:40:11
2019,Alicante,8,Lunes,22,Zona interurbana,Vía urbana,Colisión frontal,Buen tiempo,Noche sin iluminación,3,0,0,3,2019-08-01,via urbana,colision frontal,buen tiempo,noche sin iluminacion,zona interurbana,b18a5e6b50af3073f63ac2c4ee837a7c9c6f06d7e91206980283509e3738311e,accidentes_raw_dgt,2026-05-09 20:40:11
2019,Alicante,8,Miércoles,19,Zona interurbana,Vía urbana,Colisión por alcance,Buen tiempo,Pleno día,1,0,0,1,2019-08-01,via urbana,colision por alcance,buen tiempo,pleno dia,zona interurbana,65956c853f2004feac38894fe8ed6a047126f326cb8312e56acb9839633c296b,accidentes_raw_dgt,2026-05-09 20:40:11
2019,Alicante,8,Jueves,20,Zona interurbana,Vía urbana,Colisión múltiple,Buen tiempo,Pleno día,3,0,0,3,2019-08-01,via urbana,colision multiple,buen tiempo,pleno dia,zona interurbana,3e8a9277880d70c221555c905f34a64cadc4b16a37a6df3027ebb3429af51273,accidentes_raw_dgt,2026-05-09 20:40:11
2019,Alicante,8,Viernes,6,Travesía,Otro urbano,Animal en calzada,Otro,Noche sin iluminación,1,0,0,1,2019-08-01,otro urbano,animal en calzada,otro,noche sin iluminacion,travesia,23765fc69c4e3c0b10f5d15471dc2245e2a19af16b513f85aa4b83bd033762a4,accidentes_raw_dgt,2026-05-09 20:40:11
2019,Alicante,8,Miércoles,11,Travesía,Otro,Colisión por alcance,Otro,Pleno día,1,0,0,1,2019-08-01,otro,colision por alcance,otro,pleno dia,travesia,6793f9e266ce6ebd9638631553a952f0f83f9efdc955dd6789aae0bd332fbef2,accidentes_raw_dgt,2026-05-09 20:40:11
2019,Alicante,8,Jueves,1,Travesía,Otro,Colisión frontolateral,Otro,Noche sin iluminación,3,0,0,3,2019-08-01,otro,colision frontolateral,otro,noche sin iluminacion,travesia,f23173a6a69eac1857d393cfaf33d57a6caaeecb1783e75ba3050042f6f2902c,accidentes_raw_dgt,2026-05-09 20:40:11
2019,Alicante,8,Miércoles,9,Travesía,Otro,Animal en calzada,Lluvia,Pleno día,1,0,0,1,2019-08-01,otro,animal en calzada,lluvia,pleno dia,travesia,9e645831962e43f534afd60532328ba5ab4eefea6e73765fb9690e4d395112f8,accidentes_raw_dgt,2026-05-09 20:40:11
2019,Alicante,9,Martes,17,Zona interurbana,Vía urbana,Colisión frontolateral,Buen tiempo,Pleno día,1,0,0,1,2019-09-01,via urbana,colision frontolateral,buen tiempo,pleno dia,zona interurbana,3ab57220f1f10003766dcc4180152b17dfdd7cc9f4e5ccdecf5b48df25ae861c,accidentes_raw_dgt,2026-05-09 20:40:11
2019,Alicante,8,Martes,15,Travesía,Otro,Choque obstáculo calzada,Otro,Pleno día,1,0,0,1,2019-08-01,otro,choque obstaculo calzada,otro,pleno dia,travesia,ed909f604792d384d8f13dfed4f7069e6a7bf73330c2990e0c98ff468c7e4318,accidentes_raw_dgt,2026-05-09 20:40:11
2019,Alicante,9,Sábado,3,Zona interurbana,Vía urbana,Choque obstáculo lateral,Lluvia,Se desconoce,1,1,0,0,2019-09-01,via urbana,choque obstaculo lateral,lluvia,se desconoce,zona interurbana,8b7a686fc953486da2536de59c04f7bd7e9ff208031dbba0af5c50e8a1ffa680,accidentes_raw_dgt,2026-05-09 20:40:11
2019,Alicante,8,Lunes,20,Travesía,Otro,Colisión lateral,Otro,Amanecer/Anochecer,1,0,1,0,2019-08-01,otro,colision lateral,otro,amanecer/anochecer,travesia,4e67c080014aa6295aa33d2b53b259e94999e7cbffd9da06bf4c6b45e593d877,accidentes_raw_dgt,2026-05-09 20:40:11
2019,Alicante,8,Lunes,14,Travesía,Otro,Animal en calzada,Otro,Pleno día,1,0,0,1,2019-08-01,otro,animal en calzada,otro,pleno dia,travesia,75cc7328c04ad5dec3d926c00f6282d5057b3c594e4f8dd8a6a0a14910fa53b9,accidentes_raw_dgt,2026-05-09 20:40:11
2019,Alicante,8,Miércoles,8,Travesía,Otro,Choque obstáculo lateral,Otro,Pleno día,1,0,1,0,2019-08-01,otro,choque obstaculo lateral,otro,pleno dia,travesia,59fefacb1435ff4908656175f679fedcde6eb4a8363d766f72c5218f36adff25,accidentes_raw_dgt,2026-05-09 20:40:11
2019,Alicante,9,Sábado,14,Zona interurbana,Vía urbana,Colisión por alcance,Buen tiempo,Pleno día,2,0,0,2,2019-09-01,via urbana,colision por alcance,buen tiempo,pleno dia,zona interurbana,33afd662cef42c907d9b9a13796a954d5c9675b7c6f1e3f92914df1bcc79929b,accidentes_raw_dgt,2026-05-09 20:40:11
2019,Alicante,9,Jueves,0,Travesía,Otro,Se desconoce,Otro,Noche sin iluminación,1,0,0,1,2019-09-01,otro,se desconoce,otro,noche sin iluminacion,travesia,1e7f898d348376614dae4b5ffb06d84970a7824dfe15b1263ab0ec5c7e07f810,accidentes_raw_dgt,2026-05-09 20:40:11
2019,Alicante,10,Martes,16,Zona interurbana,Vía urbana,Animal en calzada,Buen tiempo,Pleno día,2,0,0,2,2019-10-01,via urbana,animal en calzada,buen tiempo,pleno dia,zona interurbana,202fd26f14d638ccb40975163ab0f05e1acf24c04a30708b3e0abfac44301a08,accidentes_raw_dgt,2026-05-09 20:40:11
2019,Alicante,10,Viernes,21,Travesía,Otro,Choque obstáculo lateral,Otro,Noche sin iluminación,1,0,0,1,2019-10-01,otro,choque obstaculo lateral,otro,noche sin iluminacion,travesia,871c39835ef093344f55dd14dab9ea54a4e9d76ee5634fff2e2be7d8e656be8b,accidentes_raw_dgt,2026-05-09 20:40:11
2019,Alicante,10,Jueves,12,Travesía,Otro,Colisión frontolateral,Otro,Pleno día,1,0,0,1,2019-10-01,otro,colision frontolateral,otro,pleno dia,travesia,501883ce12ba20f1a0de68f06b8c84d3d148124f66ab52a38359317c78ab82b1,accidentes_raw_dgt,2026-05-09 20:40:11
2019,Alicante,10,Domingo,13,Travesía,Otro,Colisión lateral,Otro,Pleno día,1,0,0,1,2019-10-01,otro,colision lateral,otro,pleno dia,travesia,204a58c3197e64dddee2cc8a2a7da48736a1a413c1ab6e3c111fc1966e4a9cc3,accidentes_raw_dgt,2026-05-09 20:40:11
2019,Alicante,10,Viernes,19,Travesía,Otro,Colisión frontolateral,Otro,Noche sin iluminación,1,0,0,1,2019-10-01,otro,colision frontolateral,otro,noche sin iluminacion,travesia,f7ec2d2600c8998dd7ebb42ea2367dc30615d60a801383b4bcb319a5b376e6aa,accidentes_raw_dgt,2026-05-09 20:40:11
2019,Alicante,11,Jueves,7,Zona interurbana,Vía urbana,Colisión frontolateral,Buen tiempo,Noche con iluminación,1,0,0,1,2019-11-01,via urbana,colision frontolateral,buen tiempo,noche con iluminacion,zona interurbana,3b7dc65fd47fd991000d80844da28c8699590a1cb30988782bcade39f67794c1,accidentes_raw_dgt,2026-05-09 20:40:11
2019,Alicante,11,Miércoles,13,Zona interurbana,Vía urbana,Colisión por alcance,Granizo,Pleno día,1,0,0,1,2019-11-01,via urbana,colision por alcance,granizo,pleno dia,zona interurbana,c17ec73c802422d05391fbab496c2c62d81885e435bb313ce4446e049809c675,accidentes_raw_dgt,2026-05-09 20:40:11
2019,Alicante,11,Miércoles,14,Travesía,Otro,Choque obstáculo lateral,Buen tiempo,Pleno día,1,0,0,1,2019-11-01,otro,choque obstaculo lateral,buen tiempo,pleno dia,travesia,255afccc8af662895c98741bca9fb9213750b070d1c945061edf6bb6270b6a74,accidentes_raw_dgt,2026-05-09 20:40:11
2019,Alicante,11,Lunes,11,Travesía,Otro,Choque obstáculo lateral,Buen tiempo,Pleno día,1,0,1,0,2019-11-01,otro,choque obstaculo lateral,buen tiempo,pleno dia,travesia,92151fcdb9a5905261ba18d5eede8cac7e3d3af47cf782cc9930ec2f2fb9f731,accidentes_raw_dgt,2026-05-09 20:40:11
2019,Alicante,11,Viernes,15,Zona interurbana,Vía urbana,Colisión por alcance,Buen tiempo,Pleno día,1,0,0,1,2019-11-01,via urbana,colision por alcance,buen tiempo,pleno dia,zona interurbana,40e485376e18da6155ec4830fe17aed6d527b3e7fc0d4bb69f7f70c9c9b52f9e,accidentes_raw_dgt,2026-05-09 20:40:11
2019,Alicante,11,Viernes,19,Zona interurbana,Vía urbana,Colisión por alcance,Buen tiempo,Se desconoce,1,0,0,1,2019-11-01,via urbana,colision por alcance,buen tiempo,se desconoce,zona interurbana,5cd5e6e836cd713686bd2ccc7a5626db84a4c23f91d00d02eaed726d9f5b7220,accidentes_raw_dgt,2026-05-09 20:40:11
2019,Alicante,12,Viernes,17,Zona interurbana,Vía urbana,Colisión por alcance,Buen tiempo,Se desconoce,1,0,0,1,2019-12-01,via urbana,colision por alcance,buen tiempo,se desconoce,zona interurbana,4eec6372c08f87b2f48f9c96ea4cb155b0cbd3f883a494067b72c3d1df4e586e,accidentes_raw_dgt,2026-05-09 20:40:11
2019,Alicante,12,Viernes,19,Zona interurbana,Vía urbana,Colisión frontal,Buen tiempo,Noche sin iluminación,1,0,0,1,2019-12-01,via urbana,colision frontal,buen tiempo,noche sin iluminacion,zona interurbana,169564455792f758d4dd0e6770c9dd5b9bd905d182e6cffa022e46d950e111f5,accidentes_raw_dgt,2026-05-09 20:40:11
2019,Alicante,12,Jueves,18,Zona interurbana,Vía urbana,Colisión múltiple,Buen tiempo,Noche sin iluminación,1,0,0,1,2019-12-01,via urbana,colision multiple,buen tiempo,noche sin iluminacion,zona interurbana,9b5173ba93decd311f89513f060a62d652ec189f0dba97db15c2a07787add029,accidentes_raw_dgt,2026-05-09 20:40:11
2019,Alicante,12,Viernes,10,Travesía,Otro,Colisión frontolateral,Otro,Pleno día,1,0,1,0,2019-12-01,otro,colision frontolateral,otro,pleno dia,travesia,d9521266ec778d833335b0e9d88bd2886bcebb34855da505d02a9db68083c315,accidentes_raw_dgt,2026-05-09 20:40:11
2019,Alicante,12,Viernes,12,Zona interurbana,Vía urbana,Colisión frontolateral,Lluvia,Pleno día,1,0,0,1,2019-12-01,via urbana,colision frontolateral,lluvia,pleno dia,zona interurbana,d2675c478d2ce4c97607e30cb39181e633d9b51caf7d3443180fae3911119297,accidentes_raw_dgt,2026-05-09 20:40:11
2019,Alicante,12,Martes,18,Zona interurbana,Vía urbana,Colisión frontal,Buen tiempo,Se desconoce,1,0,1,0,2019-12-01,via urbana,colision frontal,buen tiempo,se desconoce,zona interurbana,bd54ada8575526cdb3df5a6357270fdf7a4bfd6f8ed8ece88cba7e9342e6b02f,accidentes_raw_dgt,2026-05-09 20:40:11
2019,Alicante,3,Miércoles,15,Zona interurbana,Autovía,Colisión por alcance,Buen tiempo,Pleno día,2,0,0,2,2019-03-01,autovia,colision por alcance,buen tiempo,pleno dia,zona interurbana,2f1223e9508a4ab284d9aca6d6fc249f89999346fcf1d72fcfb3c15e3e9160ca,accidentes_raw_dgt,2026-05-09 20:40:11
2019,Alicante,5,Lunes,15,Zona interurbana,Vía urbana,Colisión por alcance,Buen tiempo,Pleno día,1,0,0,1,2019-05-01,via urbana,colision por alcance,buen tiempo,pleno dia,zona interurbana,8c9eda5bb5b3cc9e59a1a08e2ff9dba0ec84f1372f45056454e4ef18bc799263,accidentes_raw_dgt,2026-05-09 20:40:11
2019,Alicante,5,Jueves,18,Zona interurbana,Vía urbana,Colisión por alcance,Buen tiempo,Pleno día,3,0,0,3,2019-05-01,via urbana,colision por alcance,buen tiempo,pleno dia,zona interurbana,930f7bc78c2340e72256603f3c3803be6664b9b05bd91a996fcec771c6917dab,accidentes_raw_dgt,2026-05-09 20:40:11
2019,Alicante,8,Viernes,10,Zona interurbana,Vía urbana,Colisión frontal,Buen tiempo,Pleno día,4,0,1,4,2019-08-01,via urbana,colision frontal,buen tiempo,pleno dia,zona interurbana,cf085574d40ec95878b1c306a9b2432d86c05f888edc87a39708000b3e58b5f9,accidentes_raw_dgt,2026-05-09 20:40:11
2019,Alicante,1,Lunes,13,Zona interurbana,Vía convencional,Animal en calzada,Buen tiempo,Pleno día,1,0,0,1,2019-01-01,via convencional,animal en calzada,buen tiempo,pleno dia,zona interurbana,51f8abfe29ee9821b5727c55d31f9d29115fe91b610751d7c9586b91178c0119,accidentes_raw_dgt,2026-05-09 20:40:11
2019,Alicante,1,Viernes,5,Zona interurbana,Vía convencional,Otro tipo,Buen tiempo,Se desconoce,1,0,0,1,2019-01-01,via convencional,otro tipo,buen tiempo,se desconoce,zona interurbana,3f613c55d57f95fe15534edae86f6863d67d2df186eb6721cd70a037b03cf7fa,accidentes_raw_dgt,2026-05-09 20:40:11
2019,Alicante,1,Miércoles,11,Travesía,Otro,Choque obstáculo lateral,Buen tiempo,Pleno día,1,1,0,0,2019-01-01,otro,choque obstaculo lateral,buen tiempo,pleno dia,travesia,a0b5322afbb030d7c3c8d9c63bc05fb133843d319efaab413da4180d2b4a9c3d,accidentes_raw_dgt,2026-05-09 20:40:11
2019,Alicante,1,Martes,15,Travesía,Otro,Colisión frontolateral,Buen tiempo,Pleno día,1,0,1,0,2019-01-01,otro,colision frontolateral,buen tiempo,pleno dia,travesia,952795a1f797b5c993ffc5d074b143eae036a499995e63f3dbd56ebba4e4ed9d,accidentes_raw_dgt,2026-05-09 20:40:11
2019,Alicante,1,Viernes,14,Zona interurbana,Vía convencional,Colisión por alcance,Buen tiempo,Pleno día,2,0,0,2,2019-01-01,via convencional,colision por alcance,buen tiempo,pleno dia,zona interurbana,af9d0081b52194599da95da40beac2d1ce5a2ae2d894c6c08dca0c019277aa10,accidentes_raw_dgt,2026-05-09 20:40:11
2019,Alicante,1,Martes,9,Travesía,Otro,Choque obstáculo lateral,Lluvia,Pleno día,1,1,0,0,2019-01-01,otro,choque obstaculo lateral,lluvia,pleno dia,travesia,1421ff611c93756cbc675b827ea48e8f3ef11c922b0046364c3953d936ef9394,accidentes_raw_dgt,2026-05-09 20:40:11
2019,Alicante,1,Lunes,7,Zona interurbana,Vía convencional,Colisión por alcance,Buen tiempo,Pleno día,2,0,0,2,2019-01-01,via convencional,colision por alcance,buen tiempo,pleno dia,zona interurbana,d8d1713dc581651249161742dc814f8368913d77c6f08041e79df7a7fe73750b,accidentes_raw_dgt,2026-05-09 20:40:11
2019,Alicante,2,Sábado,20,Zona interurbana,Vía convencional,Otro tipo,Buen tiempo,Noche sin iluminación,1,0,0,1,2019-02-01,via convencional,otro tipo,buen tiempo,noche sin iluminacion,zona interurbana,8a80efe71cf1850186e908f82e61d9ab6c95889d927cfec59d69f8aeb0673ff7,accidentes_raw_dgt,2026-05-09 20:40:11
2019,Alicante,1,Jueves,18,Zona interurbana,Vía convencional,Colisión por alcance,Buen tiempo,Se desconoce,2,0,0,2,2019-01-01,via convencional,colision por alcance,buen tiempo,se desconoce,zona interurbana,5f93230da0c7dd66d20f077670a66d392521ea71d58a65f684063f4670c5b606,accidentes_raw_dgt,2026-05-09 20:40:11
2019,Alicante,1,Martes,18,Zona interurbana,Vía convencional,Colisión por alcance,Buen tiempo,Pleno día,1,0,0,1,2019-01-01,via convencional,colision por alcance,buen tiempo,pleno dia,zona interurbana,cdc8d01a6ab341278ee6ff93d8c004b649197d74da145b63c10f93d442553239,accidentes_raw_dgt,2026-05-09 20:40:11
2019,Alicante,1,Martes,15,Travesía,Otro,Colisión frontolateral,Buen tiempo,Pleno día,1,0,1,0,2019-01-01,otro,colision frontolateral,buen tiempo,pleno dia,travesia,74ed65a2d22a92c3b4e013c15ff04d05f4954cd792d9cf56e9a0edad5f914ed1,accidentes_raw_dgt,2026-05-09 20:40:11
2019,Alicante,1,Lunes,17,Travesía,Otro,Colisión frontolateral,Buen tiempo,Pleno día,2,0,1,1,2019-01-01,otro,colision frontolateral,buen tiempo,pleno dia,travesia,700e459d870c9802b496fcedf6d1c3e17a40da3a445af376c0da4a8baeda95a3,accidentes_raw_dgt,2026-05-09 20:40:11
2019,Alicante,1,Martes,12,Travesía,Otro,Se desconoce,Buen tiempo,Pleno día,1,0,1,0,2019-01-01,otro,se desconoce,buen tiempo,pleno dia,travesia,f804663d999ea924c7537b90bfa97955add47fb390ccda98c0ea1647c48b782c,accidentes_raw_dgt,2026-05-09 20:40:11
2019,Alicante,1,Sábado,3,Travesía,Otro,Se desconoce,Buen tiempo,Noche sin iluminación,1,0,1,0,2019-01-01,otro,se desconoce,buen tiempo,noche sin iluminacion,travesia,e38ab7d3075c2759fc079276fc667a4963ffe572d0ae90b4b87fb7813872b540,accidentes_raw_dgt,2026-05-09 20:40:11
2019,Alicante,2,Martes,15,Zona interurbana,Vía convencional,Salida vía izquierda,Buen tiempo,Pleno día,1,0,0,1,2019-02-01,via convencional,salida via izquierda,buen tiempo,pleno dia,zona interurbana,0359bdb72fa3b3ee4adfdfcae848c4b5cc3c889bc7400efc01051e9cd67482c9,accidentes_raw_dgt,2026-05-09 20:40:11
2019,Alicante,2,Lunes,9,Zona interurbana,Vía convencional,Colisión por alcance,Buen tiempo,Pleno día,1,0,0,1,2019-02-01,via convencional,colision por alcance,buen tiempo,pleno dia,zona interurbana,13b4088f2f9a285e22128d11a6a1a31254baf9936c0192655d32a7f563aad503,accidentes_raw_dgt,2026-05-09 20:40:11
2019,Alicante,2,Lunes,14,Zona interurbana,Vía convencional,Colisión por alcance,Buen tiempo,Pleno día,1,0,0,1,2019-02-01,via convencional,colision por alcance,buen tiempo,pleno dia,zona interurbana,8e93e440f571a4dac32666ef784bf1f995b3ae865d4a9aa0ef981a44442ad39e,accidentes_raw_dgt,2026-05-09 20:40:11
2019,Alicante,2,Lunes,9,Zona interurbana,Vía convencional,Colisión por alcance,Buen tiempo,Pleno día,1,0,0,1,2019-02-01,via convencional,colision por alcance,buen tiempo,pleno dia,zona interurbana,9988ad0a66f28fe8611962a06a593865c1c8103f87258e3920986fc2a4ba2d0e,accidentes_raw_dgt,2026-05-09 20:40:11
2019,Alicante,2,Lunes,7,Zona interurbana,Vía convencional,Colisión por alcance,Buen tiempo,Amanecer/Anochecer,1,0,0,1,2019-02-01,via convencional,colision por alcance,buen tiempo,amanecer/anochecer,zona interurbana,285f8e7a01879313d77ac190b169982649e54303f4dcbff74f5d298f8f830aa2,accidentes_raw_dgt,2026-05-09 20:40:11
2019,Alicante,2,Viernes,16,Zona interurbana,Vía convencional,Colisión múltiple,Buen tiempo,Pleno día,2,0,0,2,2019-02-01,via convencional,colision multiple,buen tiempo,pleno dia,zona interurbana,5325302e6a26d6e63f0988d276af9e618e78b9997c4893665618fce15af0fff3,accidentes_raw_dgt,2026-05-09 20:40:11
2019,Alicante,2,Viernes,12,Zona interurbana,Vía convencional,Colisión por alcance,Buen tiempo,Pleno día,1,0,0,1,2019-02-01,via convencional,colision por alcance,buen tiempo,pleno dia,zona interurbana,fd242859bc18ffbb2b9c9bdb1ce4d1c464a3c6b43a47cac42cab7b6030152143,accidentes_raw_dgt,2026-05-09 20:40:11
2019,Alicante,2,Lunes,20,Zona interurbana,Vía convencional,Colisión por alcance,Lluvia,Se desconoce,1,0,0,1,2019-02-01,via convencional,colision por alcance,lluvia,se desconoce,zona interurbana,6641020d80e10877a13a973592d934165de39c743f7a2fa3f78a8671ac2e9c5b,accidentes_raw_dgt,2026-05-09 20:40:11
2019,Alicante,2,Martes,5,Zona interurbana,Vía convencional,Colisión por alcance,Buen tiempo,Noche ilum. insuficiente,2,1,0,1,2019-02-01,via convencional,colision por alcance,buen tiempo,noche ilum. insuficiente,zona interurbana,baa8a6ecbabbd5ef02222983b23a4fbd1d794cca68c767e07d67af2d9f46e737,accidentes_raw_dgt,2026-05-09 20:40:11
2019,Alicante,2,Lunes,16,Zona interurbana,Vía convencional,Colisión múltiple,Buen tiempo,Pleno día,4,0,0,4,2019-02-01,via convencional,colision multiple,buen tiempo,pleno dia,zona interurbana,12fb7b835d44de11f6cf0365cd49304d84fe9eeff9fdcd21330f8fcd9eaf1b81,accidentes_raw_dgt,2026-05-09 20:40:11
2019,Alicante,2,Martes,7,Zona interurbana,Vía convencional,Colisión por alcance,Buen tiempo,Pleno día,1,0,0,1,2019-02-01,via convencional,colision por alcance,buen tiempo,pleno dia,zona interurbana,5932cb6e58ef979208d6b91fcfe0d47c278d78451e733978d35f8b14db88c305,accidentes_raw_dgt,2026-05-09 20:40:11
2019,Alicante,3,Martes,20,Zona interurbana,Ramal/enlace,Salida vía izquierda,Buen tiempo,Se desconoce,1,0,0,1,2019-03-01,ramal/enlace,salida via izquierda,buen tiempo,se desconoce,zona interurbana,9ce04d52aafc9d73c0cedd9a3b5841faa7fa2f28ea1b88068c910ef66c610be1,accidentes_raw_dgt,2026-05-09 20:40:11
2019,Alicante,3,Miércoles,13,Zona interurbana,Vía convencional,Animal en calzada,Buen tiempo,Pleno día,1,0,0,1,2019-03-01,via convencional,animal en calzada,buen tiempo,pleno dia,zona interurbana,0e3c49c57d4ab2494d55671730c356687405eb0423cc755381399f2f431b2d16,accidentes_raw_dgt,2026-05-09 20:40:11
2019,Alicante,3,Sábado,15,Zona interurbana,Vía convencional,Colisión frontolateral,Buen tiempo,Pleno día,1,0,0,1,2019-03-01,via convencional,colision frontolateral,buen tiempo,pleno dia,zona interurbana,802e03bf48898b84a3c55bc1269b5f40ced6477f8bb6e64a7341f78c97d524e4,accidentes_raw_dgt,2026-05-09 20:40:11
2019,Alicante,3,Miércoles,9,Zona interurbana,Vía convencional,Colisión lateral,Buen tiempo,Pleno día,1,0,0,1,2019-03-01,via convencional,colision lateral,buen tiempo,pleno dia,zona interurbana,7c72066c66a912cdecd0cc67136a49d31796193a26486d6b494b131c0d24f058,accidentes_raw_dgt,2026-05-09 20:40:11
2019,Alicante,3,Jueves,8,Zona interurbana,Vía convencional,Colisión por alcance,Buen tiempo,Pleno día,1,0,0,1,2019-03-01,via convencional,colision por alcance,buen tiempo,pleno dia,zona interurbana,e41d64db5703c6440b5c714d57251a845bc0bd241480b41a4e7fd3e052f85a82,accidentes_raw_dgt,2026-05-09 20:40:11
2019,Alicante,3,Viernes,14,Zona interurbana,Vía convencional,Animal en calzada,Buen tiempo,Pleno día,1,0,0,1,2019-03-01,via convencional,animal en calzada,buen tiempo,pleno dia,zona interurbana,a56b54e1c5933a83f79b301d0c08410a5617b868120da82b7e088c42a5a8025c,accidentes_raw_dgt,2026-05-09 20:40:11
2019,Alicante,3,Jueves,18,Zona interurbana,Vía convencional,Colisión por alcance,Buen tiempo,Pleno día,2,0,0,2,2019-03-01,via convencional,colision por alcance,buen tiempo,pleno dia,zona interurbana,489ca219174f91b48313c188f4c998a5413fcaf194a93fd8e24bbdb178dc8f3a,accidentes_raw_dgt,2026-05-09 20:40:11
2019,Alicante,3,Sábado,6,Zona interurbana,Camino vecinal,Se desconoce,Granizo,Amanecer/Anochecer,2,0,0,2,2019-03-01,camino vecinal,se desconoce,granizo,amanecer/anochecer,zona interurbana,262b06d105e1c865b01c3e0a74291cdae511ef15f3d456e14fbe2dffd9efe3b9,accidentes_raw_dgt,2026-05-09 20:40:11
2019,Alicante,3,Domingo,8,Zona interurbana,Vía convencional,Se desconoce,Granizo,Pleno día,2,0,0,2,2019-03-01,via convencional,se desconoce,granizo,pleno dia,zona interurbana,90bbc9533a02213ffdf4d1482eb9b97a5feec554e33641d40f24777cbe5a8341,accidentes_raw_dgt,2026-05-09 20:40:11
2019,Alicante,3,Jueves,14,Zona interurbana,Vía convencional,Colisión por alcance,Buen tiempo,Pleno día,1,0,0,1,2019-03-01,via convencional,colision por alcance,buen tiempo,pleno dia,zona interurbana,56a3a46a3ba4fb713fd3e4cfa51a5748abf2c2662fefb0b5a863fdef34572255,accidentes_raw_dgt,2026-05-09 20:40:11
2019,Alicante,4,Viernes,21,Zona interurbana,Camino vecinal,Colisión por alcance,Lluvia,Noche ilum. insuficiente,1,0,0,1,2019-04-01,camino vecinal,colision por alcance,lluvia,noche ilum. insuficiente,zona interurbana,a486e5558353d0a590552ea5e0b0ccf4d2d9a1ea92d319b2ad5711e9ba10deb1,accidentes_raw_dgt,2026-05-09 20:40:11
2019,Alicante,4,Miércoles,11,Zona interurbana,Vía convencional,Colisión por alcance,Buen tiempo,Pleno día,3,0,0,3,2019-04-01,via convencional,colision por alcance,buen tiempo,pleno dia,zona interurbana,4332cd76590d0efdbd8d067acf531546da2ba0a67c538440e7defedbea48d1dc,accidentes_raw_dgt,2026-05-09 20:40:11
2019,Alicante,2,Domingo,17,Travesía,Otro,Colisión por alcance,Buen tiempo,Pleno día,2,0,1,0,2019-02-01,otro,colision por alcance,buen tiempo,pleno dia,travesia,00f6112fe58387958ef80793a34746429f40c97fe7b51d6a576705acbf8fc6af,accidentes_raw_dgt,2026-05-09 20:40:11
2019,Alicante,2,Viernes,20,Travesía,Otro,Colisión frontolateral,Buen tiempo,Pleno día,1,0,1,0,2019-02-01,otro,colision frontolateral,buen tiempo,pleno dia,travesia,8e614d39a1f1279958da1c9f7e8df51db4aabca8cc3a3e84f8c3dc5f88e1fcfb,accidentes_raw_dgt,2026-05-09 20:40:11
2019,Alicante,3,Viernes,20,Travesía,Otro,Colisión frontolateral,Buen tiempo,Noche con iluminación,1,0,1,0,2019-03-01,otro,colision frontolateral,buen tiempo,noche con iluminacion,travesia,a64332fe1df1790cb79d428bf5b5767ddd589b1cca825cb1b9eb30f7e9aaee03,accidentes_raw_dgt,2026-05-09 20:40:11
2019,Alicante,2,Viernes,22,Travesía,Otro,Colisión frontolateral,Buen tiempo,Noche sin iluminación,1,0,1,0,2019-02-01,otro,colision frontolateral,buen tiempo,noche sin iluminacion,travesia,dc4bc886825c446e6ae02d4d0c6a8787af0395079effcc3afc0f8bdc40cbd161,accidentes_raw_dgt,2026-05-09 20:40:11