AÑO,PROVINCIA,MES,DIA_SEMANA,HORA,ZONA,TIPO_VIA,TIPO_ACCIDENTE,CONDICION_METEO,CONDICION_ILUMINACION,TOTAL_VICTIMAS,FALLECIDOS_24H,HERIDOS_GRAVES,HERIDOS_LEVES,FECHA_ACCIDENTE,TIPO_VIA_NORM,TIPO_ACCIDENTE_NORM,CONDICION_METEO_NORM,CONDICION_ILUMINACION_NORM,ZONA_NORM,ID_ACCIDENTE_HASH,source_id,load_timestamp
2019,Alicante,4,Jueves,12,Zona interurbana,Vía urbana,Colisión frontolateral,Buen tiempo,Pleno día,2,0,0,2,2019-04-01,via urbana,colision frontolateral,buen tiempo,pleno dia,zona interurbana,a991b89eed28e85e1a7238873f922290111049668c680a68ee15201a611219b3,accidentes_raw_dgt,2026-05-09 20:40:11
2019,Alicante,3,Viernes,4,Travesía,Otro,Animal en calzada,Buen tiempo,Noche sin iluminación,1,0,1,0,2019-03-01,otro,animal en calzada,buen tiempo,noche sin iluminacion,travesia,3b1fba0616142d348bd8a977e3aa3d65dab82a5ac11ed16d4e22ff5460458d4f,accidentes_raw_dgt,2026-05-09 20:40:11
2019,Alicante,3,Sábado,17,Travesía,Otro,Caída de motociclista,Buen tiempo,Pleno día,1,0,1,0,2019-03-01,otro,caida de motociclista,buen tiempo,pleno dia,travesia,fb4a379d44cab4220bc5596ffa1f8eb9b169ba098d2c98b20d110881c92b9299,accidentes_raw_dgt,2026-05-09 20:40:11
2019,Alicante,3,Viernes,19,Travesía,Otro,Colisión por alcance,Buen tiempo,Noche con iluminación,1,0,1,0,2019-03-01,otro,colision por alcance,buen tiempo,noche con iluminacion,travesia,811af1590c16fc90322a05ab17f360939077f63f674a7e0550732a36050444ac,accidentes_raw_dgt,2026-05-09 20:40:11
2019,Alicante,3,Viernes,23,Travesía,Otro,Colisión por alcance,Buen tiempo,Noche sin iluminación,1,0,1,0,2019-03-01,otro,colision por alcance,buen tiempo,noche sin iluminacion,travesia,c30c6b3aa67e27e0fc807ab96edfc920b08ca09b98c942a593aff6c832957388,accidentes_raw_dgt,2026-05-09 20:40:11
2019,Alicante,3,Lunes,23,Travesía,Otro,Colisión frontolateral,Buen tiempo,Noche sin iluminación,1,0,1,0,2019-03-01,otro,colision frontolateral,buen tiempo,noche sin iluminacion,travesia,464d14ace7f6789141d13ed416c881c1bfcf7203c5965e332edda90f171815a7,accidentes_raw_dgt,2026-05-09 20:40:11
2019,Alicante,3,Domingo,10,Travesía,Otro,Colisión frontolateral,Buen tiempo,Pleno día,1,0,1,0,2019-03-01,otro,colision frontolateral,buen tiempo,pleno dia,travesia,54e87e2783378cd883fb63bea84e2ecdd554b0646ec35a12d6df365ccad3c68b,accidentes_raw_dgt,2026-05-09 20:40:11
2019,Alicante,3,Miércoles,20,Travesía,Otro,Choque obstáculo lateral,Buen tiempo,Noche sin iluminación,1,0,1,0,2019-03-01,otro,choque obstaculo lateral,buen tiempo,noche sin iluminacion,travesia,274dfec6e079fb08d6b5771537c54d3f0bd36c64c3d8ed0a4e6d2f201b489274,accidentes_raw_dgt,2026-05-09 20:40:11
2019,Alicante,3,Domingo,15,Travesía,Travesía,Colisión frontal,Buen tiempo,Pleno día,1,0,1,0,2019-03-01,travesia,colision frontal,buen tiempo,pleno dia,travesia,6b5f40c09215713a1fa83ea2de2adcae17e605b8958a2d7379e15b561687ee8f,accidentes_raw_dgt,2026-05-09 20:40:11
2019,Alicante,4,Domingo,21,Travesía,Otro,Colisión frontolateral,Buen tiempo,Noche sin iluminación,1,0,1,0,2019-04-01,otro,colision frontolateral,buen tiempo,noche sin iluminacion,travesia,d982309a461bcc3abc15489201522c8df291aa650eabafda45f1583b03992cc9,accidentes_raw_dgt,2026-05-09 20:40:11
2019,Alicante,3,Lunes,19,Travesía,Otro,Choque obstáculo lateral,Buen tiempo,Noche con iluminación,1,0,1,0,2019-03-01,otro,choque obstaculo lateral,buen tiempo,noche con iluminacion,travesia,2c1f3f5f6523af84fde4af934caa1126ae6bcebacd36e397fbddcb8a620c1d73,accidentes_raw_dgt,2026-05-09 20:40:11
2019,Alicante,4,Jueves,12,Zona interurbana,Vía convencional,Colisión lateral,Buen tiempo,Pleno día,2,0,0,2,2019-04-01,via convencional,colision lateral,buen tiempo,pleno dia,zona interurbana,d42ed19c0d9c80706b6b1484a97cf8634285d753ac079717aee8c651d54caef3,accidentes_raw_dgt,2026-05-09 20:40:11
2019,Alicante,4,Miércoles,17,Zona interurbana,Vía convencional,Animal en calzada,Buen tiempo,Pleno día,1,0,0,1,2019-04-01,via convencional,animal en calzada,buen tiempo,pleno dia,zona interurbana,3849ba084da2faea804918e8d999dee3f176659e0216debcccbf86b3e6b769ef,accidentes_raw_dgt,2026-05-09 20:40:11
2019,Alicante,4,Martes,20,Travesía,Otro,Choque obstáculo lateral,Lluvia,Noche sin iluminación,1,0,1,0,2019-04-01,otro,choque obstaculo lateral,lluvia,noche sin iluminacion,travesia,80f8ded29fa2e922c77b98ea8f229ef65ea360daf5d1c9e05b80539e502b5621,accidentes_raw_dgt,2026-05-09 20:40:11
2019,Alicante,4,Lunes,14,Zona interurbana,Vía convencional,Atropello a ciclista,Granizo,Pleno día,1,0,0,1,2019-04-01,via convencional,atropello a ciclista,granizo,pleno dia,zona interurbana,255ac64f2a9b374157860601793d61491c561c29df77cbf82d4610772937ce59,accidentes_raw_dgt,2026-05-09 20:40:11
2019,Alicante,4,Lunes,14,Zona interurbana,Vía convencional,Colisión por alcance,Buen tiempo,Pleno día,1,0,0,1,2019-04-01,via convencional,colision por alcance,buen tiempo,pleno dia,zona interurbana,3d5d2c29712a98874d8142d229c4bce09158a144ad376c2b68411f240878a9c1,accidentes_raw_dgt,2026-05-09 20:40:11
2019,Alicante,4,Sábado,8,Zona interurbana,Vía convencional,Atropello a ciclista,Granizo,Pleno día,1,0,0,1,2019-04-01,via convencional,atropello a ciclista,granizo,pleno dia,zona interurbana,aef662afc24b5edde66ab972975340f6a9963eb766261e6bf43ffdb56b6d2a3f,accidentes_raw_dgt,2026-05-09 20:40:11
2019,Alicante,4,Lunes,14,Zona interurbana,Vía convencional,Colisión múltiple,Buen tiempo,Pleno día,1,0,0,1,2019-04-01,via convencional,colision multiple,buen tiempo,pleno dia,zona interurbana,639c1115ab55d139a527f7bb3c1a9570bb60cf96f5c13bdaa41a7264a74e748f,accidentes_raw_dgt,2026-05-09 20:40:11
2019,Alicante,4,Martes,14,Zona interurbana,Vía convencional,Colisión por alcance,Buen tiempo,Pleno día,1,0,0,1,2019-04-01,via convencional,colision por alcance,buen tiempo,pleno dia,zona interurbana,70fa656aa0391eb9ef7bbc9c7e6771ec09e7d5d7ab1fcbbde2480d21263ee79a,accidentes_raw_dgt,2026-05-09 20:40:11
2019,Alicante,5,Martes,13,Zona interurbana,Vía convencional,Colisión por alcance,Buen tiempo,Pleno día,1,0,0,1,2019-05-01,via convencional,colision por alcance,buen tiempo,pleno dia,zona interurbana,5c06e46c5e47cfacad16ce1e37f17c09fdbc7072c567613e0b8112173f688a65,accidentes_raw_dgt,2026-05-09 20:40:11
2019,Alicante,5,Viernes,8,Zona interurbana,Vía convencional,Colisión múltiple,Buen tiempo,Pleno día,2,0,0,2,2019-05-01,via convencional,colision multiple,buen tiempo,pleno dia,zona interurbana,01a0123885ebec5b37b52ddc058c20d052525c654b69e7b7bfd5feb291428bba,accidentes_raw_dgt,2026-05-09 20:40:11
2019,Alicante,1,Martes,12,Travesía,Otro,Choque obstáculo lateral,Buen tiempo,Pleno día,3,0,1,1,2019-01-01,otro,choque obstaculo lateral,buen tiempo,pleno dia,travesia,c8c817e80216ce409c63a735acdd40fb7b023bcca6e87b6fc89973c447b6a858,accidentes_raw_dgt,2026-05-09 20:40:11
2019,Alicante,1,Miércoles,10,Travesía,Otro,Choque obstáculo lateral,Buen tiempo,Pleno día,1,0,1,0,2019-01-01,otro,choque obstaculo lateral,buen tiempo,pleno dia,travesia,914c948388ae30bdb0179a2f7bc91836d6af004171af735188fc1b69c286c864,accidentes_raw_dgt,2026-05-09 20:40:11
2019,Alicante,1,Domingo,5,Travesía,Otro,Colisión frontal,Buen tiempo,Pleno día,3,0,0,3,2019-01-01,otro,colision frontal,buen tiempo,pleno dia,travesia,2e355fa8b5acf07f4608835401e5a6144f25c505ed9d2689f93df6382890a79c,accidentes_raw_dgt,2026-05-09 20:40:11
2019,Alicante,5,Miércoles,21,Travesía,Otro,Choque obstáculo lateral,Buen tiempo,Noche sin iluminación,1,0,1,0,2019-05-01,otro,choque obstaculo lateral,buen tiempo,noche sin iluminacion,travesia,3f46bdea034f311a14efe877f5592d84a7a6c97d9b917be3f55573311e6cdda7,accidentes_raw_dgt,2026-05-09 20:40:11
2019,Alicante,5,Lunes,14,Travesía,Otro,Colisión frontolateral,Buen tiempo,Pleno día,1,0,1,0,2019-05-01,otro,colision frontolateral,buen tiempo,pleno dia,travesia,c6f5c46f9e3daea6422f8a004682a5de6f6946a9cfb7c9ca71912c029a981403,accidentes_raw_dgt,2026-05-09 20:40:11
2019,Alicante,5,Viernes,18,Zona interurbana,Vía convencional,Colisión por alcance,Buen tiempo,Pleno día,1,0,0,1,2019-05-01,via convencional,colision por alcance,buen tiempo,pleno dia,zona interurbana,6eac02c2ab0dc9378be87d5d04da2fd747fb2340dad4977778defee7da92f657,accidentes_raw_dgt,2026-05-09 20:40:11
2019,Alicante,5,Sábado,21,Zona interurbana,Vía convencional,Colisión por alcance,Buen tiempo,Noche sin iluminación,2,0,0,2,2019-05-01,via convencional,colision por alcance,buen tiempo,noche sin iluminacion,zona interurbana,94ad0b5b0a595b7eaafe9404423d8543b4c8dcfc26ecffb44f6894e2ca46fd61,accidentes_raw_dgt,2026-05-09 20:40:11
2019,Alicante,5,Lunes,11,Zona interurbana,Vía urbana,Atropello a ciclista,Buen tiempo,Pleno día,1,0,0,1,2019-05-01,via urbana,atropello a ciclista,buen tiempo,pleno dia,zona interurbana,d0ab864a17dbd8a07dda05a58ac74d4894b7effa8e1c5152d71adf8b1fcc24d9,accidentes_raw_dgt,2026-05-09 20:40:11
2019,Alicante,5,Lunes,10,Zona interurbana,Vía convencional,Colisión lateral,Buen tiempo,Pleno día,1,0,0,1,2019-05-01,via convencional,colision lateral,buen tiempo,pleno dia,zona interurbana,5933b0b35d5d3e9d1f53fbce9403c5672883fff37f429dc1da26881f47415672,accidentes_raw_dgt,2026-05-09 20:40:11
2019,Alicante,5,Lunes,7,Zona interurbana,Vía convencional,Colisión múltiple,Buen tiempo,Pleno día,2,0,0,2,2019-05-01,via convencional,colision multiple,buen tiempo,pleno dia,zona interurbana,7fb754c0792cd52ea50ce5b8862b5b07d5aa45af1dbfa035f862cdb6a030b427,accidentes_raw_dgt,2026-05-09 20:40:11
2019,Alicante,6,Lunes,10,Zona interurbana,Vía convencional,Colisión por alcance,Buen tiempo,Pleno día,1,0,0,1,2019-06-01,via convencional,colision por alcance,buen tiempo,pleno dia,zona interurbana,66a7a5807c3130eb2d0b55bb260a6a001b9d62095c94b753cbb215f3e4f099e1,accidentes_raw_dgt,2026-05-09 20:40:11
2019,Alicante,6,Miércoles,18,Zona interurbana,Vía urbana,Animal en calzada,Buen tiempo,Pleno día,1,0,0,1,2019-06-01,via urbana,animal en calzada,buen tiempo,pleno dia,zona interurbana,f513a0aa4f8f39744c6fddf2b5eb18cc1eac55ca866a1b243d835362a023f243,accidentes_raw_dgt,2026-05-09 20:40:11
2019,Alicante,6,Viernes,14,Zona interurbana,Vía convencional,Colisión por alcance,Buen tiempo,Pleno día,1,0,0,1,2019-06-01,via convencional,colision por alcance,buen tiempo,pleno dia,zona interurbana,060672b8531404f598515957df33d6387e0647cbc382d35ef286fa3466362384,accidentes_raw_dgt,2026-05-09 20:40:11
2019,Alicante,6,Viernes,14,Zona interurbana,Vía convencional,Colisión por alcance,Buen tiempo,Pleno día,1,0,0,1,2019-06-01,via convencional,colision por alcance,buen tiempo,pleno dia,zona interurbana,8ba5ef4e282bf7bc5cf13f731a1b9f525bd3b1f69cbfa24c1c69c303c0ac7019,accidentes_raw_dgt,2026-05-09 20:40:11
2019,Alicante,6,Jueves,18,Zona interurbana,Vía convencional,Animal en calzada,Buen tiempo,Pleno día,1,0,0,1,2019-06-01,via convencional,animal en calzada,buen tiempo,pleno dia,zona interurbana,8eec27653c19ed078b2f3bae16ff901d16347d7917d2b8e2317914e2437bf324,accidentes_raw_dgt,2026-05-09 20:40:11
2019,Alicante,5,Lunes,15,Travesía,Otro,Objeto desprendido,Buen tiempo,Pleno día,1,0,1,0,2019-05-01,otro,objeto desprendido,buen tiempo,pleno dia,travesia,03b0bd366e8184f8d871c3a7c7cc26c73c25b54ff54c64b28b10b898242cdc8a,accidentes_raw_dgt,2026-05-09 20:40:11
2019,Alicante,5,Miércoles,20,Travesía,Otro,Colisión frontolateral,Buen tiempo,Pleno día,1,0,1,0,2019-05-01,otro,colision frontolateral,buen tiempo,pleno dia,travesia,82887006d04d939ffca870bc268a940df6cf01dbdf12e228ccf476d07d7c9424,accidentes_raw_dgt,2026-05-09 20:40:11
2019,Alicante,6,Lunes,20,Travesía,Otro,Choque obstáculo lateral,Buen tiempo,Pleno día,1,0,1,0,2019-06-01,otro,choque obstaculo lateral,buen tiempo,pleno dia,travesia,3f5f3806e425deac33023e9764d08ac98397e6f1bc8599743cbb15a9cfdf8929,accidentes_raw_dgt,2026-05-09 20:40:11
2019,Alicante,6,Martes,18,Travesía,Otro,Colisión frontolateral,Buen tiempo,Pleno día,1,0,1,0,2019-06-01,otro,colision frontolateral,buen tiempo,pleno dia,travesia,3510a92fc7dd04f69b1aeeef5489ef168dbf1d9c4d528b8f4af4240a8b295ab4,accidentes_raw_dgt,2026-05-09 20:40:11
2019,Alicante,6,Sábado,7,Travesía,Otro,Choque obstáculo mediana,Buen tiempo,Noche sin iluminación,1,1,0,0,2019-06-01,otro,choque obstaculo mediana,buen tiempo,noche sin iluminacion,travesia,6ed701cfedb16ebd91b2d185383115c6f9ce12f2f9c744d7d605be0002109362,accidentes_raw_dgt,2026-05-09 20:40:11
2019,Alicante,6,Viernes,0,Zona interurbana,Vía convencional,Colisión lateral,Buen tiempo,Se desconoce,1,0,0,1,2019-06-01,via convencional,colision lateral,buen tiempo,se desconoce,zona interurbana,592fbed6f4ef4a643b0c5dec00a9a32f69a4027aedb972265cd9237b7b31d564,accidentes_raw_dgt,2026-05-09 20:40:11
2019,Alicante,6,Sábado,17,Travesía,Otro,Colisión frontolateral,Buen tiempo,Pleno día,1,0,1,0,2019-06-01,otro,colision frontolateral,buen tiempo,pleno dia,travesia,98f3aaa79f6ba1759e046f873955785d869eec78b60ff7ad2f1bb62d50ea8a0a,accidentes_raw_dgt,2026-05-09 20:40:11
2019,Alicante,6,Viernes,10,Zona interurbana,Vía urbana,Colisión frontolateral,Buen tiempo,Pleno día,1,0,0,1,2019-06-01,via urbana,colision frontolateral,buen tiempo,pleno dia,zona interurbana,b53a7292b38e011dbe6efc79c22d028ddd364da2e6b9aa182915572742330ea9,accidentes_raw_dgt,2026-05-09 20:40:11
2019,Alicante,6,Miércoles,16,Zona interurbana,Vía convencional,Colisión frontolateral,Buen tiempo,Pleno día,1,0,0,1,2019-06-01,via convencional,colision frontolateral,buen tiempo,pleno dia,zona interurbana,04aa39fcb509e7842f0bd5b135b6181b0b57c8a74422838362f430351fc364f2,accidentes_raw_dgt,2026-05-09 20:40:11
2019,Alicante,6,Miércoles,8,Zona interurbana,Vía convencional,Colisión lateral,Buen tiempo,Pleno día,2,0,0,2,2019-06-01,via convencional,colision lateral,buen tiempo,pleno dia,zona interurbana,d212b2ac736e3f60408ffe9fbc1d26ae901f8f477fb8b08ec03c9d6b0208ac2b,accidentes_raw_dgt,2026-05-09 20:40:11
2019,Alicante,6,Sábado,14,Zona interurbana,Vía urbana,Colisión frontal,Buen tiempo,Pleno día,3,0,0,3,2019-06-01,via urbana,colision frontal,buen tiempo,pleno dia,zona interurbana,522e6198a268c62c01c9944cc2c06902d8308d65e6444eb8ad10bbe98dc362b6,accidentes_raw_dgt,2026-05-09 20:40:11
2019,Alicante,7,Martes,21,Zona interurbana,Vía convencional,Colisión por alcance,Buen tiempo,Amanecer/Anochecer,1,0,0,1,2019-07-01,via convencional,colision por alcance,buen tiempo,amanecer/anochecer,zona interurbana,5c0b1ae7ef3b0e1552cd215596a4449a8bcd5d060f18511da8e63b87f67c11f6,accidentes_raw_dgt,2026-05-09 20:40:11
2019,Alicante,7,Lunes,18,Zona interurbana,Vía convencional,Colisión por alcance,Buen tiempo,Pleno día,3,0,0,3,2019-07-01,via convencional,colision por alcance,buen tiempo,pleno dia,zona interurbana,6606753e5a126d7068012a526d44c3eb2f7fcd09d5faeb30c77dbfd87ca7e758,accidentes_raw_dgt,2026-05-09 20:40:11
2019,Alicante,7,Martes,18,Zona interurbana,Vía convencional,Colisión por alcance,Buen tiempo,Pleno día,2,0,0,2,2019-07-01,via convencional,colision por alcance,buen tiempo,pleno dia,zona interurbana,f7ac69722a0706c533afa393b1574a761a073df0a8280094d3500a4bbc9c2877,accidentes_raw_dgt,2026-05-09 20:40:11
2019,Alicante,7,Sábado,15,Zona interurbana,Vía convencional,Colisión por alcance,Buen tiempo,Pleno día,1,0,0,1,2019-07-01,via convencional,colision por alcance,buen tiempo,pleno dia,zona interurbana,9aec25da37c5143655198925302a995797eeef538933800b67b87c48de7ad120,accidentes_raw_dgt,2026-05-09 20:40:11
2019,Alicante,7,Miércoles,18,Zona interurbana,Vía convencional,Colisión por alcance,Buen tiempo,Pleno día,2,1,0,1,2019-07-01,via convencional,colision por alcance,buen tiempo,pleno dia,zona interurbana,59279341ea59fbf34025024596b670b6df2c9f80e71b9ad19aea71ba43b083fc,accidentes_raw_dgt,2026-05-09 20:40:11
2019,Alicante,7,Domingo,20,Zona interurbana,Vía convencional,Colisión múltiple,Buen tiempo,Pleno día,4,0,0,4,2019-07-01,via convencional,colision multiple,buen tiempo,pleno dia,zona interurbana,ed823ec32c5d4e9ca9dd968bb0fe9366b7d904ce0cae615308ddd5b89f0e6a3a,accidentes_raw_dgt,2026-05-09 20:40:11
2019,Alicante,7,Viernes,14,Zona interurbana,Vía convencional,Colisión por alcance,Buen tiempo,Pleno día,2,0,0,2,2019-07-01,via convencional,colision por alcance,buen tiempo,pleno dia,zona interurbana,d7c7673ba8ca7b0f04b1af4df026cbea7fed5b8acf59b27d33ef988c60eff054,accidentes_raw_dgt,2026-05-09 20:40:11
2019,Alicante,7,Viernes,19,Zona interurbana,Vía convencional,Colisión por alcance,Buen tiempo,Pleno día,2,0,0,2,2019-07-01,via convencional,colision por alcance,buen tiempo,pleno dia,zona interurbana,c00cf031587d12c309358e85de8876b2738d3ef2cadd88db6b07318ea0ba8973,accidentes_raw_dgt,2026-05-09 20:40:11
2019,Alicante,7,Viernes,14,Zona interurbana,Vía urbana,Colisión frontolateral,Buen tiempo,Pleno día,2,0,0,2,2019-07-01,via urbana,colision frontolateral,buen tiempo,pleno dia,zona interurbana,50828327cbf487d99d22c77ef8f980e5d7c8b93e2a1d1b084e2dc6760240e738,accidentes_raw_dgt,2026-05-09 20:40:11
2019,Alicante,7,Martes,17,Zona interurbana,Vía convencional,Colisión múltiple,Buen tiempo,Pleno día,2,0,0,2,2019-07-01,via convencional,colision multiple,buen tiempo,pleno dia,zona interurbana,a48622b535728587fd351763d1296c7ec9cb5bc6743d5f22b011d5b5c3ef688f,accidentes_raw_dgt,2026-05-09 20:40:11
2019,Alicante,7,Domingo,2,Zona interurbana,Vía urbana,Se desconoce,Buen tiempo,Se desconoce,2,0,0,2,2019-07-01,via urbana,se desconoce,buen tiempo,se desconoce,zona interurbana,fd21cc3cb5062bc4ac714c489e1ca0e37a577c19ba23b0d00e9767f598d37636,accidentes_raw_dgt,2026-05-09 20:40:11
2019,Alicante,8,Jueves,7,Zona interurbana,Camino vecinal,Animal en calzada,Buen tiempo,Pleno día,1,0,0,1,2019-08-01,camino vecinal,animal en calzada,buen tiempo,pleno dia,zona interurbana,ad1f3889d0032e7c2791053060e4c044837353325fbd42cdeeef65638ed31c2a,accidentes_raw_dgt,2026-05-09 20:40:11
2019,Alicante,8,Miércoles,7,Zona interurbana,Vía convencional,Colisión múltiple,Granizo,Noche con iluminación,1,0,0,1,2019-08-01,via convencional,colision multiple,granizo,noche con iluminacion,zona interurbana,2b5d2ba5803e6fe3a2bc08b5f3965f47a92918a9c44b8090618d5d5a2876cf8c,accidentes_raw_dgt,2026-05-09 20:40:11
2019,Alicante,8,Miércoles,22,Zona interurbana,Vía convencional,Choque obstáculo calzada,Buen tiempo,Se desconoce,2,0,0,2,2019-08-01,via convencional,choque obstaculo calzada,buen tiempo,se desconoce,zona interurbana,0a95adbf8581859ae0cc477127abeaf4ad89916405c41855af8fbc482e1634e8,accidentes_raw_dgt,2026-05-09 20:40:11
2019,Alicante,9,Martes,17,Travesía,Otro,Colisión frontolateral,Buen tiempo,Pleno día,1,0,0,1,2019-09-01,otro,colision frontolateral,buen tiempo,pleno dia,travesia,9baed8fceea6e36d36670d72429d909547165efc038c293a14a41ef2edf83141,accidentes_raw_dgt,2026-05-09 20:40:11
2019,Alicante,9,Viernes,14,Zona interurbana,Vía convencional,Colisión frontolateral,Buen tiempo,Pleno día,1,0,0,1,2019-09-01,via convencional,colision frontolateral,buen tiempo,pleno dia,zona interurbana,ec54e99514663edb97adef400fbf34a77daae108303d3da8008a7dfb4cdf0f52,accidentes_raw_dgt,2026-05-09 20:40:11
2019,Alicante,6,Sábado,18,Travesía,Otro,Colisión múltiple,Buen tiempo,Pleno día,1,0,0,1,2019-06-01,otro,colision multiple,buen tiempo,pleno dia,travesia,20ee235b5de5b36244da6f9aa1cbdd032a90867ba92276ccc8c38c0d0d57fcec,accidentes_raw_dgt,2026-05-09 20:40:11
2019,Alicante,6,Lunes,16,Travesía,Otro,Animal en calzada,Buen tiempo,Pleno día,1,0,0,1,2019-06-01,otro,animal en calzada,buen tiempo,pleno dia,travesia,4c3aada37cf7fd3819b2da502a15f78f7ce5a2ce6d584b630344ff00dffc74ac,accidentes_raw_dgt,2026-05-09 20:40:11
2019,Alicante,8,Lunes,20,Travesía,Otro,Animal en calzada,Buen tiempo,Pleno día,1,0,0,1,2019-08-01,otro,animal en calzada,buen tiempo,pleno dia,travesia,576c85c584f60555c2a024cbb99dfbbdb5f58c3bdcf28dbc8ea315fd46a388f3,accidentes_raw_dgt,2026-05-09 20:40:11
2019,Alicante,8,Lunes,19,Travesía,Otro,Colisión múltiple,Buen tiempo,Pleno día,1,0,0,1,2019-08-01,otro,colision multiple,buen tiempo,pleno dia,travesia,46635b56d3c7f0b7bb26adae2a1692debbfd145d4a0986a9137fe91e73e70360,accidentes_raw_dgt,2026-05-09 20:40:11
2019,Alicante,8,Viernes,16,Travesía,Otro,Colisión frontolateral,Buen tiempo,Pleno día,1,0,0,1,2019-08-01,otro,colision frontolateral,buen tiempo,pleno dia,travesia,11d1ff4edd53407199c92b00cbc3abe8c9c5d5bed4414ad07b55c896b0e7a713,accidentes_raw_dgt,2026-05-09 20:40:11
2019,Alicante,9,Martes,22,Zona interurbana,Vía urbana,Colisión por alcance,Buen tiempo,Pleno día,4,0,0,4,2019-09-01,via urbana,colision por alcance,buen tiempo,pleno dia,zona interurbana,051c2e380d07844ffaca43743957f8c0efe2bdf74c6c1e6a9dcccb8d1a3c596b,accidentes_raw_dgt,2026-05-09 20:40:11
2019,Alicante,9,Miércoles,14,Zona interurbana,Vía convencional,Colisión lateral,Buen tiempo,Pleno día,1,0,0,1,2019-09-01,via convencional,colision lateral,buen tiempo,pleno dia,zona interurbana,a78f19952edd18bf02b3c9eb704b088e2120941d6acb22f6f795c42796e60252,accidentes_raw_dgt,2026-05-09 20:40:11
2019,Alicante,9,Martes,21,Zona interurbana,Vía convencional,Se desconoce,Buen tiempo,Se desconoce,2,0,0,2,2019-09-01,via convencional,se desconoce,buen tiempo,se desconoce,zona interurbana,48deb732e8de8fe7995bbc2816520798fcab815f62165af4d53bbc24434c963e,accidentes_raw_dgt,2026-05-09 20:40:11
2019,Alicante,9,Domingo,20,Zona interurbana,Vía convencional,Colisión por alcance,Buen tiempo,Noche sin iluminación,1,0,0,1,2019-09-01,via convencional,colision por alcance,buen tiempo,noche sin iluminacion,zona interurbana,52bb7cc738dbf5e5eee2c76754d87904e6750c63eda5e0a866197d2e16d9c142,accidentes_raw_dgt,2026-05-09 20:40:11
2019,Alicante,9,Jueves,14,Zona interurbana,Vía convencional,Colisión por alcance,Buen tiempo,Pleno día,1,0,0,1,2019-09-01,via convencional,colision por alcance,buen tiempo,pleno dia,zona interurbana,4dea5c7cb70f50322ec9d734aa4aa078be9227c05251e18991c596f387552370,accidentes_raw_dgt,2026-05-09 20:40:11
2019,Alicante,7,Viernes,21,Travesía,Otro,Choque obstáculo lateral,Buen tiempo,Noche con iluminación,1,1,0,0,2019-07-01,otro,choque obstaculo lateral,buen tiempo,noche con iluminacion,travesia,78e370b587b145920213731b7c7c725e512b3b6577c51c800218a7c764c532ae,accidentes_raw_dgt,2026-05-09 20:40:11
2019,Alicante,9,Jueves,8,Zona interurbana,Vía convencional,Colisión por alcance,Buen tiempo,Pleno día,1,0,0,1,2019-09-01,via convencional,colision por alcance,buen tiempo,pleno dia,zona interurbana,8f8472a2f6ec348bfc7577a035c7f34a04c62f0c757b54687e1175236dcf393b,accidentes_raw_dgt,2026-05-09 20:40:11
2019,Alicante,9,Viernes,20,Travesía,Otro,Colisión por alcance,Buen tiempo,Noche sin iluminación,1,1,0,0,2019-09-01,otro,colision por alcance,buen tiempo,noche sin iluminacion,travesia,744b93f9950fc38dad705556931ea48193b99dcb191cc9bd77097f65fbe2f0b8,accidentes_raw_dgt,2026-05-09 20:40:11
2019,Alicante,10,Jueves,7,Zona interurbana,Vía convencional,Colisión por alcance,Buen tiempo,Pleno día,2,0,0,2,2019-10-01,via convencional,colision por alcance,buen tiempo,pleno dia,zona interurbana,8266498d969081c29737b8daeb5b51d60e56d008fff243a39d16c3032d42f6cf,accidentes_raw_dgt,2026-05-09 20:40:11
2019,Alicante,8,Sábado,7,Travesía,Otro,Choque obstáculo lateral,Buen tiempo,Noche con iluminación,2,0,1,0,2019-08-01,otro,choque obstaculo lateral,buen tiempo,noche con iluminacion,travesia,9113b98df80f877c7a2ee5d865a04c9514b4e9bf25a49d315b0b15f115d2f0d2,accidentes_raw_dgt,2026-05-09 20:40:11
2019,Alicante,8,Martes,8,Travesía,Otro,Choque obstáculo lateral,Buen tiempo,Pleno día,1,0,1,0,2019-08-01,otro,choque obstaculo lateral,buen tiempo,pleno dia,travesia,a7be8e1fe282a37cd666e0632b17d933fa13f21addf4798fc0455bc166e2488c,accidentes_raw_dgt,2026-05-09 20:40:11