AÑO,PROVINCIA,MES,DIA_SEMANA,HORA,ZONA,TIPO_VIA,TIPO_ACCIDENTE,CONDICION_METEO,CONDICION_ILUMINACION,TOTAL_VICTIMAS,FALLECIDOS_24H,HERIDOS_GRAVES,HERIDOS_LEVES,FECHA_ACCIDENTE,TIPO_VIA_NORM,TIPO_ACCIDENTE_NORM,CONDICION_METEO_NORM,CONDICION_ILUMINACION_NORM,ZONA_NORM,ID_ACCIDENTE_HASH,source_id,load_timestamp
2019,Alicante,8,Lunes,12,Travesía,Otro,Colisión frontolateral,Buen tiempo,Pleno día,1,0,1,0,2019-08-01,otro,colision frontolateral,buen tiempo,pleno dia,travesia,8e9b669109df89620b94f2387dc53206a82ddc71d658f8f7a2b3a9b417370d3e,accidentes_raw_dgt,2026-05-09 20:40:11
2019,Alicante,8,Jueves,9,Travesía,Otro,Choque obstáculo lateral,Buen tiempo,Pleno día,1,0,1,0,2019-08-01,otro,choque obstaculo lateral,buen tiempo,pleno dia,travesia,3f83e9ad5be63bd5bf2fd009fffe6b7dd4066243975bc962edc37459c17e65b9,accidentes_raw_dgt,2026-05-09 20:40:11
2019,Alicante,8,Lunes,16,Travesía,Otro,Colisión frontolateral,Buen tiempo,Pleno día,1,0,1,0,2019-08-01,otro,colision frontolateral,buen tiempo,pleno dia,travesia,8e71b24534e9f3fb3a71263359fed2b7ffb008265e0d34383e319f1b6f5c08f2,accidentes_raw_dgt,2026-05-09 20:40:11
2019,Alicante,8,Lunes,7,Travesía,Otro,Colisión por alcance,Buen tiempo,Noche con iluminación,1,0,1,0,2019-08-01,otro,colision por alcance,buen tiempo,noche con iluminacion,travesia,1bc3201a9f24a2fe48f634f90d406aaf6cbf5e36e292870ecba98d74b065ee1b,accidentes_raw_dgt,2026-05-09 20:40:11
2019,Alicante,8,Viernes,1,Travesía,Otro,Colisión frontolateral,Buen tiempo,Noche sin iluminación,1,0,1,0,2019-08-01,otro,colision frontolateral,buen tiempo,noche sin iluminacion,travesia,e78f27ab3ef177a9926e6b90e572b9853ce6cf4d87512836e9ae85807ec9d7fe,accidentes_raw_dgt,2026-05-09 20:40:11
2019,Alicante,6,Sábado,16,Travesía,Otro,Choque obstáculo lateral,Buen tiempo,Pleno día,1,0,1,0,2019-06-01,otro,choque obstaculo lateral,buen tiempo,pleno dia,travesia,3d1e557b540ac045b3b327994a351f08a443f9216f9b2b8d3a0f42b58671ac83,accidentes_raw_dgt,2026-05-09 20:40:11
2019,Alicante,7,Jueves,14,Travesía,Otro,Colisión frontolateral,Buen tiempo,Pleno día,1,0,1,0,2019-07-01,otro,colision frontolateral,buen tiempo,pleno dia,travesia,0985b889a1fe4f4e1fb925061ac6fb2247f10875f5fcbe63eec2ab55ed68970e,accidentes_raw_dgt,2026-05-09 20:40:11
2019,Alicante,7,Miércoles,7,Travesía,Otro,Colisión frontolateral,Buen tiempo,Pleno día,1,0,1,0,2019-07-01,otro,colision frontolateral,buen tiempo,pleno dia,travesia,d54123de468bd42ea00dafbd777f85fe5fa1ff6404d9838c007953c25c92a1c5,accidentes_raw_dgt,2026-05-09 20:40:11
2019,Alicante,7,Miércoles,17,Travesía,Otro,Colisión por alcance,Buen tiempo,Pleno día,2,0,1,1,2019-07-01,otro,colision por alcance,buen tiempo,pleno dia,travesia,ce8457d59078a699acb70416f88155a96a906b7b7aad43708402e3a3bcc8a4b4,accidentes_raw_dgt,2026-05-09 20:40:11
2019,Alicante,6,Sábado,5,Travesía,Otro,Colisión frontolateral,Buen tiempo,Pleno día,2,0,1,1,2019-06-01,otro,colision frontolateral,buen tiempo,pleno dia,travesia,81a83544cf93c245178cbc1620030f1123f435af867c79d87135983c52ab39d9,accidentes_raw_dgt,2026-05-09 20:40:11
2019,Alicante,8,Sábado,7,Travesía,Otro,Choque obstáculo lateral,Buen tiempo,Pleno día,4,0,1,3,2019-08-01,otro,choque obstaculo lateral,buen tiempo,pleno dia,travesia,85d6385b945c0d602103db39b0b654b2af93b5127938e26a959c123f0789b948,accidentes_raw_dgt,2026-05-09 20:40:11
2019,Alicante,8,Martes,8,Travesía,Otro,Choque obstáculo lateral,Buen tiempo,Pleno día,1,0,1,0,2019-08-01,otro,choque obstaculo lateral,buen tiempo,pleno dia,travesia,6c94e35ccc352d4e9ef0b99562cff995a5741ce8de8ad11b568892934daee366,accidentes_raw_dgt,2026-05-09 20:40:11
2019,Alicante,10,Lunes,18,Travesía,Otro,Choque obstáculo lateral,Buen tiempo,Pleno día,1,0,1,0,2019-10-01,otro,choque obstaculo lateral,buen tiempo,pleno dia,travesia,77459b9b941bcb4714d0c121313c900ecf30541d158eb2b9b178cdb8eca6457e,accidentes_raw_dgt,2026-05-09 20:40:11
2019,Alicante,10,Viernes,21,Travesía,Otro,Colisión frontolateral,Buen tiempo,Noche sin iluminación,1,0,1,0,2019-10-01,otro,colision frontolateral,buen tiempo,noche sin iluminacion,travesia,483029d526219f816e8e8f6a9de07b422633dba180ffc26faac22862a017519f,accidentes_raw_dgt,2026-05-09 20:40:11
2019,Alicante,9,Lunes,17,Travesía,Otro,Colisión frontolateral,Buen tiempo,Pleno día,1,0,1,0,2019-09-01,otro,colision frontolateral,buen tiempo,pleno dia,travesia,a20a2b7bb0842d5cf8a0c06c626421fd51ec103925c1819a51271f2779afa730,accidentes_raw_dgt,2026-05-09 20:40:11
2019,Alicante,9,Domingo,21,Travesía,Otro,Se desconoce,Buen tiempo,Noche sin iluminación,1,0,1,0,2019-09-01,otro,se desconoce,buen tiempo,noche sin iluminacion,travesia,6f6a4e56098cfd9af29e3ae549503b370211a4e94421457fe4cfd39a38a1fa08,accidentes_raw_dgt,2026-05-09 20:40:11
2019,Alicante,9,Lunes,5,Travesía,Otro,Colisión por alcance,Buen tiempo,Noche sin iluminación,1,0,1,0,2019-09-01,otro,colision por alcance,buen tiempo,noche sin iluminacion,travesia,f1cfa5ebb149e8099d561aae57beed6c68f990f45a910ea9d7b460dbcc5350be,accidentes_raw_dgt,2026-05-09 20:40:11
2019,Alicante,9,Martes,10,Travesía,Otro,Colisión por alcance,Buen tiempo,Pleno día,1,0,1,0,2019-09-01,otro,colision por alcance,buen tiempo,pleno dia,travesia,e5e53c784d5d49de1cabb6e904bf3380026aadcb9769775a268dd304dd9aa2df,accidentes_raw_dgt,2026-05-09 20:40:11
2019,Alicante,10,Sábado,17,Travesía,Otro,Colisión frontolateral,Buen tiempo,Pleno día,1,0,0,1,2019-10-01,otro,colision frontolateral,buen tiempo,pleno dia,travesia,f37f3f2b0dc57a86dee4ba6ff855283bb4d2f0dea1c5bd1b708853444c2ffcec,accidentes_raw_dgt,2026-05-09 20:40:11
2019,Alicante,10,Viernes,14,Zona interurbana,Vía convencional,Colisión lateral,Buen tiempo,Pleno día,1,0,0,1,2019-10-01,via convencional,colision lateral,buen tiempo,pleno dia,zona interurbana,7d12ba56e9f8b3dc64f77c87318c4f37bc12cfbf1a37573cdf3e4fa683f20155,accidentes_raw_dgt,2026-05-09 20:40:11
2019,Alicante,10,Sábado,3,Travesía,Otro,Se desconoce,Buen tiempo,Noche sin iluminación,1,1,0,0,2019-10-01,otro,se desconoce,buen tiempo,noche sin iluminacion,travesia,72d1b5da6eeaf1789df86487da50ad5e9dadb5ffaecb56b6de592aa286c9c1b8,accidentes_raw_dgt,2026-05-09 20:40:11
2019,Alicante,10,Sábado,1,Travesía,Otro,Choque obstáculo lateral,Buen tiempo,Noche sin iluminación,1,0,1,0,2019-10-01,otro,choque obstaculo lateral,buen tiempo,noche sin iluminacion,travesia,4b9a7f50c0bb198c6f5414c5a8459f5d216d34ab521ea94c060ea35cac66f900,accidentes_raw_dgt,2026-05-09 20:40:11
2019,Alicante,10,Lunes,9,Travesía,Otro,Choque obstáculo lateral,Buen tiempo,Pleno día,1,0,1,0,2019-10-01,otro,choque obstaculo lateral,buen tiempo,pleno dia,travesia,7931aa2a1bed855457d1ddf6bc06ab4406a9fba0579045a4d6ff78f9c07c440f,accidentes_raw_dgt,2026-05-09 20:40:11
2019,Alicante,10,Jueves,21,Zona interurbana,Vía convencional,Colisión por alcance,Buen tiempo,Noche sin iluminación,2,0,0,2,2019-10-01,via convencional,colision por alcance,buen tiempo,noche sin iluminacion,zona interurbana,96da37e95d5cc34fe3bef6c89428df859b8a217630d0c664da1daf1539caacf5,accidentes_raw_dgt,2026-05-09 20:40:11
2019,Alicante,10,Jueves,15,Zona interurbana,Vía convencional,Colisión por alcance,Buen tiempo,Pleno día,1,0,0,1,2019-10-01,via convencional,colision por alcance,buen tiempo,pleno dia,zona interurbana,a85e9db4851f7cd3efb8db7bf69a07cfb97bc528b72785a9cff7bdfef7e2279d,accidentes_raw_dgt,2026-05-09 20:40:11
2019,Alicante,10,Lunes,7,Zona interurbana,Vía convencional,Colisión por alcance,Buen tiempo,Se desconoce,1,0,0,1,2019-10-01,via convencional,colision por alcance,buen tiempo,se desconoce,zona interurbana,da6e2f539726fabd1f8cd7c9469a22b36769137975b28abc65fe2dc29e659b77,accidentes_raw_dgt,2026-05-09 20:40:11
2019,Alicante,10,Martes,15,Zona interurbana,Vía convencional,Colisión por alcance,Buen tiempo,Pleno día,1,0,0,1,2019-10-01,via convencional,colision por alcance,buen tiempo,pleno dia,zona interurbana,46e67c525617663b392a53c0e94ba79e62db62a851fb175ae87756d4e73c9718,accidentes_raw_dgt,2026-05-09 20:40:11
2019,Alicante,10,Jueves,19,Zona interurbana,Camino vecinal,Colisión por alcance,Buen tiempo,Noche sin iluminación,1,0,0,1,2019-10-01,camino vecinal,colision por alcance,buen tiempo,noche sin iluminacion,zona interurbana,152e69cf3c8e76c8d8b0aed924ddd1708e4c68624611af33d52c2c2814dd5df9,accidentes_raw_dgt,2026-05-09 20:40:11
2019,Alicante,11,Viernes,10,Zona interurbana,Vía urbana,Colisión frontolateral,Buen tiempo,Pleno día,2,0,0,2,2019-11-01,via urbana,colision frontolateral,buen tiempo,pleno dia,zona interurbana,023e33504ab909cf87a6f4e4e545090e40bdc0a2153e5b68b19f7fad2b737904,accidentes_raw_dgt,2026-05-09 20:40:11
2019,Alicante,11,Viernes,19,Zona interurbana,Vía convencional,Colisión por alcance,Buen tiempo,Noche sin iluminación,3,0,0,3,2019-11-01,via convencional,colision por alcance,buen tiempo,noche sin iluminacion,zona interurbana,73a2af8864fc500fa49048bf3003776c19938f360e56bd03663866fb3087884a,accidentes_raw_dgt,2026-05-09 20:40:11
2019,Alicante,11,Martes,15,Zona interurbana,Vía convencional,Colisión por alcance,Buen tiempo,Pleno día,2,0,0,2,2019-11-01,via convencional,colision por alcance,buen tiempo,pleno dia,zona interurbana,1bea20e1df19b12013976de2b5e0e3d1fb4ba088b59fe53642c324298b21ffd9,accidentes_raw_dgt,2026-05-09 20:40:11
2019,Alicante,11,Martes,18,Zona interurbana,Camino vecinal,Colisión por alcance,Buen tiempo,Amanecer/Anochecer,1,0,0,1,2019-11-01,camino vecinal,colision por alcance,buen tiempo,amanecer/anochecer,zona interurbana,b1ab1e892617f210425f658cf1d361b5489028c8771b56d845fe1c62c1fbc8b0,accidentes_raw_dgt,2026-05-09 20:40:11
2019,Alicante,11,Viernes,8,Travesía,Otro,Colisión por alcance,Buen tiempo,Pleno día,3,0,0,3,2019-11-01,otro,colision por alcance,buen tiempo,pleno dia,travesia,d398b29d3dbbb9bf201d4c7e1c19ff9d43c15fd45a0cec46fbe9885ec3f6e97f,accidentes_raw_dgt,2026-05-09 20:40:11
2019,Alicante,11,Miércoles,13,Zona interurbana,Ramal/enlace,Caída de ocupante,Buen tiempo,Pleno día,1,0,1,0,2019-11-01,ramal/enlace,caida de ocupante,buen tiempo,pleno dia,zona interurbana,6557739a67283a8de383fc5c0997fbec7c5721a46f28f3235fc9607598d9016b,accidentes_raw_dgt,2026-05-09 20:40:11
2019,Alicante,11,Jueves,8,Zona interurbana,Vía convencional,Colisión por alcance,Lluvia,Pleno día,1,0,0,1,2019-11-01,via convencional,colision por alcance,lluvia,pleno dia,zona interurbana,b2b2f104d32c638903e151a9b20d6e27b41d8c0c84cf8458738f83ca2f1dd744,accidentes_raw_dgt,2026-05-09 20:40:11
2019,Alicante,11,Viernes,19,Zona interurbana,Vía convencional,Colisión múltiple,Buen tiempo,Se desconoce,4,0,0,4,2019-11-01,via convencional,colision multiple,buen tiempo,se desconoce,zona interurbana,158a323a7ba44870f23d96f1516dd70aa48e9a72db4ebb026b0a89e212a208ab,accidentes_raw_dgt,2026-05-09 20:40:11
2019,Alicante,11,Martes,11,Zona interurbana,Vía convencional,Colisión por alcance,Buen tiempo,Pleno día,2,0,0,2,2019-11-01,via convencional,colision por alcance,buen tiempo,pleno dia,zona interurbana,5313e5bf17148de844ff74be3663d47c6e361ca469b30a36337701233c89a15e,accidentes_raw_dgt,2026-05-09 20:40:11
2019,Alicante,11,Viernes,7,Zona interurbana,Vía convencional,Objeto desprendido,Buen tiempo,Amanecer/Anochecer,1,0,0,1,2019-11-01,via convencional,objeto desprendido,buen tiempo,amanecer/anochecer,zona interurbana,6ae9e4d22c4670b9140fc378214b3274fb3f64d16058717f974515000680b24c,accidentes_raw_dgt,2026-05-09 20:40:11
2019,Alicante,10,Lunes,7,Zona interurbana,Vía convencional,Colisión por alcance,Buen tiempo,Amanecer/Anochecer,2,0,0,2,2019-10-01,via convencional,colision por alcance,buen tiempo,amanecer/anochecer,zona interurbana,8f0f97e140e126a4404a09eb1e14a53b7c742701c4290a5d1702d14daec22ee8,accidentes_raw_dgt,2026-05-09 20:40:11
2019,Alicante,10,Miércoles,14,Zona interurbana,Vía convencional,Colisión por alcance,Buen tiempo,Pleno día,1,0,0,1,2019-10-01,via convencional,colision por alcance,buen tiempo,pleno dia,zona interurbana,8e1f192fe25ad49be764c3f55c68beb32f7aa66f85344e026b76cfaaa1d3d88a,accidentes_raw_dgt,2026-05-09 20:40:11
2019,Alicante,10,Sábado,13,Travesía,Otro,Choque obstáculo lateral,Buen tiempo,Amanecer/Anochecer,1,0,0,1,2019-10-01,otro,choque obstaculo lateral,buen tiempo,amanecer/anochecer,travesia,d740238f374425d95f71dcd05dd1486800f0887790b992b74ef41fbb5c8e1167,accidentes_raw_dgt,2026-05-09 20:40:11
2019,Alicante,11,Martes,7,Zona interurbana,Vía convencional,Colisión múltiple,Buen tiempo,Pleno día,1,0,0,1,2019-11-01,via convencional,colision multiple,buen tiempo,pleno dia,zona interurbana,4432cb276ffc79e796e2f86c4aabb5a223462ff45d089d30e5c78c38318c55cf,accidentes_raw_dgt,2026-05-09 20:40:11
2019,Alicante,11,Sábado,15,Travesía,Otro,Animal en calzada,Buen tiempo,Pleno día,1,0,0,1,2019-11-01,otro,animal en calzada,buen tiempo,pleno dia,travesia,9212e5e6ef4106525be27ac4fcde2db1aa65f4e706eb469cea7f0baec27dcc96,accidentes_raw_dgt,2026-05-09 20:40:11
2019,Alicante,11,Sábado,15,Zona interurbana,Vía convencional,Colisión por alcance,Buen tiempo,Pleno día,4,0,0,4,2019-11-01,via convencional,colision por alcance,buen tiempo,pleno dia,zona interurbana,bae9aa4081f8783457c6886580a4c8a41fc7a3cdfe070f4e6edc9d7fe9a27207,accidentes_raw_dgt,2026-05-09 20:40:11
2019,Alicante,11,Viernes,14,Zona interurbana,Vía convencional,Colisión por alcance,Buen tiempo,Pleno día,2,0,0,2,2019-11-01,via convencional,colision por alcance,buen tiempo,pleno dia,zona interurbana,c7c1b4da9b9f745dff12aca04605cb7fb33baf4ba84c5b473b16ef1ed16f9c25,accidentes_raw_dgt,2026-05-09 20:40:11
2019,Alicante,11,Sábado,9,Zona interurbana,Vía convencional,Colisión por alcance,Buen tiempo,Pleno día,1,0,0,1,2019-11-01,via convencional,colision por alcance,buen tiempo,pleno dia,zona interurbana,97b3e84b5db5f23c51da10dba4f967a0723da721fc136aa00ca43da3ad5e3a6d,accidentes_raw_dgt,2026-05-09 20:40:11
2019,Alicante,11,Viernes,9,Zona interurbana,Vía convencional,Colisión por alcance,Buen tiempo,Pleno día,2,0,0,2,2019-11-01,via convencional,colision por alcance,buen tiempo,pleno dia,zona interurbana,3bbcf69de876e98ac944c5276eaeb44308c00a4e89260ad0067c7c9aeb4532b8,accidentes_raw_dgt,2026-05-09 20:40:11
2019,Alicante,12,Sábado,19,Zona interurbana,Ramal/enlace,Colisión múltiple,Buen tiempo,Se desconoce,3,0,0,3,2019-12-01,ramal/enlace,colision multiple,buen tiempo,se desconoce,zona interurbana,b20a51d1d0cd4d4e2f5c6f6b9939e8a4d4db0fb202efc513a8e1cddf9021bf4e,accidentes_raw_dgt,2026-05-09 20:40:11
2019,Alicante,12,Jueves,17,Travesía,Otro,Choque obstáculo lateral,Buen tiempo,Pleno día,1,0,0,1,2019-12-01,otro,choque obstaculo lateral,buen tiempo,pleno dia,travesia,1a95046e1c6e0db1f4cc7660af403cecbfa3822bd9abb49a433565d1fe40b7cb,accidentes_raw_dgt,2026-05-09 20:40:11
2019,Alicante,1,Sábado,23,Zona interurbana,Autopista,Salida vía izquierda,Buen tiempo,Se desconoce,1,0,0,1,2019-01-01,autopista,salida via izquierda,buen tiempo,se desconoce,zona interurbana,df34d853f2f2f1f14b92359f695426dcefc150b3f3a886c05c045b37baa2ee99,accidentes_raw_dgt,2026-05-09 20:40:11
2019,Alicante,2,Miércoles,13,Zona interurbana,Vía urbana,Colisión frontolateral,Buen tiempo,Pleno día,1,0,0,1,2019-02-01,via urbana,colision frontolateral,buen tiempo,pleno dia,zona interurbana,9e088cddb90e91e1ec3e4cae2aee41bd65d74434c60749d67e12fa74d5de9642,accidentes_raw_dgt,2026-05-09 20:40:11
2019,Alicante,2,Lunes,15,Zona interurbana,Vía urbana,Colisión frontal,Buen tiempo,Pleno día,4,0,0,4,2019-02-01,via urbana,colision frontal,buen tiempo,pleno dia,zona interurbana,d8ec3903c81cc4f2c290f744a6b591d889b21aa885a469871a7c55d1732200d3,accidentes_raw_dgt,2026-05-09 20:40:11
2019,Alicante,3,Sábado,12,Zona interurbana,Vía urbana,Colisión por alcance,Buen tiempo,Pleno día,2,0,0,2,2019-03-01,via urbana,colision por alcance,buen tiempo,pleno dia,zona interurbana,0dfcebf485c29dd65394538204a5c43821de1e5517712413f44962c1422b3489,accidentes_raw_dgt,2026-05-09 20:40:11
2019,Alicante,4,Martes,22,Zona interurbana,Vía urbana,Otro tipo,Buen tiempo,Noche sin iluminación,1,0,0,1,2019-04-01,via urbana,otro tipo,buen tiempo,noche sin iluminacion,zona interurbana,2920b9489aa3f6afda2de41a7154c767e3dd4f564a184739efc93af235a83bc2,accidentes_raw_dgt,2026-05-09 20:40:11
2019,Alicante,4,Lunes,20,Zona interurbana,Autovía,Colisión múltiple,Buen tiempo,Se desconoce,2,0,0,2,2019-04-01,autovia,colision multiple,buen tiempo,se desconoce,zona interurbana,5997fffe609051d65f99ba4fdec2d391d5a4d015d815f4c1f0f226c8eba64ea6,accidentes_raw_dgt,2026-05-09 20:40:11
2019,Alicante,5,Jueves,9,Zona interurbana,Autopista,Colisión por alcance,Buen tiempo,Pleno día,1,0,0,1,2019-05-01,autopista,colision por alcance,buen tiempo,pleno dia,zona interurbana,53f15ca2c3a39541db966c5d52047590467b0d275a39b54dcb213b544a530c2c,accidentes_raw_dgt,2026-05-09 20:40:11
2019,Alicante,5,Jueves,15,Zona interurbana,Autovía,Colisión múltiple,Buen tiempo,Pleno día,1,0,0,1,2019-05-01,autovia,colision multiple,buen tiempo,pleno dia,zona interurbana,adde7bf0e33b11361d40f4de29102a7c23e91a14078409b597701c7cb2134204,accidentes_raw_dgt,2026-05-09 20:40:11
2019,Alicante,6,Jueves,14,Zona interurbana,Vía urbana,Colisión lateral,Buen tiempo,Pleno día,1,0,0,1,2019-06-01,via urbana,colision lateral,buen tiempo,pleno dia,zona interurbana,bfa0ec8bdf2946547879d50a68687ea32e2fa628db187357415858b633d194d9,accidentes_raw_dgt,2026-05-09 20:40:11
2019,Alicante,7,Miércoles,17,Zona interurbana,Vía urbana,Colisión frontolateral,Buen tiempo,Pleno día,1,0,0,1,2019-07-01,via urbana,colision frontolateral,buen tiempo,pleno dia,zona interurbana,c7bf117459b946244dc57d552cabfe3329feb70dddd1584aec7419ecf290dca6,accidentes_raw_dgt,2026-05-09 20:40:11
2019,Alicante,7,Viernes,19,Zona interurbana,Vía urbana,Colisión frontal,Buen tiempo,Pleno día,2,0,0,2,2019-07-01,via urbana,colision frontal,buen tiempo,pleno dia,zona interurbana,7850e83feab6c3ccfc3d38abc3e58b0a70c7630a88f0c6436650bf27e8cf61d7,accidentes_raw_dgt,2026-05-09 20:40:11
2019,Alicante,7,Sábado,23,Zona interurbana,Vía urbana,Choque con bordillo,Buen tiempo,Noche ilum. insuficiente,1,0,0,1,2019-07-01,via urbana,choque con bordillo,buen tiempo,noche ilum. insuficiente,zona interurbana,6f2555e982f65a24613902efb83d1c2a572bc73865dc8bc0b65667b3d792d50f,accidentes_raw_dgt,2026-05-09 20:40:11
2019,Alicante,9,Martes,15,Zona interurbana,Vía urbana,Colisión por alcance,Lluvia,Pleno día,1,0,0,1,2019-09-01,via urbana,colision por alcance,lluvia,pleno dia,zona interurbana,a5ae3f2dbbf72da099be343eabff98aae7ac71c6f71cf1f1583825c92fd085ba,accidentes_raw_dgt,2026-05-09 20:40:11
2019,Alicante,10,Lunes,21,Zona interurbana,Camino vecinal,Se desconoce,Buen tiempo,Noche ilum. insuficiente,1,0,0,1,2019-10-01,camino vecinal,se desconoce,buen tiempo,noche ilum. insuficiente,zona interurbana,e5baabbb54bcea599793ede6f71485107203186274eaf8edf9d55e4f4cc581f3,accidentes_raw_dgt,2026-05-09 20:40:11
2019,Alicante,11,Lunes,9,Zona interurbana,Vía urbana,Caída de motociclista,Buen tiempo,Pleno día,1,0,1,0,2019-11-01,via urbana,caida de motociclista,buen tiempo,pleno dia,zona interurbana,793de180d506f6cf4f63933deae077478547c31145ade55de72f98cb6d8cc282,accidentes_raw_dgt,2026-05-09 20:40:11
2019,Alicante,11,Sábado,19,Zona interurbana,Vía urbana,Colisión por alcance,Buen tiempo,Se desconoce,2,0,1,1,2019-11-01,via urbana,colision por alcance,buen tiempo,se desconoce,zona interurbana,d1f1775ac1327fc68a4e0a3d4eef9e450429cbfc8ab3fa9a1a39dc8dc67749a7,accidentes_raw_dgt,2026-05-09 20:40:11
2019,Alicante,12,Jueves,13,Zona interurbana,Vía urbana,Colisión frontolateral,Buen tiempo,Pleno día,4,0,0,4,2019-12-01,via urbana,colision frontolateral,buen tiempo,pleno dia,zona interurbana,88100ba34db736c9adec9ed7e8e3b56b6379e51f6009841c37a71bfabf8deabf,accidentes_raw_dgt,2026-05-09 20:40:11
2019,Alicante,1,Martes,9,Zona urbana,Otro,Colisión lateral,Buen tiempo,Pleno día,1,0,0,1,2019-01-01,otro,colision lateral,buen tiempo,pleno dia,zona urbana,7b9b55714e6c4def992b3185355d5677a1814ae612c857b3841f1e4ace4ff2dd,accidentes_raw_dgt,2026-05-09 20:40:11
2019,Alicante,1,Martes,15,Travesía,Otro,Objeto desprendido,Buen tiempo,Pleno día,1,0,0,1,2019-01-01,otro,objeto desprendido,buen tiempo,pleno dia,travesia,e22e9c22f92b827381bb3826905aca3a2d11db572514d2e842161d5b18396040,accidentes_raw_dgt,2026-05-09 20:40:11
2019,Alicante,1,Martes,21,Travesía,Otro,Choque obstáculo lateral,Buen tiempo,Noche con iluminación,1,0,0,1,2019-01-01,otro,choque obstaculo lateral,buen tiempo,noche con iluminacion,travesia,bef7b4d1c3d67bc9afe768889cf3f250aff4eb21b587cc806e6f9f793ef86bcb,accidentes_raw_dgt,2026-05-09 20:40:11
2019,Alicante,2,Jueves,18,Travesía,Otro,Choque obstáculo lateral,Buen tiempo,Pleno día,1,0,0,1,2019-02-01,otro,choque obstaculo lateral,buen tiempo,pleno dia,travesia,28e7234668777f9ed7a63b82eac501322fa9ac707238d8a3e9e89c599458ab13,accidentes_raw_dgt,2026-05-09 20:40:11
2019,Alicante,2,Jueves,14,Travesía,Otro,Objeto desprendido,Buen tiempo,Pleno día,1,0,0,1,2019-02-01,otro,objeto desprendido,buen tiempo,pleno dia,travesia,7907a88d77f29a7681a0dc6c89157ea3f45959944436301085c8a34a46fe4a77,accidentes_raw_dgt,2026-05-09 20:40:11
2019,Alicante,3,Viernes,12,Zona interurbana,Vía urbana,Colisión frontolateral,Buen tiempo,Pleno día,1,0,0,1,2019-03-01,via urbana,colision frontolateral,buen tiempo,pleno dia,zona interurbana,8efb3a60255de6db1c77dcdaec905d1045a88e70dddd53d524fc4cb7d1a609d7,accidentes_raw_dgt,2026-05-09 20:40:11
2019,Alicante,3,Lunes,13,Zona interurbana,Vía urbana,Colisión lateral,Buen tiempo,Pleno día,1,0,0,1,2019-03-01,via urbana,colision lateral,buen tiempo,pleno dia,zona interurbana,e0ccc43c9b15159c7ad914a982102e0aec234815b4b64f180e0a89ac92490489,accidentes_raw_dgt,2026-05-09 20:40:11
2019,Alicante,3,Domingo,10,Travesía,Otro urbano,Objeto desprendido,Buen tiempo,Pleno día,1,0,0,1,2019-03-01,otro urbano,objeto desprendido,buen tiempo,pleno dia,travesia,a0119e19d7f710c158729bc4153a6996e891b54664262b502c7be665e0f2f042,accidentes_raw_dgt,2026-05-09 20:40:11
2019,Alicante,3,Martes,6,Travesía,Travesía,Colisión frontolateral,Buen tiempo,Noche con iluminación,1,0,0,1,2019-03-01,travesia,colision frontolateral,buen tiempo,noche con iluminacion,travesia,899fe985e893b124dff8820c977e7dd623078c36161ae3cfe6f75c0c819a8157,accidentes_raw_dgt,2026-05-09 20:40:11
2019,Alicante,3,Viernes,20,Zona interurbana,Vía urbana,Colisión frontal,Buen tiempo,Se desconoce,1,0,0,1,2019-03-01,via urbana,colision frontal,buen tiempo,se desconoce,zona interurbana,6b32c01a019bd349ff3c659b6206000b1f29e39bda71e3ac47c0006a033d93cc,accidentes_raw_dgt,2026-05-09 20:40:11
2019,Alicante,3,Lunes,18,Travesía,Otro,Colisión por alcance,Buen tiempo,Pleno día,2,0,0,2,2019-03-01,otro,colision por alcance,buen tiempo,pleno dia,travesia,374224fbb80782ef115a8d70d85f9ff5d5022d2c003a7821fd1d51e288d55770,accidentes_raw_dgt,2026-05-09 20:40:11
2019,Alicante,4,Sábado,16,Zona interurbana,Vía urbana,Colisión frontolateral,Lluvia,Pleno día,1,0,1,0,2019-04-01,via urbana,colision frontolateral,lluvia,pleno dia,zona interurbana,9bbf7a2c2940b4c95ea485f65a8731a1372aee56edca6ed31e66e7eb0f47e28b,accidentes_raw_dgt,2026-05-09 20:40:11
2019,Alicante,4,Viernes,10,Travesía,Otro,Colisión lateral,Buen tiempo,Pleno día,1,0,0,1,2019-04-01,otro,colision lateral,buen tiempo,pleno dia,travesia,9552186d84ad5c6e459ce386f5ba884aa4219a0c763bc285da9edb9b03180f93,accidentes_raw_dgt,2026-05-09 20:40:11