AÑO,PROVINCIA,MES,DIA_SEMANA,HORA,ZONA,TIPO_VIA,TIPO_ACCIDENTE,CONDICION_METEO,CONDICION_ILUMINACION,TOTAL_VICTIMAS,FALLECIDOS_24H,HERIDOS_GRAVES,HERIDOS_LEVES,FECHA_ACCIDENTE,TIPO_VIA_NORM,TIPO_ACCIDENTE_NORM,CONDICION_METEO_NORM,CONDICION_ILUMINACION_NORM,ZONA_NORM,ID_ACCIDENTE_HASH,source_id,load_timestamp
2019,Alicante,4,Viernes,21,Travesía,Otro,Colisión lateral,Buen tiempo,Noche con iluminación,1,0,0,1,2019-04-01,otro,colision lateral,buen tiempo,noche con iluminacion,travesia,06c973e49be9fdbfdaa84a397b35b05baceec93d5ea35e4cba2d6eaecf97700f,accidentes_raw_dgt,2026-05-09 20:40:11
2019,Alicante,4,Martes,18,Travesía,Otro,Colisión frontolateral,Buen tiempo,Pleno día,1,0,0,1,2019-04-01,otro,colision frontolateral,buen tiempo,pleno dia,travesia,18ecbac91f2c707b4c197b403ca381cf3f703d7171314f227210fc56e0970771,accidentes_raw_dgt,2026-05-09 20:40:11
2019,Alicante,5,Jueves,13,Travesía,Otro,Colisión frontolateral,Buen tiempo,Pleno día,1,0,0,1,2019-05-01,otro,colision frontolateral,buen tiempo,pleno dia,travesia,5fc81d2cb64968db6cae7122a7f003afa088268a703db44297e4ccf63848b023,accidentes_raw_dgt,2026-05-09 20:40:11
2019,Alicante,5,Martes,14,Zona interurbana,Vía urbana,Colisión frontolateral,Buen tiempo,Pleno día,1,0,0,1,2019-05-01,via urbana,colision frontolateral,buen tiempo,pleno dia,zona interurbana,d511b5d469027daccddb924368c9069473495e0da8b42f1a0c4283fd68c770d3,accidentes_raw_dgt,2026-05-09 20:40:11
2019,Alicante,5,Jueves,9,Zona interurbana,Vía urbana,Colisión por alcance,Buen tiempo,Pleno día,2,0,0,2,2019-05-01,via urbana,colision por alcance,buen tiempo,pleno dia,zona interurbana,1acc01f346b3fbaa69352ba44dd37ddc321ee772137489ec0d1c0c410c2e70b6,accidentes_raw_dgt,2026-05-09 20:40:11
2019,Alicante,5,Martes,21,Travesía,Otro,Se desconoce,Buen tiempo,Noche sin iluminación,1,0,1,0,2019-05-01,otro,se desconoce,buen tiempo,noche sin iluminacion,travesia,b4106e79a7db2401426aac297d59c1b50f594417b195d4a258fb8a6447ea638f,accidentes_raw_dgt,2026-05-09 20:40:11
2019,Alicante,6,Lunes,11,Travesía,Otro,Choque obstáculo calzada,Otro,Pleno día,1,0,0,1,2019-06-01,otro,choque obstaculo calzada,otro,pleno dia,travesia,dd32f57818ca3be0427e4dbfc1c6cf7c51f43b48058c35dfb2edc4a03c253a7e,accidentes_raw_dgt,2026-05-09 20:40:11
2019,Alicante,6,Martes,12,Travesía,Otro,Se desconoce,Otro,Pleno día,1,0,0,1,2019-06-01,otro,se desconoce,otro,pleno dia,travesia,2747827914badb5812593d43520b0bd181b165a3a798051652c22b3e8841873f,accidentes_raw_dgt,2026-05-09 20:40:11
2019,Alicante,5,Miércoles,12,Travesía,Otro,Colisión lateral,Buen tiempo,Pleno día,1,0,0,1,2019-05-01,otro,colision lateral,buen tiempo,pleno dia,travesia,d58cabc8303548b6ec23f1faccb3fc316208524a650f78423579899e8f9e8e67,accidentes_raw_dgt,2026-05-09 20:40:11
2019,Alicante,7,Martes,11,Travesía,Otro,Colisión frontolateral,Buen tiempo,Pleno día,1,0,0,1,2019-07-01,otro,colision frontolateral,buen tiempo,pleno dia,travesia,a89d6642c31c33525be583f4333b37d260d14903319a846e4f1e9e091a978592,accidentes_raw_dgt,2026-05-09 20:40:11
2019,Alicante,7,Viernes,9,Travesía,Otro,Colisión frontolateral,Buen tiempo,Pleno día,1,0,1,0,2019-07-01,otro,colision frontolateral,buen tiempo,pleno dia,travesia,4e49800fbc3cefb76b1b887fa36a8dbd6dd283667258c613e1754fa3d266fefb,accidentes_raw_dgt,2026-05-09 20:40:11
2019,Alicante,8,Miércoles,6,Zona interurbana,Vía urbana,Animal en calzada,Buen tiempo,Amanecer/Anochecer,1,0,0,1,2019-08-01,via urbana,animal en calzada,buen tiempo,amanecer/anochecer,zona interurbana,995e6d18fd6dd12d54ea1291649769dde86b36ee70193e3142fdc07aaa765d00,accidentes_raw_dgt,2026-05-09 20:40:11
2019,Alicante,8,Viernes,19,Zona interurbana,Autopista,Colisión frontolateral,Buen tiempo,Pleno día,3,0,0,3,2019-08-01,autopista,colision frontolateral,buen tiempo,pleno dia,zona interurbana,d8d851022fbb12e1439ca2bff8bd50a70356e1adb628c47454389544450c7897,accidentes_raw_dgt,2026-05-09 20:40:11
2019,Alicante,8,Martes,18,Travesía,Otro urbano,Colisión frontolateral,Buen tiempo,Pleno día,1,0,0,1,2019-08-01,otro urbano,colision frontolateral,buen tiempo,pleno dia,travesia,4e7a0668e1de434a88c26ae248ab80e71f3dc5ec603421f2decad10f556f9147,accidentes_raw_dgt,2026-05-09 20:40:11
2019,Alicante,9,Miércoles,12,Travesía,Otro,Colisión frontolateral,Buen tiempo,Pleno día,1,0,0,1,2019-09-01,otro,colision frontolateral,buen tiempo,pleno dia,travesia,8032b67b62f573e47ebc2aa6cf225750b1cfcb3f33fa6575647728f9eeb0ccbb,accidentes_raw_dgt,2026-05-09 20:40:11
2019,Alicante,9,Miércoles,7,Travesía,Otro,Colisión frontolateral,Otro,Amanecer/Anochecer,1,0,0,1,2019-09-01,otro,colision frontolateral,otro,amanecer/anochecer,travesia,1e37a1cedc03621762af0b89ebabd2242a5e1597cbe775951c15e59cd5023aaa,accidentes_raw_dgt,2026-05-09 20:40:11
2019,Alicante,9,Martes,21,Travesía,Otro,Choque obstáculo lateral,Otro,Noche con iluminación,1,0,1,0,2019-09-01,otro,choque obstaculo lateral,otro,noche con iluminacion,travesia,baffc1e34bdd807d7617c8ff331718fc67ba382f94b82645c9f8472523a41f3a,accidentes_raw_dgt,2026-05-09 20:40:11
2019,Alicante,9,Miércoles,14,Travesía,Otro,Choque obstáculo lateral,Otro,Pleno día,1,0,0,1,2019-09-01,otro,choque obstaculo lateral,otro,pleno dia,travesia,325969e80bedf5b28c02098238cea837b30ce46e77255960fdb2e1e2215fbfe0,accidentes_raw_dgt,2026-05-09 20:40:11
2019,Alicante,9,Viernes,22,Travesía,Otro urbano,Objeto desprendido,Otro,Noche sin iluminación,4,0,0,4,2019-09-01,otro urbano,objeto desprendido,otro,noche sin iluminacion,travesia,b906e4061c4a678dd89a63a670cccdb0a034e70d456ba90a802d223deccd0f65,accidentes_raw_dgt,2026-05-09 20:40:11
2019,Alicante,6,Domingo,0,Travesía,Otro,Colisión frontolateral,Otro,Noche sin iluminación,2,0,0,2,2019-06-01,otro,colision frontolateral,otro,noche sin iluminacion,travesia,aae9ee5b6b7b41c2528dec1714e2b385d69b8c7dde33e6fea8c8973a99a49c7a,accidentes_raw_dgt,2026-05-09 20:40:11
2019,Alicante,7,Viernes,14,Travesía,Otro,Colisión por alcance,Otro,Pleno día,1,0,0,1,2019-07-01,otro,colision por alcance,otro,pleno dia,travesia,6589ed9b9dd4caa59d939841658fdbd227c76006f1341ca7aa59acb15dbc867c,accidentes_raw_dgt,2026-05-09 20:40:11
2019,Alicante,8,Sábado,12,Travesía,Otro,Colisión por alcance,Otro,Pleno día,2,0,0,2,2019-08-01,otro,colision por alcance,otro,pleno dia,travesia,e2b79c6b00bc97ebb7a345ef636f2fe539aaa43946bf7d6c8052a22b22462649,accidentes_raw_dgt,2026-05-09 20:40:11
2019,Alicante,8,Viernes,16,Travesía,Otro,Colisión frontolateral,Otro,Pleno día,1,0,0,1,2019-08-01,otro,colision frontolateral,otro,pleno dia,travesia,7fd052bd76eb71475b03f997dbdf5adf8c440ac0a6e1fced23a3d6b81826b103,accidentes_raw_dgt,2026-05-09 20:40:11
2019,Alicante,8,Jueves,17,Travesía,Otro,Colisión por alcance,Otro,Pleno día,1,0,0,1,2019-08-01,otro,colision por alcance,otro,pleno dia,travesia,c812fa553afe699033551a18bcdb76046fed094adb8c77278e509915a42e5282,accidentes_raw_dgt,2026-05-09 20:40:11
2019,Alicante,8,Martes,17,Travesía,Otro,Choque obstáculo calzada,Otro,Pleno día,1,0,0,1,2019-08-01,otro,choque obstaculo calzada,otro,pleno dia,travesia,61e04b121a1ec13b557a517bf3bb769122ab98d80432c849ef5414340adb553c,accidentes_raw_dgt,2026-05-09 20:40:11
2019,Alicante,7,Miércoles,23,Travesía,Otro,Colisión frontolateral,Buen tiempo,Noche sin iluminación,1,0,0,1,2019-07-01,otro,colision frontolateral,buen tiempo,noche sin iluminacion,travesia,af027c99e4a2e18ae3b29f40189ca65e3f08f4f23d7d5271c9fcddf8fa64a4bc,accidentes_raw_dgt,2026-05-09 20:40:11
2019,Alicante,9,Martes,9,Travesía,Calle peatonal,Choque obstáculo lateral,Otro,Pleno día,1,0,0,1,2019-09-01,calle peatonal,choque obstaculo lateral,otro,pleno dia,travesia,b72653265c6bad2943d9235c8725b57920e6e5e1ff76165410094e7ae3c9bb99,accidentes_raw_dgt,2026-05-09 20:40:11
2019,Alicante,9,Lunes,0,Zona interurbana,Vía urbana,Colisión frontolateral,Buen tiempo,Se desconoce,1,0,0,1,2019-09-01,via urbana,colision frontolateral,buen tiempo,se desconoce,zona interurbana,642c2a0918053df94003e4ea155e30e8bb2aa21b3de45c4797dc146a3fa7ec12,accidentes_raw_dgt,2026-05-09 20:40:11
2019,Alicante,11,Jueves,13,Zona interurbana,Vía urbana,Colisión por alcance,Buen tiempo,Pleno día,1,0,0,1,2019-11-01,via urbana,colision por alcance,buen tiempo,pleno dia,zona interurbana,6a2dbdf30a1306f82541c097b4b7b7691c91b9a895e89a621937a2b34a64abc6,accidentes_raw_dgt,2026-05-09 20:40:11
2019,Alicante,12,Lunes,9,Zona interurbana,Vía urbana,Colisión frontolateral,Buen tiempo,Pleno día,2,0,0,2,2019-12-01,via urbana,colision frontolateral,buen tiempo,pleno dia,zona interurbana,1aaf97e300d50bacc554c8c27a1b9687dde34e6754b8de3759dd0ab844477e37,accidentes_raw_dgt,2026-05-09 20:40:11
2019,Alicante,12,Viernes,20,Zona interurbana,Vía urbana,Colisión múltiple,Lluvia,Noche sin iluminación,1,0,0,1,2019-12-01,via urbana,colision multiple,lluvia,noche sin iluminacion,zona interurbana,4f5131ea0c5a3e7f4c5f86029ae1be2a60e67f023073bbb074a3a929089e5bc1,accidentes_raw_dgt,2026-05-09 20:40:11
2019,Alicante,1,Sábado,11,Zona interurbana,Vía urbana,Atropello a ciclista,Buen tiempo,Pleno día,1,0,0,1,2019-01-01,via urbana,atropello a ciclista,buen tiempo,pleno dia,zona interurbana,6cf713e83ca48f8a190b07af39303ea10884872d491f8d0c2056907fc2a26bad,accidentes_raw_dgt,2026-05-09 20:40:11
2019,Alicante,1,Sábado,15,Zona interurbana,Vía urbana,Colisión por alcance,Buen tiempo,Pleno día,1,0,0,1,2019-01-01,via urbana,colision por alcance,buen tiempo,pleno dia,zona interurbana,bcb1ac2aaaf1d367b9fd960eb0cee5709a3fd9d0c99a53b19795a32588353c3b,accidentes_raw_dgt,2026-05-09 20:40:11
2019,Alicante,2,Miércoles,19,Zona interurbana,Vía urbana,Se desconoce,Buen tiempo,Amanecer/Anochecer,1,0,0,1,2019-02-01,via urbana,se desconoce,buen tiempo,amanecer/anochecer,zona interurbana,52ed8fba503e8a9d8e235041ef867cd3cdcd7426125a5e322859c1c3e826c876,accidentes_raw_dgt,2026-05-09 20:40:11
2019,Alicante,2,Sábado,19,Zona interurbana,Vía urbana,Colisión frontolateral,Buen tiempo,Amanecer/Anochecer,4,0,0,4,2019-02-01,via urbana,colision frontolateral,buen tiempo,amanecer/anochecer,zona interurbana,8a376a996f6d7e958bbd68a87649296ea289ed2880de8b358cb91fa06aa3dfc6,accidentes_raw_dgt,2026-05-09 20:40:11
2019,Alicante,5,Martes,22,Zona interurbana,Vía urbana,Choque con bordillo,Buen tiempo,Se desconoce,1,0,0,1,2019-05-01,via urbana,choque con bordillo,buen tiempo,se desconoce,zona interurbana,9c93522c01b6a1b55b7c5266b2a30f370ab84c4c53c39bdff5732fc565413494,accidentes_raw_dgt,2026-05-09 20:40:11
2019,Alicante,5,Miércoles,9,Zona interurbana,Vía urbana,Animal en calzada,Buen tiempo,Pleno día,1,0,0,1,2019-05-01,via urbana,animal en calzada,buen tiempo,pleno dia,zona interurbana,483aab8b1f38f23d19a40260181ae0450e1dfb83e6d7398b50a33a8d1e3872ec,accidentes_raw_dgt,2026-05-09 20:40:11
2019,Alicante,6,Miércoles,20,Zona interurbana,Vía urbana,Colisión por alcance,Buen tiempo,Amanecer/Anochecer,1,0,0,1,2019-06-01,via urbana,colision por alcance,buen tiempo,amanecer/anochecer,zona interurbana,74e70910949899071b1eb8b17993808a5f829c481dbc72a64aa9a1678a05106b,accidentes_raw_dgt,2026-05-09 20:40:11
2019,Alicante,7,Domingo,16,Zona interurbana,Vía urbana,Choque obstáculo mediana,Buen tiempo,Pleno día,3,0,0,3,2019-07-01,via urbana,choque obstaculo mediana,buen tiempo,pleno dia,zona interurbana,0f70422e0f7cb2e5887b8e901eeba1b212031be53bec3d2891ef341e419ca66d,accidentes_raw_dgt,2026-05-09 20:40:11
2019,Alicante,8,Martes,13,Zona interurbana,Camino vecinal,Animal en calzada,Buen tiempo,Pleno día,1,0,0,1,2019-08-01,camino vecinal,animal en calzada,buen tiempo,pleno dia,zona interurbana,62fb418140a7ee4153da89e8b0f7c453e27db7e034d15502422c21f476cf4fbd,accidentes_raw_dgt,2026-05-09 20:40:11
2019,Alicante,8,Sábado,13,Zona interurbana,Vía urbana,Vuelco en calzada,Buen tiempo,Pleno día,1,0,0,1,2019-08-01,via urbana,vuelco en calzada,buen tiempo,pleno dia,zona interurbana,17dc3303cd10e0824497a0874a4b86275e63c943e3fefba5f5760959dd525fc2,accidentes_raw_dgt,2026-05-09 20:40:11
2019,Alicante,10,Miércoles,7,Zona interurbana,Vía urbana,Colisión por alcance,Buen tiempo,Noche sin iluminación,1,0,0,1,2019-10-01,via urbana,colision por alcance,buen tiempo,noche sin iluminacion,zona interurbana,f5095cd644fbe157a3ebc71d3e3212530f58e6d8a88c400c811314f217278c59,accidentes_raw_dgt,2026-05-09 20:40:11
2019,Alicante,10,Sábado,18,Zona interurbana,Vía urbana,Animal en calzada,Buen tiempo,Pleno día,1,0,1,0,2019-10-01,via urbana,animal en calzada,buen tiempo,pleno dia,zona interurbana,44c59909f17c296d6f2ec4a53efac3a951add75aa67616d9c5d9d2f5fbb44f04,accidentes_raw_dgt,2026-05-09 20:40:11
2019,Alicante,11,Sábado,13,Zona interurbana,Vía urbana,Se desconoce,Buen tiempo,Pleno día,1,0,0,1,2019-11-01,via urbana,se desconoce,buen tiempo,pleno dia,zona interurbana,5bb7843e0a9344f274f9dffcc2156042ccab113fc71d2b571ad7ee6adedf4db3,accidentes_raw_dgt,2026-05-09 20:40:11
2019,Alicante,11,Sábado,12,Zona interurbana,Vía urbana,Caída de motociclista,Buen tiempo,Pleno día,1,0,0,1,2019-11-01,via urbana,caida de motociclista,buen tiempo,pleno dia,zona interurbana,82555dabb53963a1730701fad953f0dd80830b06fb36b7bf5f6f27150fc136d4,accidentes_raw_dgt,2026-05-09 20:40:11
2019,Alicante,11,Jueves,16,Zona interurbana,Vía urbana,Colisión frontal,Buen tiempo,Pleno día,3,0,0,3,2019-11-01,via urbana,colision frontal,buen tiempo,pleno dia,zona interurbana,4459b2909cef1e99ddfb4be233208753a4ed2f43343df6d5b4561c5e9ead51c9,accidentes_raw_dgt,2026-05-09 20:40:11
2019,Alicante,11,Lunes,20,Zona interurbana,Camino vecinal,Salida vía izquierda,Buen tiempo,Se desconoce,1,0,0,1,2019-11-01,camino vecinal,salida via izquierda,buen tiempo,se desconoce,zona interurbana,ef13ebc3a57a1b51c17b45fcfef8eef761deab8371cc9e4eca14962d5763123d,accidentes_raw_dgt,2026-05-09 20:40:11
2019,Alicante,12,Lunes,6,Zona interurbana,Vía urbana,Colisión frontolateral,Nieve,Amanecer/Anochecer,3,0,1,2,2019-12-01,via urbana,colision frontolateral,nieve,amanecer/anochecer,zona interurbana,23147de9997391842c4cb67df21cdb50a7b0d549f559e3a090921ced778f091a,accidentes_raw_dgt,2026-05-09 20:40:11
2019,Alicante,3,Domingo,16,Zona interurbana,Vía urbana,Atropello a peatón,Buen tiempo,Pleno día,1,0,0,1,2019-03-01,via urbana,atropello a peaton,buen tiempo,pleno dia,zona interurbana,1788c74b1c9262866c2071b65df7bfcb7911c2b064c931b580515c2d9d2cd7f8,accidentes_raw_dgt,2026-05-09 20:40:11
2019,Alicante,6,Domingo,10,Zona interurbana,Vía urbana,Otro tipo,Buen tiempo,Pleno día,2,0,0,2,2019-06-01,via urbana,otro tipo,buen tiempo,pleno dia,zona interurbana,20756d2b18a439fe021e02fdf30ace74ec3887744290a31128ae0190d39d38ed,accidentes_raw_dgt,2026-05-09 20:40:11
2019,Alicante,7,Martes,14,Zona interurbana,Vía urbana,Caída de motociclista,Buen tiempo,Pleno día,1,0,0,1,2019-07-01,via urbana,caida de motociclista,buen tiempo,pleno dia,zona interurbana,016562d2d357325c642f6a5961d7d242a47dd7dd30ccf0e59d578246488272af,accidentes_raw_dgt,2026-05-09 20:40:11
2019,Alicante,8,Sábado,18,Zona interurbana,Vía urbana,Se desconoce,Buen tiempo,Pleno día,3,0,0,3,2019-08-01,via urbana,se desconoce,buen tiempo,pleno dia,zona interurbana,b8dc2c143be8994682b08461f46487e05874e59dd9ab65cf973e3a3c67a763aa,accidentes_raw_dgt,2026-05-09 20:40:11
2019,Alicante,9,Sábado,20,Zona interurbana,Vía urbana,Caída de ocupante,Lluvia,Noche ilum. insuficiente,2,0,0,2,2019-09-01,via urbana,caida de ocupante,lluvia,noche ilum. insuficiente,zona interurbana,589f5ed0ac1c85dfee591cc158b373813c114efdf343af279bba99ff8569288b,accidentes_raw_dgt,2026-05-09 20:40:11
2019,Alicante,11,Sábado,8,Zona interurbana,Vía urbana,Colisión lateral,Buen tiempo,Pleno día,1,0,0,1,2019-11-01,via urbana,colision lateral,buen tiempo,pleno dia,zona interurbana,35a99a53ff1b46f86a14a375742dfd7fefff96a8a2e9c4bcf0fe3546c36c9520,accidentes_raw_dgt,2026-05-09 20:40:11
2019,Alicante,12,Miércoles,14,Zona interurbana,Camino vecinal,Colisión por alcance,Lluvia,Pleno día,1,0,0,1,2019-12-01,camino vecinal,colision por alcance,lluvia,pleno dia,zona interurbana,70e8d52a9b4616e728112408ceca7abd9507e93f30e958ecb09f6ea607d99d06,accidentes_raw_dgt,2026-05-09 20:40:11
2019,Alicante,6,Sábado,12,Zona interurbana,Vía urbana,Colisión frontolateral,Buen tiempo,Pleno día,1,0,0,1,2019-06-01,via urbana,colision frontolateral,buen tiempo,pleno dia,zona interurbana,43e8852bef636588d357c96ae642844aa7425d8fb73445cc4f017dbd6f5ab6e3,accidentes_raw_dgt,2026-05-09 20:40:11
2019,Alicante,4,Martes,9,Zona interurbana,Vía urbana,Choque con bordillo,Buen tiempo,Pleno día,2,0,0,2,2019-04-01,via urbana,choque con bordillo,buen tiempo,pleno dia,zona interurbana,d8adfb796bd27cf4f9688d21d3de5c394390c73c0313dc7add8b8e2a75ba8e84,accidentes_raw_dgt,2026-05-09 20:40:11
2019,Alicante,11,Sábado,15,Zona interurbana,Vía urbana,Salida vía izquierda,Buen tiempo,Pleno día,3,0,1,2,2019-11-01,via urbana,salida via izquierda,buen tiempo,pleno dia,zona interurbana,06ceef9715535b739e13f0eff2d08f2a4d57b537aaa549facff529eaa2af02d0,accidentes_raw_dgt,2026-05-09 20:40:11
2019,Alicante,3,Miércoles,13,Zona interurbana,Vía urbana,Se desconoce,Buen tiempo,Pleno día,1,0,0,1,2019-03-01,via urbana,se desconoce,buen tiempo,pleno dia,zona interurbana,8f96a045c9a91a2d1923f02af68fd20895fab2d8f908385377297cf5bc2f30ff,accidentes_raw_dgt,2026-05-09 20:40:11
2019,Alicante,3,Sábado,9,Zona interurbana,Vía urbana,Colisión lateral,Buen tiempo,Pleno día,1,0,0,1,2019-03-01,via urbana,colision lateral,buen tiempo,pleno dia,zona interurbana,33f849de3622f07a54fd0011c664a29264a30f2bf9a70fad7857b7ffa5f15e95,accidentes_raw_dgt,2026-05-09 20:40:11
2019,Alicante,4,Martes,10,Zona interurbana,Vía urbana,Colisión frontal,Lluvia,Pleno día,3,1,0,2,2019-04-01,via urbana,colision frontal,lluvia,pleno dia,zona interurbana,bf7f42e134799ab418870cf6f269c6befb5e2b0265bfbe682db8c7080b922308,accidentes_raw_dgt,2026-05-09 20:40:11
2019,Alicante,5,Jueves,8,Zona interurbana,Vía urbana,Colisión múltiple,Buen tiempo,Pleno día,2,0,0,2,2019-05-01,via urbana,colision multiple,buen tiempo,pleno dia,zona interurbana,c49b0dece16c3a6b89be2938c6fef6d0c91783c0d1b4176a23a0fe6d7f8ad0ba,accidentes_raw_dgt,2026-05-09 20:40:11
2019,Alicante,5,Viernes,8,Zona interurbana,Vía urbana,Colisión frontolateral,Buen tiempo,Amanecer/Anochecer,1,0,0,1,2019-05-01,via urbana,colision frontolateral,buen tiempo,amanecer/anochecer,zona interurbana,ddc10a5906f8c0ea77bac646567f9680f2b6f989f35485f0cc65b7b5a223d32c,accidentes_raw_dgt,2026-05-09 20:40:11
2019,Alicante,10,Martes,9,Zona interurbana,Vía urbana,Colisión múltiple,Buen tiempo,Pleno día,2,0,0,2,2019-10-01,via urbana,colision multiple,buen tiempo,pleno dia,zona interurbana,3c1d9213f8765a2a3628d1c7721fa46d60f0601845ad1892374e6d32ee270be1,accidentes_raw_dgt,2026-05-09 20:40:11
2019,Alicante,10,Jueves,15,Zona interurbana,Vía urbana,Colisión múltiple,Buen tiempo,Pleno día,3,0,0,3,2019-10-01,via urbana,colision multiple,buen tiempo,pleno dia,zona interurbana,daab3aa68185b677bd3c8d63f12e48eacb0851d98d635137e531fd579a452486,accidentes_raw_dgt,2026-05-09 20:40:11
2019,Alicante,12,Viernes,6,Zona interurbana,Vía urbana,Caída de ocupante,Buen tiempo,Se desconoce,1,1,0,0,2019-12-01,via urbana,caida de ocupante,buen tiempo,se desconoce,zona interurbana,fb48aaf65ec04e4bcfcb01a417e4a0c20297982b5fc67845b287707c0a95c465,accidentes_raw_dgt,2026-05-09 20:40:11
2019,Alicante,7,Martes,16,Travesía,Otro urbano,Atropello a peatón,Buen tiempo,Pleno día,1,0,0,1,2019-07-01,otro urbano,atropello a peaton,buen tiempo,pleno dia,travesia,907bdcbc11fea6b086684d9ab58048a81e149b123cd3f63795aa9c9a7e1134cc,accidentes_raw_dgt,2026-05-09 20:40:11
2019,Alicante,11,Domingo,10,Zona interurbana,Vía urbana,Atropello a ciclista,Buen tiempo,Pleno día,1,0,0,1,2019-11-01,via urbana,atropello a ciclista,buen tiempo,pleno dia,zona interurbana,ea3a03b4971eeb62730e1de238225cc4e6145f0eb50ad28b1379f2a2ee71e16e,accidentes_raw_dgt,2026-05-09 20:40:11
2019,Alicante,8,Lunes,18,Zona interurbana,Vía urbana,Caída de motociclista,Lluvia,Pleno día,1,0,1,0,2019-08-01,via urbana,caida de motociclista,lluvia,pleno dia,zona interurbana,b3773ecbf7494c6f8e965f6826e65cdfcc621a1c25f8b57866f60137b7a16da5,accidentes_raw_dgt,2026-05-09 20:40:11
2019,Alicante,10,Domingo,8,Zona interurbana,Vía urbana,Salida vía izquierda,Buen tiempo,Pleno día,1,1,0,0,2019-10-01,via urbana,salida via izquierda,buen tiempo,pleno dia,zona interurbana,f3c39d0642f4bd32009e7a6bebdfa2be2ae56c3bc16d22dfb9e6e791c316ee37,accidentes_raw_dgt,2026-05-09 20:40:11
2019,Alicante,6,Lunes,13,Zona interurbana,Vía urbana,Animal en calzada,Buen tiempo,Pleno día,1,0,0,1,2019-06-01,via urbana,animal en calzada,buen tiempo,pleno dia,zona interurbana,920a6421f4b7573cfb0d0fb8d61252665275d0b97bc18683638dee3e8a015f01,accidentes_raw_dgt,2026-05-09 20:40:11
2019,Alicante,10,Domingo,17,Zona interurbana,Vía urbana,Caída de ocupante,Buen tiempo,Pleno día,2,0,0,2,2019-10-01,via urbana,caida de ocupante,buen tiempo,pleno dia,zona interurbana,1744784df13e160509c06d101c96cb212fe482375338f537e65c2d41b5d8d548,accidentes_raw_dgt,2026-05-09 20:40:11
2019,Alicante,1,Jueves,1,Travesía,Otro,Colisión lateral,Buen tiempo,Noche sin iluminación,1,0,0,1,2019-01-01,otro,colision lateral,buen tiempo,noche sin iluminacion,travesia,8c9089be2f18fb286889edf8531a43aff6fa8b6f28b531f8167d87d66b8f5b1d,accidentes_raw_dgt,2026-05-09 20:40:11
2019,Alicante,1,Viernes,14,Travesía,Otro,Animal en calzada,Buen tiempo,Pleno día,1,0,0,1,2019-01-01,otro,animal en calzada,buen tiempo,pleno dia,travesia,21113a3f71a6ecda7311c6e8539d1c9bd9949d3e6f23fbf4bcc781f96b30083a,accidentes_raw_dgt,2026-05-09 20:40:11
2019,Alicante,1,Viernes,11,Travesía,Otro,Choque obstáculo lateral,Buen tiempo,Pleno día,1,0,0,1,2019-01-01,otro,choque obstaculo lateral,buen tiempo,pleno dia,travesia,db6529e972a44a4db65c3f460fe66b7313138626d813d03fc7942eaa55327001,accidentes_raw_dgt,2026-05-09 20:40:11
2019,Alicante,1,Martes,17,Zona interurbana,Vía urbana,Colisión múltiple,Buen tiempo,Noche con iluminación,2,0,0,2,2019-01-01,via urbana,colision multiple,buen tiempo,noche con iluminacion,zona interurbana,41332273b0913dad65df2ba070dd6406dacff6636e0eccfa267e8d35a6ba6209,accidentes_raw_dgt,2026-05-09 20:40:11
2019,Alicante,1,Martes,18,Zona interurbana,Vía urbana,Colisión por alcance,Buen tiempo,Noche ilum. insuficiente,1,0,0,1,2019-01-01,via urbana,colision por alcance,buen tiempo,noche ilum. insuficiente,zona interurbana,2570ce03b300309d1f8d673ad5d5359d30b7a5d9a9c4aaa4b54c19cd2c683a78,accidentes_raw_dgt,2026-05-09 20:40:11
2019,Alicante,1,Jueves,16,Travesía,Otro,Choque obstáculo lateral,Buen tiempo,Pleno día,1,0,0,1,2019-01-01,otro,choque obstaculo lateral,buen tiempo,pleno dia,travesia,8ea8eb612f9362da9d2b8ae0a65daa6410c9c952a4944933a8ad17aee8f86939,accidentes_raw_dgt,2026-05-09 20:40:11
2019,Alicante,1,Miércoles,23,Travesía,Otro,Salida vía izquierda,Buen tiempo,Noche sin iluminación,1,0,0,1,2019-01-01,otro,salida via izquierda,buen tiempo,noche sin iluminacion,travesia,2c6499976963e9832529bc8d9dff516d16c13d372d852d1500f5892e46a25507,accidentes_raw_dgt,2026-05-09 20:40:11
2019,Alicante,1,Sábado,14,Travesía,Otro,Choque obstáculo lateral,Buen tiempo,Pleno día,1,0,0,1,2019-01-01,otro,choque obstaculo lateral,buen tiempo,pleno dia,travesia,d8912eba4a0d0a84a3a27ea0773cdda1c857405f98a364c24ff90ada430ba537,accidentes_raw_dgt,2026-05-09 20:40:11
2019,Alicante,1,Viernes,22,Travesía,Otro,Colisión frontolateral,Buen tiempo,Noche sin iluminación,2,0,0,2,2019-01-01,otro,colision frontolateral,buen tiempo,noche sin iluminacion,travesia,81b187544ef8734d6c3668ffd47b2e7761a7c374074eb4091e95a5385a318c9d,accidentes_raw_dgt,2026-05-09 20:40:11