AÑO,PROVINCIA,MES,DIA_SEMANA,HORA,ZONA,TIPO_VIA,TIPO_ACCIDENTE,CONDICION_METEO,CONDICION_ILUMINACION,TOTAL_VICTIMAS,FALLECIDOS_24H,HERIDOS_GRAVES,HERIDOS_LEVES,FECHA_ACCIDENTE,TIPO_VIA_NORM,TIPO_ACCIDENTE_NORM,CONDICION_METEO_NORM,CONDICION_ILUMINACION_NORM,ZONA_NORM,ID_ACCIDENTE_HASH,source_id,load_timestamp
2019,Alicante,1,Viernes,14,Travesía,Otro,Colisión por alcance,Buen tiempo,Pleno día,1,0,0,1,2019-01-01,otro,colision por alcance,buen tiempo,pleno dia,travesia,ec2f62c81490e1293397a7997058b2325b2cbf48f88defa2df5f1c0b93fa0e81,accidentes_raw_dgt,2026-05-09 20:40:11
2019,Alicante,1,Martes,16,Travesía,Otro,Objeto desprendido,Buen tiempo,Pleno día,1,0,0,1,2019-01-01,otro,objeto desprendido,buen tiempo,pleno dia,travesia,7e8250dfc4ecb8399d6b28e63aa883e53151b004ae4f8db06f0bc1ce52fff899,accidentes_raw_dgt,2026-05-09 20:40:11
2019,Alicante,1,Martes,18,Travesía,Otro,Objeto desprendido,Buen tiempo,Noche sin iluminación,1,0,0,1,2019-01-01,otro,objeto desprendido,buen tiempo,noche sin iluminacion,travesia,a823bd31ca4166b2c6539251894c41075e9ae778858f0d15980a1cb690fed0b0,accidentes_raw_dgt,2026-05-09 20:40:11
2019,Alicante,1,Sábado,15,Travesía,Otro,Colisión lateral,Buen tiempo,Pleno día,1,0,0,1,2019-01-01,otro,colision lateral,buen tiempo,pleno dia,travesia,9e3b6232cb7bd60ef9c5088e1c6dac834ddc05d916e88e2aacf84bb18c8d707a,accidentes_raw_dgt,2026-05-09 20:40:11
2019,Alicante,1,Jueves,22,Travesía,Otro,Colisión por alcance,Buen tiempo,Noche sin iluminación,1,0,0,1,2019-01-01,otro,colision por alcance,buen tiempo,noche sin iluminacion,travesia,6ae2718959c46e34ae3c07be90b553c52e64af99c12d7bf41e393247249f25ab,accidentes_raw_dgt,2026-05-09 20:40:11
2019,Alicante,1,Domingo,21,Travesía,Otro,Se desconoce,Buen tiempo,Noche sin iluminación,1,0,1,0,2019-01-01,otro,se desconoce,buen tiempo,noche sin iluminacion,travesia,188db7f5c98d585b6b31f7423462c613aa01f3e7149960f7d192480e09000619,accidentes_raw_dgt,2026-05-09 20:40:11
2019,Alicante,1,Lunes,13,Zona interurbana,Vía urbana,Colisión lateral,Buen tiempo,Pleno día,1,0,0,1,2019-01-01,via urbana,colision lateral,buen tiempo,pleno dia,zona interurbana,3a6e2b22591ed55131de9ee07ffdfd443d86554bfc60c2d23e6620d4e2c794df,accidentes_raw_dgt,2026-05-09 20:40:11
2019,Alicante,1,Lunes,21,Travesía,Otro,Colisión frontolateral,Buen tiempo,Noche sin iluminación,1,0,0,1,2019-01-01,otro,colision frontolateral,buen tiempo,noche sin iluminacion,travesia,f06ca10f4977ea7a4857646c826cc9d4b5fa691e2c57766a98ed93dc6001ecde,accidentes_raw_dgt,2026-05-09 20:40:11
2019,Alicante,1,Lunes,12,Travesía,Otro,Colisión frontolateral,Buen tiempo,Pleno día,1,0,0,1,2019-01-01,otro,colision frontolateral,buen tiempo,pleno dia,travesia,86748254b6bfcc91d1a9b18d2b99dc9fdebec608dd68b83c3186a94f36e5f4c3,accidentes_raw_dgt,2026-05-09 20:40:11
2019,Alicante,1,Lunes,18,Travesía,Otro,Colisión lateral,Buen tiempo,Noche sin iluminación,2,0,0,2,2019-01-01,otro,colision lateral,buen tiempo,noche sin iluminacion,travesia,fa66df2f99cec3fe2cb72c2286083c4cbf0897f9697d0a63f142a46138610a86,accidentes_raw_dgt,2026-05-09 20:40:11
2019,Alicante,1,Martes,17,Travesía,Otro,Animal en calzada,Buen tiempo,Pleno día,1,0,0,1,2019-01-01,otro,animal en calzada,buen tiempo,pleno dia,travesia,f2bdda2192b2a979569c4ccbd78d665175e0225c0435031d1341f9cf8021606e,accidentes_raw_dgt,2026-05-09 20:40:11
2019,Alicante,1,Miércoles,11,Travesía,Otro,Colisión frontal,Buen tiempo,Pleno día,1,0,0,1,2019-01-01,otro,colision frontal,buen tiempo,pleno dia,travesia,6532ddd66812255b74142e01ea098af02a79c842687cc289381c0f3031373c7f,accidentes_raw_dgt,2026-05-09 20:40:11
2019,Alicante,2,Viernes,16,Travesía,Otro,Animal en calzada,Buen tiempo,Pleno día,1,0,0,1,2019-02-01,otro,animal en calzada,buen tiempo,pleno dia,travesia,5e9abe7a56edadad8b08480359c4e8ba20e92cd1b118aa8c77f835d35550eb4f,accidentes_raw_dgt,2026-05-09 20:40:11
2019,Alicante,2,Viernes,10,Travesía,Otro,Colisión múltiple,Buen tiempo,Pleno día,1,1,0,0,2019-02-01,otro,colision multiple,buen tiempo,pleno dia,travesia,34df2d15ee336296547593d47aa1f39f653dcb7b76215dacccd0488e14f579e6,accidentes_raw_dgt,2026-05-09 20:40:11
2019,Alicante,2,Miércoles,14,Zona interurbana,Otro urbano,Se desconoce,Buen tiempo,Pleno día,1,1,0,0,2019-02-01,otro urbano,se desconoce,buen tiempo,pleno dia,zona interurbana,ace0a2197f2949398bf3d2cbb4dfebf502be41a07ad2ab25ae63c3e413602c98,accidentes_raw_dgt,2026-05-09 20:40:11
2019,Alicante,1,Lunes,3,Travesía,Otro,Se desconoce,Buen tiempo,Noche sin iluminación,1,0,1,0,2019-01-01,otro,se desconoce,buen tiempo,noche sin iluminacion,travesia,7bccba2d3a3f262c49961b3c63e8128240c44670acf206827a0a949da356eb6d,accidentes_raw_dgt,2026-05-09 20:40:11
2019,Alicante,2,Jueves,23,Travesía,Otro,Animal en calzada,Buen tiempo,Noche sin iluminación,1,0,0,1,2019-02-01,otro,animal en calzada,buen tiempo,noche sin iluminacion,travesia,9f7d97be4c6d7f202c658af894dc93a2cd77ad09c6eeeac7f21555672e005537,accidentes_raw_dgt,2026-05-09 20:40:11
2019,Alicante,1,Miércoles,20,Travesía,Otro,Colisión por alcance,Buen tiempo,Noche sin iluminación,1,0,0,1,2019-01-01,otro,colision por alcance,buen tiempo,noche sin iluminacion,travesia,59933d776452c8a5a00db247871079d8ae1e273192afd2075cb917cb5bbe402f,accidentes_raw_dgt,2026-05-09 20:40:11
2019,Alicante,2,Jueves,15,Travesía,Otro,Colisión frontolateral,Buen tiempo,Pleno día,1,0,0,1,2019-02-01,otro,colision frontolateral,buen tiempo,pleno dia,travesia,e2135c76ca7863e51154829de3d9cb0a8f6398d31518c7581d370ed9cc521811,accidentes_raw_dgt,2026-05-09 20:40:11
2019,Alicante,2,Viernes,21,Travesía,Otro,Animal en calzada,Buen tiempo,Noche sin iluminación,2,0,0,2,2019-02-01,otro,animal en calzada,buen tiempo,noche sin iluminacion,travesia,9a1b6288c1d0bb97708744bc0d5f778060a6aee66bd4e2abc670007bebf6f84f,accidentes_raw_dgt,2026-05-09 20:40:11
2019,Alicante,2,Martes,11,Travesía,Otro,Colisión frontolateral,Buen tiempo,Pleno día,1,0,0,1,2019-02-01,otro,colision frontolateral,buen tiempo,pleno dia,travesia,c324b7cb65686a3faf89719932b8cdc7090c5b3c63f5a40d97bd7dd3a34b37a7,accidentes_raw_dgt,2026-05-09 20:40:11
2019,Alicante,2,Viernes,12,Travesía,Otro,Colisión frontolateral,Buen tiempo,Pleno día,1,0,0,1,2019-02-01,otro,colision frontolateral,buen tiempo,pleno dia,travesia,77334823791bea53e508ba59387c1287c8da962026769657b4686756db4b7bc8,accidentes_raw_dgt,2026-05-09 20:40:11
2019,Alicante,2,Martes,1,Travesía,Otro,Colisión frontolateral,Buen tiempo,Noche sin iluminación,1,0,0,1,2019-02-01,otro,colision frontolateral,buen tiempo,noche sin iluminacion,travesia,983589f68a61012b2fda3650f4de287b194ba5bfa64a0028dc97a12bdadfee03,accidentes_raw_dgt,2026-05-09 20:40:11
2019,Alicante,2,Domingo,20,Travesía,Otro,Animal en calzada,Buen tiempo,Noche sin iluminación,1,0,0,1,2019-02-01,otro,animal en calzada,buen tiempo,noche sin iluminacion,travesia,a41b6fde8b2182b733b4a11fb04b00df1ef06c941d22545d9be71dcecdbbb55f,accidentes_raw_dgt,2026-05-09 20:40:11
2019,Alicante,2,Martes,10,Travesía,Otro,Objeto desprendido,Buen tiempo,Pleno día,1,0,0,1,2019-02-01,otro,objeto desprendido,buen tiempo,pleno dia,travesia,81ea96707fb0643653507e2ecc9905deeeb7793c8c8df87fc89681d5af356af7,accidentes_raw_dgt,2026-05-09 20:40:11
2019,Alicante,2,Jueves,11,Zona interurbana,Vía urbana,Animal en calzada,Buen tiempo,Pleno día,1,0,0,1,2019-02-01,via urbana,animal en calzada,buen tiempo,pleno dia,zona interurbana,396b8e65a84afe48d62b470e74299638c2d9144bafba47b6027bf1b388010dbd,accidentes_raw_dgt,2026-05-09 20:40:11
2019,Alicante,3,Sábado,18,Travesía,Otro,Colisión frontolateral,Buen tiempo,Pleno día,1,0,0,1,2019-03-01,otro,colision frontolateral,buen tiempo,pleno dia,travesia,d933c100248234cbc4841a00095c9aa3951793524676de13be35297295f1ba48,accidentes_raw_dgt,2026-05-09 20:40:11
2019,Alicante,3,Sábado,14,Zona interurbana,Ramal/enlace,Se desconoce,Buen tiempo,Pleno día,1,0,0,1,2019-03-01,ramal/enlace,se desconoce,buen tiempo,pleno dia,zona interurbana,1523b662871b049a426f70cf57fbeab33b79bb3731b96cdbd779a7f1126d41fb,accidentes_raw_dgt,2026-05-09 20:40:11
2019,Alicante,3,Viernes,21,Travesía,Otro,Choque obstáculo lateral,Buen tiempo,Noche sin iluminación,1,0,0,1,2019-03-01,otro,choque obstaculo lateral,buen tiempo,noche sin iluminacion,travesia,9e6296be2bb963df7daa2b230a2a1f34b1bcd655c10fa6c1f6c05782fee95791,accidentes_raw_dgt,2026-05-09 20:40:11
2019,Alicante,3,Sábado,14,Zona interurbana,Vía urbana,Atropello a ciclista,Buen tiempo,Pleno día,1,0,0,1,2019-03-01,via urbana,atropello a ciclista,buen tiempo,pleno dia,zona interurbana,25dbd7ca6d959934a35be92313dff16e932b40612e8343910f908794d278f030,accidentes_raw_dgt,2026-05-09 20:40:11
2019,Alicante,3,Jueves,15,Travesía,Otro,Colisión por alcance,Buen tiempo,Pleno día,3,0,0,3,2019-03-01,otro,colision por alcance,buen tiempo,pleno dia,travesia,c060be6d9bf1df2389ebdcfbe143664885e571a9ba462eeb30f2aeaf54fa6e3e,accidentes_raw_dgt,2026-05-09 20:40:11
2019,Alicante,2,Sábado,5,Travesía,Otro,Colisión frontolateral,Buen tiempo,Noche sin iluminación,1,0,0,1,2019-02-01,otro,colision frontolateral,buen tiempo,noche sin iluminacion,travesia,93989d0f14e7ec638a3c6a29372246b56628ae42d36820ed73f3669a99e9491b,accidentes_raw_dgt,2026-05-09 20:40:11
2019,Alicante,2,Domingo,10,Travesía,Otro,Colisión por alcance,Buen tiempo,Pleno día,1,0,0,1,2019-02-01,otro,colision por alcance,buen tiempo,pleno dia,travesia,bc83cbb2d6dcba934deedb695609dd3ae689a72b210a8f1b86f6b1bc4c68d348,accidentes_raw_dgt,2026-05-09 20:40:11
2019,Alicante,3,Sábado,18,Travesía,Otro,Colisión frontolateral,Buen tiempo,Pleno día,1,0,0,1,2019-03-01,otro,colision frontolateral,buen tiempo,pleno dia,travesia,8e4e975f902448d84ed0ccf871f6439958625810e15b748dbe355c5b08ac073d,accidentes_raw_dgt,2026-05-09 20:40:11
2019,Alicante,3,Viernes,21,Travesía,Otro,Choque obstáculo lateral,Buen tiempo,Noche sin iluminación,1,0,0,1,2019-03-01,otro,choque obstaculo lateral,buen tiempo,noche sin iluminacion,travesia,33743b03c28fc783b01119d8b8c6b2564108318d465a2fb4ff319010c4aa6493,accidentes_raw_dgt,2026-05-09 20:40:11
2019,Alicante,3,Sábado,16,Travesía,Otro,Colisión frontolateral,Buen tiempo,Pleno día,2,0,0,2,2019-03-01,otro,colision frontolateral,buen tiempo,pleno dia,travesia,ec3f1e361fe23b5ec31edc081aef4c1d6e9bdd184a7b92df4b7111745fa3a164,accidentes_raw_dgt,2026-05-09 20:40:11
2019,Alicante,3,Jueves,9,Travesía,Otro,Choque obstáculo lateral,Buen tiempo,Pleno día,1,0,0,1,2019-03-01,otro,choque obstaculo lateral,buen tiempo,pleno dia,travesia,2d2c33c52e3df492704c04881c254aa93f37fc0b89dfbafaa9687340e0696ea9,accidentes_raw_dgt,2026-05-09 20:40:11
2019,Alicante,3,Lunes,17,Travesía,Otro,Choque obstáculo lateral,Buen tiempo,Pleno día,1,0,0,1,2019-03-01,otro,choque obstaculo lateral,buen tiempo,pleno dia,travesia,24fae883d5ce2d893f20bf2b28ce11b21deaae5fb98a46fb9e6d9bb05fe03d46,accidentes_raw_dgt,2026-05-09 20:40:11
2019,Alicante,3,Miércoles,14,Travesía,Otro,Colisión múltiple,Buen tiempo,Pleno día,2,0,0,2,2019-03-01,otro,colision multiple,buen tiempo,pleno dia,travesia,08c159cb811c2742199fed6b07c10860a7b8e777515377e20fe0f2d90f230657,accidentes_raw_dgt,2026-05-09 20:40:11
2019,Alicante,3,Domingo,16,Travesía,Otro,Animal en calzada,Lluvia,Pleno día,1,0,1,0,2019-03-01,otro,animal en calzada,lluvia,pleno dia,travesia,5183d65cc71ba70196e7c3e198e2fb8e58801107419dc052a9dc32379c90915a,accidentes_raw_dgt,2026-05-09 20:40:11
2019,Alicante,3,Martes,21,Travesía,Otro,Colisión frontolateral,Buen tiempo,Noche sin iluminación,1,0,0,1,2019-03-01,otro,colision frontolateral,buen tiempo,noche sin iluminacion,travesia,33cc6da30d940c4ffa0caeecac021a427f610fc8c8b8dfaff690adbb70bff7fe,accidentes_raw_dgt,2026-05-09 20:40:11
2019,Alicante,4,Viernes,16,Travesía,Otro,Objeto desprendido,Buen tiempo,Pleno día,1,0,0,1,2019-04-01,otro,objeto desprendido,buen tiempo,pleno dia,travesia,707f6b27b35675b3ef29ba1e1075c03324e79f8796f43e5a99e76e098ee12b64,accidentes_raw_dgt,2026-05-09 20:40:11
2019,Alicante,3,Viernes,12,Travesía,Otro,Colisión por alcance,Buen tiempo,Pleno día,1,0,0,1,2019-03-01,otro,colision por alcance,buen tiempo,pleno dia,travesia,d1b0b7687f7bca92ee389cc396c7752314fd7d6261f6d509fe8227b7dc7cf072,accidentes_raw_dgt,2026-05-09 20:40:11
2019,Alicante,3,Domingo,21,Travesía,Otro,Colisión frontolateral,Granizo,Noche sin iluminación,2,0,1,1,2019-03-01,otro,colision frontolateral,granizo,noche sin iluminacion,travesia,24210acff902c1faebe8b97a9011a1a0e2f2b9229feb1a3e92b1fbae8cac057c,accidentes_raw_dgt,2026-05-09 20:40:11
2019,Alicante,4,Martes,9,Travesía,Otro,Choque obstáculo lateral,Buen tiempo,Pleno día,1,0,0,1,2019-04-01,otro,choque obstaculo lateral,buen tiempo,pleno dia,travesia,5bc05e241527d767aae5d0921978e11918f632b8cefc1de520745e9b9ffd09c4,accidentes_raw_dgt,2026-05-09 20:40:11
2019,Alicante,4,Martes,9,Zona interurbana,Vía urbana,Colisión por alcance,Buen tiempo,Pleno día,1,0,0,1,2019-04-01,via urbana,colision por alcance,buen tiempo,pleno dia,zona interurbana,17560583c120645c7bc8576e082eb97433c54d73c5a7172e0fd4cebaa8921087,accidentes_raw_dgt,2026-05-09 20:40:11
2019,Alicante,4,Lunes,17,Travesía,Otro,Animal en calzada,Buen tiempo,Pleno día,1,0,0,1,2019-04-01,otro,animal en calzada,buen tiempo,pleno dia,travesia,2bbb0ed9e593487865218631abc18ea0cdd660ca87da8c55382a5cc05f72c1eb,accidentes_raw_dgt,2026-05-09 20:40:11
2019,Alicante,4,Domingo,20,Travesía,Otro,Choque obstáculo lateral,Granizo,Noche sin iluminación,1,0,0,1,2019-04-01,otro,choque obstaculo lateral,granizo,noche sin iluminacion,travesia,815106adc7256d3f3e3c853e5c8e72fb1c3ae3a5e7ac126a90247ca78eb17a71,accidentes_raw_dgt,2026-05-09 20:40:11
2019,Alicante,4,Lunes,0,Travesía,Otro,Colisión por alcance,Buen tiempo,Noche sin iluminación,2,0,0,2,2019-04-01,otro,colision por alcance,buen tiempo,noche sin iluminacion,travesia,f36e2794472c13efdb7e0f233e69de46716c22aadecf5950771353cec1a69b21,accidentes_raw_dgt,2026-05-09 20:40:11
2019,Alicante,4,Miércoles,17,Travesía,Otro,Animal en calzada,Buen tiempo,Pleno día,1,0,0,1,2019-04-01,otro,animal en calzada,buen tiempo,pleno dia,travesia,2f8375d2a98f83f0aed5fb0d64b6e805901267915321ceb9d3a2063b60d05cbb,accidentes_raw_dgt,2026-05-09 20:40:11
2019,Alicante,4,Viernes,16,Travesía,Otro,Colisión frontolateral,Buen tiempo,Pleno día,1,0,0,1,2019-04-01,otro,colision frontolateral,buen tiempo,pleno dia,travesia,c5d4a63dbef4f919bd9cb1690deb3aa0eca57e71fc9af9570465852e2e91357c,accidentes_raw_dgt,2026-05-09 20:40:11
2019,Alicante,4,Sábado,12,Travesía,Otro,Colisión frontolateral,Buen tiempo,Pleno día,1,0,0,1,2019-04-01,otro,colision frontolateral,buen tiempo,pleno dia,travesia,4e893a5e600e9e6d353b97ebf9fe435808664c11a539baae96799d80eccc7a72,accidentes_raw_dgt,2026-05-09 20:40:11
2019,Alicante,5,Jueves,23,Travesía,Otro,Choque obstáculo lateral,Buen tiempo,Noche sin iluminación,1,0,0,1,2019-05-01,otro,choque obstaculo lateral,buen tiempo,noche sin iluminacion,travesia,85987aa6506068cbd41d277440422c66c0e32b77591035d47f2caff7c47295e0,accidentes_raw_dgt,2026-05-09 20:40:11
2019,Alicante,5,Jueves,23,Travesía,Otro,Colisión por alcance,Buen tiempo,Noche sin iluminación,1,0,0,1,2019-05-01,otro,colision por alcance,buen tiempo,noche sin iluminacion,travesia,dcdc240c9e0c71a200eec8cc118ae8dbd640ae3f79b8d41515d96462bc09bcc7,accidentes_raw_dgt,2026-05-09 20:40:11
2019,Alicante,5,Jueves,11,Travesía,Otro,Choque obstáculo lateral,Buen tiempo,Pleno día,1,0,0,1,2019-05-01,otro,choque obstaculo lateral,buen tiempo,pleno dia,travesia,408311ba9b03d5d2d41463f1b49280625f826a70a7dc5ccd92d0b41b93b26be2,accidentes_raw_dgt,2026-05-09 20:40:11
2019,Alicante,5,Lunes,0,Travesía,Otro,Animal en calzada,Buen tiempo,Noche sin iluminación,1,0,1,0,2019-05-01,otro,animal en calzada,buen tiempo,noche sin iluminacion,travesia,153ebeeacf6b8a97825becc9658657e044db07ed9b9db6c4b997ef9c44c2e021,accidentes_raw_dgt,2026-05-09 20:40:11
2019,Alicante,4,Martes,15,Travesía,Otro,Colisión por alcance,Buen tiempo,Pleno día,1,0,0,1,2019-04-01,otro,colision por alcance,buen tiempo,pleno dia,travesia,c838df5335c1eba2532f32090cd555d17c9e218289d99ecaf55525d7b199aa88,accidentes_raw_dgt,2026-05-09 20:40:11
2019,Alicante,4,Sábado,12,Travesía,Otro,Choque obstáculo lateral,Buen tiempo,Pleno día,1,0,0,1,2019-04-01,otro,choque obstaculo lateral,buen tiempo,pleno dia,travesia,6a175db84aeefddbe58bf92a5d67b372c78505c75b079912b89a0e599fe91317,accidentes_raw_dgt,2026-05-09 20:40:11
2019,Alicante,5,Viernes,12,Travesía,Travesía,Animal en calzada,Buen tiempo,Pleno día,1,0,0,1,2019-05-01,travesia,animal en calzada,buen tiempo,pleno dia,travesia,9e4067ac93c6febda554d724d453d78bf3e28a7742cdec57ee47c5c706fbe940,accidentes_raw_dgt,2026-05-09 20:40:11
2019,Alicante,5,Viernes,15,Travesía,Otro,Choque obstáculo lateral,Buen tiempo,Pleno día,1,0,0,1,2019-05-01,otro,choque obstaculo lateral,buen tiempo,pleno dia,travesia,4321a844ee760ee6ca5575a7c16c34d2a40ec1b3d76003681b8a3848dc1f4cc5,accidentes_raw_dgt,2026-05-09 20:40:11
2019,Alicante,5,Jueves,21,Travesía,Otro,Colisión por alcance,Buen tiempo,Noche sin iluminación,2,0,0,2,2019-05-01,otro,colision por alcance,buen tiempo,noche sin iluminacion,travesia,ac1964eb089654e01f7bfb4871e0cd31ea4d2aa6e6e48774b6b9917b1341dbf6,accidentes_raw_dgt,2026-05-09 20:40:11
2019,Alicante,5,Jueves,11,Travesía,Otro,Choque obstáculo lateral,Buen tiempo,Pleno día,2,0,0,2,2019-05-01,otro,choque obstaculo lateral,buen tiempo,pleno dia,travesia,05c8bd5d4dcdb18b690e160fd7a5c5190ee9ce7eb565d88f8e7b1f81b5f25bf6,accidentes_raw_dgt,2026-05-09 20:40:11
2019,Alicante,5,Martes,19,Travesía,Otro urbano,Animal en calzada,Buen tiempo,Pleno día,1,0,0,1,2019-05-01,otro urbano,animal en calzada,buen tiempo,pleno dia,travesia,88cf986449b61aeba90a4baedfaeba95cc12e8d04dedfebe53b78dd29fc0a4ac,accidentes_raw_dgt,2026-05-09 20:40:11
2019,Alicante,5,Jueves,13,Travesía,Otro,Colisión por alcance,Buen tiempo,Pleno día,1,0,0,1,2019-05-01,otro,colision por alcance,buen tiempo,pleno dia,travesia,4ff57f0bce33b3f1663fb61a77e73fa4a65692726efb43b547ce6ceaa37145f6,accidentes_raw_dgt,2026-05-09 20:40:11
2019,Alicante,5,Miércoles,12,Travesía,Otro,Choque obstáculo lateral,Buen tiempo,Pleno día,2,0,0,2,2019-05-01,otro,choque obstaculo lateral,buen tiempo,pleno dia,travesia,7de25656de2fdb7d7b5d79b160cdecf0714022f040be3acc59df9994af75891d,accidentes_raw_dgt,2026-05-09 20:40:11
2019,Alicante,5,Martes,9,Travesía,Otro,Choque obstáculo lateral,Buen tiempo,Pleno día,1,0,0,1,2019-05-01,otro,choque obstaculo lateral,buen tiempo,pleno dia,travesia,5b12bb4e8bd8bc9ede72cabec55a54c2d357e070fb2137478c69dbfcbea46fad,accidentes_raw_dgt,2026-05-09 20:40:11
2019,Alicante,5,Martes,14,Zona interurbana,Camino vecinal,Colisión por alcance,Buen tiempo,Pleno día,1,0,0,1,2019-05-01,camino vecinal,colision por alcance,buen tiempo,pleno dia,zona interurbana,1dffd68e5364ca2371d1627e59141f261264a7539f81c1746000b7320b5ad65b,accidentes_raw_dgt,2026-05-09 20:40:11
2019,Alicante,5,Viernes,13,Travesía,Otro,Animal en calzada,Granizo,Pleno día,2,0,0,2,2019-05-01,otro,animal en calzada,granizo,pleno dia,travesia,58763bceaddcad6777063dd590cb8e50211b6bb7a11272110fef4060142ded20,accidentes_raw_dgt,2026-05-09 20:40:11
2019,Alicante,5,Martes,22,Travesía,Otro,Choque obstáculo lateral,Buen tiempo,Noche sin iluminación,1,1,0,0,2019-05-01,otro,choque obstaculo lateral,buen tiempo,noche sin iluminacion,travesia,52018340d5255b7d07aebb084a7eb0df40c47d8fedbb66bede461d52847f4006,accidentes_raw_dgt,2026-05-09 20:40:11
2019,Alicante,5,Domingo,13,Zona interurbana,Vía urbana,Colisión lateral,Buen tiempo,Pleno día,1,0,0,1,2019-05-01,via urbana,colision lateral,buen tiempo,pleno dia,zona interurbana,230ad27c6e6e27669363918994e83fc533cf8d5ab4ee57ea1855428b8c553a53,accidentes_raw_dgt,2026-05-09 20:40:11
2019,Alicante,5,Sábado,7,Travesía,Otro,Objeto desprendido,Buen tiempo,Pleno día,2,0,1,1,2019-05-01,otro,objeto desprendido,buen tiempo,pleno dia,travesia,0337d6fcd298bc6696a8cade92eb2bc0568f213653c0df0349aafaf285f524a4,accidentes_raw_dgt,2026-05-09 20:40:11
2019,Alicante,5,Martes,14,Travesía,Otro,Colisión frontolateral,Buen tiempo,Pleno día,1,0,0,1,2019-05-01,otro,colision frontolateral,buen tiempo,pleno dia,travesia,edee29f882543b956620b26d0ee0e7e950399b1c4222f5de05e06425b4c995e9,accidentes_raw_dgt,2026-05-09 20:40:11
2019,Alicante,6,Miércoles,14,Travesía,Otro,Choque obstáculo lateral,Buen tiempo,Pleno día,1,0,0,1,2019-06-01,otro,choque obstaculo lateral,buen tiempo,pleno dia,travesia,fccb6362a9a78e111197c4f93837549f6bffc9c29661d213eefb9d2df6176fd7,accidentes_raw_dgt,2026-05-09 20:40:11
2019,Alicante,6,Lunes,16,Travesía,Otro,Colisión frontolateral,Buen tiempo,Pleno día,1,0,1,0,2019-06-01,otro,colision frontolateral,buen tiempo,pleno dia,travesia,9d9f3c4ea93d3640e675b5d3cda8ecefbb40a78cb3bcddaac98392823eb7f465,accidentes_raw_dgt,2026-05-09 20:40:11
2019,Alicante,6,Lunes,18,Travesía,Otro,Choque obstáculo lateral,Buen tiempo,Pleno día,2,0,0,2,2019-06-01,otro,choque obstaculo lateral,buen tiempo,pleno dia,travesia,90d441ee3fce238cd433ff208078e8d4351fb2969f9ed6b595e588ed7ead5d4e,accidentes_raw_dgt,2026-05-09 20:40:11
2019,Alicante,6,Jueves,21,Travesía,Otro,Colisión frontolateral,Buen tiempo,Noche con iluminación,1,0,0,1,2019-06-01,otro,colision frontolateral,buen tiempo,noche con iluminacion,travesia,cf2661b79280502b34a8b9d1e31a610b69e6f3ea292e08d0d6140d7ce7281efd,accidentes_raw_dgt,2026-05-09 20:40:11
2019,Alicante,5,Jueves,13,Travesía,Otro,Colisión por alcance,Buen tiempo,Pleno día,1,0,0,1,2019-05-01,otro,colision por alcance,buen tiempo,pleno dia,travesia,2730a07b090013287fb53d7845830339ffac5eaac0ff7e4c6a25af6541d05620,accidentes_raw_dgt,2026-05-09 20:40:11
2019,Alicante,6,Lunes,16,Travesía,Otro urbano,Colisión frontolateral,Buen tiempo,Pleno día,2,0,0,2,2019-06-01,otro urbano,colision frontolateral,buen tiempo,pleno dia,travesia,3f14a60b7590cb27fad945421e73a7f76c1125f3fd982e96a110ad1c9929b9da,accidentes_raw_dgt,2026-05-09 20:40:11
2019,Alicante,6,Martes,19,Travesía,Otro,Colisión frontolateral,Lluvia,Pleno día,1,0,0,1,2019-06-01,otro,colision frontolateral,lluvia,pleno dia,travesia,09dc1bb2b25a72c6a5deecbd211750ba6f81b0bd809a2475eefcad2c11ab9091,accidentes_raw_dgt,2026-05-09 20:40:11
2019,Alicante,6,Miércoles,19,Travesía,Otro,Colisión lateral,Buen tiempo,Pleno día,1,0,0,1,2019-06-01,otro,colision lateral,buen tiempo,pleno dia,travesia,903a4207be29cb52c7c28b6b3e83b7bea776a390167924fe8ff18aa325f10285,accidentes_raw_dgt,2026-05-09 20:40:11
2019,Alicante,6,Viernes,20,Travesía,Otro,Colisión por alcance,Buen tiempo,Pleno día,2,0,0,2,2019-06-01,otro,colision por alcance,buen tiempo,pleno dia,travesia,b847856411aef26fd25bb2569b95a3538080ba0aaa4e9b35c53e3e70d31b0638,accidentes_raw_dgt,2026-05-09 20:40:11
2019,Alicante,6,Sábado,7,Travesía,Otro,Choque obstáculo lateral,Buen tiempo,Noche sin iluminación,1,0,0,1,2019-06-01,otro,choque obstaculo lateral,buen tiempo,noche sin iluminacion,travesia,48fe0661615dd0a2fc9cf1b77111613b4c3e7fc857b7bf89e472c233a0b35eb0,accidentes_raw_dgt,2026-05-09 20:40:11
2019,Alicante,6,Jueves,14,Travesía,Otro,Colisión frontolateral,Buen tiempo,Pleno día,3,0,1,2,2019-06-01,otro,colision frontolateral,buen tiempo,pleno dia,travesia,bcac371b54f59945a14aa49e2e408e5d6e4dbc59387f5d8cfc6b015d40d5bb02,accidentes_raw_dgt,2026-05-09 20:40:11
2019,Alicante,6,Miércoles,15,Travesía,Otro,Choque obstáculo lateral,Buen tiempo,Pleno día,1,0,0,1,2019-06-01,otro,choque obstaculo lateral,buen tiempo,pleno dia,travesia,9b21b03d9048a5e6799a5c7052283250a92ca32a7089203a0c37d113d9ee9c53,accidentes_raw_dgt,2026-05-09 20:40:11