AÑO,PROVINCIA,MES,DIA_SEMANA,HORA,ZONA,TIPO_VIA,TIPO_ACCIDENTE,CONDICION_METEO,CONDICION_ILUMINACION,TOTAL_VICTIMAS,FALLECIDOS_24H,HERIDOS_GRAVES,HERIDOS_LEVES,FECHA_ACCIDENTE,TIPO_VIA_NORM,TIPO_ACCIDENTE_NORM,CONDICION_METEO_NORM,CONDICION_ILUMINACION_NORM,ZONA_NORM,ID_ACCIDENTE_HASH,source_id,load_timestamp
2019,Alicante,6,Viernes,21,Travesía,Otro,Objeto desprendido,Buen tiempo,Noche sin iluminación,1,0,0,1,2019-06-01,otro,objeto desprendido,buen tiempo,noche sin iluminacion,travesia,b60300641c365f1db9cea77f0c76648ed7c35bbff715d3de360d802d93d8ca7d,accidentes_raw_dgt,2026-05-09 20:40:11
2019,Alicante,6,Miércoles,18,Travesía,Otro,Colisión por alcance,Buen tiempo,Pleno día,2,0,0,2,2019-06-01,otro,colision por alcance,buen tiempo,pleno dia,travesia,740c59b88403e9ba91877e0e1b09442adb8b90628d39a0ba4f85109fa42c0355,accidentes_raw_dgt,2026-05-09 20:40:11
2019,Alicante,6,Jueves,11,Zona interurbana,Camino vecinal,Colisión por alcance,Buen tiempo,Pleno día,1,0,1,0,2019-06-01,camino vecinal,colision por alcance,buen tiempo,pleno dia,zona interurbana,7e62ce15499878ca883e552b485ccc2f5dc86c7664c4446cc7f99a247f3f0ae1,accidentes_raw_dgt,2026-05-09 20:40:11
2019,Alicante,5,Martes,17,Travesía,Otro,Choque obstáculo calzada,Buen tiempo,Pleno día,1,0,1,0,2019-05-01,otro,choque obstaculo calzada,buen tiempo,pleno dia,travesia,7a98c22ae38c33c9c2e582c4e09a8d4b2b7f109bcfc099cccf49d4519e774e16,accidentes_raw_dgt,2026-05-09 20:40:11
2019,Alicante,6,Martes,11,Travesía,Otro,Colisión frontolateral,Buen tiempo,Pleno día,1,0,0,1,2019-06-01,otro,colision frontolateral,buen tiempo,pleno dia,travesia,e0f1d28eabdbaab649162f1275bfe00e50dbf549e200148aca0eb2f0178074db,accidentes_raw_dgt,2026-05-09 20:40:11
2019,Alicante,6,Miércoles,20,Zona interurbana,Autopista,Atropello a ciclista,Buen tiempo,Pleno día,1,0,0,1,2019-06-01,autopista,atropello a ciclista,buen tiempo,pleno dia,zona interurbana,ec3fdcd8136188e3b476270894351cdc05dc44a4df50d1c4ed727294fb89430f,accidentes_raw_dgt,2026-05-09 20:40:11
2019,Alicante,6,Miércoles,1,Travesía,Otro,Colisión frontolateral,Buen tiempo,Noche sin iluminación,1,0,0,1,2019-06-01,otro,colision frontolateral,buen tiempo,noche sin iluminacion,travesia,3b731d7620bf723f5df5cb3dc1ab0c3f452db716712cc14379a4dfd92d19182f,accidentes_raw_dgt,2026-05-09 20:40:11
2019,Alicante,6,Martes,14,Travesía,Otro,Colisión por alcance,Buen tiempo,Pleno día,2,0,0,2,2019-06-01,otro,colision por alcance,buen tiempo,pleno dia,travesia,49fdfc988e29f9ff8c710f68a3309da08a789dc79e1914f7ad62829cc76a7302,accidentes_raw_dgt,2026-05-09 20:40:11
2019,Alicante,6,Miércoles,13,Travesía,Otro,Choque obstáculo lateral,Buen tiempo,Pleno día,1,0,0,1,2019-06-01,otro,choque obstaculo lateral,buen tiempo,pleno dia,travesia,0def2c97214e2bc36b50d563676c62e2564c50d634fe471ec7400cee9e4ed7a7,accidentes_raw_dgt,2026-05-09 20:40:11
2019,Alicante,6,Jueves,20,Travesía,Otro,Choque obstáculo lateral,Buen tiempo,Pleno día,1,0,0,1,2019-06-01,otro,choque obstaculo lateral,buen tiempo,pleno dia,travesia,8698df0ec492e5026b61ae25e429f82dea81eb962c5fbfa8ed3fd2ac72a968b2,accidentes_raw_dgt,2026-05-09 20:40:11
2019,Alicante,6,Viernes,13,Travesía,Otro,Colisión frontal,Buen tiempo,Pleno día,1,0,0,1,2019-06-01,otro,colision frontal,buen tiempo,pleno dia,travesia,e0b372a86dbfe71bdb7bf19790cacabd2ad2c4d145087a94d842fe6ffe2eef8b,accidentes_raw_dgt,2026-05-09 20:40:11
2019,Alicante,6,Sábado,21,Travesía,Otro,Choque obstáculo lateral,Buen tiempo,Pleno día,2,0,0,2,2019-06-01,otro,choque obstaculo lateral,buen tiempo,pleno dia,travesia,f6903a126cfb9fc6c0d18a26461f3cc74b256dc2be0a14c40ad11f7d789e65f8,accidentes_raw_dgt,2026-05-09 20:40:11
2019,Alicante,6,Domingo,15,Travesía,Otro,Colisión frontolateral,Buen tiempo,Pleno día,1,0,0,1,2019-06-01,otro,colision frontolateral,buen tiempo,pleno dia,travesia,c6d34483cedd0b1069ecae3a71aff271b3602264c67b8f46b11c324c54ad9468,accidentes_raw_dgt,2026-05-09 20:40:11
2019,Alicante,6,Miércoles,9,Travesía,Otro,Colisión lateral,Buen tiempo,Pleno día,2,0,0,2,2019-06-01,otro,colision lateral,buen tiempo,pleno dia,travesia,c96d630ec3a16ba4748b6ad7fad9e79f50cfc484037ef2d6e69268ccc70064ad,accidentes_raw_dgt,2026-05-09 20:40:11
2019,Alicante,7,Lunes,19,Travesía,Otro,Animal en calzada,Buen tiempo,Pleno día,1,0,1,0,2019-07-01,otro,animal en calzada,buen tiempo,pleno dia,travesia,82c7725c70dc3411afd70bb4253a3a208a9961844f39ad219b07710b7bcafc84,accidentes_raw_dgt,2026-05-09 20:40:11
2019,Alicante,7,Martes,13,Travesía,Otro,Choque obstáculo lateral,Buen tiempo,Pleno día,1,0,0,1,2019-07-01,otro,choque obstaculo lateral,buen tiempo,pleno dia,travesia,109605b9bd377f6c636831a2a8a5c6f397e5887c28c3071688413a15388066c2,accidentes_raw_dgt,2026-05-09 20:40:11
2019,Alicante,7,Miércoles,14,Travesía,Otro,Choque obstáculo lateral,Lluvia,Pleno día,1,0,0,1,2019-07-01,otro,choque obstaculo lateral,lluvia,pleno dia,travesia,5a9788c1434d2653d2d6ed7eda409a5af5d196f29b9da89c52ff83a94490445f,accidentes_raw_dgt,2026-05-09 20:40:11
2019,Alicante,7,Sábado,0,Travesía,Otro,Objeto desprendido,Buen tiempo,Noche sin iluminación,1,0,0,1,2019-07-01,otro,objeto desprendido,buen tiempo,noche sin iluminacion,travesia,311a0ae57be934ee398b0f2848742f7739c5567d41f1ee1f08f24f4d65e371e6,accidentes_raw_dgt,2026-05-09 20:40:11
2019,Alicante,7,Viernes,11,Travesía,Otro,Colisión por alcance,Buen tiempo,Pleno día,1,0,0,1,2019-07-01,otro,colision por alcance,buen tiempo,pleno dia,travesia,605e9e90d5370dfd14f2b61f34cbc58c2c9cf5686160cc483a0c5a4b4f421fc9,accidentes_raw_dgt,2026-05-09 20:40:11
2019,Alicante,7,Lunes,13,Travesía,Otro,Colisión por alcance,Lluvia,Pleno día,1,0,0,1,2019-07-01,otro,colision por alcance,lluvia,pleno dia,travesia,091ebb75152d83431bc702010a287239fe7c21c5d23df65a057281076a73803a,accidentes_raw_dgt,2026-05-09 20:40:11
2019,Alicante,7,Lunes,22,Travesía,Otro,Colisión por alcance,Buen tiempo,Noche sin iluminación,1,0,0,1,2019-07-01,otro,colision por alcance,buen tiempo,noche sin iluminacion,travesia,899b9a314067a23557b5db9b87d3e599e2f3200bd69b6cdc6dcf08f8b8e40e2e,accidentes_raw_dgt,2026-05-09 20:40:11
2019,Alicante,7,Lunes,20,Zona interurbana,Vía urbana,Colisión frontolateral,Buen tiempo,Pleno día,1,0,0,1,2019-07-01,via urbana,colision frontolateral,buen tiempo,pleno dia,zona interurbana,90a2e778e9a182c58afefa8c93ecdd2bcda65a9b6e994ff1bac677cee5ce464b,accidentes_raw_dgt,2026-05-09 20:40:11
2019,Alicante,7,Martes,13,Travesía,Otro,Colisión por alcance,Buen tiempo,Pleno día,1,0,0,1,2019-07-01,otro,colision por alcance,buen tiempo,pleno dia,travesia,399b19bd30c0341148c232399b97d6c10d2d105ff9205425015bf63cd0b151eb,accidentes_raw_dgt,2026-05-09 20:40:11
2019,Alicante,7,Miércoles,7,Zona interurbana,Vía urbana,Choque obstáculo calzada,Buen tiempo,Amanecer/Anochecer,1,0,0,1,2019-07-01,via urbana,choque obstaculo calzada,buen tiempo,amanecer/anochecer,zona interurbana,ea215720034a4c3073d7a7886b27431b89805c01b18329b8af22bc4113a668a4,accidentes_raw_dgt,2026-05-09 20:40:11
2019,Alicante,7,Miércoles,16,Travesía,Otro,Colisión frontal,Buen tiempo,Pleno día,1,0,0,1,2019-07-01,otro,colision frontal,buen tiempo,pleno dia,travesia,2f5b70c621fdcb0de0dcc46e2e4ef63a57dbe7fe6a564c9de9d42cd51c0beaf1,accidentes_raw_dgt,2026-05-09 20:40:11
2019,Alicante,7,Miércoles,18,Travesía,Otro,Colisión frontolateral,Buen tiempo,Pleno día,1,0,0,1,2019-07-01,otro,colision frontolateral,buen tiempo,pleno dia,travesia,50181e9eff2dc42771486286188b8f2ebb4bd1d5dbb7dbeabc8b392bf573ad40,accidentes_raw_dgt,2026-05-09 20:40:11
2019,Alicante,7,Jueves,0,Zona interurbana,Ramal/enlace,Salida vía izquierda,Buen tiempo,Noche sin iluminación,3,1,0,2,2019-07-01,ramal/enlace,salida via izquierda,buen tiempo,noche sin iluminacion,zona interurbana,2206b111c94d5ad89c25b370a5dbb7d2b8a820970203ef50104efcca2bfbf9c1,accidentes_raw_dgt,2026-05-09 20:40:11
2019,Alicante,7,Jueves,14,Travesía,Otro,Se desconoce,Buen tiempo,Pleno día,1,0,0,1,2019-07-01,otro,se desconoce,buen tiempo,pleno dia,travesia,891b18b759447efa6e51949c414991dace25047478c26d6d72553772e4c6b652,accidentes_raw_dgt,2026-05-09 20:40:11
2019,Alicante,7,Viernes,19,Travesía,Otro,Colisión frontolateral,Buen tiempo,Pleno día,1,0,0,1,2019-07-01,otro,colision frontolateral,buen tiempo,pleno dia,travesia,2fec73f20596429e9b573335828bba2607380529078c9ba9fce24108e1102b6a,accidentes_raw_dgt,2026-05-09 20:40:11
2019,Alicante,7,Viernes,19,Travesía,Otro,Choque obstáculo lateral,Buen tiempo,Pleno día,2,0,0,2,2019-07-01,otro,choque obstaculo lateral,buen tiempo,pleno dia,travesia,314c8125db7e2d4c4c5da84889177cf47faa40c9e59374a45007134c29de54f8,accidentes_raw_dgt,2026-05-09 20:40:11
2019,Alicante,7,Domingo,15,Travesía,Otro,Colisión frontolateral,Buen tiempo,Pleno día,1,0,0,1,2019-07-01,otro,colision frontolateral,buen tiempo,pleno dia,travesia,10fc5d072454fbc12fce89009daa7a3fa271782b332f91f9b207a4704107b61f,accidentes_raw_dgt,2026-05-09 20:40:11
2019,Alicante,7,Martes,13,Travesía,Otro urbano,Choque obstáculo lateral,Buen tiempo,Pleno día,1,0,0,1,2019-07-01,otro urbano,choque obstaculo lateral,buen tiempo,pleno dia,travesia,e5481aa7df58a36f4d0a1fb99cb56e3cf20e1ea96329e414c81d0ce7ad2c1bfc,accidentes_raw_dgt,2026-05-09 20:40:11
2019,Alicante,7,Domingo,9,Travesía,Otro,Animal en calzada,Buen tiempo,Pleno día,1,0,0,1,2019-07-01,otro,animal en calzada,buen tiempo,pleno dia,travesia,f2545297c4617f372b50068ea63c4a0172331b161606b4d2d4fea9214beed18e,accidentes_raw_dgt,2026-05-09 20:40:11
2019,Alicante,7,Martes,16,Travesía,Otro,Colisión frontolateral,Buen tiempo,Pleno día,2,0,0,2,2019-07-01,otro,colision frontolateral,buen tiempo,pleno dia,travesia,aeec2fcd27fcd10651005209d0db55dd2a7d61ffe4ab7d8ea6c65a36fce950c1,accidentes_raw_dgt,2026-05-09 20:40:11
2019,Alicante,7,Jueves,14,Travesía,Otro,Colisión por alcance,Buen tiempo,Pleno día,1,0,0,1,2019-07-01,otro,colision por alcance,buen tiempo,pleno dia,travesia,5292478e83f6b244c7c7c5c1fe272121abdc2982f66ed11fcbc6ea7e73af124d,accidentes_raw_dgt,2026-05-09 20:40:11
2019,Alicante,7,Viernes,9,Travesía,Otro,Se desconoce,Buen tiempo,Pleno día,2,0,0,2,2019-07-01,otro,se desconoce,buen tiempo,pleno dia,travesia,8e3330aeb5e96211f56a9521e80ab8b0a841921b73bc64131abee2701dff81eb,accidentes_raw_dgt,2026-05-09 20:40:11
2019,Alicante,7,Sábado,16,Travesía,Otro,Colisión lateral,Buen tiempo,Pleno día,1,0,0,1,2019-07-01,otro,colision lateral,buen tiempo,pleno dia,travesia,1f3b8e69941641383b83d90d3091f7e22d81fce357635f457ce47a98bde3bdb6,accidentes_raw_dgt,2026-05-09 20:40:11
2019,Alicante,7,Viernes,19,Zona interurbana,Vía urbana,Colisión por alcance,Buen tiempo,Pleno día,2,0,0,2,2019-07-01,via urbana,colision por alcance,buen tiempo,pleno dia,zona interurbana,1134c0a7d44fdae1afd7f1f64e2789496784095ca0a050947d659c256d331d34,accidentes_raw_dgt,2026-05-09 20:40:11
2019,Alicante,7,Lunes,14,Travesía,Otro,Animal en calzada,Buen tiempo,Pleno día,1,0,0,1,2019-07-01,otro,animal en calzada,buen tiempo,pleno dia,travesia,238f12f53f02e14ae4ee8a929f4fecc09390e03fa17e66edda594b04d9122678,accidentes_raw_dgt,2026-05-09 20:40:11
2019,Alicante,7,Miércoles,13,Travesía,Otro,Colisión lateral,Buen tiempo,Pleno día,1,0,0,1,2019-07-01,otro,colision lateral,buen tiempo,pleno dia,travesia,f11a7d64cc0201a4ba1e60e00992d074dc6c46680bb7be196073d26e53e45bf1,accidentes_raw_dgt,2026-05-09 20:40:11
2019,Alicante,7,Jueves,10,Travesía,Otro,Animal en calzada,Buen tiempo,Pleno día,1,0,0,1,2019-07-01,otro,animal en calzada,buen tiempo,pleno dia,travesia,2bc805107667db072da4addd4085678cf44bdd36e12cb8b0a2b1a3cc04629f8d,accidentes_raw_dgt,2026-05-09 20:40:11
2019,Alicante,7,Sábado,18,Travesía,Otro,Choque obstáculo lateral,Buen tiempo,Pleno día,1,0,0,1,2019-07-01,otro,choque obstaculo lateral,buen tiempo,pleno dia,travesia,131127203c89e8219dbdfe2f597538759310f40918b22270401794e1300d2c9d,accidentes_raw_dgt,2026-05-09 20:40:11
2019,Alicante,7,Sábado,20,Travesía,Otro,Choque obstáculo lateral,Buen tiempo,Pleno día,2,0,0,2,2019-07-01,otro,choque obstaculo lateral,buen tiempo,pleno dia,travesia,56eff0923675867f255173936ee40e6f7ada31df62cb00f60fb28d54ee428553,accidentes_raw_dgt,2026-05-09 20:40:11
2019,Alicante,7,Lunes,20,Travesía,Otro,Choque obstáculo lateral,Buen tiempo,Amanecer/Anochecer,1,0,0,1,2019-07-01,otro,choque obstaculo lateral,buen tiempo,amanecer/anochecer,travesia,9106f1ec4a2142f02273d7a820b6fd53c612fdfbdf8626c96d65af38828e735e,accidentes_raw_dgt,2026-05-09 20:40:11
2019,Alicante,7,Martes,1,Travesía,Otro,Colisión por alcance,Buen tiempo,Noche sin iluminación,2,0,0,2,2019-07-01,otro,colision por alcance,buen tiempo,noche sin iluminacion,travesia,3b7ffedfd5916e6ee067be68f0deaef34beb18eacf7f7e1be5b3514b8fac177e,accidentes_raw_dgt,2026-05-09 20:40:11
2019,Alicante,7,Martes,13,Travesía,Otro,Objeto desprendido,Buen tiempo,Pleno día,1,0,0,1,2019-07-01,otro,objeto desprendido,buen tiempo,pleno dia,travesia,27bb55ca7d1e8404f09fe32cd45c380b462107b39f2dee0c3e2193e25afdf1f6,accidentes_raw_dgt,2026-05-09 20:40:11
2019,Alicante,7,Martes,19,Travesía,Otro,Colisión por alcance,Lluvia,Pleno día,1,0,0,1,2019-07-01,otro,colision por alcance,lluvia,pleno dia,travesia,cc30b5886e1f478d3cc5cef8a7f2aa22ab4a5dbf7b0d39fb96a3449817e502c8,accidentes_raw_dgt,2026-05-09 20:40:11
2019,Alicante,7,Miércoles,19,Travesía,Otro,Colisión lateral,Buen tiempo,Pleno día,1,0,0,1,2019-07-01,otro,colision lateral,buen tiempo,pleno dia,travesia,8b4b1582ca4555a5d72db7df8f187f1ac38a6e5132591ee15d622ffebcfb1a3e,accidentes_raw_dgt,2026-05-09 20:40:11
2019,Alicante,7,Miércoles,19,Travesía,Otro,Animal en calzada,Buen tiempo,Pleno día,1,0,0,1,2019-07-01,otro,animal en calzada,buen tiempo,pleno dia,travesia,bfad68fe2ab8ee5e430d5b1302c1f149b4bff56c8c906bba57fa5e5c8a232123,accidentes_raw_dgt,2026-05-09 20:40:11
2019,Alicante,8,Sábado,19,Travesía,Otro,Animal en calzada,Buen tiempo,Pleno día,2,0,0,2,2019-08-01,otro,animal en calzada,buen tiempo,pleno dia,travesia,659479bf8d744193a30700c48aa30a6c55dcafd8c617a336d55f86670c147d18,accidentes_raw_dgt,2026-05-09 20:40:11
2019,Alicante,8,Sábado,16,Travesía,Otro,Choque obstáculo lateral,Buen tiempo,Pleno día,2,0,0,2,2019-08-01,otro,choque obstaculo lateral,buen tiempo,pleno dia,travesia,d8f548dedc438e25dabc4184ee96adb398c5f8d23bb9c81a8509b28a90458e51,accidentes_raw_dgt,2026-05-09 20:40:11
2019,Alicante,7,Sábado,19,Travesía,Otro,Colisión por alcance,Buen tiempo,Pleno día,4,0,0,4,2019-07-01,otro,colision por alcance,buen tiempo,pleno dia,travesia,2564f21bc22c36871d6dd583fc75326a896f8ba5b83db27c8bfc0879dab77655,accidentes_raw_dgt,2026-05-09 20:40:11
2019,Alicante,8,Lunes,20,Travesía,Otro,Colisión frontolateral,Buen tiempo,Amanecer/Anochecer,1,0,0,1,2019-08-01,otro,colision frontolateral,buen tiempo,amanecer/anochecer,travesia,4ea837ac2e51fbac23f73aff0a9dd25089f67d3e4b1b5355219dc8f254f4653d,accidentes_raw_dgt,2026-05-09 20:40:11
2019,Alicante,8,Jueves,0,Travesía,Otro,Colisión frontolateral,Buen tiempo,Noche sin iluminación,1,0,0,1,2019-08-01,otro,colision frontolateral,buen tiempo,noche sin iluminacion,travesia,6a551776eeaddabe5d552ea403fabaaa81825f6f05d7d945439ccd4e7dc09029,accidentes_raw_dgt,2026-05-09 20:40:11
2019,Alicante,8,Miércoles,18,Travesía,Otro,Animal en calzada,Buen tiempo,Pleno día,1,0,0,1,2019-08-01,otro,animal en calzada,buen tiempo,pleno dia,travesia,b830921ffa705bdb1983f575ecd2f8462c9cf5e3d695a3e28076452f343c4680,accidentes_raw_dgt,2026-05-09 20:40:11
2019,Alicante,8,Jueves,20,Travesía,Otro,Colisión frontolateral,Buen tiempo,Pleno día,1,0,0,1,2019-08-01,otro,colision frontolateral,buen tiempo,pleno dia,travesia,808c9cfebd38d4d93da5bb3b32be7e39cbb403672c5ce39b83bffe7d5660b114,accidentes_raw_dgt,2026-05-09 20:40:11
2019,Alicante,8,Viernes,17,Zona interurbana,Vía urbana,Animal en calzada,Buen tiempo,Pleno día,1,0,0,1,2019-08-01,via urbana,animal en calzada,buen tiempo,pleno dia,zona interurbana,60bfa6b5188a1c20691b4eb35e8448823072d90877b4c07666af4adfe679cf6d,accidentes_raw_dgt,2026-05-09 20:40:11
2019,Alicante,8,Sábado,8,Zona interurbana,Autopista,Choque obstáculo calzada,Buen tiempo,Pleno día,1,0,0,1,2019-08-01,autopista,choque obstaculo calzada,buen tiempo,pleno dia,zona interurbana,6a6581ce785d28e72b3b2d9a514334bd625e5f76082eb0665a373027e13b5aed,accidentes_raw_dgt,2026-05-09 20:40:11
2019,Alicante,8,Sábado,23,Travesía,Otro,Choque obstáculo lateral,Buen tiempo,Noche sin iluminación,1,0,0,1,2019-08-01,otro,choque obstaculo lateral,buen tiempo,noche sin iluminacion,travesia,83d7ce01060ca9e9dc54af6c215800d77b11bad522966f80acd79deddb36f73b,accidentes_raw_dgt,2026-05-09 20:40:11
2019,Alicante,8,Sábado,22,Travesía,Travesía,Choque obstáculo lateral,Buen tiempo,Noche sin iluminación,1,0,0,1,2019-08-01,travesia,choque obstaculo lateral,buen tiempo,noche sin iluminacion,travesia,967ae5f964cddff3dcd43c279dab57d1494975527977cac3b05bbcb652605215,accidentes_raw_dgt,2026-05-09 20:40:11
2019,Alicante,8,Lunes,15,Travesía,Otro,Animal en calzada,Otro,Pleno día,1,0,0,1,2019-08-01,otro,animal en calzada,otro,pleno dia,travesia,7995b28bf42b6cf6c67af041648be9bc73caf04ee04ee84da67bf1f00071a1db,accidentes_raw_dgt,2026-05-09 20:40:11
2019,Alicante,8,Domingo,17,Travesía,Otro,Choque obstáculo calzada,Buen tiempo,Pleno día,1,0,0,1,2019-08-01,otro,choque obstaculo calzada,buen tiempo,pleno dia,travesia,0b8d7cb09e683475be618ed9e161e13ed691d56361daa16e8be49f66052b126a,accidentes_raw_dgt,2026-05-09 20:40:11
2019,Alicante,8,Lunes,10,Travesía,Otro,Colisión lateral,Buen tiempo,Pleno día,1,0,0,1,2019-08-01,otro,colision lateral,buen tiempo,pleno dia,travesia,f72ec490c51635ddbfad2ed7abf59464770324607a753f6c1ca071a4313a2912,accidentes_raw_dgt,2026-05-09 20:40:11
2019,Alicante,8,Martes,8,Travesía,Otro,Animal en calzada,Buen tiempo,Pleno día,1,0,0,1,2019-08-01,otro,animal en calzada,buen tiempo,pleno dia,travesia,e8dedb66d09f7dc99e0b23aaa87f267823e17bdf3cc2ad30533e3a38340e0f8b,accidentes_raw_dgt,2026-05-09 20:40:11
2019,Alicante,8,Miércoles,12,Travesía,Otro,Objeto desprendido,Buen tiempo,Pleno día,2,0,0,2,2019-08-01,otro,objeto desprendido,buen tiempo,pleno dia,travesia,84b564f96061f242d23246f9f66a77ad43178f3bdc168462fedd94803bcaccd3,accidentes_raw_dgt,2026-05-09 20:40:11
2019,Alicante,8,Miércoles,9,Travesía,Otro,Choque obstáculo lateral,Buen tiempo,Pleno día,1,0,0,1,2019-08-01,otro,choque obstaculo lateral,buen tiempo,pleno dia,travesia,fc5101a7f55d71e234242163fd1bdfaa4fdea7437bf161f7e1cf7c49e57580a2,accidentes_raw_dgt,2026-05-09 20:40:11
2019,Alicante,8,Sábado,22,Travesía,Otro,Animal en calzada,Buen tiempo,Noche sin iluminación,1,0,0,1,2019-08-01,otro,animal en calzada,buen tiempo,noche sin iluminacion,travesia,a0bd500821a86e562ff1a1ab1d85caca8f3ddd287a0a3267536f9a1b7335cfb3,accidentes_raw_dgt,2026-05-09 20:40:11
2019,Alicante,8,Jueves,16,Travesía,Otro,Choque obstáculo lateral,Buen tiempo,Pleno día,1,0,1,0,2019-08-01,otro,choque obstaculo lateral,buen tiempo,pleno dia,travesia,594686bcfe8a1c52aa5c6ab2feadeac31c7fbc9815ad68487b60d946a12e4765,accidentes_raw_dgt,2026-05-09 20:40:11
2019,Alicante,8,Viernes,20,Travesía,Otro,Colisión lateral,Buen tiempo,Pleno día,1,0,0,1,2019-08-01,otro,colision lateral,buen tiempo,pleno dia,travesia,dc7b81fd2fff7f765c9db9420b55a09a31f1ec49492aab0ebc8739ba5c20312f,accidentes_raw_dgt,2026-05-09 20:40:11
2019,Alicante,8,Jueves,15,Travesía,Otro,Colisión frontal,Buen tiempo,Pleno día,1,0,0,1,2019-08-01,otro,colision frontal,buen tiempo,pleno dia,travesia,393a1a94b0e3a733d344c17fae097446b29e9d325f89fae0887021d5fe6c5792,accidentes_raw_dgt,2026-05-09 20:40:11
2019,Alicante,8,Viernes,22,Travesía,Otro,Choque obstáculo lateral,Buen tiempo,Noche sin iluminación,1,0,0,1,2019-08-01,otro,choque obstaculo lateral,buen tiempo,noche sin iluminacion,travesia,9a5a48758da347f33bd37064cfbd05442ef005c85ae0ea4614740d5597316ed3,accidentes_raw_dgt,2026-05-09 20:40:11
2019,Alicante,8,Martes,19,Travesía,Otro,Animal en calzada,Buen tiempo,Pleno día,1,0,0,1,2019-08-01,otro,animal en calzada,buen tiempo,pleno dia,travesia,b4c8ac20a87e493a3dd30a6f16094149771660c1ae17fbab1e4adfef86c76091,accidentes_raw_dgt,2026-05-09 20:40:11
2019,Alicante,8,Miércoles,12,Zona interurbana,Vía urbana,Animal en calzada,Buen tiempo,Pleno día,2,0,0,2,2019-08-01,via urbana,animal en calzada,buen tiempo,pleno dia,zona interurbana,07aa2015d482734372d4a9a1c07c8290198526b9ce1fd2e2dcff4d05f6792a29,accidentes_raw_dgt,2026-05-09 20:40:11
2019,Alicante,8,Sábado,23,Travesía,Otro,Colisión frontolateral,Buen tiempo,Noche sin iluminación,1,0,0,1,2019-08-01,otro,colision frontolateral,buen tiempo,noche sin iluminacion,travesia,e7f63be25caefa4d8cff32f04757b158f73c50ae313668a07dc8ee9bec9b43de,accidentes_raw_dgt,2026-05-09 20:40:11
2019,Alicante,8,Martes,8,Travesía,Otro,Animal en calzada,Buen tiempo,Pleno día,1,0,1,0,2019-08-01,otro,animal en calzada,buen tiempo,pleno dia,travesia,e0b08ad65f5b6f6b75d18c8642a041ca1160609af1b7dfc55ab7f2d293fd8758,accidentes_raw_dgt,2026-05-09 20:40:11
2019,Alicante,8,Domingo,18,Travesía,Otro,Objeto desprendido,Buen tiempo,Pleno día,1,0,0,1,2019-08-01,otro,objeto desprendido,buen tiempo,pleno dia,travesia,21945e7f31fb51b4fccc6947a26b2573b9bc4763ae10b6bd1b59afda8959aab3,accidentes_raw_dgt,2026-05-09 20:40:11
2019,Alicante,8,Lunes,7,Travesía,Otro,Colisión frontolateral,Buen tiempo,Pleno día,1,0,0,1,2019-08-01,otro,colision frontolateral,buen tiempo,pleno dia,travesia,ed0478973a6c233d4cba8a20af7c6a156599c88e5f6dfdd8ea10cdbf2c8c4cfd,accidentes_raw_dgt,2026-05-09 20:40:11
2019,Alicante,8,Sábado,13,Travesía,Otro,Choque obstáculo lateral,Buen tiempo,Pleno día,1,0,0,1,2019-08-01,otro,choque obstaculo lateral,buen tiempo,pleno dia,travesia,08dd19ebe332aeb67bca30589e54e627232949c7373d3e353f94c21f69a9d9c5,accidentes_raw_dgt,2026-05-09 20:40:11
2019,Alicante,7,Domingo,6,Travesía,Otro,Se desconoce,Buen tiempo,Noche con iluminación,1,1,0,0,2019-07-01,otro,se desconoce,buen tiempo,noche con iluminacion,travesia,cb46cf928f8527e2c433c2ce8b0a4a400fad8e136904a54aa2d7bc4d891ed4b1,accidentes_raw_dgt,2026-05-09 20:40:11
2019,Alicante,9,Sábado,6,Travesía,Otro,Animal en calzada,Granizo,Noche sin iluminación,1,0,0,1,2019-09-01,otro,animal en calzada,granizo,noche sin iluminacion,travesia,74bb05d20f937f744cbf930cc6174146b830b9cf0a7ba01d0ba3c11b613adcba,accidentes_raw_dgt,2026-05-09 20:40:11
2019,Alicante,8,Sábado,13,Travesía,Otro,Choque obstáculo lateral,Buen tiempo,Pleno día,1,0,0,1,2019-08-01,otro,choque obstaculo lateral,buen tiempo,pleno dia,travesia,04e97796ac4d1ffe851398d3a25afad5f62916ef5ac22f6f10e83192dc15e8c3,accidentes_raw_dgt,2026-05-09 20:40:11
2019,Alicante,9,Domingo,23,Zona interurbana,Camino vecinal,Se desconoce,Buen tiempo,Noche sin iluminación,2,0,0,2,2019-09-01,camino vecinal,se desconoce,buen tiempo,noche sin iluminacion,zona interurbana,3343427bd8ac1cfc0f8e51fee0f21ad7db5432ac07ac382768f7668bfd1309c9,accidentes_raw_dgt,2026-05-09 20:40:11
2019,Alicante,9,Miércoles,14,Travesía,Otro,Objeto desprendido,Lluvia,Pleno día,1,0,1,0,2019-09-01,otro,objeto desprendido,lluvia,pleno dia,travesia,2a3d4a80aa7481df2d65446bdc5b55a5eec9d940aa44b326882fceac780b24d0,accidentes_raw_dgt,2026-05-09 20:40:11
2019,Alicante,8,Martes,14,Travesía,Otro,Choque obstáculo lateral,Buen tiempo,Pleno día,1,0,0,1,2019-08-01,otro,choque obstaculo lateral,buen tiempo,pleno dia,travesia,edbf8a7109ded44c55e03f440684289eedf39505da2be57d550acb7a8858220f,accidentes_raw_dgt,2026-05-09 20:40:11