AÑO,PROVINCIA,MES,DIA_SEMANA,HORA,ZONA,TIPO_VIA,TIPO_ACCIDENTE,CONDICION_METEO,CONDICION_ILUMINACION,TOTAL_VICTIMAS,FALLECIDOS_24H,HERIDOS_GRAVES,HERIDOS_LEVES,FECHA_ACCIDENTE,TIPO_VIA_NORM,TIPO_ACCIDENTE_NORM,CONDICION_METEO_NORM,CONDICION_ILUMINACION_NORM,ZONA_NORM,ID_ACCIDENTE_HASH,source_id,load_timestamp
2019,Alicante,8,Viernes,18,Travesía,Otro,Colisión frontolateral,Buen tiempo,Pleno día,1,0,0,1,2019-08-01,otro,colision frontolateral,buen tiempo,pleno dia,travesia,4f272e2b15404e979f630759d70350ab2b5f66d9d7390373cf57814666c4f5b1,accidentes_raw_dgt,2026-05-09 20:40:11
2019,Alicante,9,Martes,14,Travesía,Otro,Colisión frontolateral,Buen tiempo,Pleno día,1,0,0,1,2019-09-01,otro,colision frontolateral,buen tiempo,pleno dia,travesia,bc3f8c15936c27ffae4c58506586013fb3375e486258cd0997ffd5f82f1de8b2,accidentes_raw_dgt,2026-05-09 20:40:11
2019,Alicante,9,Sábado,13,Travesía,Otro,Choque obstáculo lateral,Buen tiempo,Pleno día,1,0,0,1,2019-09-01,otro,choque obstaculo lateral,buen tiempo,pleno dia,travesia,f5334f59cc820a5c99fd2a5b5527884c821c19f1daa7c825368603aba61d6178,accidentes_raw_dgt,2026-05-09 20:40:11
2019,Alicante,9,Miércoles,7,Zona interurbana,Camino vecinal,Colisión múltiple,Buen tiempo,Pleno día,1,0,0,1,2019-09-01,camino vecinal,colision multiple,buen tiempo,pleno dia,zona interurbana,63c5cd559eaf56798fe5361fcff2c40386f79d8f13548d9ef28b1dc3eafb0ecf,accidentes_raw_dgt,2026-05-09 20:40:11
2019,Alicante,9,Miércoles,11,Travesía,Otro,Animal en calzada,Buen tiempo,Pleno día,2,0,0,2,2019-09-01,otro,animal en calzada,buen tiempo,pleno dia,travesia,61503690505f84b144e6ac89124540a3eb8d22e77db76500984cfc50a1d8776e,accidentes_raw_dgt,2026-05-09 20:40:11
2019,Alicante,9,Lunes,15,Travesía,Otro,Choque obstáculo lateral,Buen tiempo,Pleno día,1,0,0,1,2019-09-01,otro,choque obstaculo lateral,buen tiempo,pleno dia,travesia,8b01315e403fc6491b9913a552cf8ff5ee954c14ad3207898db1ccf318cd9ba3,accidentes_raw_dgt,2026-05-09 20:40:11
2019,Alicante,9,Domingo,14,Travesía,Otro,Colisión frontolateral,Buen tiempo,Pleno día,1,0,0,1,2019-09-01,otro,colision frontolateral,buen tiempo,pleno dia,travesia,675fa5692e307231f466088b86e84624c4e4a52ae49ec1ee320e878121450b2e,accidentes_raw_dgt,2026-05-09 20:40:11
2019,Alicante,9,Miércoles,13,Travesía,Otro,Colisión frontolateral,Buen tiempo,Pleno día,2,0,0,2,2019-09-01,otro,colision frontolateral,buen tiempo,pleno dia,travesia,827b209fa167fa5c0302fcb45e4ca3ac2076713ee96b88179a7d9cd4cb1bf834,accidentes_raw_dgt,2026-05-09 20:40:11
2019,Alicante,9,Miércoles,13,Travesía,Otro,Objeto desprendido,Buen tiempo,Pleno día,1,0,0,1,2019-09-01,otro,objeto desprendido,buen tiempo,pleno dia,travesia,ccc6465cd2ba04eb1080924e50d719d11665844b93b77d31ad61e3419b524f9a,accidentes_raw_dgt,2026-05-09 20:40:11
2019,Alicante,9,Domingo,12,Zona interurbana,Camino vecinal,Colisión lateral,Buen tiempo,Pleno día,1,0,0,1,2019-09-01,camino vecinal,colision lateral,buen tiempo,pleno dia,zona interurbana,8552b874fd59a64333e862c0a1eda2cf54fa62e3ebb0710c7fb6b82858ede198,accidentes_raw_dgt,2026-05-09 20:40:11
2019,Alicante,10,Miércoles,6,Zona interurbana,Vía urbana,Colisión por alcance,Buen tiempo,Se desconoce,1,0,0,1,2019-10-01,via urbana,colision por alcance,buen tiempo,se desconoce,zona interurbana,a8a2c6189790c0eb3656580528e9535b0a8869a57b6f8666e54466bffd4f22ce,accidentes_raw_dgt,2026-05-09 20:40:11
2019,Alicante,10,Miércoles,17,Travesía,Otro,Animal en calzada,Buen tiempo,Pleno día,1,0,0,1,2019-10-01,otro,animal en calzada,buen tiempo,pleno dia,travesia,0aef7080e0ce1621f216a7ba9b4bae62225a59f14210c8191cc75388df4bcf9d,accidentes_raw_dgt,2026-05-09 20:40:11
2019,Alicante,9,Sábado,16,Zona interurbana,Camino vecinal,Colisión lateral,Buen tiempo,Pleno día,1,0,0,1,2019-09-01,camino vecinal,colision lateral,buen tiempo,pleno dia,zona interurbana,85d1fb597319e35e98bcff0a347330b8929fe50b02e88af1b91d89ba087dbd09,accidentes_raw_dgt,2026-05-09 20:40:11
2019,Alicante,10,Miércoles,11,Travesía,Otro,Colisión lateral,Buen tiempo,Pleno día,1,0,0,1,2019-10-01,otro,colision lateral,buen tiempo,pleno dia,travesia,ae9123de2fc403666c9f48a6546fffc5257ff69536f7c4d8f8d5d327d6a4e061,accidentes_raw_dgt,2026-05-09 20:40:11
2019,Alicante,10,Viernes,13,Zona interurbana,Otro urbano,Caída de motociclista,Buen tiempo,Pleno día,1,0,0,1,2019-10-01,otro urbano,caida de motociclista,buen tiempo,pleno dia,zona interurbana,124640bf2792a0cdce2c04e13326d67bf013bac6ce546616b04888e7c4e68631,accidentes_raw_dgt,2026-05-09 20:40:11
2019,Alicante,10,Viernes,9,Travesía,Otro,Colisión frontolateral,Buen tiempo,Pleno día,1,0,0,1,2019-10-01,otro,colision frontolateral,buen tiempo,pleno dia,travesia,44d39c6e5e7b45bfc2187fb3c89be58c5a3dc6a54d2a0075402c551c14ea1459,accidentes_raw_dgt,2026-05-09 20:40:11
2019,Alicante,10,Viernes,13,Travesía,Otro,Choque obstáculo lateral,Buen tiempo,Pleno día,1,0,0,1,2019-10-01,otro,choque obstaculo lateral,buen tiempo,pleno dia,travesia,de74413100cf58e0bba86d129818212e044ae3e37e77989469b5ee8f4c4b612b,accidentes_raw_dgt,2026-05-09 20:40:11
2019,Alicante,9,Miércoles,21,Travesía,Otro,Animal en calzada,Buen tiempo,Noche sin iluminación,1,0,0,1,2019-09-01,otro,animal en calzada,buen tiempo,noche sin iluminacion,travesia,100e667d1f4c2509d4c83a29f718c423f492e834ad2b3b4e1d98b5efa918b677,accidentes_raw_dgt,2026-05-09 20:40:11
2019,Alicante,9,Domingo,21,Travesía,Otro,Colisión frontolateral,Buen tiempo,Noche sin iluminación,2,0,0,2,2019-09-01,otro,colision frontolateral,buen tiempo,noche sin iluminacion,travesia,ed3c9dc579bb8a9de33c72abb3d5230c3f81dfb332f9e93a2468b9828e718997,accidentes_raw_dgt,2026-05-09 20:40:11
2019,Alicante,10,Martes,23,Travesía,Otro,Objeto desprendido,Buen tiempo,Noche sin iluminación,1,0,1,0,2019-10-01,otro,objeto desprendido,buen tiempo,noche sin iluminacion,travesia,f59f52637e1f7462419d76242c44191e63d2c81e94177c0f54c429a2cf5fb616,accidentes_raw_dgt,2026-05-09 20:40:11
2019,Alicante,10,Jueves,9,Travesía,Otro,Objeto desprendido,Buen tiempo,Pleno día,1,0,1,0,2019-10-01,otro,objeto desprendido,buen tiempo,pleno dia,travesia,ab7e67e9480cb9aecd206859cd28e942c5647ad85e6e3e5f1fb20783828ed190,accidentes_raw_dgt,2026-05-09 20:40:11
2019,Alicante,10,Viernes,11,Zona interurbana,Camino vecinal,Atropello a peatón,Buen tiempo,Pleno día,1,0,0,1,2019-10-01,camino vecinal,atropello a peaton,buen tiempo,pleno dia,zona interurbana,f15a3a5d34619f23d79d4124224e69f757a36d8ffb90aa7c17bf085ceb6cd53a,accidentes_raw_dgt,2026-05-09 20:40:11
2019,Alicante,10,Viernes,17,Travesía,Otro,Colisión frontolateral,Buen tiempo,Pleno día,1,0,1,0,2019-10-01,otro,colision frontolateral,buen tiempo,pleno dia,travesia,27d73d98c36f3dc0af6a78ae35b7ac66cbb5b379984500104f18f71864c94fd2,accidentes_raw_dgt,2026-05-09 20:40:11
2019,Alicante,10,Sábado,10,Travesía,Otro,Colisión por alcance,Buen tiempo,Pleno día,3,0,0,3,2019-10-01,otro,colision por alcance,buen tiempo,pleno dia,travesia,93a2b2c6229835801c3b573276911bbdbee50cd36940a911ca1d6b6d46a7d226,accidentes_raw_dgt,2026-05-09 20:40:11
2019,Alicante,10,Lunes,8,Zona interurbana,Vía urbana,Choque obstáculo lateral,Lluvia,Pleno día,1,0,0,1,2019-10-01,via urbana,choque obstaculo lateral,lluvia,pleno dia,zona interurbana,0d2625cc8c9515a19bd1e6fc5afa3e3922ac5b12c11c42ca2b760fe442261e50,accidentes_raw_dgt,2026-05-09 20:40:11
2019,Alicante,10,Domingo,15,Travesía,Otro,Colisión frontolateral,Lluvia,Pleno día,1,0,0,1,2019-10-01,otro,colision frontolateral,lluvia,pleno dia,travesia,3b5aa0daf8ef42ee7df60f25e0eaf68de5d7c8338c26d5c4319695a676f8bf52,accidentes_raw_dgt,2026-05-09 20:40:11
2019,Alicante,10,Miércoles,20,Zona interurbana,Vía urbana,Colisión múltiple,Lluvia,Se desconoce,3,0,0,3,2019-10-01,via urbana,colision multiple,lluvia,se desconoce,zona interurbana,38083c7ee9121e17401883566a148aa5c2e2d55dc53bc4a94a026517dbff3c6b,accidentes_raw_dgt,2026-05-09 20:40:11
2019,Alicante,10,Miércoles,14,Travesía,Otro,Colisión por alcance,Buen tiempo,Pleno día,2,0,0,2,2019-10-01,otro,colision por alcance,buen tiempo,pleno dia,travesia,597180d3039f1b7b7dde3ebdc56e13c698ef66dc18cf72ed61a4f79c8a904524,accidentes_raw_dgt,2026-05-09 20:40:11
2019,Alicante,10,Viernes,16,Travesía,Otro,Colisión frontal,Buen tiempo,Pleno día,1,0,0,1,2019-10-01,otro,colision frontal,buen tiempo,pleno dia,travesia,954f95d35f507b3ad2f9263fedd7612d76fe099b5c06b440c45da24f8c92786f,accidentes_raw_dgt,2026-05-09 20:40:11
2019,Alicante,10,Viernes,4,Travesía,Calle peatonal,Colisión frontolateral,Buen tiempo,Noche sin iluminación,2,0,1,0,2019-10-01,calle peatonal,colision frontolateral,buen tiempo,noche sin iluminacion,travesia,f6e5ff547d5a47ff234d9a5e91f57ee2eed7df94375fdbbec7056fef90fc4c7f,accidentes_raw_dgt,2026-05-09 20:40:11
2019,Alicante,10,Jueves,12,Travesía,Otro,Objeto desprendido,Buen tiempo,Pleno día,1,0,0,1,2019-10-01,otro,objeto desprendido,buen tiempo,pleno dia,travesia,c29ee91a4bd5ffbe6e837d2a3cf84262a4e13243e3c9db1c4f96ca6acf1c5eec,accidentes_raw_dgt,2026-05-09 20:40:11
2019,Alicante,10,Jueves,12,Travesía,Otro,Colisión por alcance,Buen tiempo,Pleno día,1,0,0,1,2019-10-01,otro,colision por alcance,buen tiempo,pleno dia,travesia,8c0b66d905f165b50e3b6c9e0e29961c5bd9c3083cde920bf5a74c8e8dc45d59,accidentes_raw_dgt,2026-05-09 20:40:11
2019,Alicante,9,Sábado,1,Travesía,Otro,Choque obstáculo lateral,Buen tiempo,Noche sin iluminación,1,0,0,1,2019-09-01,otro,choque obstaculo lateral,buen tiempo,noche sin iluminacion,travesia,9551dc186746041a33905ed74c560d78983eba5d62685b13439eeaadfb00926d,accidentes_raw_dgt,2026-05-09 20:40:11
2019,Alicante,10,Lunes,12,Travesía,Otro,Objeto desprendido,Buen tiempo,Pleno día,1,0,0,1,2019-10-01,otro,objeto desprendido,buen tiempo,pleno dia,travesia,e38ce65f50a80a11c40ee09b28343109576efe43dab5faa3a844ba1c6e455852,accidentes_raw_dgt,2026-05-09 20:40:11
2019,Alicante,10,Viernes,2,Travesía,Otro,Colisión frontolateral,Buen tiempo,Noche sin iluminación,1,0,0,1,2019-10-01,otro,colision frontolateral,buen tiempo,noche sin iluminacion,travesia,a3d501a5be543bd449aab97756dce5562d7f5a1c03f65eb7a1512cfa42f2ab72,accidentes_raw_dgt,2026-05-09 20:40:11
2019,Alicante,10,Martes,8,Travesía,Otro,Se desconoce,Nieve,Pleno día,1,1,0,0,2019-10-01,otro,se desconoce,nieve,pleno dia,travesia,680f612e343a47d47b7cb130ce72420f3679399bdaae57f85fc63b0b01bfce5f,accidentes_raw_dgt,2026-05-09 20:40:11
2019,Alicante,11,Viernes,8,Travesía,Otro,Choque obstáculo calzada,Buen tiempo,Pleno día,1,0,0,1,2019-11-01,otro,choque obstaculo calzada,buen tiempo,pleno dia,travesia,017ae987199a49a101758e9e4c69421ea66ad828511e1f76b14c17428f206878,accidentes_raw_dgt,2026-05-09 20:40:11
2019,Alicante,10,Jueves,21,Travesía,Otro,Animal en calzada,Buen tiempo,Noche sin iluminación,1,0,0,1,2019-10-01,otro,animal en calzada,buen tiempo,noche sin iluminacion,travesia,08eb507fdfc251480425114d641b44c24a07802770ceb8a618f02574d24d6d6a,accidentes_raw_dgt,2026-05-09 20:40:11
2019,Alicante,11,Jueves,13,Zona interurbana,Autopista,Se desconoce,Lluvia,Pleno día,1,0,0,1,2019-11-01,autopista,se desconoce,lluvia,pleno dia,zona interurbana,e40aa9d56ec908c9d868bad75e3079f772bbf5778b2264bd1abe2bf488cbddaf,accidentes_raw_dgt,2026-05-09 20:40:11
2019,Alicante,10,Domingo,19,Travesía,Otro,Colisión frontolateral,Buen tiempo,Noche sin iluminación,1,0,0,1,2019-10-01,otro,colision frontolateral,buen tiempo,noche sin iluminacion,travesia,4bbcd97e4d538bc5da6a88208b59caf366322b75dc8e4a2ab66129e3f5ef1d46,accidentes_raw_dgt,2026-05-09 20:40:11
2019,Alicante,11,Sábado,13,Travesía,Otro,Colisión frontolateral,Buen tiempo,Pleno día,1,0,0,1,2019-11-01,otro,colision frontolateral,buen tiempo,pleno dia,travesia,ea2c89be738f88dc66d4d88f4448a99df5f2f85bd94158fc29ed46fd481dcf34,accidentes_raw_dgt,2026-05-09 20:40:11
2019,Alicante,9,Sábado,8,Travesía,Travesía,Se desconoce,Lluvia,Pleno día,1,0,0,1,2019-09-01,travesia,se desconoce,lluvia,pleno dia,travesia,ba977edd7884f62cd595d30dc746605253ac8e5700b135ad515aac7adafa512c,accidentes_raw_dgt,2026-05-09 20:40:11
2019,Alicante,11,Viernes,13,Travesía,Otro,Choque obstáculo lateral,Buen tiempo,Pleno día,1,0,0,1,2019-11-01,otro,choque obstaculo lateral,buen tiempo,pleno dia,travesia,f5ea2dd1e63e7252ba3c4c4fde679eebabc2c407237eaab933660182ea454cba,accidentes_raw_dgt,2026-05-09 20:40:11
2019,Alicante,11,Miércoles,17,Zona interurbana,Vía urbana,Colisión lateral,Buen tiempo,Amanecer/Anochecer,1,0,0,1,2019-11-01,via urbana,colision lateral,buen tiempo,amanecer/anochecer,zona interurbana,9bf42f4b66fe462d800a8b659ec866dca7f23597393f9cb25456d41f5458b590,accidentes_raw_dgt,2026-05-09 20:40:11
2019,Alicante,11,Miércoles,15,Travesía,Otro,Colisión frontolateral,Buen tiempo,Pleno día,1,0,0,1,2019-11-01,otro,colision frontolateral,buen tiempo,pleno dia,travesia,4da692391701da107842ef406baadd5915b3923ba2a06e156a337dd2d958e93e,accidentes_raw_dgt,2026-05-09 20:40:11
2019,Alicante,11,Sábado,14,Travesía,Otro,Choque obstáculo lateral,Buen tiempo,Pleno día,1,0,0,1,2019-11-01,otro,choque obstaculo lateral,buen tiempo,pleno dia,travesia,9e910c76fe4c3940566637a82eeaa6f4a12bae34a2ed3ff6e465353c52b3c4ff,accidentes_raw_dgt,2026-05-09 20:40:11
2019,Alicante,11,Jueves,10,Zona interurbana,Vía urbana,Colisión frontolateral,Buen tiempo,Pleno día,1,0,0,1,2019-11-01,via urbana,colision frontolateral,buen tiempo,pleno dia,zona interurbana,cfa8624c2d1e3c8c89316808b45ce942770e5ef9cd845dfd74baf4a616aa6d3a,accidentes_raw_dgt,2026-05-09 20:40:11
2019,Alicante,11,Viernes,8,Travesía,Otro,Animal en calzada,Lluvia,Pleno día,1,0,0,1,2019-11-01,otro,animal en calzada,lluvia,pleno dia,travesia,d0832287613be2ffed93a1c523735101c21d3b2b457a3d1d93f211544bb0583a,accidentes_raw_dgt,2026-05-09 20:40:11
2019,Alicante,11,Sábado,8,Travesía,Otro,Animal en calzada,Buen tiempo,Pleno día,1,0,0,1,2019-11-01,otro,animal en calzada,buen tiempo,pleno dia,travesia,cb5611d87825a1dd6d0c724d68396193dc9d07a0db6a756d34b18bceea1aa46b,accidentes_raw_dgt,2026-05-09 20:40:11
2019,Alicante,12,Domingo,17,Travesía,Otro,Colisión frontolateral,Buen tiempo,Noche sin iluminación,1,0,0,1,2019-12-01,otro,colision frontolateral,buen tiempo,noche sin iluminacion,travesia,50f33355a7ee09448ecd0e3a6c4ff600e0e15f9545be01108dc163b36adf141d,accidentes_raw_dgt,2026-05-09 20:40:11
2019,Alicante,12,Martes,18,Travesía,Otro,Colisión frontolateral,Buen tiempo,Noche sin iluminación,1,0,0,1,2019-12-01,otro,colision frontolateral,buen tiempo,noche sin iluminacion,travesia,1ee4e10c0c7e1bd5ff9cd70d1f3c03521abf21ea7ee45aa92deab16f87af4dbb,accidentes_raw_dgt,2026-05-09 20:40:11
2019,Alicante,12,Lunes,9,Travesía,Otro,Choque obstáculo lateral,Buen tiempo,Pleno día,1,0,0,1,2019-12-01,otro,choque obstaculo lateral,buen tiempo,pleno dia,travesia,d0a8a882c042eea09d56cc66ca6e04d988078f17506c0c5182224613390a1ad0,accidentes_raw_dgt,2026-05-09 20:40:11
2019,Alicante,12,Miércoles,20,Travesía,Otro,Colisión por alcance,Buen tiempo,Noche sin iluminación,1,0,0,1,2019-12-01,otro,colision por alcance,buen tiempo,noche sin iluminacion,travesia,8833ec27c2d477f05ce8764b47ae89a38c0356f70f3b9b85651d52038d54c1b5,accidentes_raw_dgt,2026-05-09 20:40:11
2019,Alicante,12,Domingo,13,Travesía,Otro,Colisión frontolateral,Buen tiempo,Pleno día,1,0,0,1,2019-12-01,otro,colision frontolateral,buen tiempo,pleno dia,travesia,eb3d9dac46073924cffbc322aeac56e17b3c33c8005b591d3209e26e14af625b,accidentes_raw_dgt,2026-05-09 20:40:11
2019,Alicante,12,Domingo,18,Travesía,Otro,Colisión por alcance,Buen tiempo,Noche sin iluminación,2,0,0,2,2019-12-01,otro,colision por alcance,buen tiempo,noche sin iluminacion,travesia,aabe8732aabad9a7ec7c885015c3aeed2fcca66b1dc54fb089f01cb9d13c1f72,accidentes_raw_dgt,2026-05-09 20:40:11
2019,Alicante,12,Sábado,13,Travesía,Otro,Choque obstáculo lateral,Buen tiempo,Pleno día,1,0,0,1,2019-12-01,otro,choque obstaculo lateral,buen tiempo,pleno dia,travesia,92128c7fc22f3f685e9914450a0bd855e258aafff9351663260b080a4a7c5188,accidentes_raw_dgt,2026-05-09 20:40:11
2019,Alicante,12,Martes,14,Travesía,Otro,Objeto desprendido,Lluvia,Pleno día,1,0,0,1,2019-12-01,otro,objeto desprendido,lluvia,pleno dia,travesia,ecf8103662b93ccc41bc42ba074379fedce3688c49093102b9200f0cec473559,accidentes_raw_dgt,2026-05-09 20:40:11
2019,Alicante,12,Jueves,16,Travesía,Otro,Colisión múltiple,Lluvia,Pleno día,2,0,0,2,2019-12-01,otro,colision multiple,lluvia,pleno dia,travesia,c181bc1cc850429bb726accb6e910c1355218798b131e267d9d75934f157a85a,accidentes_raw_dgt,2026-05-09 20:40:11
2019,Alicante,12,Sábado,15,Zona interurbana,Vía urbana,Salida vía izquierda,Buen tiempo,Pleno día,2,0,0,2,2019-12-01,via urbana,salida via izquierda,buen tiempo,pleno dia,zona interurbana,1a5de96b83081a02b1e821bae8fdf6df379110e930d2cb458ed4cff216d63b86,accidentes_raw_dgt,2026-05-09 20:40:11
2019,Alicante,12,Jueves,12,Travesía,Otro,Colisión frontolateral,Buen tiempo,Pleno día,1,0,0,1,2019-12-01,otro,colision frontolateral,buen tiempo,pleno dia,travesia,a7631504c6cdcec67bd30bb737a5aeee0018cda4c2382f7c142ef87037b26b6e,accidentes_raw_dgt,2026-05-09 20:40:11
2019,Alicante,11,Jueves,14,Travesía,Otro,Colisión frontolateral,Buen tiempo,Pleno día,1,0,1,0,2019-11-01,otro,colision frontolateral,buen tiempo,pleno dia,travesia,011ba6714bb62f0bcf6c1936dd54dc1b92673639579e0743443bc0947df19c89,accidentes_raw_dgt,2026-05-09 20:40:11
2019,Alicante,9,Sábado,4,Travesía,Otro,Otro tipo,Buen tiempo,Noche sin iluminación,1,0,1,0,2019-09-01,otro,otro tipo,buen tiempo,noche sin iluminacion,travesia,86af1a4e860588062524f76e3014a080ff3a2b45b9111a7a2125cb7bdb092695,accidentes_raw_dgt,2026-05-09 20:40:11
2019,Alicante,10,Lunes,11,Travesía,Otro,Colisión por alcance,Buen tiempo,Pleno día,1,0,1,0,2019-10-01,otro,colision por alcance,buen tiempo,pleno dia,travesia,607f6bfaff663e8ec9dd623e3a16f7fe09bc170d01060230222c81912b98e69d,accidentes_raw_dgt,2026-05-09 20:40:11
2019,Alicante,12,Martes,11,Travesía,Otro,Choque obstáculo lateral,Buen tiempo,Pleno día,1,0,0,1,2019-12-01,otro,choque obstaculo lateral,buen tiempo,pleno dia,travesia,9f4ea8281f1dce48a901f166c9624acd333e6a1b9a8b69bfb90f6dc76a28003e,accidentes_raw_dgt,2026-05-09 20:40:11
2019,Alicante,11,Sábado,19,Travesía,Otro,Colisión por alcance,Buen tiempo,Noche sin iluminación,2,0,0,2,2019-11-01,otro,colision por alcance,buen tiempo,noche sin iluminacion,travesia,8f5c5451afb17f9be7d6de2f539748454bbf770ef31498fcb1a8b91175945a34,accidentes_raw_dgt,2026-05-09 20:40:11
2019,Alicante,12,Domingo,12,Travesía,Otro,Choque obstáculo lateral,Buen tiempo,Pleno día,1,0,0,1,2019-12-01,otro,choque obstaculo lateral,buen tiempo,pleno dia,travesia,02176ff993f4b2809f28d2ee81885182edd67c3eb0ed10ecdcb87cde5aecdd09,accidentes_raw_dgt,2026-05-09 20:40:11
2019,Alicante,2,Sábado,9,Zona interurbana,Vía urbana,Otro tipo,Buen tiempo,Pleno día,1,0,0,1,2019-02-01,via urbana,otro tipo,buen tiempo,pleno dia,zona interurbana,23cd823b961b630ed4052bcb4fde5247f69eb59433c00b541abe8bde8d0bdbeb,accidentes_raw_dgt,2026-05-09 20:40:11
2019,Alicante,7,Sábado,16,Zona interurbana,Vía urbana,Colisión frontolateral,Buen tiempo,Pleno día,4,0,0,4,2019-07-01,via urbana,colision frontolateral,buen tiempo,pleno dia,zona interurbana,63a7db0259ce35e50eb0949e279c420c9fffcff37278e1ae04fea329a7ffeec4,accidentes_raw_dgt,2026-05-09 20:40:11
2019,Alicante,8,Lunes,14,Zona interurbana,Autovía,Colisión múltiple,Buen tiempo,Pleno día,1,0,0,1,2019-08-01,autovia,colision multiple,buen tiempo,pleno dia,zona interurbana,21694999947ce99bd5c90e9bcb2734e23f87f86d0b381f57fe3b0185da57edd3,accidentes_raw_dgt,2026-05-09 20:40:11
2019,Alicante,9,Sábado,10,Zona interurbana,Autopista,Colisión por alcance,Granizo,Pleno día,1,0,0,1,2019-09-01,autopista,colision por alcance,granizo,pleno dia,zona interurbana,858a794b9a1df6e2fa1e6258cafa1f3df7f31ff877c887107e245163fa52fbdc,accidentes_raw_dgt,2026-05-09 20:40:11
2019,Alicante,9,Domingo,18,Zona interurbana,Vía urbana,Colisión por alcance,Buen tiempo,Pleno día,2,0,0,2,2019-09-01,via urbana,colision por alcance,buen tiempo,pleno dia,zona interurbana,c81b352b270b2e498256b5e24c726a039cd665477a83d71d95633340782782d4,accidentes_raw_dgt,2026-05-09 20:40:11
2019,Alicante,5,Miércoles,14,Zona interurbana,Vía urbana,Colisión lateral,Buen tiempo,Pleno día,1,0,0,1,2019-05-01,via urbana,colision lateral,buen tiempo,pleno dia,zona interurbana,22492061879a16b906982f2381ad3b4091282f6ed1cbcc7e0fe4ba370af18e98,accidentes_raw_dgt,2026-05-09 20:40:11
2019,Alicante,11,Miércoles,17,Zona interurbana,Vía urbana,Colisión frontal,Lluvia,Pleno día,2,0,0,2,2019-11-01,via urbana,colision frontal,lluvia,pleno dia,zona interurbana,2120ea176dd154dd53820460561c825d3b9a70d8d46b7da5605fb455adfcbb1d,accidentes_raw_dgt,2026-05-09 20:40:11
2019,Alicante,11,Jueves,11,Zona interurbana,Calle,Se desconoce,Buen tiempo,Pleno día,1,0,0,1,2019-11-01,calle,se desconoce,buen tiempo,pleno dia,zona interurbana,4a1b1c59f8ad7500563dc53872fdc3810acedaab12ff2305a0d30124ebb4adfb,accidentes_raw_dgt,2026-05-09 20:40:11
2019,Alicante,4,Viernes,17,Zona interurbana,Vía urbana,Colisión por alcance,Buen tiempo,Pleno día,2,1,0,1,2019-04-01,via urbana,colision por alcance,buen tiempo,pleno dia,zona interurbana,fea0c15bfd199fdd642c9df47989df37c089cad27e83aecacedfefe369a93881,accidentes_raw_dgt,2026-05-09 20:40:11
2019,Alicante,3,Viernes,6,Zona interurbana,Vía urbana,Atropello a ciclista,Buen tiempo,Amanecer/Anochecer,1,0,0,1,2019-03-01,via urbana,atropello a ciclista,buen tiempo,amanecer/anochecer,zona interurbana,456d12e33d0edb0eec5aee0bd933b654e0ccfb16506adbc588af712ba654dcc3,accidentes_raw_dgt,2026-05-09 20:40:11
2019,Alicante,4,Martes,9,Zona interurbana,Vía urbana,Colisión lateral,Buen tiempo,Pleno día,1,0,0,1,2019-04-01,via urbana,colision lateral,buen tiempo,pleno dia,zona interurbana,b98c5b564cba1a608ce113f172c0f4b86781ee374fcdd9ffc4428d85a55a6160,accidentes_raw_dgt,2026-05-09 20:40:11
2019,Alicante,5,Martes,19,Zona interurbana,Calle,Colisión frontolateral,Buen tiempo,Pleno día,1,0,0,1,2019-05-01,calle,colision frontolateral,buen tiempo,pleno dia,zona interurbana,8b49203c3d36d3f6a4fbed148162c634b262a92a5b6442e27fef3bb62c7526fe,accidentes_raw_dgt,2026-05-09 20:40:11
2019,Alicante,7,Domingo,10,Zona interurbana,Vía urbana,Animal en calzada,Buen tiempo,Pleno día,1,0,1,0,2019-07-01,via urbana,animal en calzada,buen tiempo,pleno dia,zona interurbana,cbbe2e41fff1a2f04968bdaeedff3b78085afca2dc4623870bdc2dff3aac6747,accidentes_raw_dgt,2026-05-09 20:40:11
2019,Alicante,11,Domingo,13,Zona interurbana,Vía urbana,Vuelco en calzada,Buen tiempo,Pleno día,1,0,1,0,2019-11-01,via urbana,vuelco en calzada,buen tiempo,pleno dia,zona interurbana,02f7cd8e067c019d51c9d30640856b1af5f12ab6331f17072fd348e200c0756a,accidentes_raw_dgt,2026-05-09 20:40:11
2019,Alicante,9,Jueves,7,Zona interurbana,Vía urbana,Colisión frontolateral,Buen tiempo,Pleno día,1,0,1,0,2019-09-01,via urbana,colision frontolateral,buen tiempo,pleno dia,zona interurbana,3b25e0d5df8f8001725cde4476e96f163548426c2ac14f6755e5285cfcd75690,accidentes_raw_dgt,2026-05-09 20:40:11
2019,Alicante,1,Martes,17,Zona interurbana,Autopista,Salida vía izquierda,Buen tiempo,Amanecer/Anochecer,1,0,0,1,2019-01-01,autopista,salida via izquierda,buen tiempo,amanecer/anochecer,zona interurbana,8350242b2df439d296a664c7c59b117507d0b3c537fa293304c84d84eb85cc43,accidentes_raw_dgt,2026-05-09 20:40:11
2019,Alicante,1,Sábado,9,Zona interurbana,Vía urbana,Animal en calzada,Buen tiempo,Pleno día,1,0,0,1,2019-01-01,via urbana,animal en calzada,buen tiempo,pleno dia,zona interurbana,66ba11c8b57047bc31dcba9dde802fb5f9d55940b0d98e692d4b47f6eead97ad,accidentes_raw_dgt,2026-05-09 20:40:11