AÑO,PROVINCIA,MES,DIA_SEMANA,HORA,ZONA,TIPO_VIA,TIPO_ACCIDENTE,CONDICION_METEO,CONDICION_ILUMINACION,TOTAL_VICTIMAS,FALLECIDOS_24H,HERIDOS_GRAVES,HERIDOS_LEVES,FECHA_ACCIDENTE,TIPO_VIA_NORM,TIPO_ACCIDENTE_NORM,CONDICION_METEO_NORM,CONDICION_ILUMINACION_NORM,ZONA_NORM,ID_ACCIDENTE_HASH,source_id,load_timestamp
2019,Alicante,1,Viernes,20,Zona interurbana,Autopista,Colisión frontal,Buen tiempo,Se desconoce,1,0,1,0,2019-01-01,autopista,colision frontal,buen tiempo,se desconoce,zona interurbana,4708f9c61a5e58b72774193f69bf37442423a4d2673e1f2cdc3f07f2614aba5d,accidentes_raw_dgt,2026-05-09 20:40:11
2019,Alicante,3,Jueves,9,Zona interurbana,Vía urbana,Atropello a ciclista,Buen tiempo,Pleno día,1,0,0,1,2019-03-01,via urbana,atropello a ciclista,buen tiempo,pleno dia,zona interurbana,da567b5f09f055a646df0e74c6014785930a8d207b22964868153f872b9bf9cf,accidentes_raw_dgt,2026-05-09 20:40:11
2019,Alicante,5,Jueves,11,Travesía,Otro urbano,Choque obstáculo mediana,Buen tiempo,Pleno día,1,1,0,0,2019-05-01,otro urbano,choque obstaculo mediana,buen tiempo,pleno dia,travesia,62c488bbaded8ff5903a5b55b345a49d74385768c7e5601aa5d0b6126dd694b5,accidentes_raw_dgt,2026-05-09 20:40:11
2019,Alicante,5,Domingo,18,Zona interurbana,Vía urbana,Atropello a ciclista,Buen tiempo,Pleno día,2,0,1,1,2019-05-01,via urbana,atropello a ciclista,buen tiempo,pleno dia,zona interurbana,cd444afadcc6aede3f2de3f8bb8d4006283b66f22b5d4546ea1f22a9d4e2897c,accidentes_raw_dgt,2026-05-09 20:40:11
2019,Alicante,5,Miércoles,15,Zona interurbana,Vía urbana,Animal en calzada,Buen tiempo,Pleno día,1,0,0,1,2019-05-01,via urbana,animal en calzada,buen tiempo,pleno dia,zona interurbana,d2b7fb53758ababe5a84cd7f389ce6a63f6e8aedf186076858e48e3e726608eb,accidentes_raw_dgt,2026-05-09 20:40:11
2019,Alicante,6,Viernes,7,Zona interurbana,Vía urbana,Colisión frontolateral,Buen tiempo,Pleno día,1,0,1,0,2019-06-01,via urbana,colision frontolateral,buen tiempo,pleno dia,zona interurbana,957b4de48fd8d8a83cc5be1ca9d34338fd748a3b16f96ba286894f220eb67a63,accidentes_raw_dgt,2026-05-09 20:40:11
2019,Alicante,6,Miércoles,8,Zona interurbana,Vía urbana,Animal en calzada,Buen tiempo,Pleno día,1,0,0,1,2019-06-01,via urbana,animal en calzada,buen tiempo,pleno dia,zona interurbana,45c7b309a477a1b496fdfe08084fdc6da0c987de0c479176a966b19cdad41d4d,accidentes_raw_dgt,2026-05-09 20:40:11
2019,Alicante,7,Miércoles,13,Zona interurbana,Vía urbana,Atropello a peatón,Buen tiempo,Pleno día,2,0,0,2,2019-07-01,via urbana,atropello a peaton,buen tiempo,pleno dia,zona interurbana,cb889e05f91275a69d2fb0f7ee4af3b92dae9a0e6ecfcf597bda893a49fb2673,accidentes_raw_dgt,2026-05-09 20:40:11
2019,Alicante,7,Martes,3,Zona interurbana,Autopista,Se desconoce,Buen tiempo,Se desconoce,1,0,0,1,2019-07-01,autopista,se desconoce,buen tiempo,se desconoce,zona interurbana,d896af65d5b6b01300e22d3778efe9dc777fcde29ff9a6f2dd04242a7b0367ac,accidentes_raw_dgt,2026-05-09 20:40:11
2019,Alicante,9,Viernes,17,Zona interurbana,Autopista,Objeto desprendido,Buen tiempo,Pleno día,4,0,0,4,2019-09-01,autopista,objeto desprendido,buen tiempo,pleno dia,zona interurbana,50f72405baf11b0f73f6a3db7152798bf2f958384e806befdf4ee6ddfdd9e198,accidentes_raw_dgt,2026-05-09 20:40:11
2019,Alicante,11,Sábado,19,Zona interurbana,Autopista,Salida vía izquierda,Buen tiempo,Se desconoce,1,0,0,1,2019-11-01,autopista,salida via izquierda,buen tiempo,se desconoce,zona interurbana,93e2a45037eb149bd13e633f2cdd848b0caaa04a4f048df7c49de10fb41a3d16,accidentes_raw_dgt,2026-05-09 20:40:11
2019,Alicante,11,Jueves,18,Zona interurbana,Vía urbana,Colisión por alcance,Buen tiempo,Se desconoce,1,0,0,1,2019-11-01,via urbana,colision por alcance,buen tiempo,se desconoce,zona interurbana,bcf1b6a7a986e20e0ff021f9127b89b84d3ac8b62de745a59cf905afffe36997,accidentes_raw_dgt,2026-05-09 20:40:11
2019,Alicante,1,Miércoles,11,Travesía,Otro,Colisión por alcance,Buen tiempo,Pleno día,1,0,0,1,2019-01-01,otro,colision por alcance,buen tiempo,pleno dia,travesia,e1fee01ee26d26469e2502548dd4053b2f52dd595d97aabddc98b5dfafff0843,accidentes_raw_dgt,2026-05-09 20:40:11
2019,Alicante,6,Martes,16,Zona interurbana,Vía urbana,Colisión frontolateral,Buen tiempo,Pleno día,1,0,0,1,2019-06-01,via urbana,colision frontolateral,buen tiempo,pleno dia,zona interurbana,291e5716005fd9d1d21622b8396b34ab075f805dd736c92d8b664c2a6bff7d67,accidentes_raw_dgt,2026-05-09 20:40:11
2019,Alicante,6,Jueves,9,Zona interurbana,Vía urbana,Caída de ocupante,Buen tiempo,Pleno día,1,0,0,1,2019-06-01,via urbana,caida de ocupante,buen tiempo,pleno dia,zona interurbana,0edcd7f37d75330b1d55b3353fecdd73dcb60796669ba7f1a45c0985874d883f,accidentes_raw_dgt,2026-05-09 20:40:11
2019,Alicante,9,Lunes,11,Zona interurbana,Vía urbana,Colisión múltiple,Granizo,Pleno día,2,0,0,2,2019-09-01,via urbana,colision multiple,granizo,pleno dia,zona interurbana,6b0f184f14930ed2aab00d963792fac1cf7c8439503cb58ac06dde647c456940,accidentes_raw_dgt,2026-05-09 20:40:11
2019,Alicante,7,Viernes,21,Travesía,Otro,Caída de motociclista,Buen tiempo,Noche sin iluminación,1,0,1,0,2019-07-01,otro,caida de motociclista,buen tiempo,noche sin iluminacion,travesia,3451d35d093f0572f939572b1d8fa2a20a41cf62f5b5927c1c79c37d98aaaa9b,accidentes_raw_dgt,2026-05-09 20:40:11
2019,Alicante,11,Miércoles,8,Travesía,Otro,Colisión frontolateral,Buen tiempo,Pleno día,1,0,0,1,2019-11-01,otro,colision frontolateral,buen tiempo,pleno dia,travesia,5078264a209e1ee0e3a8a46a11d840dfd1879500f7fd02aef1f8b6a2276a5be9,accidentes_raw_dgt,2026-05-09 20:40:11
2019,Alicante,1,Sábado,12,Zona interurbana,Vía urbana,Otro tipo,Buen tiempo,Pleno día,2,0,0,2,2019-01-01,via urbana,otro tipo,buen tiempo,pleno dia,zona interurbana,7f5d3582377f050dca8cd95903ee0bc366929c8b5c6688d013da0c1c75bfa360,accidentes_raw_dgt,2026-05-09 20:40:11
2019,Alicante,4,Miércoles,7,Zona interurbana,Vía convencional,Colisión lateral,Buen tiempo,Pleno día,1,0,0,1,2019-04-01,via convencional,colision lateral,buen tiempo,pleno dia,zona interurbana,729830e85be541a109968b0b835e04793292dbb6c20e3e73a413eeb786b4240c,accidentes_raw_dgt,2026-05-09 20:40:11
2019,Alicante,10,Jueves,8,Zona interurbana,Vía urbana,Se desconoce,Buen tiempo,Pleno día,1,0,0,1,2019-10-01,via urbana,se desconoce,buen tiempo,pleno dia,zona interurbana,f7d804610280c772ae1d527b1d252a3454ae9bf58d9c0cfcfd28104e3bfddbd3,accidentes_raw_dgt,2026-05-09 20:40:11
2019,Alicante,6,Martes,11,Zona interurbana,Vía urbana,Colisión por alcance,Buen tiempo,Pleno día,1,0,0,1,2019-06-01,via urbana,colision por alcance,buen tiempo,pleno dia,zona interurbana,50123d2a093ca2b5fb67f89a038122fb4d89e0313e939f29dace07810abdae09,accidentes_raw_dgt,2026-05-09 20:40:11
2019,Alicante,7,Sábado,20,Zona interurbana,Vía urbana,Colisión frontolateral,Buen tiempo,Amanecer/Anochecer,1,0,0,1,2019-07-01,via urbana,colision frontolateral,buen tiempo,amanecer/anochecer,zona interurbana,aa82088246685c17ebf16d48877686b831ed384ffdc42e76494283c271704d7a,accidentes_raw_dgt,2026-05-09 20:40:11
2019,Alicante,12,Jueves,19,Zona interurbana,Vía urbana,Choque obstáculo lateral,Buen tiempo,Noche sin iluminación,1,0,0,1,2019-12-01,via urbana,choque obstaculo lateral,buen tiempo,noche sin iluminacion,zona interurbana,884787790b634bcde4b97eb6d7462ff0ace24c6d58be79204fca57d61dfa4114,accidentes_raw_dgt,2026-05-09 20:40:11
2019,Alicante,3,Lunes,14,Zona interurbana,Vía urbana,Animal en calzada,Buen tiempo,Pleno día,1,0,0,1,2019-03-01,via urbana,animal en calzada,buen tiempo,pleno dia,zona interurbana,9b04f5410f803df1f5f93aa3778059efe90db326c19f5d7ba85414c96739b3bd,accidentes_raw_dgt,2026-05-09 20:40:11
2019,Alicante,2,Lunes,18,Zona interurbana,Vía urbana,Se desconoce,Buen tiempo,Pleno día,1,0,1,0,2019-02-01,via urbana,se desconoce,buen tiempo,pleno dia,zona interurbana,c24703aeed68217acf9520dddea6b3673e11e493dde7d6944bcaac0bd3a14448,accidentes_raw_dgt,2026-05-09 20:40:11
2019,Alicante,11,Domingo,9,Zona interurbana,Vía urbana,Colisión frontolateral,Buen tiempo,Pleno día,1,0,1,0,2019-11-01,via urbana,colision frontolateral,buen tiempo,pleno dia,zona interurbana,3d93ec274ab8ebaa470a8294089ff8a2936ce457c7e0f8465a74d7dffa3df320,accidentes_raw_dgt,2026-05-09 20:40:11
2019,Alicante,12,Lunes,14,Zona interurbana,Vía urbana,Atropello a ciclista,Buen tiempo,Pleno día,1,0,0,1,2019-12-01,via urbana,atropello a ciclista,buen tiempo,pleno dia,zona interurbana,a5a2b61e6d380d20d61119b19dd064080d3e81b6d7bb6d05287354799d03e878,accidentes_raw_dgt,2026-05-09 20:40:11
2019,Alicante,5,Miércoles,19,Travesía,Otro,Choque obstáculo calzada,Buen tiempo,Pleno día,1,0,1,0,2019-05-01,otro,choque obstaculo calzada,buen tiempo,pleno dia,travesia,f87f6a02d81b2a4672944a22cb6beded0e0462e4b1d7216b6889cc2dbecce989,accidentes_raw_dgt,2026-05-09 20:40:11
2019,Alicante,7,Miércoles,4,Zona interurbana,Vía urbana,Choque con bordillo,Buen tiempo,Se desconoce,1,0,0,1,2019-07-01,via urbana,choque con bordillo,buen tiempo,se desconoce,zona interurbana,9d6def71465c26001adf6afdf11eeeaf83917c1ea2ebdb08800b579377602d02,accidentes_raw_dgt,2026-05-09 20:40:11
2019,Alicante,7,Martes,15,Zona interurbana,Vía urbana,Animal en calzada,Buen tiempo,Pleno día,1,0,1,0,2019-07-01,via urbana,animal en calzada,buen tiempo,pleno dia,zona interurbana,b553e6af4fb183a84375bf1e79a2be2768fc3c50344bff533a9baba97bd537fe,accidentes_raw_dgt,2026-05-09 20:40:11
2019,Alicante,10,Domingo,23,Zona interurbana,Vía urbana,Choque obstáculo lateral,Buen tiempo,Se desconoce,2,1,1,0,2019-10-01,via urbana,choque obstaculo lateral,buen tiempo,se desconoce,zona interurbana,521ea9c60b025d7ac36b93e3af4d3a6aeb3a400c01f198d14d4768e0862762ab,accidentes_raw_dgt,2026-05-09 20:40:11
2019,Alicante,10,Lunes,15,Zona interurbana,Vía urbana,Colisión frontolateral,Granizo,Pleno día,2,0,0,2,2019-10-01,via urbana,colision frontolateral,granizo,pleno dia,zona interurbana,6fd9a41894eeed8dedf16dc3b69bcebf5a4e84025aee0ad74ad683353c9310b3,accidentes_raw_dgt,2026-05-09 20:40:11
2019,Alicante,8,Jueves,22,Travesía,Otro urbano,Colisión frontal,Buen tiempo,Noche sin iluminación,1,0,0,1,2019-08-01,otro urbano,colision frontal,buen tiempo,noche sin iluminacion,travesia,1d234b0fe9253354bebf1a88ba68514cbcf72e2d853ba1ebfece4848e67730fe,accidentes_raw_dgt,2026-05-09 20:40:11
2019,Alicante,8,Martes,23,Travesía,Otro,Animal en calzada,Buen tiempo,Se desconoce,1,0,0,1,2019-08-01,otro,animal en calzada,buen tiempo,se desconoce,travesia,14326baf59373fee76fa43e4599bccab8aca306b19090abb32d50d09a5ab47f8,accidentes_raw_dgt,2026-05-09 20:40:11
2019,Alicante,8,Jueves,10,Travesía,Otro,Colisión por alcance,Buen tiempo,Pleno día,2,0,0,2,2019-08-01,otro,colision por alcance,buen tiempo,pleno dia,travesia,c8510e576de1a92052f8172ab99b34cbcc2e7b18ada1a51d37870a7a9dfa7b00,accidentes_raw_dgt,2026-05-09 20:40:11
2019,Alicante,7,Martes,0,Travesía,Otro,Colisión frontolateral,Buen tiempo,Noche sin iluminación,2,0,1,1,2019-07-01,otro,colision frontolateral,buen tiempo,noche sin iluminacion,travesia,68c0d237214c460daab485e88662fd54f7b2c3004019bc58c0a7d441476b884f,accidentes_raw_dgt,2026-05-09 20:40:11
2019,Alicante,12,Lunes,17,Zona interurbana,Vía urbana,Choque obstáculo calzada,Lluvia,Noche sin iluminación,1,0,0,1,2019-12-01,via urbana,choque obstaculo calzada,lluvia,noche sin iluminacion,zona interurbana,d376881f5bd00764c32b8645a0f7966bc86ec3d3ea0e7b51e830e5f12aae3071,accidentes_raw_dgt,2026-05-09 20:40:11
2019,Alicante,1,Lunes,11,Zona interurbana,Vía urbana,Colisión múltiple,Buen tiempo,Pleno día,4,0,1,3,2019-01-01,via urbana,colision multiple,buen tiempo,pleno dia,zona interurbana,014e9fb03ec3e152833fb9e4541198dce6719bd09349b4b309118e285eb5a3f0,accidentes_raw_dgt,2026-05-09 20:40:11
2019,Alicante,4,Jueves,8,Zona interurbana,Vía urbana,Colisión frontolateral,Buen tiempo,Pleno día,1,0,0,1,2019-04-01,via urbana,colision frontolateral,buen tiempo,pleno dia,zona interurbana,ad1e075215267a284972c5a764c35f9a38d52d89a9dd6706bd10b4a9860d56c0,accidentes_raw_dgt,2026-05-09 20:40:11
2019,Alicante,4,Sábado,12,Zona interurbana,Vía urbana,Colisión frontolateral,Buen tiempo,Pleno día,1,0,0,1,2019-04-01,via urbana,colision frontolateral,buen tiempo,pleno dia,zona interurbana,069170cf54b2e58a1057173196abf680efbeb5863deb2b59cbfe61f5faa735e6,accidentes_raw_dgt,2026-05-09 20:40:11
2019,Alicante,4,Sábado,11,Zona interurbana,Vía urbana,Colisión frontolateral,Buen tiempo,Pleno día,1,0,0,1,2019-04-01,via urbana,colision frontolateral,buen tiempo,pleno dia,zona interurbana,6c16cc05218d7208044e08025f04d8fcc50e8cc7fb05bb1bb83fec12f575932b,accidentes_raw_dgt,2026-05-09 20:40:11
2019,Alicante,7,Miércoles,10,Travesía,Otro,Colisión lateral,Buen tiempo,Pleno día,1,0,0,1,2019-07-01,otro,colision lateral,buen tiempo,pleno dia,travesia,580ade0f132b4228ea4fe1a289f318f2402fdcd2682ed057a3785fed4312f9f3,accidentes_raw_dgt,2026-05-09 20:40:11
2019,Alicante,8,Lunes,21,Zona interurbana,Vía urbana,Colisión lateral,Buen tiempo,Amanecer/Anochecer,1,0,0,1,2019-08-01,via urbana,colision lateral,buen tiempo,amanecer/anochecer,zona interurbana,5e4f1761806f5a6ec387efa95dc2b5dc8cb62d37d64b16869e0eb916834dbb7e,accidentes_raw_dgt,2026-05-09 20:40:11
2019,Alicante,10,Domingo,11,Travesía,Otro,Choque obstáculo lateral,Buen tiempo,Pleno día,1,0,0,1,2019-10-01,otro,choque obstaculo lateral,buen tiempo,pleno dia,travesia,d047f40b7ef6b9d2c824260c76a75981dda8d5d3eb2d48262261961d14617d1e,accidentes_raw_dgt,2026-05-09 20:40:11
2019,Alicante,9,Lunes,20,Travesía,Otro,Colisión lateral,Buen tiempo,Noche sin iluminación,1,0,0,1,2019-09-01,otro,colision lateral,buen tiempo,noche sin iluminacion,travesia,cb815acba4ed6bc96fc3e91bc67e2a80af7c2185f431cf5051dafbed4676fa94,accidentes_raw_dgt,2026-05-09 20:40:11
2019,Alicante,1,Martes,14,Zona interurbana,Vía urbana,Colisión por alcance,Buen tiempo,Pleno día,1,0,0,1,2019-01-01,via urbana,colision por alcance,buen tiempo,pleno dia,zona interurbana,80d1f44e05395f8b79fe2caf1964a0e50a4e24899f80e5d40bc8364886c744a1,accidentes_raw_dgt,2026-05-09 20:40:11
2019,Alicante,2,Sábado,17,Zona interurbana,Vía urbana,Choque obstáculo lateral,Buen tiempo,Pleno día,1,0,0,1,2019-02-01,via urbana,choque obstaculo lateral,buen tiempo,pleno dia,zona interurbana,f40ddf6742b7761b0f7df1f65a639c4fccc23479c5c4c984885ff588f1dfeb0e,accidentes_raw_dgt,2026-05-09 20:40:11
2019,Alicante,3,Sábado,10,Travesía,Otro,Colisión frontolateral,Buen tiempo,Pleno día,1,0,0,1,2019-03-01,otro,colision frontolateral,buen tiempo,pleno dia,travesia,b0b03d744a85f4459c71437fe196dd925a299a06ae7a425615c903c97c36b8fb,accidentes_raw_dgt,2026-05-09 20:40:11
2019,Alicante,4,Lunes,9,Zona interurbana,Vía urbana,Otro tipo,Buen tiempo,Pleno día,1,0,0,1,2019-04-01,via urbana,otro tipo,buen tiempo,pleno dia,zona interurbana,b815f5c630593b36d5a838a7d69dfc1a5f78d3d37bf9d4e04c0ba03c97d87fbf,accidentes_raw_dgt,2026-05-09 20:40:11
2019,Alicante,4,Miércoles,16,Zona interurbana,Vía urbana,Colisión por alcance,Buen tiempo,Pleno día,1,0,0,1,2019-04-01,via urbana,colision por alcance,buen tiempo,pleno dia,zona interurbana,bba1dc9846ddd9a44c3d3b736faa5bdb6673b8d0fe1b0dd445c9f9adfda2ff72,accidentes_raw_dgt,2026-05-09 20:40:11
2019,Alicante,5,Miércoles,12,Zona interurbana,Vía urbana,Colisión por alcance,Buen tiempo,Pleno día,1,0,0,1,2019-05-01,via urbana,colision por alcance,buen tiempo,pleno dia,zona interurbana,3cb81c72e3c44a9c6a2fda94952ab34e0b0a89b0e7cfb6330ed371a0eda636bc,accidentes_raw_dgt,2026-05-09 20:40:11
2019,Alicante,5,Lunes,14,Zona interurbana,Vía urbana,Colisión por alcance,Buen tiempo,Pleno día,2,0,0,2,2019-05-01,via urbana,colision por alcance,buen tiempo,pleno dia,zona interurbana,6ee1f58e7b08b04e58109a89bc575651338419dc646b9d660ff95f81ec594299,accidentes_raw_dgt,2026-05-09 20:40:11
2019,Alicante,1,Lunes,8,Travesía,Otro,Colisión lateral,Buen tiempo,Pleno día,4,0,0,4,2019-01-01,otro,colision lateral,buen tiempo,pleno dia,travesia,42b4fb473bacce2dc496a423021b9b2240680e399e4f2dbac05f808c66ccb2e4,accidentes_raw_dgt,2026-05-09 20:40:11
2019,Alicante,1,Viernes,9,Travesía,Otro,Choque obstáculo lateral,Buen tiempo,Pleno día,1,0,0,1,2019-01-01,otro,choque obstaculo lateral,buen tiempo,pleno dia,travesia,c0d427f8b875401198831f31edb981bf951a3b77f5ec5f336ad84a50ed831ac9,accidentes_raw_dgt,2026-05-09 20:40:11
2019,Alicante,4,Jueves,11,Travesía,Otro,Choque obstáculo lateral,Buen tiempo,Pleno día,1,0,0,1,2019-04-01,otro,choque obstaculo lateral,buen tiempo,pleno dia,travesia,ea279eca5412c45d2c582a3971b688b3e13cdb893f7bba5c5faaea499fa21ffd,accidentes_raw_dgt,2026-05-09 20:40:11
2019,Alicante,5,Sábado,20,Travesía,Otro,Objeto desprendido,Buen tiempo,Noche con iluminación,1,0,0,1,2019-05-01,otro,objeto desprendido,buen tiempo,noche con iluminacion,travesia,7bd341f08056de72d77d24aa5bc681dcb485b628df4fd03179e30ee2bc01f097,accidentes_raw_dgt,2026-05-09 20:40:11
2019,Alicante,5,Miércoles,19,Travesía,Otro,Colisión lateral,Buen tiempo,Pleno día,1,0,0,1,2019-05-01,otro,colision lateral,buen tiempo,pleno dia,travesia,7f048c26d647f131dcfadc28d7c35f82f0881a5e087c7dc4ea0e6c762d3fdf9f,accidentes_raw_dgt,2026-05-09 20:40:11
2019,Alicante,5,Domingo,20,Travesía,Otro,Colisión por alcance,Buen tiempo,Pleno día,3,0,0,3,2019-05-01,otro,colision por alcance,buen tiempo,pleno dia,travesia,4fbb9cf6972a100cd12fee93b2eb185f4cf2964906979ea2a2ac4e5c1759254f,accidentes_raw_dgt,2026-05-09 20:40:11
2019,Alicante,6,Sábado,14,Travesía,Otro,Colisión frontolateral,Buen tiempo,Pleno día,2,0,0,2,2019-06-01,otro,colision frontolateral,buen tiempo,pleno dia,travesia,a1e2bd5c65064ebba3b2e01115e719eb8c83551ca71a9bcaf3bfd2e746c783c0,accidentes_raw_dgt,2026-05-09 20:40:11
2019,Alicante,6,Miércoles,20,Travesía,Otro,Colisión múltiple,Buen tiempo,Pleno día,3,0,0,3,2019-06-01,otro,colision multiple,buen tiempo,pleno dia,travesia,1b5318434397d6eec58afbac28836ffe3254baabb665b87ce6b678394b97ee2c,accidentes_raw_dgt,2026-05-09 20:40:11
2019,Alicante,7,Martes,17,Travesía,Otro,Colisión múltiple,Buen tiempo,Pleno día,2,0,0,2,2019-07-01,otro,colision multiple,buen tiempo,pleno dia,travesia,1b13011c30bd00eb0c56dd0aefcdec3fb1f2a4920e00efc8c88e54cbcaf9365a,accidentes_raw_dgt,2026-05-09 20:40:11
2019,Alicante,7,Jueves,7,Travesía,Otro,Objeto desprendido,Buen tiempo,Noche con iluminación,1,0,0,1,2019-07-01,otro,objeto desprendido,buen tiempo,noche con iluminacion,travesia,764228040735fc9457b382a4e4533ff9306c6d1372fc5b143ae54eca265fd706,accidentes_raw_dgt,2026-05-09 20:40:11
2019,Alicante,8,Sábado,18,Travesía,Otro,Objeto desprendido,Buen tiempo,Pleno día,1,0,0,1,2019-08-01,otro,objeto desprendido,buen tiempo,pleno dia,travesia,3045ad039274b9fcf0ec609cc45c0d8e3558c06315802f46946d8d0e014b4520,accidentes_raw_dgt,2026-05-09 20:40:11
2019,Alicante,9,Jueves,21,Travesía,Otro,Choque obstáculo lateral,Nieve,Noche sin iluminación,1,0,0,1,2019-09-01,otro,choque obstaculo lateral,nieve,noche sin iluminacion,travesia,1070a982af22fe711ec54707c0cd838baec99ff81ec4fd7a00fa4ca0ca48c8c4,accidentes_raw_dgt,2026-05-09 20:40:11
2019,Alicante,9,Lunes,10,Travesía,Otro,Colisión por alcance,Buen tiempo,Pleno día,2,0,0,2,2019-09-01,otro,colision por alcance,buen tiempo,pleno dia,travesia,54a462dce3c1abb2b43ba63a42bc391fa5561bfeafe737bd1f4845b902ffbfe3,accidentes_raw_dgt,2026-05-09 20:40:11
2019,Alicante,9,Sábado,21,Travesía,Otro,Choque obstáculo lateral,Buen tiempo,Noche sin iluminación,1,0,0,1,2019-09-01,otro,choque obstaculo lateral,buen tiempo,noche sin iluminacion,travesia,a1fb4e703a9ef1fa4936801721ff285a97ac85330856674412e054892afe6972,accidentes_raw_dgt,2026-05-09 20:40:11
2019,Alicante,10,Jueves,13,Travesía,Otro,Colisión frontolateral,Buen tiempo,Pleno día,1,0,0,1,2019-10-01,otro,colision frontolateral,buen tiempo,pleno dia,travesia,79059b443ce844d9e9fd0f26e064e6ccf02d9481285936b908449be0d74c93f1,accidentes_raw_dgt,2026-05-09 20:40:11
2019,Alicante,10,Viernes,9,Travesía,Otro,Colisión por alcance,Buen tiempo,Pleno día,1,0,0,1,2019-10-01,otro,colision por alcance,buen tiempo,pleno dia,travesia,1f87635aff05d8cfd5081f572fc9c14d7b14b4f40cbf6b6f077437c48ac844e7,accidentes_raw_dgt,2026-05-09 20:40:11
2019,Alicante,10,Sábado,1,Travesía,Otro,Colisión frontolateral,Buen tiempo,Noche sin iluminación,1,0,0,1,2019-10-01,otro,colision frontolateral,buen tiempo,noche sin iluminacion,travesia,af03a51e581f58ba77807426b6fffed5f72e11d9618c38ac397c0746027f70f8,accidentes_raw_dgt,2026-05-09 20:40:11
2019,Alicante,10,Miércoles,7,Zona interurbana,Vía urbana,Salida vía izquierda,Buen tiempo,Amanecer/Anochecer,1,0,0,1,2019-10-01,via urbana,salida via izquierda,buen tiempo,amanecer/anochecer,zona interurbana,1ab6078431739cd9988f5c8e042389b2616911baa6c034a21b055f0b104b8527,accidentes_raw_dgt,2026-05-09 20:40:11
2019,Alicante,11,Domingo,23,Travesía,Otro,Colisión lateral,Buen tiempo,Noche sin iluminación,2,0,0,2,2019-11-01,otro,colision lateral,buen tiempo,noche sin iluminacion,travesia,33e14c27247dae6ca2ac565cf7d5fa4200defa487918c52a2dfcccb6d09b4329,accidentes_raw_dgt,2026-05-09 20:40:11
2019,Alicante,10,Domingo,15,Zona interurbana,Travesía,Se desconoce,Buen tiempo,Pleno día,1,0,0,1,2019-10-01,travesia,se desconoce,buen tiempo,pleno dia,zona interurbana,263522fa27768a70e58d342703278663951d37d65db95f3fbcd011bd8bc0ddeb,accidentes_raw_dgt,2026-05-09 20:40:11
2019,Alicante,11,Jueves,19,Zona interurbana,Vía urbana,Colisión por alcance,Buen tiempo,Se desconoce,1,0,0,1,2019-11-01,via urbana,colision por alcance,buen tiempo,se desconoce,zona interurbana,142522997f0a1ec79df3f8788969baaa9ed0306afdeb66b036a3e486cc458a83,accidentes_raw_dgt,2026-05-09 20:40:11
2019,Alicante,11,Domingo,14,Travesía,Otro,Colisión frontolateral,Buen tiempo,Pleno día,2,0,0,2,2019-11-01,otro,colision frontolateral,buen tiempo,pleno dia,travesia,1395d0b76b56509da2cd59c06ca9522cc2b7aff483dcd622b507c21e74613278,accidentes_raw_dgt,2026-05-09 20:40:11
2019,Alicante,12,Lunes,7,Zona interurbana,Vía urbana,Colisión por alcance,Buen tiempo,Noche sin iluminación,1,0,0,1,2019-12-01,via urbana,colision por alcance,buen tiempo,noche sin iluminacion,zona interurbana,606e317ed5dc4ec6841440ebd5b87e0db0d5cf74996a1f31206a11a8fa71b1fc,accidentes_raw_dgt,2026-05-09 20:40:11
2019,Alicante,1,Domingo,18,Zona interurbana,Vía urbana,Choque obstáculo lateral,Buen tiempo,Se desconoce,1,0,1,0,2019-01-01,via urbana,choque obstaculo lateral,buen tiempo,se desconoce,zona interurbana,aabbb2bd43c0fb27462f139e0274faa6c3a5c6d600e1b2fc6d3c96c18503607e,accidentes_raw_dgt,2026-05-09 20:40:11
2019,Alicante,1,Domingo,17,Zona interurbana,Vía urbana,Caída de motociclista,Buen tiempo,Amanecer/Anochecer,1,0,0,1,2019-01-01,via urbana,caida de motociclista,buen tiempo,amanecer/anochecer,zona interurbana,cc0f20917ee075671c8e77c3123759f52300c666d7f490f066dfbe7222a9bfe4,accidentes_raw_dgt,2026-05-09 20:40:11
2019,Alicante,2,Domingo,18,Zona interurbana,Ramal/enlace,Colisión por alcance,Buen tiempo,Se desconoce,1,0,0,1,2019-02-01,ramal/enlace,colision por alcance,buen tiempo,se desconoce,zona interurbana,18167da210996cf3525e400870f7d4955d6b983a7b7d237586e242e59888ad86,accidentes_raw_dgt,2026-05-09 20:40:11
2019,Alicante,2,Viernes,16,Zona interurbana,Autovía,Colisión por alcance,Buen tiempo,Pleno día,2,0,0,2,2019-02-01,autovia,colision por alcance,buen tiempo,pleno dia,zona interurbana,3d73cd5cb74f8ab1d4496133cde249d9825e0f19d0f1a011f46afc287f881299,accidentes_raw_dgt,2026-05-09 20:40:11
2019,Alicante,4,Miércoles,8,Zona interurbana,Camino vecinal,Colisión por alcance,Buen tiempo,Pleno día,1,0,0,1,2019-04-01,camino vecinal,colision por alcance,buen tiempo,pleno dia,zona interurbana,c13ed9078122113319066d8dd192e261ab3b2ad5af9b07cd69b2d9b7b4f53b2e,accidentes_raw_dgt,2026-05-09 20:40:11