AÑO,PROVINCIA,MES,DIA_SEMANA,HORA,ZONA,TIPO_VIA,TIPO_ACCIDENTE,CONDICION_METEO,CONDICION_ILUMINACION,TOTAL_VICTIMAS,FALLECIDOS_24H,HERIDOS_GRAVES,HERIDOS_LEVES,FECHA_ACCIDENTE,TIPO_VIA_NORM,TIPO_ACCIDENTE_NORM,CONDICION_METEO_NORM,CONDICION_ILUMINACION_NORM,ZONA_NORM,ID_ACCIDENTE_HASH,source_id,load_timestamp
2019,Alicante,1,Viernes,13,Travesía,Otro,Colisión frontolateral,Buen tiempo,Pleno día,1,0,0,1,2019-01-01,otro,colision frontolateral,buen tiempo,pleno dia,travesia,530f967e2a24e5ab06997a5a77c10bf291cbb38a1d9628dd8ea4a6534a859b55,accidentes_raw_dgt,2026-05-09 20:40:11
2019,Alicante,4,Viernes,12,Zona interurbana,Vía urbana,Colisión por alcance,Buen tiempo,Pleno día,1,0,0,1,2019-04-01,via urbana,colision por alcance,buen tiempo,pleno dia,zona interurbana,a2b00e8a452d83bf2e0963f471cc297bb96d41dbb866037966079dc85484715b,accidentes_raw_dgt,2026-05-09 20:40:11
2019,Alicante,4,Miércoles,16,Zona interurbana,Vía urbana,Atropello a ciclista,Buen tiempo,Pleno día,2,0,0,2,2019-04-01,via urbana,atropello a ciclista,buen tiempo,pleno dia,zona interurbana,9d1ef11e7923e54aaac4adfed498ca04fca20de376fb2a9436b303e158f70676,accidentes_raw_dgt,2026-05-09 20:40:11
2019,Alicante,4,Jueves,13,Travesía,Otro,Colisión frontolateral,Buen tiempo,Pleno día,1,0,1,0,2019-04-01,otro,colision frontolateral,buen tiempo,pleno dia,travesia,9dc6abc967dad3e2d115d25bdcb5b998f06ebda87c5f784800698d7cc1b2273d,accidentes_raw_dgt,2026-05-09 20:40:11
2019,Alicante,6,Jueves,15,Zona interurbana,Vía urbana,Colisión por alcance,Buen tiempo,Pleno día,1,0,0,1,2019-06-01,via urbana,colision por alcance,buen tiempo,pleno dia,zona interurbana,387c447c4e9503163ed092be997cadddfd4c8682a7d222ef29e8b24122015662,accidentes_raw_dgt,2026-05-09 20:40:11
2019,Alicante,6,Martes,20,Zona interurbana,Vía urbana,Colisión frontal,Buen tiempo,Pleno día,3,0,1,2,2019-06-01,via urbana,colision frontal,buen tiempo,pleno dia,zona interurbana,15e922d2d8a00b9abae4ffa20e103b16ff780a965ed72359c8e0a28c552aa196,accidentes_raw_dgt,2026-05-09 20:40:11
2019,Alicante,7,Lunes,8,Zona interurbana,Vía urbana,Colisión frontal,Lluvia,Pleno día,3,0,1,2,2019-07-01,via urbana,colision frontal,lluvia,pleno dia,zona interurbana,9a1cfcffdce419d6f29a75e409e7777545f08520c667e460803db230c2ab3830,accidentes_raw_dgt,2026-05-09 20:40:11
2019,Alicante,7,Lunes,21,Zona interurbana,Vía urbana,Colisión por alcance,Buen tiempo,Pleno día,1,0,0,1,2019-07-01,via urbana,colision por alcance,buen tiempo,pleno dia,zona interurbana,0927a0c81213ef0edd8c33cb3046bf366f80bfe674a15d3ecad347edd5a686ce,accidentes_raw_dgt,2026-05-09 20:40:11
2019,Alicante,7,Miércoles,15,Zona interurbana,Vía urbana,Colisión múltiple,Buen tiempo,Pleno día,2,0,0,2,2019-07-01,via urbana,colision multiple,buen tiempo,pleno dia,zona interurbana,dc7d6256d124bcc9244d6d0e437beabded4b25d4fbf77ccb595375b8f5f1e903,accidentes_raw_dgt,2026-05-09 20:40:11
2019,Alicante,7,Domingo,13,Zona interurbana,Vía urbana,Se desconoce,Buen tiempo,Pleno día,1,0,0,1,2019-07-01,via urbana,se desconoce,buen tiempo,pleno dia,zona interurbana,bebcee2abff6b6f2e04afac2869e7edec0bf441979a6b183b430f9e1e3d7b9c0,accidentes_raw_dgt,2026-05-09 20:40:11
2019,Alicante,7,Domingo,18,Zona interurbana,Vía urbana,Colisión por alcance,Buen tiempo,Pleno día,1,0,0,1,2019-07-01,via urbana,colision por alcance,buen tiempo,pleno dia,zona interurbana,13b3f39cb74686a176eb0f364ffe4e5e38c9bfa5bb9a8bd1624135ce306ef3d0,accidentes_raw_dgt,2026-05-09 20:40:11
2019,Alicante,7,Domingo,15,Zona interurbana,Autopista,Colisión por alcance,Buen tiempo,Pleno día,4,3,1,4,2019-07-01,autopista,colision por alcance,buen tiempo,pleno dia,zona interurbana,55c9af00a7e7fa53c73c3776477b4fb05daadc4dfa3a7f1d8c20391d842a4732,accidentes_raw_dgt,2026-05-09 20:40:11
2019,Alicante,7,Lunes,7,Zona interurbana,Vía urbana,Caída de motociclista,Buen tiempo,Amanecer/Anochecer,1,0,0,1,2019-07-01,via urbana,caida de motociclista,buen tiempo,amanecer/anochecer,zona interurbana,72e37da8a67d137ab41fe3a0ef269ad619192eb0d93a4a5421b1f0bf05093d86,accidentes_raw_dgt,2026-05-09 20:40:11
2019,Alicante,8,Sábado,22,Zona interurbana,Autopista,Colisión múltiple,Buen tiempo,Se desconoce,3,0,1,2,2019-08-01,autopista,colision multiple,buen tiempo,se desconoce,zona interurbana,94f136bbfce57e5c6f1c86bbf6bf8a4e1d48ef230373eda2859170e158b1c185,accidentes_raw_dgt,2026-05-09 20:40:11
2019,Alicante,8,Sábado,10,Zona interurbana,Vía urbana,Colisión por alcance,Buen tiempo,Pleno día,1,0,0,1,2019-08-01,via urbana,colision por alcance,buen tiempo,pleno dia,zona interurbana,8d0c7eec258a5cfd81e86404ef98ee05d1a1aef3bf2f5b6e82815cc951497a49,accidentes_raw_dgt,2026-05-09 20:40:11
2019,Alicante,8,Sábado,17,Zona interurbana,Camino vecinal,Colisión por alcance,Buen tiempo,Pleno día,1,0,0,1,2019-08-01,camino vecinal,colision por alcance,buen tiempo,pleno dia,zona interurbana,0b8c4c7c81ac3255024f978a24c4c63bb034cc40ed2fe51dec83cb28c8785a87,accidentes_raw_dgt,2026-05-09 20:40:11
2019,Alicante,8,Sábado,11,Zona interurbana,Vía convencional,Colisión frontolateral,Buen tiempo,Pleno día,3,0,0,3,2019-08-01,via convencional,colision frontolateral,buen tiempo,pleno dia,zona interurbana,2326b09b5e1f59de45c1ed58a00337ddc2966eb5bc60cdc33d3171e9758ef576,accidentes_raw_dgt,2026-05-09 20:40:11
2019,Alicante,9,Sábado,16,Zona interurbana,Vía urbana,Atropello a ciclista,Lluvia,Pleno día,1,0,0,1,2019-09-01,via urbana,atropello a ciclista,lluvia,pleno dia,zona interurbana,5a0b83e19c5750eed6d8d46cb858d15c956a657093c08afa53133c0fbe5f04fb,accidentes_raw_dgt,2026-05-09 20:40:11
2019,Alicante,9,Lunes,17,Zona interurbana,Autopista,Se desconoce,Buen tiempo,Pleno día,1,0,0,1,2019-09-01,autopista,se desconoce,buen tiempo,pleno dia,zona interurbana,dafff407d7450f62b0dd0c413f9f0745d70071b8ba4d731d093804be0502184e,accidentes_raw_dgt,2026-05-09 20:40:11
2019,Alicante,9,Jueves,15,Zona interurbana,Vía urbana,Colisión frontal,Buen tiempo,Pleno día,2,0,0,2,2019-09-01,via urbana,colision frontal,buen tiempo,pleno dia,zona interurbana,447512622f9767785e7dac3176232565e58fbf84ec87f783607cfbb95d82375b,accidentes_raw_dgt,2026-05-09 20:40:11
2019,Alicante,9,Domingo,14,Zona interurbana,Vía urbana,Se desconoce,Buen tiempo,Pleno día,1,0,1,0,2019-09-01,via urbana,se desconoce,buen tiempo,pleno dia,zona interurbana,9caa05aeaaaf486bd3f697aaffa2e74e6a1805ff113366526ec0ae038a5aca4b,accidentes_raw_dgt,2026-05-09 20:40:11
2019,Alicante,9,Lunes,11,Zona interurbana,Vía urbana,Atropello a ciclista,Buen tiempo,Pleno día,1,0,0,1,2019-09-01,via urbana,atropello a ciclista,buen tiempo,pleno dia,zona interurbana,425d61997bf9249a378f324165669789330dc80ea3215486b0f02b1ed1750796,accidentes_raw_dgt,2026-05-09 20:40:11
2019,Alicante,10,Martes,14,Zona interurbana,Vía urbana,Colisión múltiple,Granizo,Pleno día,2,0,0,2,2019-10-01,via urbana,colision multiple,granizo,pleno dia,zona interurbana,9060ce5653093cd9bff480cb01ff0e3a790e6f545e214a3dd85841daabac7848,accidentes_raw_dgt,2026-05-09 20:40:11
2019,Alicante,11,Miércoles,16,Zona interurbana,Vía urbana,Colisión frontolateral,Buen tiempo,Pleno día,1,0,1,0,2019-11-01,via urbana,colision frontolateral,buen tiempo,pleno dia,zona interurbana,6e71e71a06ff0270c038319e473f7d1beca35a3ea8015ab60e7f1ab47288d9f6,accidentes_raw_dgt,2026-05-09 20:40:11
2019,Alicante,11,Sábado,15,Zona interurbana,Vía urbana,Colisión por alcance,Buen tiempo,Pleno día,1,0,0,1,2019-11-01,via urbana,colision por alcance,buen tiempo,pleno dia,zona interurbana,ecb80fffef1947a59eb3fff9d3dddfc60140387317a22d9c0e3f3f85177f3e68,accidentes_raw_dgt,2026-05-09 20:40:11
2019,Alicante,11,Lunes,13,Zona interurbana,Vía urbana,Colisión lateral,Buen tiempo,Pleno día,2,0,0,2,2019-11-01,via urbana,colision lateral,buen tiempo,pleno dia,zona interurbana,cceba0e36b2704677e406b1d8524c785517210f106e09a512fe5c93810b4ec25,accidentes_raw_dgt,2026-05-09 20:40:11
2019,Alicante,11,Domingo,4,Zona interurbana,Vía urbana,Colisión frontal,Buen tiempo,Se desconoce,1,0,0,1,2019-11-01,via urbana,colision frontal,buen tiempo,se desconoce,zona interurbana,fd98aa9d9cc36596d20ab1947351b2f2312de7edbd2d2e1a20a1e4f7ea237b28,accidentes_raw_dgt,2026-05-09 20:40:11
2019,Alicante,12,Lunes,16,Zona interurbana,Vía urbana,Colisión frontal,Buen tiempo,Pleno día,4,1,1,0,2019-12-01,via urbana,colision frontal,buen tiempo,pleno dia,zona interurbana,ff150bc51704cbc2fb2f412c2d8a79afb6212c9dff3d6127c2b0f937a33ea5ed,accidentes_raw_dgt,2026-05-09 20:40:11
2019,Alicante,12,Viernes,9,Zona interurbana,Vía urbana,Colisión múltiple,Buen tiempo,Pleno día,1,0,0,1,2019-12-01,via urbana,colision multiple,buen tiempo,pleno dia,zona interurbana,056cc3e4b91ffa46435bb981d0d98c329222ca41cf12825a533797330a9cc56e,accidentes_raw_dgt,2026-05-09 20:40:11
2019,Alicante,12,Martes,20,Zona interurbana,Vía urbana,Colisión por alcance,Buen tiempo,Se desconoce,1,0,0,1,2019-12-01,via urbana,colision por alcance,buen tiempo,se desconoce,zona interurbana,25f9b3ab7e7d3634a79eab88d59a0b4592d42384900dfc10ecc481af5b8dfd3d,accidentes_raw_dgt,2026-05-09 20:40:11
2019,Alicante,5,Martes,11,Zona interurbana,Vía urbana,Colisión frontolateral,Buen tiempo,Pleno día,1,0,0,1,2019-05-01,via urbana,colision frontolateral,buen tiempo,pleno dia,zona interurbana,479f8ec909fe2e84ad23cb8a55e3fc41bc84659e81be514db4b989a89a9bd2a0,accidentes_raw_dgt,2026-05-09 20:40:11
2019,Alicante,10,Lunes,11,Zona interurbana,Vía urbana,Caída de motociclista,Buen tiempo,Pleno día,1,0,0,1,2019-10-01,via urbana,caida de motociclista,buen tiempo,pleno dia,zona interurbana,2d98306af4dba363ad498acbb1f50b1125f249262e7eefa0875078d2b9f6952d,accidentes_raw_dgt,2026-05-09 20:40:11
2019,Alicante,1,Viernes,17,Zona interurbana,Vía urbana,Caída de motociclista,Buen tiempo,Pleno día,1,0,1,0,2019-01-01,via urbana,caida de motociclista,buen tiempo,pleno dia,zona interurbana,81e3115919b4a97b3a2d74945e11f722782beabd40af734e2a2e8266fb2c9542,accidentes_raw_dgt,2026-05-09 20:40:11
2019,Alicante,1,Miércoles,17,Zona interurbana,Vía urbana,Colisión frontolateral,Buen tiempo,Amanecer/Anochecer,1,0,0,1,2019-01-01,via urbana,colision frontolateral,buen tiempo,amanecer/anochecer,zona interurbana,36b9a348ff8fdd5fb3ac60af9a10e83e21bd30460ca209530964b0e006aa5ee9,accidentes_raw_dgt,2026-05-09 20:40:11
2019,Alicante,2,Martes,19,Travesía,Otro,Colisión lateral,Buen tiempo,Noche con iluminación,2,0,0,2,2019-02-01,otro,colision lateral,buen tiempo,noche con iluminacion,travesia,c3114e3f771d5f6917212c9f0bc7384b0d2b14f3731848d213ad5c9aac56144d,accidentes_raw_dgt,2026-05-09 20:40:11
2019,Alicante,3,Martes,6,Zona interurbana,Vía urbana,Se desconoce,Buen tiempo,Se desconoce,1,1,0,0,2019-03-01,via urbana,se desconoce,buen tiempo,se desconoce,zona interurbana,00e2c609b4339c40455281ce1793c5e2158dd90d163ff4d64bc0795b715b6393,accidentes_raw_dgt,2026-05-09 20:40:11
2019,Alicante,3,Lunes,18,Travesía,Otro,Colisión lateral,Buen tiempo,Pleno día,2,0,0,2,2019-03-01,otro,colision lateral,buen tiempo,pleno dia,travesia,0322afb553ec2b3fe95f9e73820a34c07da19d5dc5fff0f42416e01f24b1cb2c,accidentes_raw_dgt,2026-05-09 20:40:11
2019,Alicante,4,Martes,7,Travesía,Otro,Colisión lateral,Buen tiempo,Pleno día,1,0,0,1,2019-04-01,otro,colision lateral,buen tiempo,pleno dia,travesia,4366b9ea549261637af29a7ca331c75ef21244839073b582ac203e25594b51d0,accidentes_raw_dgt,2026-05-09 20:40:11
2019,Alicante,4,Jueves,5,Zona interurbana,Vía convencional,Salida vía izquierda,Buen tiempo,Noche ilum. insuficiente,1,0,0,1,2019-04-01,via convencional,salida via izquierda,buen tiempo,noche ilum. insuficiente,zona interurbana,9ecd60ff3bca4fecb399dc56bd00dd675b92b0d0e913a4f2b21ca6b1ff8914a2,accidentes_raw_dgt,2026-05-09 20:40:11
2019,Alicante,4,Domingo,11,Travesía,Otro,Colisión lateral,Buen tiempo,Pleno día,1,0,0,1,2019-04-01,otro,colision lateral,buen tiempo,pleno dia,travesia,58180bb12beb55a4bffb10de75ca8c53dcc8061c3cdee52e0ebdcd74049d374e,accidentes_raw_dgt,2026-05-09 20:40:11
2019,Alicante,5,Jueves,18,Zona interurbana,Vía urbana,Caída de motociclista,Buen tiempo,Pleno día,1,0,0,1,2019-05-01,via urbana,caida de motociclista,buen tiempo,pleno dia,zona interurbana,c56b05eb525718f02df539e071361dd58b168a5a70abdb3148d44f98c46c38cd,accidentes_raw_dgt,2026-05-09 20:40:11
2019,Alicante,6,Sábado,13,Zona interurbana,Vía convencional,Se desconoce,Buen tiempo,Pleno día,1,0,1,0,2019-06-01,via convencional,se desconoce,buen tiempo,pleno dia,zona interurbana,228971770cc3111e6ce32b17a5ab6ae7c0ba993634ac8d83fd32ec6e91615995,accidentes_raw_dgt,2026-05-09 20:40:11
2019,Alicante,6,Viernes,14,Zona interurbana,Vía convencional,Colisión frontolateral,Buen tiempo,Pleno día,1,0,0,1,2019-06-01,via convencional,colision frontolateral,buen tiempo,pleno dia,zona interurbana,83e19a9ce479dc064bab4bd50134db14918cc967debd3ad223bb8993c523788d,accidentes_raw_dgt,2026-05-09 20:40:11
2019,Alicante,8,Sábado,9,Zona interurbana,Camino vecinal,Animal en calzada,Buen tiempo,Pleno día,1,0,0,1,2019-08-01,camino vecinal,animal en calzada,buen tiempo,pleno dia,zona interurbana,56533080816acfbf988d15e31399b7ba108b2e525abc68387256075d6f8d2693,accidentes_raw_dgt,2026-05-09 20:40:11
2019,Alicante,10,Domingo,14,Zona interurbana,Ramal/enlace,Salida vía izquierda,Granizo,Pleno día,2,0,0,2,2019-10-01,ramal/enlace,salida via izquierda,granizo,pleno dia,zona interurbana,3f735c67d29014733cf56508d3c5dba2c87abb07313998e23b49b7c8cc0d7e4a,accidentes_raw_dgt,2026-05-09 20:40:11
2019,Alicante,2,Sábado,13,Zona interurbana,Vía urbana,Atropello a ciclista,Buen tiempo,Pleno día,1,0,0,1,2019-02-01,via urbana,atropello a ciclista,buen tiempo,pleno dia,zona interurbana,57d24fbc37a0596d5dbad9f86accacf04ab8e2875a084cb2202244c421d1c65f,accidentes_raw_dgt,2026-05-09 20:40:11
2019,Alicante,3,Domingo,8,Zona interurbana,Vía urbana,Choque obstáculo mediana,Buen tiempo,Pleno día,1,1,0,0,2019-03-01,via urbana,choque obstaculo mediana,buen tiempo,pleno dia,zona interurbana,ed5667b58b1a81344b92381e198ec4a36d5ce86688561d30219c02c066159a61,accidentes_raw_dgt,2026-05-09 20:40:11
2019,Alicante,12,Martes,15,Zona interurbana,Vía urbana,Choque obstáculo calzada,Granizo,Pleno día,1,0,0,1,2019-12-01,via urbana,choque obstaculo calzada,granizo,pleno dia,zona interurbana,0e1a3aec7fd93fa52fea73290fec50e6cf62fb1fa6d03b9ebc0a0a3272232339,accidentes_raw_dgt,2026-05-09 20:40:11
2019,Alicante,1,Viernes,20,Zona interurbana,Vía urbana,Colisión frontolateral,Buen tiempo,Se desconoce,1,0,1,0,2019-01-01,via urbana,colision frontolateral,buen tiempo,se desconoce,zona interurbana,d9eb1c864cfaa8b6deef076edd37d9fe3403212dfae3d243947419118e4a06f2,accidentes_raw_dgt,2026-05-09 20:40:11
2019,Alicante,1,Lunes,12,Zona interurbana,Autovía,Colisión lateral,Buen tiempo,Pleno día,1,0,0,1,2019-01-01,autovia,colision lateral,buen tiempo,pleno dia,zona interurbana,6cf5896600cbb072644fcdfa4e8bad2159c558e67c4b2226e87e26f6b898c99a,accidentes_raw_dgt,2026-05-09 20:40:11
2019,Alicante,1,Domingo,13,Zona interurbana,Vía urbana,Colisión frontolateral,Buen tiempo,Pleno día,1,0,0,1,2019-01-01,via urbana,colision frontolateral,buen tiempo,pleno dia,zona interurbana,4d939723aee58df1d4cc07dc421ca4128d8c69edfcb8f236d1eb961bc440a81d,accidentes_raw_dgt,2026-05-09 20:40:11
2019,Alicante,1,Lunes,12,Zona interurbana,Autopista,Colisión por alcance,Buen tiempo,Pleno día,1,0,0,1,2019-01-01,autopista,colision por alcance,buen tiempo,pleno dia,zona interurbana,4a621015e5337e14270e11a5e4a3489864dad0aaed3673381c8973285467c5a4,accidentes_raw_dgt,2026-05-09 20:40:11
2019,Alicante,3,Sábado,15,Zona interurbana,Autopista,Colisión por alcance,Lluvia,Pleno día,1,0,0,1,2019-03-01,autopista,colision por alcance,lluvia,pleno dia,zona interurbana,29e2c686a1fab3fa529bacb349d8af3fd7c96ec2b5fafb13f7a4ba82894269c7,accidentes_raw_dgt,2026-05-09 20:40:11
2019,Alicante,4,Lunes,12,Zona interurbana,Autopista,Colisión por alcance,Buen tiempo,Pleno día,3,0,0,3,2019-04-01,autopista,colision por alcance,buen tiempo,pleno dia,zona interurbana,e1b9005b2bd9380bf2ad43494b6a0c3de7db20532a7297fde352214e9610e4b7,accidentes_raw_dgt,2026-05-09 20:40:11
2019,Alicante,4,Lunes,13,Zona interurbana,Autopista,Salida vía izquierda,Buen tiempo,Pleno día,1,0,0,1,2019-04-01,autopista,salida via izquierda,buen tiempo,pleno dia,zona interurbana,0371fc7cdb0ab35c882c492829dda05076e162691e6550e82bdf842471377d64,accidentes_raw_dgt,2026-05-09 20:40:11
2019,Alicante,7,Sábado,18,Zona interurbana,Calle,Colisión frontolateral,Buen tiempo,Pleno día,2,0,0,2,2019-07-01,calle,colision frontolateral,buen tiempo,pleno dia,zona interurbana,d41faf2b02624edbcdc0c13fbed91c96f0f6dc0a8dccb56b0615b0a155b8f77a,accidentes_raw_dgt,2026-05-09 20:40:11
2019,Alicante,7,Martes,20,Zona interurbana,Vía urbana,Colisión por alcance,Buen tiempo,Amanecer/Anochecer,1,0,0,1,2019-07-01,via urbana,colision por alcance,buen tiempo,amanecer/anochecer,zona interurbana,9f2ca3ad31656671b9e0bf12509c9e71dac5b8e8834145767f684bf193945d33,accidentes_raw_dgt,2026-05-09 20:40:11
2019,Alicante,7,Domingo,19,Zona interurbana,Ramal/enlace,Caída de ocupante,Buen tiempo,Pleno día,1,0,0,1,2019-07-01,ramal/enlace,caida de ocupante,buen tiempo,pleno dia,zona interurbana,13990937ab8ca4413751a9012a31255e72a18ba3ac8d5c83dd511df50cf2a3e1,accidentes_raw_dgt,2026-05-09 20:40:11
2019,Alicante,7,Domingo,9,Zona interurbana,Vía urbana,Colisión frontolateral,Buen tiempo,Pleno día,1,0,0,1,2019-07-01,via urbana,colision frontolateral,buen tiempo,pleno dia,zona interurbana,62abc4bd66be5ab27f8cd37f0bf1c564287878217b39f7a5711a226adafe3f4a,accidentes_raw_dgt,2026-05-09 20:40:11
2019,Alicante,7,Miércoles,0,Zona interurbana,Vía urbana,Colisión frontolateral,Buen tiempo,Se desconoce,3,0,0,3,2019-07-01,via urbana,colision frontolateral,buen tiempo,se desconoce,zona interurbana,39938bd5341cf9783604a0b5818375365c6d6fd12a5b6cab5160e57cce3dcab1,accidentes_raw_dgt,2026-05-09 20:40:11
2019,Alicante,8,Martes,6,Zona interurbana,Autovía,Colisión múltiple,Buen tiempo,Se desconoce,3,0,0,3,2019-08-01,autovia,colision multiple,buen tiempo,se desconoce,zona interurbana,887846b0aa6af194c7e153372b41453af317c9407cb72cd75b9f633eb8ebf3a4,accidentes_raw_dgt,2026-05-09 20:40:11
2019,Alicante,8,Domingo,13,Zona interurbana,Autovía,Choque obstáculo mediana,Buen tiempo,Pleno día,1,0,0,1,2019-08-01,autovia,choque obstaculo mediana,buen tiempo,pleno dia,zona interurbana,18177338c3669a1314d644b7f4ecfd18a5c735e819edf1e2062c3bc354d0dd7f,accidentes_raw_dgt,2026-05-09 20:40:11
2019,Alicante,9,Sábado,15,Zona interurbana,Calle,Animal en calzada,Buen tiempo,Pleno día,1,0,0,1,2019-09-01,calle,animal en calzada,buen tiempo,pleno dia,zona interurbana,a812c832adb8c843f1ddb02534f58f4244da39f526cb9296f397e5c03c559f52,accidentes_raw_dgt,2026-05-09 20:40:11
2019,Alicante,10,Jueves,17,Zona interurbana,Calle,Colisión frontolateral,Buen tiempo,Noche con iluminación,2,0,0,2,2019-10-01,calle,colision frontolateral,buen tiempo,noche con iluminacion,zona interurbana,1ea65ea38f2f574b3875ba895e4ff76b284b7725041612dfa0fdcc81d49e0f4f,accidentes_raw_dgt,2026-05-09 20:40:11
2019,Alicante,11,Sábado,1,Zona interurbana,Otro urbano,Objeto desprendido,Buen tiempo,Noche ilum. insuficiente,4,0,0,4,2019-11-01,otro urbano,objeto desprendido,buen tiempo,noche ilum. insuficiente,zona interurbana,c2d735ed61274b73ed20a49594661e35185797b6ee082cb5145383e548d4f9d0,accidentes_raw_dgt,2026-05-09 20:40:11
2019,Alicante,11,Jueves,20,Zona interurbana,Autopista,Colisión frontal,Buen tiempo,Noche sin iluminación,2,0,1,1,2019-11-01,autopista,colision frontal,buen tiempo,noche sin iluminacion,zona interurbana,299ae77a4ef350ae0dd37d6bba1c002d03444fb1edb236b341962dec14cb4bb4,accidentes_raw_dgt,2026-05-09 20:40:11
2019,Alicante,2,Viernes,21,Zona interurbana,Camino vecinal,Colisión por alcance,Buen tiempo,Noche sin iluminación,1,0,0,1,2019-02-01,camino vecinal,colision por alcance,buen tiempo,noche sin iluminacion,zona interurbana,3921a7d7066d4666f3e7e9874ab7832eed2f4bcabdd2af8f081c0dedd953779b,accidentes_raw_dgt,2026-05-09 20:40:11
2019,Alicante,3,Lunes,14,Zona interurbana,Camino vecinal,Colisión por alcance,Buen tiempo,Pleno día,1,0,0,1,2019-03-01,camino vecinal,colision por alcance,buen tiempo,pleno dia,zona interurbana,a025f0314b164d72f92e11bd860ebbc0558addbeb5cf3ae1f06c4eded1d63ddc,accidentes_raw_dgt,2026-05-09 20:40:11
2019,Alicante,3,Domingo,10,Zona interurbana,Vía urbana,Se desconoce,Buen tiempo,Pleno día,1,0,1,0,2019-03-01,via urbana,se desconoce,buen tiempo,pleno dia,zona interurbana,8d99af9470d4a657fffebc88104b660ffa8a3968ea860cf1f4df8705132951c1,accidentes_raw_dgt,2026-05-09 20:40:11
2019,Alicante,3,Sábado,18,Zona interurbana,Vía urbana,Salida vía izquierda,Lluvia,Pleno día,1,1,0,0,2019-03-01,via urbana,salida via izquierda,lluvia,pleno dia,zona interurbana,beda66e7862b7ad41c56bbe0f38ad082aef73f1ec96cebb2d61d03322c40ad86,accidentes_raw_dgt,2026-05-09 20:40:11
2019,Alicante,6,Domingo,14,Zona interurbana,Vía urbana,Colisión frontolateral,Buen tiempo,Pleno día,4,0,0,4,2019-06-01,via urbana,colision frontolateral,buen tiempo,pleno dia,zona interurbana,7b4261f5afa3de11408ed91980e35e585292e46cc265cd41dad35487f815c93d,accidentes_raw_dgt,2026-05-09 20:40:11
2019,Alicante,7,Jueves,11,Zona interurbana,Vía urbana,Colisión frontolateral,Buen tiempo,Pleno día,2,0,0,2,2019-07-01,via urbana,colision frontolateral,buen tiempo,pleno dia,zona interurbana,c344fdf40e328b7856fdbd48d0681979b5411287856b9926c41d6ddfe5765374,accidentes_raw_dgt,2026-05-09 20:40:11
2019,Alicante,1,Sábado,12,Travesía,Otro,Colisión por alcance,Buen tiempo,Pleno día,1,0,0,1,2019-01-01,otro,colision por alcance,buen tiempo,pleno dia,travesia,083deea4f628f1db6806c5bd4986388bfc33a17c54e7279584eae708f779e571,accidentes_raw_dgt,2026-05-09 20:40:11
2019,Alicante,1,Miércoles,5,Travesía,Otro,Colisión por alcance,Buen tiempo,Noche con iluminación,1,0,0,1,2019-01-01,otro,colision por alcance,buen tiempo,noche con iluminacion,travesia,213f6505c6c2a611fa8acf9e714cbb3037f19a2908adc6f77c7c795e04f8b733,accidentes_raw_dgt,2026-05-09 20:40:11
2019,Alicante,8,Viernes,8,Zona interurbana,Camino vecinal,Colisión por alcance,Buen tiempo,Pleno día,2,0,0,2,2019-08-01,camino vecinal,colision por alcance,buen tiempo,pleno dia,zona interurbana,0844b610d6b7b1eebaa9b672e9cf973ca1795ea9f208d53d6c9ab9eef5cc67c9,accidentes_raw_dgt,2026-05-09 20:40:11
2019,Alicante,3,Martes,19,Travesía,Otro,Colisión frontolateral,Buen tiempo,Pleno día,3,0,0,3,2019-03-01,otro,colision frontolateral,buen tiempo,pleno dia,travesia,a0c12d5078472f31e20796c43ed41b144f955e1e9174915fa6a371a039649dc8,accidentes_raw_dgt,2026-05-09 20:40:11
2019,Alicante,9,Viernes,13,Zona interurbana,Vía urbana,Colisión frontolateral,Lluvia,Pleno día,1,0,0,1,2019-09-01,via urbana,colision frontolateral,lluvia,pleno dia,zona interurbana,ecc4ba55675b0dd7586171fcea38685ea838b98b64bcbb9b2625bc1be5284bab,accidentes_raw_dgt,2026-05-09 20:40:11
2019,Alicante,11,Miércoles,6,Zona interurbana,Travesía,Choque obstáculo lateral,Buen tiempo,Noche sin iluminación,2,0,1,1,2019-11-01,travesia,choque obstaculo lateral,buen tiempo,noche sin iluminacion,zona interurbana,d15eff82084cddbc1b35df821f1a75d41977d9a7a0a0499f4accf528a8fb88f7,accidentes_raw_dgt,2026-05-09 20:40:11
2019,Alicante,11,Sábado,11,Zona interurbana,Camino vecinal,Colisión por alcance,Buen tiempo,Pleno día,1,0,0,1,2019-11-01,camino vecinal,colision por alcance,buen tiempo,pleno dia,zona interurbana,5ee36f40051aec9076cd20826e9bad65d1c5fa24dc02a6bc19b83c8e7eaa4d53,accidentes_raw_dgt,2026-05-09 20:40:11