AÑO,PROVINCIA,MES,DIA_SEMANA,HORA,ZONA,TIPO_VIA,TIPO_ACCIDENTE,CONDICION_METEO,CONDICION_ILUMINACION,TOTAL_VICTIMAS,FALLECIDOS_24H,HERIDOS_GRAVES,HERIDOS_LEVES,FECHA_ACCIDENTE,TIPO_VIA_NORM,TIPO_ACCIDENTE_NORM,CONDICION_METEO_NORM,CONDICION_ILUMINACION_NORM,ZONA_NORM,ID_ACCIDENTE_HASH,source_id,load_timestamp
2019,Alicante,6,Miércoles,10,Travesía,Otro,Colisión frontolateral,Buen tiempo,Pleno día,1,0,0,1,2019-06-01,otro,colision frontolateral,buen tiempo,pleno dia,travesia,817944c9c68564a039ef90a88a4f87b739f822051db42dd6ef9ba6e80507a261,accidentes_raw_dgt,2026-05-09 20:40:11
2019,Alicante,12,Viernes,18,Zona interurbana,Vía urbana,Colisión por alcance,Buen tiempo,Noche ilum. insuficiente,1,0,0,1,2019-12-01,via urbana,colision por alcance,buen tiempo,noche ilum. insuficiente,zona interurbana,a48317286e0445e807090fe301da37ceb30a15c4df3aa6c06a8d9cde05c0fd83,accidentes_raw_dgt,2026-05-09 20:40:11
2019,Alicante,8,Viernes,11,Zona interurbana,Vía urbana,Caída de motociclista,Buen tiempo,Pleno día,1,0,0,1,2019-08-01,via urbana,caida de motociclista,buen tiempo,pleno dia,zona interurbana,d0c9e369bee256f4b0182a503babb685ee7b00419c985fb423a47bfb0eb89f56,accidentes_raw_dgt,2026-05-09 20:40:11
2019,Alicante,1,Sábado,19,Travesía,Otro urbano,Choque obstáculo lateral,Buen tiempo,Noche sin iluminación,1,0,0,1,2019-01-01,otro urbano,choque obstaculo lateral,buen tiempo,noche sin iluminacion,travesia,4dfbe272201d319815b088c936bd905d88d0700b5eb330da738b07f555be1a68,accidentes_raw_dgt,2026-05-09 20:40:11
2019,Alicante,1,Viernes,13,Travesía,Otro,Colisión frontolateral,Buen tiempo,Pleno día,2,0,0,2,2019-01-01,otro,colision frontolateral,buen tiempo,pleno dia,travesia,00c08d89fea3949876a591af017b09ccb7efa99c42117fa70780f9733164d608,accidentes_raw_dgt,2026-05-09 20:40:11
2019,Alicante,2,Sábado,21,Zona interurbana,Vía urbana,Colisión por alcance,Buen tiempo,Noche ilum. insuficiente,1,0,0,1,2019-02-01,via urbana,colision por alcance,buen tiempo,noche ilum. insuficiente,zona interurbana,df91d97b8518e7a95c11b21218d4be8306c42ff83eee9e879a2a81a8518f6424,accidentes_raw_dgt,2026-05-09 20:40:11
2019,Alicante,3,Lunes,8,Travesía,Otro,Colisión por alcance,Buen tiempo,Pleno día,1,0,0,1,2019-03-01,otro,colision por alcance,buen tiempo,pleno dia,travesia,9028dce6614eb1f7a5fdc2f564f671475cae5cec22ae87054199bf38034e0595,accidentes_raw_dgt,2026-05-09 20:40:11
2019,Alicante,3,Martes,20,Travesía,Otro urbano,Colisión frontolateral,Buen tiempo,Noche sin iluminación,1,0,0,1,2019-03-01,otro urbano,colision frontolateral,buen tiempo,noche sin iluminacion,travesia,2d6c50388f532bd1bbe52e5a25fad2a7fd3955bb2855b0b72cd28765e78b62e9,accidentes_raw_dgt,2026-05-09 20:40:11
2019,Alicante,2,Martes,18,Travesía,Otro,Choque obstáculo lateral,Buen tiempo,Noche sin iluminación,1,0,0,1,2019-02-01,otro,choque obstaculo lateral,buen tiempo,noche sin iluminacion,travesia,5e8a21ead84851c212c2cae58849de4d37bc0babfcab05ceff51350412eb3e94,accidentes_raw_dgt,2026-05-09 20:40:11
2019,Alicante,4,Martes,16,Travesía,Otro urbano,Colisión por alcance,Buen tiempo,Pleno día,2,0,0,2,2019-04-01,otro urbano,colision por alcance,buen tiempo,pleno dia,travesia,e001dad6f306c7ddb4c0662753355f15214ca8f3cfa19f8c215530c3ac7a3764,accidentes_raw_dgt,2026-05-09 20:40:11
2019,Alicante,4,Sábado,20,Travesía,Otro,Colisión frontolateral,Buen tiempo,Pleno día,1,0,0,1,2019-04-01,otro,colision frontolateral,buen tiempo,pleno dia,travesia,2d087552bf9d679fa4a8eebf4b2478174b3f1384b07dc5adc286ad9b0117674e,accidentes_raw_dgt,2026-05-09 20:40:11
2019,Alicante,4,Miércoles,9,Zona interurbana,Vía convencional,Colisión por alcance,Buen tiempo,Pleno día,1,0,0,1,2019-04-01,via convencional,colision por alcance,buen tiempo,pleno dia,zona interurbana,cfc9f9d59644d2c787369fdfb49611937045a6f7bf843cac2d991cdcda24e651,accidentes_raw_dgt,2026-05-09 20:40:11
2019,Alicante,5,Martes,10,Zona interurbana,Vía urbana,Colisión por alcance,Buen tiempo,Pleno día,2,0,0,2,2019-05-01,via urbana,colision por alcance,buen tiempo,pleno dia,zona interurbana,714e65ea2496fbf0e6bd4a2a9c99b282580bb9d2667220c01490d34497ab28f3,accidentes_raw_dgt,2026-05-09 20:40:11
2019,Alicante,5,Viernes,15,Travesía,Otro,Colisión frontolateral,Buen tiempo,Pleno día,1,0,0,1,2019-05-01,otro,colision frontolateral,buen tiempo,pleno dia,travesia,e7303ad874c1009003d08c7bd18c3c1f1bbc6fde77ed0f6024ab9c998285ddb8,accidentes_raw_dgt,2026-05-09 20:40:11
2019,Alicante,6,Jueves,15,Zona interurbana,Vía urbana,Colisión frontal,Buen tiempo,Pleno día,2,0,0,2,2019-06-01,via urbana,colision frontal,buen tiempo,pleno dia,zona interurbana,1098335e95d32f09abf3519a886cb9774d4f668e694eb2835c473643618efc0e,accidentes_raw_dgt,2026-05-09 20:40:11
2019,Alicante,9,Miércoles,18,Travesía,Otro,Salida vía izquierda,Buen tiempo,Pleno día,1,0,0,1,2019-09-01,otro,salida via izquierda,buen tiempo,pleno dia,travesia,5dbb51ba631f2c785bc36a5f41521d7df1a5116c9073f6f7cc29f581b93333e5,accidentes_raw_dgt,2026-05-09 20:40:11
2019,Alicante,9,Viernes,22,Travesía,Otro,Choque obstáculo lateral,Buen tiempo,Noche sin iluminación,1,0,0,1,2019-09-01,otro,choque obstaculo lateral,buen tiempo,noche sin iluminacion,travesia,b1ac3a14adbfd6d9c4c4641a18c04de2b5370726980041058edfa926a49a9fb5,accidentes_raw_dgt,2026-05-09 20:40:11
2019,Alicante,10,Miércoles,3,Zona interurbana,Vía convencional,Caída de motociclista,Buen tiempo,Se desconoce,1,0,0,1,2019-10-01,via convencional,caida de motociclista,buen tiempo,se desconoce,zona interurbana,4235d033441def62c1ea71655385fe6f2b4acd0458059c4ed2fc495e5129326e,accidentes_raw_dgt,2026-05-09 20:40:11
2019,Alicante,10,Lunes,18,Zona interurbana,Vía urbana,Colisión por alcance,Buen tiempo,Amanecer/Anochecer,1,0,0,1,2019-10-01,via urbana,colision por alcance,buen tiempo,amanecer/anochecer,zona interurbana,ed946f65d2c785d90e827c5ffd879ce3b49c68d4c88013074176a7e73bc58bcf,accidentes_raw_dgt,2026-05-09 20:40:11
2019,Alicante,10,Martes,18,Zona interurbana,Vía urbana,Colisión frontolateral,Buen tiempo,Se desconoce,1,0,0,1,2019-10-01,via urbana,colision frontolateral,buen tiempo,se desconoce,zona interurbana,fd77ae3ed92c65f6ff3c609e98bf395f5fdcd89168f67405ab7466651864538b,accidentes_raw_dgt,2026-05-09 20:40:11
2019,Alicante,1,Martes,6,Zona interurbana,Vía urbana,Caída de motociclista,Buen tiempo,Se desconoce,1,0,0,1,2019-01-01,via urbana,caida de motociclista,buen tiempo,se desconoce,zona interurbana,8fc750f6d387270884c52388abf261efa9e0b55854fdd27020113b47fcc766c0,accidentes_raw_dgt,2026-05-09 20:40:11
2019,Alicante,1,Miércoles,7,Zona interurbana,Calle,Choque con bordillo,Buen tiempo,Pleno día,1,0,0,1,2019-01-01,calle,choque con bordillo,buen tiempo,pleno dia,zona interurbana,cc0fbd76e442d990847e437626300d0679bf22feaa1092c815a3c72cfbeecda1,accidentes_raw_dgt,2026-05-09 20:40:11
2019,Alicante,1,Martes,15,Zona interurbana,Vía urbana,Colisión por alcance,Buen tiempo,Pleno día,2,0,0,2,2019-01-01,via urbana,colision por alcance,buen tiempo,pleno dia,zona interurbana,a1dc2a3800abc8019d31afbd94f32a166303390fe03b2c55a424348bf87663b3,accidentes_raw_dgt,2026-05-09 20:40:11
2019,Alicante,2,Viernes,15,Zona interurbana,Vía convencional,Colisión por alcance,Buen tiempo,Pleno día,1,0,0,1,2019-02-01,via convencional,colision por alcance,buen tiempo,pleno dia,zona interurbana,385ad5955fc20f7fd6544898222a92a22c0142d87f737e5ca06b4e837a037d7f,accidentes_raw_dgt,2026-05-09 20:40:11
2019,Alicante,2,Miércoles,13,Travesía,Otro,Colisión frontolateral,Buen tiempo,Pleno día,2,0,0,2,2019-02-01,otro,colision frontolateral,buen tiempo,pleno dia,travesia,cfb05fff77b9b26d027b12c345d05bd1d453619318c52e827458b865860f6a85,accidentes_raw_dgt,2026-05-09 20:40:11
2019,Alicante,2,Lunes,14,Zona interurbana,Vía urbana,Colisión por alcance,Buen tiempo,Pleno día,4,0,0,4,2019-02-01,via urbana,colision por alcance,buen tiempo,pleno dia,zona interurbana,576a0f27a454c4750b7885d1ff402f9128ee665428becec167f08cabe730b935,accidentes_raw_dgt,2026-05-09 20:40:11
2019,Alicante,3,Viernes,11,Zona interurbana,Vía urbana,Colisión lateral,Buen tiempo,Pleno día,1,0,0,1,2019-03-01,via urbana,colision lateral,buen tiempo,pleno dia,zona interurbana,d3911d52eb8352031164c0bc29896f622bd96e3dcd6e0455b7019adef18b7ce9,accidentes_raw_dgt,2026-05-09 20:40:11
2019,Alicante,3,Sábado,17,Zona interurbana,Calle,Colisión frontolateral,Buen tiempo,Pleno día,1,0,0,1,2019-03-01,calle,colision frontolateral,buen tiempo,pleno dia,zona interurbana,3f3523ac168330e6b429b23d2b25b6c6d7efaf564c1a9f1feaf5398d2bb45318,accidentes_raw_dgt,2026-05-09 20:40:11
2019,Alicante,4,Sábado,16,Zona interurbana,Vía urbana,Caída de ocupante,Lluvia,Pleno día,1,0,0,1,2019-04-01,via urbana,caida de ocupante,lluvia,pleno dia,zona interurbana,69d9200c309f5f97567dc02e0898b21d18cd294ee8bd4d597edf3fdc015c83d2,accidentes_raw_dgt,2026-05-09 20:40:11
2019,Alicante,4,Domingo,10,Zona interurbana,Vía urbana,Colisión frontolateral,Lluvia,Pleno día,1,0,0,1,2019-04-01,via urbana,colision frontolateral,lluvia,pleno dia,zona interurbana,cdc86d5bacca35b49d4c518e1a604f8ee3df1cf4e7ac5723a4962a73055bfbe7,accidentes_raw_dgt,2026-05-09 20:40:11
2019,Alicante,4,Martes,1,Zona interurbana,Vía convencional,Colisión por alcance,Buen tiempo,Se desconoce,1,0,0,1,2019-04-01,via convencional,colision por alcance,buen tiempo,se desconoce,zona interurbana,f6142d191a2f19d20f07ba7ede424003d67a0f5987a99d150e65d93eaa44b1de,accidentes_raw_dgt,2026-05-09 20:40:11
2019,Alicante,6,Domingo,20,Zona interurbana,Vía urbana,Colisión por alcance,Buen tiempo,Pleno día,2,0,0,2,2019-06-01,via urbana,colision por alcance,buen tiempo,pleno dia,zona interurbana,9cbfc3c153a29e5cc24fadb50051c9cd56d107e2368e83a74ee971adf89d8924,accidentes_raw_dgt,2026-05-09 20:40:11
2019,Alicante,1,Miércoles,17,Travesía,Otro urbano,Animal en calzada,Otro,Pleno día,1,0,0,1,2019-01-01,otro urbano,animal en calzada,otro,pleno dia,travesia,8f87edbf7e3fbfba22df722036c493b7b8f35321b7d147f22c4789a9d0a4cbc1,accidentes_raw_dgt,2026-05-09 20:40:11
2019,Alicante,6,Martes,15,Zona interurbana,Vía urbana,Colisión por alcance,Buen tiempo,Pleno día,1,0,0,1,2019-06-01,via urbana,colision por alcance,buen tiempo,pleno dia,zona interurbana,4a81bf42d193fd4acbb683cbe880ee6f84b124f700be1b3c1452c694917be2de,accidentes_raw_dgt,2026-05-09 20:40:11
2019,Alicante,6,Lunes,19,Zona interurbana,Vía urbana,Colisión por alcance,Buen tiempo,Pleno día,2,0,0,2,2019-06-01,via urbana,colision por alcance,buen tiempo,pleno dia,zona interurbana,dda67706bcbb5a57d83983e9befc01fff95413c87f286b92f146484c7a4786f3,accidentes_raw_dgt,2026-05-09 20:40:11
2019,Alicante,6,Jueves,12,Zona interurbana,Vía urbana,Colisión por alcance,Buen tiempo,Pleno día,1,0,0,1,2019-06-01,via urbana,colision por alcance,buen tiempo,pleno dia,zona interurbana,d82d37806d0ad0c523d9fd8be8e5e94b435ab644a4f14338486bc64727116175,accidentes_raw_dgt,2026-05-09 20:40:11
2019,Alicante,6,Lunes,21,Zona interurbana,Autopista,Caída de motociclista,Buen tiempo,Se desconoce,1,0,0,1,2019-06-01,autopista,caida de motociclista,buen tiempo,se desconoce,zona interurbana,893cb5b1a02d4dcada2c464508cc4e47b86f8f21185b6032d5a12cb3f1e4541a,accidentes_raw_dgt,2026-05-09 20:40:11
2019,Alicante,6,Miércoles,17,Zona interurbana,Vía urbana,Caída de motociclista,Buen tiempo,Pleno día,1,0,0,1,2019-06-01,via urbana,caida de motociclista,buen tiempo,pleno dia,zona interurbana,533099ac357e5586238f6be92e706eacb5dea6559fa61b979069c39c5efe8cee,accidentes_raw_dgt,2026-05-09 20:40:11
2019,Alicante,6,Viernes,17,Zona interurbana,Calle,Colisión lateral,Buen tiempo,Pleno día,1,0,0,1,2019-06-01,calle,colision lateral,buen tiempo,pleno dia,zona interurbana,3a0e14026c6b1d6b4cae899e451e9ebcbd9646c44a956440f2227b2212447be6,accidentes_raw_dgt,2026-05-09 20:40:11
2019,Alicante,7,Miércoles,11,Zona interurbana,Calle,Colisión por alcance,Buen tiempo,Pleno día,2,0,0,2,2019-07-01,calle,colision por alcance,buen tiempo,pleno dia,zona interurbana,5b9ccce4a61b723926e42217fed468ee5df71d20b403754dd091e4a90f907518,accidentes_raw_dgt,2026-05-09 20:40:11
2019,Alicante,7,Lunes,21,Zona interurbana,Vía convencional,Colisión por alcance,Buen tiempo,Amanecer/Anochecer,3,0,0,3,2019-07-01,via convencional,colision por alcance,buen tiempo,amanecer/anochecer,zona interurbana,a24e43b7765e445a86b1904b1c24b094dbd50eaf218ddc9cd6c2b3cbcd72cea3,accidentes_raw_dgt,2026-05-09 20:40:11
2019,Alicante,7,Jueves,13,Zona interurbana,Vía convencional,Colisión lateral,Buen tiempo,Pleno día,2,0,0,2,2019-07-01,via convencional,colision lateral,buen tiempo,pleno dia,zona interurbana,120e90dfb21d132a40c6281f8c8f25331969559e200f589bfe8e775e333b5b3a,accidentes_raw_dgt,2026-05-09 20:40:11
2019,Alicante,7,Martes,19,Zona interurbana,Vía urbana,Colisión por alcance,Buen tiempo,Pleno día,2,0,0,2,2019-07-01,via urbana,colision por alcance,buen tiempo,pleno dia,zona interurbana,6dd6d77794056ba92bc53c43a5dd1b0149d7e88e4273e880d693baec4ff45860,accidentes_raw_dgt,2026-05-09 20:40:11
2019,Alicante,7,Sábado,11,Zona interurbana,Vía convencional,Colisión por alcance,Buen tiempo,Pleno día,1,0,0,1,2019-07-01,via convencional,colision por alcance,buen tiempo,pleno dia,zona interurbana,a81824dad073f33ca3e41d3b99d0fdb62a5c04435a5e338af7e7130026208d5a,accidentes_raw_dgt,2026-05-09 20:40:11
2019,Alicante,8,Lunes,7,Zona interurbana,Vía urbana,Otro tipo,Buen tiempo,Pleno día,1,0,0,1,2019-08-01,via urbana,otro tipo,buen tiempo,pleno dia,zona interurbana,b028e7b30ae6629575651e0369e15c482a1b97a7d437334f1b1cf00f5c06a78f,accidentes_raw_dgt,2026-05-09 20:40:11
2019,Alicante,8,Lunes,15,Zona interurbana,Calle,Otro tipo,Buen tiempo,Pleno día,1,0,0,1,2019-08-01,calle,otro tipo,buen tiempo,pleno dia,zona interurbana,5dec2555aa54ac568f403b140af7d6fcd39f041a3b7f2b69e283fd7d29a73a1c,accidentes_raw_dgt,2026-05-09 20:40:11
2019,Alicante,8,Domingo,20,Zona interurbana,Calle,Colisión frontolateral,Buen tiempo,Se desconoce,1,0,0,1,2019-08-01,calle,colision frontolateral,buen tiempo,se desconoce,zona interurbana,32ea6aa8091a36e8779df25bed19f857a402b1f3862c8c07212928f0f2ea886d,accidentes_raw_dgt,2026-05-09 20:40:11
2019,Alicante,9,Lunes,0,Zona interurbana,Vía convencional,Colisión lateral,Buen tiempo,Se desconoce,1,0,0,1,2019-09-01,via convencional,colision lateral,buen tiempo,se desconoce,zona interurbana,b171875a25de1c92084c310cc8c323c59668112c2c680f5b161a93041cb7fed0,accidentes_raw_dgt,2026-05-09 20:40:11
2019,Alicante,9,Viernes,19,Zona interurbana,Calle,Animal en calzada,Buen tiempo,Amanecer/Anochecer,1,0,0,1,2019-09-01,calle,animal en calzada,buen tiempo,amanecer/anochecer,zona interurbana,9d45a4710a9abc4e87cac3a7bc71ca46b79c2cbcce4a01a1f83184f6878744c7,accidentes_raw_dgt,2026-05-09 20:40:11
2019,Alicante,10,Jueves,18,Zona interurbana,Vía urbana,Colisión frontolateral,Buen tiempo,Pleno día,1,0,0,1,2019-10-01,via urbana,colision frontolateral,buen tiempo,pleno dia,zona interurbana,cc41d80b1697c04d19330fba23a82cfc68fb086e3445691578bfae3a3d6f3e57,accidentes_raw_dgt,2026-05-09 20:40:11
2019,Alicante,10,Lunes,11,Zona interurbana,Vía urbana,Objeto desprendido,Buen tiempo,Pleno día,2,0,0,2,2019-10-01,via urbana,objeto desprendido,buen tiempo,pleno dia,zona interurbana,b6316aa9a0bfcfd8f2f36eae197c78173d893fb9409d12d0f1815a1fe62c89da,accidentes_raw_dgt,2026-05-09 20:40:11
2019,Alicante,11,Domingo,5,Zona urbana,Vía urbana,Se desconoce,Buen tiempo,Noche sin iluminación,1,0,0,1,2019-11-01,via urbana,se desconoce,buen tiempo,noche sin iluminacion,zona urbana,c3cef2b615f9980e21436f8ff45d9a03c40920cf3f91d9e6097f052858a52bcc,accidentes_raw_dgt,2026-05-09 20:40:11
2019,Alicante,11,Martes,13,Zona interurbana,Vía urbana,Colisión frontolateral,Buen tiempo,Pleno día,1,0,0,1,2019-11-01,via urbana,colision frontolateral,buen tiempo,pleno dia,zona interurbana,a80043e41f8701eb0ef169175a42bce2606293f6ec2c7afb36943d7f9a40f749,accidentes_raw_dgt,2026-05-09 20:40:11
2019,Alicante,12,Jueves,18,Zona interurbana,Vía convencional,Colisión múltiple,Buen tiempo,Amanecer/Anochecer,4,0,0,4,2019-12-01,via convencional,colision multiple,buen tiempo,amanecer/anochecer,zona interurbana,332d88d62030ed158213fa33b60f3d03a4d2cfccf9a64cd7fa911d96e8cc746e,accidentes_raw_dgt,2026-05-09 20:40:11
2019,Alicante,12,Sábado,16,Zona interurbana,Vía urbana,Colisión frontolateral,Buen tiempo,Pleno día,3,0,0,3,2019-12-01,via urbana,colision frontolateral,buen tiempo,pleno dia,zona interurbana,3d216e1fd03239027b693251ff41fffde0f39621045f93aaf598d4df2199f225,accidentes_raw_dgt,2026-05-09 20:40:11
2019,Alicante,12,Jueves,17,Zona interurbana,Vía convencional,Colisión por alcance,Buen tiempo,Amanecer/Anochecer,4,0,0,4,2019-12-01,via convencional,colision por alcance,buen tiempo,amanecer/anochecer,zona interurbana,13d61412db18277db74db4337a034d6972da028bdcf41c2286c07f452753fc8f,accidentes_raw_dgt,2026-05-09 20:40:11
2019,Alicante,12,Jueves,7,Zona interurbana,Autovía,Caída de ocupante,Buen tiempo,Amanecer/Anochecer,1,0,0,1,2019-12-01,autovia,caida de ocupante,buen tiempo,amanecer/anochecer,zona interurbana,2e261b21f0a1c5a659b5803ba1f63a176794d946e72e2dd61a73fa90df41b1de,accidentes_raw_dgt,2026-05-09 20:40:11
2019,Alicante,12,Sábado,17,Zona interurbana,Vía urbana,Caída de motociclista,Buen tiempo,Pleno día,1,0,1,0,2019-12-01,via urbana,caida de motociclista,buen tiempo,pleno dia,zona interurbana,327e892542e0f4097f90d914962a75ddbe9cb0577007d7b7d45dea310086bb97,accidentes_raw_dgt,2026-05-09 20:40:11
2019,Alicante,12,Viernes,17,Zona interurbana,Vía urbana,Colisión por alcance,Granizo,Pleno día,4,0,0,4,2019-12-01,via urbana,colision por alcance,granizo,pleno dia,zona interurbana,1483c82372b98e6864d52a9e4a66c92ac7b568d7f2ffca7f405ea0853af10e89,accidentes_raw_dgt,2026-05-09 20:40:11
2019,Alicante,1,Jueves,21,Zona interurbana,Vía urbana,Caída de motociclista,Buen tiempo,Se desconoce,1,0,0,1,2019-01-01,via urbana,caida de motociclista,buen tiempo,se desconoce,zona interurbana,511425f1125b98b09c7b636c27a56b0be1fff185717d5233144fd02ddf0cddab,accidentes_raw_dgt,2026-05-09 20:40:11
2019,Alicante,1,Sábado,15,Travesía,Otro,Choque obstáculo lateral,Buen tiempo,Pleno día,1,0,0,1,2019-01-01,otro,choque obstaculo lateral,buen tiempo,pleno dia,travesia,88a8b05b0a6492f5f0b4f45b6ff5d756182b1ea12bb924ec5a36a4febc85be99,accidentes_raw_dgt,2026-05-09 20:40:11
2019,Alicante,1,Domingo,15,Travesía,Otro urbano,Colisión frontolateral,Buen tiempo,Pleno día,2,0,0,2,2019-01-01,otro urbano,colision frontolateral,buen tiempo,pleno dia,travesia,9a2d94742295a879f4da56d22e59f2b5edd3efad1ddb6ba3ae603eb8bd4d40df,accidentes_raw_dgt,2026-05-09 20:40:11
2019,Alicante,1,Martes,9,Travesía,Otro,Choque obstáculo lateral,Buen tiempo,Pleno día,1,0,0,1,2019-01-01,otro,choque obstaculo lateral,buen tiempo,pleno dia,travesia,1d0c2d6ea2d7578bc3f4c21a87cbc592f2b7c34a7051cc2f80685c79ad33560c,accidentes_raw_dgt,2026-05-09 20:40:11
2019,Alicante,1,Domingo,13,Travesía,Otro,Colisión frontal,Granizo,Pleno día,3,0,0,3,2019-01-01,otro,colision frontal,granizo,pleno dia,travesia,63727ee4cff30e597899af01a4a355ea91e54c9a055e1da18e25b89dfa90352c,accidentes_raw_dgt,2026-05-09 20:40:11
2019,Alicante,1,Jueves,19,Travesía,Otro,Animal en calzada,Buen tiempo,Noche sin iluminación,1,0,1,0,2019-01-01,otro,animal en calzada,buen tiempo,noche sin iluminacion,travesia,305800b71062b49b350208327a02ec378199b4cf35e60eeb971611bef4928394,accidentes_raw_dgt,2026-05-09 20:40:11
2019,Alicante,1,Lunes,20,Travesía,Otro,Colisión frontolateral,Buen tiempo,Noche sin iluminación,1,0,0,1,2019-01-01,otro,colision frontolateral,buen tiempo,noche sin iluminacion,travesia,9dfbae98257df8db309d3313566195a2cc240e8a1c364762dbdfd6ab9f3cac3a,accidentes_raw_dgt,2026-05-09 20:40:11
2019,Alicante,1,Miércoles,8,Travesía,Otro,Colisión frontolateral,Buen tiempo,Pleno día,1,0,0,1,2019-01-01,otro,colision frontolateral,buen tiempo,pleno dia,travesia,e3258a34514b7d09da9f53689ab5b866c4277b4ec62cdabab68494af60063855,accidentes_raw_dgt,2026-05-09 20:40:11
2019,Alicante,3,Domingo,18,Zona interurbana,Vía urbana,Colisión frontolateral,Buen tiempo,Pleno día,2,0,0,2,2019-03-01,via urbana,colision frontolateral,buen tiempo,pleno dia,zona interurbana,bb08e6dbeccef5f7e04c0f8779d74b52e1122176a5e8bda3d4f05a47e6127764,accidentes_raw_dgt,2026-05-09 20:40:11
2019,Alicante,3,Jueves,10,Travesía,Otro,Colisión frontolateral,Buen tiempo,Pleno día,1,0,1,0,2019-03-01,otro,colision frontolateral,buen tiempo,pleno dia,travesia,75ca28395bfc9ad121e29198a3124a330e4ad2c10463dd7b9bae68f48423fe71,accidentes_raw_dgt,2026-05-09 20:40:11
2019,Alicante,3,Viernes,8,Travesía,Otro,Colisión frontolateral,Buen tiempo,Pleno día,1,0,0,1,2019-03-01,otro,colision frontolateral,buen tiempo,pleno dia,travesia,72a1917673994c23e72b3f49c2134549aa2219dffd8c029a071efe9c437f7888,accidentes_raw_dgt,2026-05-09 20:40:11
2019,Alicante,3,Miércoles,0,Travesía,Otro,Colisión frontolateral,Buen tiempo,Noche sin iluminación,1,0,0,1,2019-03-01,otro,colision frontolateral,buen tiempo,noche sin iluminacion,travesia,994aa605e86d263f1818ca1cec63a70b694f492aa906560e90ca193ef4dc181d,accidentes_raw_dgt,2026-05-09 20:40:11
2019,Alicante,3,Martes,11,Zona interurbana,Vía urbana,Colisión frontolateral,Buen tiempo,Pleno día,1,0,0,1,2019-03-01,via urbana,colision frontolateral,buen tiempo,pleno dia,zona interurbana,05798b5867fa0524fc05cc67b0402d17dfc0afab384b4183b860567c14772013,accidentes_raw_dgt,2026-05-09 20:40:11
2019,Alicante,4,Martes,9,Travesía,Otro,Colisión por alcance,Buen tiempo,Pleno día,1,0,0,1,2019-04-01,otro,colision por alcance,buen tiempo,pleno dia,travesia,72dbc1d0c9905717d66ad6d89e2a6a32718f17abc8dcfea7b1664b61a0600197,accidentes_raw_dgt,2026-05-09 20:40:11
2019,Alicante,4,Miércoles,10,Travesía,Otro,Colisión frontolateral,Buen tiempo,Pleno día,1,0,0,1,2019-04-01,otro,colision frontolateral,buen tiempo,pleno dia,travesia,23d2c2e28f2dcbc3ffa0437156d70329f119c70f2f9a72479efe4e33111fc6d7,accidentes_raw_dgt,2026-05-09 20:40:11
2019,Alicante,4,Jueves,10,Travesía,Travesía,Choque obstáculo lateral,Buen tiempo,Pleno día,1,0,0,1,2019-04-01,travesia,choque obstaculo lateral,buen tiempo,pleno dia,travesia,b88ced2dde664e5a7a6b56651474987cf52e27b6c35949586d98c841738a3aeb,accidentes_raw_dgt,2026-05-09 20:40:11
2019,Alicante,4,Miércoles,11,Zona interurbana,Vía urbana,Colisión frontal,Buen tiempo,Pleno día,2,0,0,2,2019-04-01,via urbana,colision frontal,buen tiempo,pleno dia,zona interurbana,4dc4e583a1ec69c4fc71d9df3658ec17b9e7d73bc659b2e516ba9d8b8a4469ce,accidentes_raw_dgt,2026-05-09 20:40:11
2019,Alicante,4,Miércoles,16,Zona interurbana,Vía urbana,Colisión por alcance,Buen tiempo,Pleno día,1,0,0,1,2019-04-01,via urbana,colision por alcance,buen tiempo,pleno dia,zona interurbana,afd0df92f8c4c962f5d0a303b9cf4c620f52a2a8d4442cc777bb2b3f291b6e0d,accidentes_raw_dgt,2026-05-09 20:40:11
2019,Alicante,2,Lunes,14,Travesía,Otro,Colisión por alcance,Buen tiempo,Pleno día,1,0,0,1,2019-02-01,otro,colision por alcance,buen tiempo,pleno dia,travesia,b0981fa41b7abd6f7823e15e12cb37995821c63e5ea9121edebbbe109ec20245,accidentes_raw_dgt,2026-05-09 20:40:11
2019,Alicante,3,Miércoles,8,Travesía,Otro,Colisión frontolateral,Buen tiempo,Pleno día,1,0,1,0,2019-03-01,otro,colision frontolateral,buen tiempo,pleno dia,travesia,6c6ece85b5d6ea8c5b1901b34909d170569478006b74472e49d7535ab4b4a94d,accidentes_raw_dgt,2026-05-09 20:40:11
2019,Alicante,4,Martes,7,Travesía,Otro,Choque obstáculo lateral,Buen tiempo,Amanecer/Anochecer,1,0,1,0,2019-04-01,otro,choque obstaculo lateral,buen tiempo,amanecer/anochecer,travesia,687224ed4bc816385815a93a8a73290bf77c046c81a9b9174d330c88469444f3,accidentes_raw_dgt,2026-05-09 20:40:11