AÑO,PROVINCIA,MES,DIA_SEMANA,HORA,ZONA,TIPO_VIA,TIPO_ACCIDENTE,CONDICION_METEO,CONDICION_ILUMINACION,TOTAL_VICTIMAS,FALLECIDOS_24H,HERIDOS_GRAVES,HERIDOS_LEVES,FECHA_ACCIDENTE,TIPO_VIA_NORM,TIPO_ACCIDENTE_NORM,CONDICION_METEO_NORM,CONDICION_ILUMINACION_NORM,ZONA_NORM,ID_ACCIDENTE_HASH,source_id,load_timestamp
2019,Alicante,5,Lunes,13,Zona interurbana,Vía urbana,Caída de motociclista,Lluvia,Pleno día,1,0,0,1,2019-05-01,via urbana,caida de motociclista,lluvia,pleno dia,zona interurbana,25e4150d8ad59bee67cc83b443646a9d4485d51c05a905d7319d04dc9022c4fa,accidentes_raw_dgt,2026-05-09 20:40:11
2019,Alicante,6,Martes,7,Zona interurbana,Vía urbana,Colisión por alcance,Buen tiempo,Pleno día,1,0,0,1,2019-06-01,via urbana,colision por alcance,buen tiempo,pleno dia,zona interurbana,4e58abd48761bc421a182b2e28c93c1bc30240cc4422b998308032393f8e8c89,accidentes_raw_dgt,2026-05-09 20:40:11
2019,Alicante,7,Domingo,18,Zona interurbana,Vía urbana,Colisión frontolateral,Buen tiempo,Pleno día,1,0,0,1,2019-07-01,via urbana,colision frontolateral,buen tiempo,pleno dia,zona interurbana,70c766cb85e3b1d3d9c6a7daecd1c311a24725c1c49b4ee4341cacdb2cc2e2f5,accidentes_raw_dgt,2026-05-09 20:40:11
2019,Alicante,7,Lunes,12,Zona interurbana,Vía urbana,Caída de motociclista,Buen tiempo,Pleno día,1,0,0,1,2019-07-01,via urbana,caida de motociclista,buen tiempo,pleno dia,zona interurbana,c63bd0d975c69098ee4739650068349dd2812231b5b0a17c0772093ef07bbebd,accidentes_raw_dgt,2026-05-09 20:40:11
2019,Alicante,7,Jueves,9,Zona interurbana,Vía urbana,Colisión múltiple,Buen tiempo,Pleno día,2,0,0,2,2019-07-01,via urbana,colision multiple,buen tiempo,pleno dia,zona interurbana,a0869c71d5d3edb240ae3d132a0ff1d6be1c6468831710c4ce156d55e95c0190,accidentes_raw_dgt,2026-05-09 20:40:11
2019,Alicante,5,Viernes,14,Travesía,Otro,Colisión frontolateral,Buen tiempo,Pleno día,1,0,0,1,2019-05-01,otro,colision frontolateral,buen tiempo,pleno dia,travesia,23aadc4582d4f5ac48582b5d13eb24851e581ba3bde3a4b504c74bff8d445646,accidentes_raw_dgt,2026-05-09 20:40:11
2019,Alicante,8,Lunes,12,Zona interurbana,Vía urbana,Colisión múltiple,Buen tiempo,Pleno día,4,0,1,4,2019-08-01,via urbana,colision multiple,buen tiempo,pleno dia,zona interurbana,3a3a99897cabe3d52773c5dc0aac8aaf0ed23acf5fbefc6addb399f934288a48,accidentes_raw_dgt,2026-05-09 20:40:11
2019,Alicante,8,Domingo,17,Travesía,Otro,Colisión frontal,Buen tiempo,Pleno día,2,0,1,1,2019-08-01,otro,colision frontal,buen tiempo,pleno dia,travesia,87557ad1d2f9c36266be01980669ed8ba1b5375d552385b12db8cacd04a8f8d0,accidentes_raw_dgt,2026-05-09 20:40:11
2019,Alicante,10,Martes,4,Zona interurbana,Vía urbana,Caída de ocupante,Buen tiempo,Se desconoce,3,1,1,0,2019-10-01,via urbana,caida de ocupante,buen tiempo,se desconoce,zona interurbana,00150bc11aeeaa3cdbdc1e27085b0f6c584c27e05f255e303898dcd12426f110,accidentes_raw_dgt,2026-05-09 20:40:11
2019,Alicante,11,Martes,9,Zona interurbana,Vía urbana,Colisión por alcance,Buen tiempo,Pleno día,3,0,0,3,2019-11-01,via urbana,colision por alcance,buen tiempo,pleno dia,zona interurbana,396019fec61a590de204015760b7263a1335feb650a059c2472d5e198e08bcbe,accidentes_raw_dgt,2026-05-09 20:40:11
2019,Alicante,12,Lunes,10,Zona interurbana,Vía urbana,Caída de motociclista,Buen tiempo,Pleno día,1,0,0,1,2019-12-01,via urbana,caida de motociclista,buen tiempo,pleno dia,zona interurbana,8acd25a355a2abe94f523185ac3f1225f53bbc0cd9b51e092e309574a83e3693,accidentes_raw_dgt,2026-05-09 20:40:11
2019,Alicante,12,Jueves,8,Zona interurbana,Vía urbana,Choque obstáculo calzada,Buen tiempo,Pleno día,1,0,0,1,2019-12-01,via urbana,choque obstaculo calzada,buen tiempo,pleno dia,zona interurbana,862952ddccaf02d8b0b4769112b0f26c0af6cd4ae815b088d689c954cc09ee8b,accidentes_raw_dgt,2026-05-09 20:40:11
2019,Alicante,12,Martes,15,Zona interurbana,Vía urbana,Se desconoce,Buen tiempo,Pleno día,1,0,0,1,2019-12-01,via urbana,se desconoce,buen tiempo,pleno dia,zona interurbana,dbaf899fbd964344fefdd5d21bb73a9b0b1654799a0a430106e87ec5b6300a77,accidentes_raw_dgt,2026-05-09 20:40:11
2019,Alicante,1,Sábado,17,Zona interurbana,Calle,Atropello a ciclista,Buen tiempo,Amanecer/Anochecer,1,0,0,1,2019-01-01,calle,atropello a ciclista,buen tiempo,amanecer/anochecer,zona interurbana,9c55b07c46330c6621ef6b2fea5f2ceb51acb3b7d68258580716e0937d88a47d,accidentes_raw_dgt,2026-05-09 20:40:11
2019,Alicante,1,Domingo,19,Travesía,Otro,Colisión múltiple,Buen tiempo,Noche con iluminación,1,0,0,1,2019-01-01,otro,colision multiple,buen tiempo,noche con iluminacion,travesia,cf3b763a62724306dca2a00ed53a7c0a19074286e40b8f0b96544ccbab4aaae2,accidentes_raw_dgt,2026-05-09 20:40:11
2019,Alicante,1,Domingo,19,Travesía,Otro,Colisión múltiple,Buen tiempo,Noche sin iluminación,4,0,0,4,2019-01-01,otro,colision multiple,buen tiempo,noche sin iluminacion,travesia,fc6f7f1344545374887829b04d72e6cf9f06e088076c2ab62955963acae0dc16,accidentes_raw_dgt,2026-05-09 20:40:11
2019,Alicante,3,Domingo,5,Zona interurbana,Vía urbana,Caída de ocupante,Granizo,Noche sin iluminación,1,0,0,1,2019-03-01,via urbana,caida de ocupante,granizo,noche sin iluminacion,zona interurbana,5cfbad52611c719dde9d1384846ab0816fa52b18c12571071dad6d932d8b170e,accidentes_raw_dgt,2026-05-09 20:40:11
2019,Alicante,7,Viernes,22,Zona interurbana,Vía urbana,Animal en calzada,Buen tiempo,Noche sin iluminación,1,0,0,1,2019-07-01,via urbana,animal en calzada,buen tiempo,noche sin iluminacion,zona interurbana,eb4ea223b35e735ca33a4d684bad98db1af36b218126cd3ab47c69c85735369c,accidentes_raw_dgt,2026-05-09 20:40:11
2019,Alicante,11,Martes,17,Zona interurbana,Autovía,Colisión por alcance,Buen tiempo,Pleno día,1,0,0,1,2019-11-01,autovia,colision por alcance,buen tiempo,pleno dia,zona interurbana,a4167766b94bc710c11a88a4ef0f60e23c26499163dd18b2e43abf4a48bfd6f5,accidentes_raw_dgt,2026-05-09 20:40:11
2019,Alicante,12,Martes,14,Zona interurbana,Camino vecinal,Colisión por alcance,Buen tiempo,Pleno día,1,0,0,1,2019-12-01,camino vecinal,colision por alcance,buen tiempo,pleno dia,zona interurbana,5d7ff90d7dbc5fd2aa0b78f6b51cae900c44ac3159e88ff08320a28ce991b70d,accidentes_raw_dgt,2026-05-09 20:40:11
2019,Alicante,1,Martes,18,Travesía,Otro urbano,Colisión por alcance,Buen tiempo,Se desconoce,2,0,0,2,2019-01-01,otro urbano,colision por alcance,buen tiempo,se desconoce,travesia,61b1dbc91985561c5af9e6e341ffa92fa3524c1e2083f39f67cb8bd736fcce46,accidentes_raw_dgt,2026-05-09 20:40:11
2019,Alicante,1,Jueves,18,Travesía,Otro,Choque obstáculo lateral,Buen tiempo,Noche sin iluminación,1,0,0,1,2019-01-01,otro,choque obstaculo lateral,buen tiempo,noche sin iluminacion,travesia,352a4f750446467c7aa84dab0f0d6aa496e3f3e27a970b3011fc0027a41ffc1b,accidentes_raw_dgt,2026-05-09 20:40:11
2019,Alicante,1,Jueves,17,Travesía,Otro,Animal en calzada,Buen tiempo,Pleno día,1,0,0,1,2019-01-01,otro,animal en calzada,buen tiempo,pleno dia,travesia,141dc5ae59a81abaaeeb12e46e5e9a173dd6530e671bf9462300c867303ffe65,accidentes_raw_dgt,2026-05-09 20:40:11
2019,Alicante,1,Martes,19,Zona interurbana,Camino vecinal,Colisión múltiple,Buen tiempo,Se desconoce,3,0,0,3,2019-01-01,camino vecinal,colision multiple,buen tiempo,se desconoce,zona interurbana,0e8b7a7f79b3098b0162b4c83a30a789110ea380d6ce4675a938bc90616279d6,accidentes_raw_dgt,2026-05-09 20:40:11
2019,Alicante,1,Viernes,7,Travesía,Otro,Animal en calzada,Buen tiempo,Se desconoce,1,0,0,1,2019-01-01,otro,animal en calzada,buen tiempo,se desconoce,travesia,679e7aaf2604ef1933a4495e05e21fada5e5f43b6242a8b3d532b68b170aa19e,accidentes_raw_dgt,2026-05-09 20:40:11
2019,Alicante,1,Jueves,7,Zona interurbana,Vía urbana,Colisión frontolateral,Buen tiempo,Noche ilum. insuficiente,4,0,0,4,2019-01-01,via urbana,colision frontolateral,buen tiempo,noche ilum. insuficiente,zona interurbana,8793bd5319f8d066921e5ac23d5269d20d84f9bf25d45de5174fca12a6c009fb,accidentes_raw_dgt,2026-05-09 20:40:11
2019,Alicante,1,Lunes,15,Travesía,Otro,Colisión frontolateral,Buen tiempo,Pleno día,2,0,0,2,2019-01-01,otro,colision frontolateral,buen tiempo,pleno dia,travesia,e6323c6f35f6487edd4e4cec846dca3ab03757bfe5ef5418136be0f2977ba22e,accidentes_raw_dgt,2026-05-09 20:40:11
2019,Alicante,1,Viernes,20,Zona interurbana,Vía urbana,Salida vía izquierda,Buen tiempo,Se desconoce,1,0,0,1,2019-01-01,via urbana,salida via izquierda,buen tiempo,se desconoce,zona interurbana,154d72ced7915c97e73258a22c08e202e8974629b1847c87d516fa6e692672a4,accidentes_raw_dgt,2026-05-09 20:40:11
2019,Alicante,1,Sábado,12,Travesía,Otro,Colisión frontolateral,Buen tiempo,Pleno día,1,0,0,1,2019-01-01,otro,colision frontolateral,buen tiempo,pleno dia,travesia,363341185eb04b13db8d615140584368124fe057c7ba5d83bdd29667b1f9656a,accidentes_raw_dgt,2026-05-09 20:40:11
2019,Alicante,1,Jueves,16,Zona interurbana,Camino vecinal,Colisión frontolateral,Buen tiempo,Pleno día,1,0,0,1,2019-01-01,camino vecinal,colision frontolateral,buen tiempo,pleno dia,zona interurbana,0e70a832cb7a415716c3ba42776f795a905691b043e81a23895c8588a6268653,accidentes_raw_dgt,2026-05-09 20:40:11
2019,Alicante,1,Lunes,7,Zona interurbana,Vía convencional,Colisión por alcance,Buen tiempo,Pleno día,1,0,0,1,2019-01-01,via convencional,colision por alcance,buen tiempo,pleno dia,zona interurbana,b11b916a54e9e274f044ff0ffa37651e9f024aa71f65d4205c3d0f446984bf5f,accidentes_raw_dgt,2026-05-09 20:40:11
2019,Alicante,1,Jueves,13,Travesía,Otro,Colisión frontolateral,Buen tiempo,Pleno día,1,0,0,1,2019-01-01,otro,colision frontolateral,buen tiempo,pleno dia,travesia,12ef84e911f067ffecf360fd7da8ca02a96a380baa8b9c711908e29c8d67a370,accidentes_raw_dgt,2026-05-09 20:40:11
2019,Alicante,1,Sábado,22,Travesía,Otro,Colisión frontolateral,Buen tiempo,Noche sin iluminación,2,0,0,2,2019-01-01,otro,colision frontolateral,buen tiempo,noche sin iluminacion,travesia,48edac0718a29c1157a2e5f12944c2b7205e6b7be4d80cb5b731255a756f8df4,accidentes_raw_dgt,2026-05-09 20:40:11
2019,Alicante,1,Sábado,22,Travesía,Otro,Choque obstáculo lateral,Buen tiempo,Noche sin iluminación,1,0,0,1,2019-01-01,otro,choque obstaculo lateral,buen tiempo,noche sin iluminacion,travesia,4d578fd7ecf82962ceb689769e59d6abb4599a638ec14ac8f96b1fdf948cb60d,accidentes_raw_dgt,2026-05-09 20:40:11
2019,Alicante,1,Martes,7,Zona interurbana,Camino vecinal,Colisión por alcance,Buen tiempo,Amanecer/Anochecer,1,0,0,1,2019-01-01,camino vecinal,colision por alcance,buen tiempo,amanecer/anochecer,zona interurbana,914a319c0ac806f2423d78ce789997efe86cc45d1174ba71df9db9b39b8102f1,accidentes_raw_dgt,2026-05-09 20:40:11
2019,Alicante,1,Sábado,11,Travesía,Otro urbano,Colisión frontolateral,Buen tiempo,Pleno día,1,1,0,0,2019-01-01,otro urbano,colision frontolateral,buen tiempo,pleno dia,travesia,50825d7e9707bb6cb23e0737fd7945c0723096951e89328bf1b8c557282c71dc,accidentes_raw_dgt,2026-05-09 20:40:11
2019,Alicante,1,Lunes,7,Zona interurbana,Vía convencional,Colisión por alcance,Buen tiempo,Pleno día,3,0,0,3,2019-01-01,via convencional,colision por alcance,buen tiempo,pleno dia,zona interurbana,f0687ba079b3efc06fe10ce8e88c960c566233128498708637645d3294811553,accidentes_raw_dgt,2026-05-09 20:40:11
2019,Alicante,1,Lunes,17,Zona interurbana,Vía urbana,Colisión por alcance,Buen tiempo,Pleno día,1,0,1,0,2019-01-01,via urbana,colision por alcance,buen tiempo,pleno dia,zona interurbana,d0ea28283d465708b25553535043283e801e26da23030320d6b649f2b3e4e8c6,accidentes_raw_dgt,2026-05-09 20:40:11
2019,Alicante,1,Viernes,21,Travesía,Otro,Colisión frontolateral,Buen tiempo,Noche sin iluminación,1,0,0,1,2019-01-01,otro,colision frontolateral,buen tiempo,noche sin iluminacion,travesia,bda5459a0e2644a21da04c7aa147f30b2849ac296c7e92b69002f4172e0da20f,accidentes_raw_dgt,2026-05-09 20:40:11
2019,Alicante,1,Lunes,13,Travesía,Otro,Colisión frontolateral,Buen tiempo,Pleno día,1,0,0,1,2019-01-01,otro,colision frontolateral,buen tiempo,pleno dia,travesia,45614290270f9909ee6ffe6f52ae5f8360be81fec6d3868d8022e2d200be3de4,accidentes_raw_dgt,2026-05-09 20:40:11
2019,Alicante,1,Lunes,9,Zona interurbana,Vía convencional,Colisión por alcance,Buen tiempo,Pleno día,1,0,0,1,2019-01-01,via convencional,colision por alcance,buen tiempo,pleno dia,zona interurbana,1861bbefef1842ede31f0eb399407bb95252cb2a1b093301895028f95e7e3840,accidentes_raw_dgt,2026-05-09 20:40:11
2019,Alicante,1,Viernes,8,Travesía,Otro urbano,Choque obstáculo lateral,Buen tiempo,Pleno día,1,0,0,1,2019-01-01,otro urbano,choque obstaculo lateral,buen tiempo,pleno dia,travesia,6a08be905c07ded3713160b34dd175d9f8c74ae09321b2187066026818717e7e,accidentes_raw_dgt,2026-05-09 20:40:11
2019,Alicante,1,Jueves,13,Zona interurbana,Vía convencional,Choque obstáculo calzada,Buen tiempo,Pleno día,1,0,0,1,2019-01-01,via convencional,choque obstaculo calzada,buen tiempo,pleno dia,zona interurbana,85c7fe9319004e487cdde0f895d742b3be1b0b474708fd7162e404f32f373629,accidentes_raw_dgt,2026-05-09 20:40:11
2019,Alicante,1,Martes,6,Travesía,Otro,Colisión lateral,Buen tiempo,Noche sin iluminación,1,0,0,1,2019-01-01,otro,colision lateral,buen tiempo,noche sin iluminacion,travesia,4409c919f040e01300d802602a1c57ff4ded4d5aa5c5ea5f16cf11363f986463,accidentes_raw_dgt,2026-05-09 20:40:11
2019,Alicante,1,Viernes,12,Travesía,Otro,Animal en calzada,Buen tiempo,Pleno día,1,0,0,1,2019-01-01,otro,animal en calzada,buen tiempo,pleno dia,travesia,3581b125128cab6e325316b96971bce7bac9402d5a817e64f2d56deb5cf23c4e,accidentes_raw_dgt,2026-05-09 20:40:11
2019,Alicante,1,Viernes,18,Travesía,Otro,Colisión por alcance,Buen tiempo,Noche sin iluminación,1,0,0,1,2019-01-01,otro,colision por alcance,buen tiempo,noche sin iluminacion,travesia,34f1a6ce1bbe867e1bb9b2f9574573354c4ef88ae6524aabbc5c9012a934b0c2,accidentes_raw_dgt,2026-05-09 20:40:11
2019,Alicante,1,Viernes,17,Travesía,Otro,Choque obstáculo lateral,Buen tiempo,Pleno día,1,0,0,1,2019-01-01,otro,choque obstaculo lateral,buen tiempo,pleno dia,travesia,8c4fa4cc13eb1f58424b1ff63a44d075f894a535c93fb90901b0386a42902ff6,accidentes_raw_dgt,2026-05-09 20:40:11
2019,Alicante,1,Viernes,15,Travesía,Otro,Se desconoce,Buen tiempo,Pleno día,1,0,0,1,2019-01-01,otro,se desconoce,buen tiempo,pleno dia,travesia,60fb27b6df84e9fc873d3a2bda51e22fead7708c19a636d4650f75db7a590628,accidentes_raw_dgt,2026-05-09 20:40:11
2019,Alicante,1,Domingo,19,Travesía,Otro,Colisión por alcance,Buen tiempo,Noche sin iluminación,1,0,0,1,2019-01-01,otro,colision por alcance,buen tiempo,noche sin iluminacion,travesia,8ba89f83a19745038de329531b2e1c2b1d58b6d7f7e2a22e993024a1b78adeba,accidentes_raw_dgt,2026-05-09 20:40:11
2019,Alicante,1,Jueves,8,Travesía,Otro,Choque obstáculo lateral,Buen tiempo,Pleno día,1,0,0,1,2019-01-01,otro,choque obstaculo lateral,buen tiempo,pleno dia,travesia,e2a424edff99af60a8d9e6b9943562d6b148a49603445aaf4371d722e12c7f28,accidentes_raw_dgt,2026-05-09 20:40:11
2019,Alicante,1,Jueves,13,Travesía,Otro,Colisión lateral,Buen tiempo,Pleno día,1,0,0,1,2019-01-01,otro,colision lateral,buen tiempo,pleno dia,travesia,e495105c5ee3a20067fe6e4cf513511742e5a72f1c4f1cb8e16204582123ab24,accidentes_raw_dgt,2026-05-09 20:40:11
2019,Alicante,1,Jueves,9,Travesía,Otro,Colisión por alcance,Lluvia,Pleno día,2,0,0,2,2019-01-01,otro,colision por alcance,lluvia,pleno dia,travesia,a080bd4f0f513eece3ba54350311b0241ac73ead6a423334c71220b7ba0fb8a3,accidentes_raw_dgt,2026-05-09 20:40:11
2019,Alicante,1,Sábado,20,Travesía,Otro,Choque obstáculo lateral,Buen tiempo,Noche sin iluminación,1,0,0,1,2019-01-01,otro,choque obstaculo lateral,buen tiempo,noche sin iluminacion,travesia,6e457ff07c35fd71ae99a955b3cdca0ce4c84e38d5f1e13debbc3bee7cd4e495,accidentes_raw_dgt,2026-05-09 20:40:11
2019,Alicante,1,Lunes,7,Travesía,Otro,Colisión frontolateral,Buen tiempo,Noche sin iluminación,1,0,1,0,2019-01-01,otro,colision frontolateral,buen tiempo,noche sin iluminacion,travesia,3c7f572560e6d2f14680d05690428dbedc48378a6b8015d86024428f36791dad,accidentes_raw_dgt,2026-05-09 20:40:11
2019,Alicante,1,Miércoles,13,Travesía,Otro,Animal en calzada,Buen tiempo,Pleno día,1,0,0,1,2019-01-01,otro,animal en calzada,buen tiempo,pleno dia,travesia,6bacb4f243d3b09e9baac7b6f7823282fc16f339e11cf939998d048d1eff4c08,accidentes_raw_dgt,2026-05-09 20:40:11
2019,Alicante,1,Domingo,19,Zona interurbana,Vía convencional,Choque obstáculo lateral,Buen tiempo,Se desconoce,3,1,0,2,2019-01-01,via convencional,choque obstaculo lateral,buen tiempo,se desconoce,zona interurbana,1498172a195a73ec4ac7550b66f0a5e639e9c19d6b51787a4b1a93aa374dea44,accidentes_raw_dgt,2026-05-09 20:40:11
2019,Alicante,1,Jueves,9,Zona interurbana,Camino vecinal,Colisión por alcance,Lluvia,Pleno día,3,0,0,3,2019-01-01,camino vecinal,colision por alcance,lluvia,pleno dia,zona interurbana,acfb105825f39d45a772deada53ae292eea6e5b12a16deb742cd456388715139,accidentes_raw_dgt,2026-05-09 20:40:11
2019,Alicante,1,Miércoles,15,Zona interurbana,Vía convencional,Colisión frontolateral,Buen tiempo,Pleno día,1,0,0,1,2019-01-01,via convencional,colision frontolateral,buen tiempo,pleno dia,zona interurbana,fc0070172d31ea7489a24d37e0b836baf4fc2b9f9a91250760a905008b8666df,accidentes_raw_dgt,2026-05-09 20:40:11
2019,Alicante,1,Martes,8,Travesía,Otro,Colisión lateral,Buen tiempo,Pleno día,1,0,0,1,2019-01-01,otro,colision lateral,buen tiempo,pleno dia,travesia,47640e5f52b61369ed665d52e51fcd0d0577385d0d531b8eb91018ecb947df5d,accidentes_raw_dgt,2026-05-09 20:40:11
2019,Alicante,1,Jueves,19,Travesía,Otro,Colisión por alcance,Buen tiempo,Noche sin iluminación,1,0,0,1,2019-01-01,otro,colision por alcance,buen tiempo,noche sin iluminacion,travesia,ce83293c66150ed42f52747cca6a91b85332c740cde625195b15f1abb4b90196,accidentes_raw_dgt,2026-05-09 20:40:11
2019,Alicante,1,Lunes,19,Travesía,Otro,Choque obstáculo lateral,Buen tiempo,Noche sin iluminación,2,0,0,2,2019-01-01,otro,choque obstaculo lateral,buen tiempo,noche sin iluminacion,travesia,2c0fbbaee715645fd421fffa56183a4fc7b97c2733de2811c59cb0095811d201,accidentes_raw_dgt,2026-05-09 20:40:11
2019,Alicante,1,Miércoles,17,Zona interurbana,Camino vecinal,Caída de motociclista,Buen tiempo,Pleno día,1,0,0,1,2019-01-01,camino vecinal,caida de motociclista,buen tiempo,pleno dia,zona interurbana,f038ba9c0704d9592982863a3f42f4e65fddb98de431555e9af55d099d779425,accidentes_raw_dgt,2026-05-09 20:40:11
2019,Alicante,1,Jueves,19,Travesía,Otro,Colisión frontolateral,Buen tiempo,Se desconoce,1,0,0,1,2019-01-01,otro,colision frontolateral,buen tiempo,se desconoce,travesia,6abb9da0b9c1fe2f244e51a19e4f517fe182da66dcde3b2fb768ee90605a575b,accidentes_raw_dgt,2026-05-09 20:40:11
2019,Alicante,1,Viernes,12,Travesía,Otro urbano,Colisión frontolateral,Buen tiempo,Pleno día,1,0,0,1,2019-01-01,otro urbano,colision frontolateral,buen tiempo,pleno dia,travesia,66d714cbcd03fde392ae31bb5fb6ee2bf56f2ba5920e1e0502d4827839ca4d12,accidentes_raw_dgt,2026-05-09 20:40:11
2019,Alicante,1,Jueves,16,Travesía,Otro,Colisión múltiple,Buen tiempo,Pleno día,1,0,0,1,2019-01-01,otro,colision multiple,buen tiempo,pleno dia,travesia,f5e9b69ce10f94f87e393a6a8d557762e8b0a6b7a97bd26f1ba4576f0b59ed06,accidentes_raw_dgt,2026-05-09 20:40:11
2019,Alicante,1,Miércoles,16,Travesía,Otro,Colisión frontolateral,Buen tiempo,Pleno día,2,0,0,2,2019-01-01,otro,colision frontolateral,buen tiempo,pleno dia,travesia,c54437a17218bf679a119cb1192f18d55bf383ae8aaf298b8ffb2fb65ae51d1c,accidentes_raw_dgt,2026-05-09 20:40:11
2019,Alicante,1,Martes,14,Travesía,Otro,Salida vía izquierda,Buen tiempo,Pleno día,1,0,0,1,2019-01-01,otro,salida via izquierda,buen tiempo,pleno dia,travesia,5dc3c3700c46499d89e7e810366d9d873e4da6b54c072f8ce515d47d7926878c,accidentes_raw_dgt,2026-05-09 20:40:11
2019,Alicante,1,Sábado,12,Travesía,Otro,Choque obstáculo lateral,Buen tiempo,Pleno día,1,0,0,1,2019-01-01,otro,choque obstaculo lateral,buen tiempo,pleno dia,travesia,f652f5c87c84f33899f9be3b2f62607ce5b61c68cac1f70bb4cdbb40d79b6904,accidentes_raw_dgt,2026-05-09 20:40:11
2019,Alicante,1,Miércoles,17,Travesía,Otro,Animal en calzada,Buen tiempo,Pleno día,2,0,0,2,2019-01-01,otro,animal en calzada,buen tiempo,pleno dia,travesia,162e3973ecf8a77629bbf7c8faaf28c13f99d4e7f1affadc616731276ee1d07a,accidentes_raw_dgt,2026-05-09 20:40:11
2019,Alicante,2,Lunes,8,Zona interurbana,Vía convencional,Colisión múltiple,Buen tiempo,Pleno día,1,0,0,1,2019-02-01,via convencional,colision multiple,buen tiempo,pleno dia,zona interurbana,9ca7b8be590113b8f064df9bf715b50bb960cff9d5a6ebfd069d9410eae6650f,accidentes_raw_dgt,2026-05-09 20:40:11
2019,Alicante,2,Sábado,6,Zona interurbana,Vía convencional,Caída de motociclista,Buen tiempo,Se desconoce,1,0,0,1,2019-02-01,via convencional,caida de motociclista,buen tiempo,se desconoce,zona interurbana,abf6c4227a94db45b60b02f1e54c5b82f00e5932ed31b7f42b504665ca3dd21f,accidentes_raw_dgt,2026-05-09 20:40:11
2019,Alicante,1,Martes,8,Travesía,Otro,Choque obstáculo lateral,Buen tiempo,Pleno día,1,0,0,1,2019-01-01,otro,choque obstaculo lateral,buen tiempo,pleno dia,travesia,75ab3e0a8f99144f9c4420698980b6f76f85996b520937c7043a29e18527bfef,accidentes_raw_dgt,2026-05-09 20:40:11
2019,Alicante,2,Lunes,18,Zona interurbana,Vía urbana,Se desconoce,Buen tiempo,Se desconoce,1,0,0,1,2019-02-01,via urbana,se desconoce,buen tiempo,se desconoce,zona interurbana,027ffe049491405f2a035703bea6c2d4e66e8f72a5c117e31092fbe786f3216a,accidentes_raw_dgt,2026-05-09 20:40:11
2019,Alicante,2,Lunes,7,Zona interurbana,Vía urbana,Colisión por alcance,Buen tiempo,Se desconoce,2,0,0,2,2019-02-01,via urbana,colision por alcance,buen tiempo,se desconoce,zona interurbana,fda3f9dbfd08f12e44bf1279fcb909ac6179fbcc69bc95af0f03cc7093aa4eb6,accidentes_raw_dgt,2026-05-09 20:40:11
2019,Alicante,1,Lunes,19,Travesía,Otro,Choque obstáculo lateral,Otro,Pleno día,1,0,0,1,2019-01-01,otro,choque obstaculo lateral,otro,pleno dia,travesia,cc9cf5d8f89bae4aff9b2a1f98bc8c5a9b380be95caf7136286adafc8bd75f5f,accidentes_raw_dgt,2026-05-09 20:40:11
2019,Alicante,2,Lunes,13,Zona interurbana,Vía urbana,Otro tipo,Buen tiempo,Pleno día,1,0,0,1,2019-02-01,via urbana,otro tipo,buen tiempo,pleno dia,zona interurbana,cb6ea64e2e1a105d57a1de3211c0d86b0be9b77641bf0f1d5ac7d77cbf839057,accidentes_raw_dgt,2026-05-09 20:40:11
2019,Alicante,2,Lunes,8,Zona interurbana,Camino vecinal,Colisión lateral,Buen tiempo,Amanecer/Anochecer,1,0,0,1,2019-02-01,camino vecinal,colision lateral,buen tiempo,amanecer/anochecer,zona interurbana,c47e82e01e20ad22f816159eb3c3c048308ffca5b116cfc0c9aaaf012ee5b729,accidentes_raw_dgt,2026-05-09 20:40:11
2019,Alicante,2,Miércoles,22,Travesía,Otro,Colisión frontolateral,Buen tiempo,Noche sin iluminación,1,0,1,0,2019-02-01,otro,colision frontolateral,buen tiempo,noche sin iluminacion,travesia,efc444fc96ed86d076de5f2575a8591ec4168810fa79cd761ba038a4b1210633,accidentes_raw_dgt,2026-05-09 20:40:11
2019,Alicante,2,Miércoles,14,Travesía,Otro,Objeto desprendido,Buen tiempo,Pleno día,2,0,0,2,2019-02-01,otro,objeto desprendido,buen tiempo,pleno dia,travesia,2fffc4b65cb862bc9ad3d0ba3d4f04db95f8755776d0088fb97b7f8e96b56b04,accidentes_raw_dgt,2026-05-09 20:40:11
2019,Alicante,2,Martes,15,Zona interurbana,Vía urbana,Colisión frontolateral,Buen tiempo,Pleno día,1,0,0,1,2019-02-01,via urbana,colision frontolateral,buen tiempo,pleno dia,zona interurbana,5b00a7bb92c1cb19aa7cd653984ba9def431b3e225b8dd053640a87c518eda5e,accidentes_raw_dgt,2026-05-09 20:40:11