AÑO,PROVINCIA,MES,DIA_SEMANA,HORA,ZONA,TIPO_VIA,TIPO_ACCIDENTE,CONDICION_METEO,CONDICION_ILUMINACION,TOTAL_VICTIMAS,FALLECIDOS_24H,HERIDOS_GRAVES,HERIDOS_LEVES,FECHA_ACCIDENTE,TIPO_VIA_NORM,TIPO_ACCIDENTE_NORM,CONDICION_METEO_NORM,CONDICION_ILUMINACION_NORM,ZONA_NORM,ID_ACCIDENTE_HASH,source_id,load_timestamp
2019,Alicante,2,Miércoles,19,Zona interurbana,Camino vecinal,Colisión por alcance,Buen tiempo,Se desconoce,2,0,0,2,2019-02-01,camino vecinal,colision por alcance,buen tiempo,se desconoce,zona interurbana,4458fdbe322e2b97d18f804dc55f124be8d1bcb1dcb03ced0235b1b8cd56c909,accidentes_raw_dgt,2026-05-09 20:40:11
2019,Alicante,2,Jueves,6,Travesía,Otro,Colisión por alcance,Buen tiempo,Noche sin iluminación,1,0,0,1,2019-02-01,otro,colision por alcance,buen tiempo,noche sin iluminacion,travesia,f7ad345930f818723c294c405bf47acbc2208503caf874626958d8ac327c66da,accidentes_raw_dgt,2026-05-09 20:40:11
2019,Alicante,2,Sábado,17,Zona interurbana,Camino vecinal,Colisión frontolateral,Buen tiempo,Pleno día,1,0,0,1,2019-02-01,camino vecinal,colision frontolateral,buen tiempo,pleno dia,zona interurbana,b3152ebe9e7ee740b993b25719fa2ca19e7707791001dacb0d510faa9debb348,accidentes_raw_dgt,2026-05-09 20:40:11
2019,Alicante,2,Domingo,9,Zona interurbana,Camino vecinal,Colisión lateral,Buen tiempo,Pleno día,1,0,1,0,2019-02-01,camino vecinal,colision lateral,buen tiempo,pleno dia,zona interurbana,fa014137b3ea9af6a90c0a86a1d099e46f7e56d6eb33db1ad1ec4bdac68c3caa,accidentes_raw_dgt,2026-05-09 20:40:11
2019,Alicante,1,Martes,14,Travesía,Otro,Animal en calzada,Buen tiempo,Pleno día,1,0,0,1,2019-01-01,otro,animal en calzada,buen tiempo,pleno dia,travesia,00f3ca2ec864017e703228179db48f215a2426058fc4c970aad830bc6ed833e4,accidentes_raw_dgt,2026-05-09 20:40:11
2019,Alicante,2,Lunes,13,Zona interurbana,Camino vecinal,Colisión por alcance,Buen tiempo,Pleno día,3,0,0,3,2019-02-01,camino vecinal,colision por alcance,buen tiempo,pleno dia,zona interurbana,6195df46a1ee6b6984140dc3c3e6d772765010745d6c3f1ddd736ddbbd564cca,accidentes_raw_dgt,2026-05-09 20:40:11
2019,Alicante,1,Miércoles,10,Travesía,Otro,Colisión lateral,Buen tiempo,Pleno día,2,0,1,1,2019-01-01,otro,colision lateral,buen tiempo,pleno dia,travesia,ff3637d30b19ff6550bf9add3fe8ac395a3aa71a5279d3d7daab15a19f107387,accidentes_raw_dgt,2026-05-09 20:40:11
2019,Alicante,2,Viernes,12,Travesía,Otro,Colisión por alcance,Granizo,Pleno día,1,0,0,1,2019-02-01,otro,colision por alcance,granizo,pleno dia,travesia,d1a08ae1268b2fc1248ace198c3518a73d86ea765ff93d964a6182b4c32d80c3,accidentes_raw_dgt,2026-05-09 20:40:11
2019,Alicante,2,Martes,18,Zona interurbana,Vía urbana,Colisión lateral,Buen tiempo,Amanecer/Anochecer,1,0,0,1,2019-02-01,via urbana,colision lateral,buen tiempo,amanecer/anochecer,zona interurbana,8fe57443675ecebfd10fcfecc3988ba43354c57c9ce5cb5c1b023db02b61a419,accidentes_raw_dgt,2026-05-09 20:40:11
2019,Alicante,2,Martes,17,Travesía,Otro,Colisión frontolateral,Buen tiempo,Amanecer/Anochecer,1,0,0,1,2019-02-01,otro,colision frontolateral,buen tiempo,amanecer/anochecer,travesia,d58144b2c72e6dbb321dac8dfcfa5aa8238b4eab5b8ee6cc947c23a31958b3bf,accidentes_raw_dgt,2026-05-09 20:40:11
2019,Alicante,2,Miércoles,14,Zona interurbana,Camino vecinal,Colisión múltiple,Buen tiempo,Pleno día,4,0,0,4,2019-02-01,camino vecinal,colision multiple,buen tiempo,pleno dia,zona interurbana,b549a5b406eaace4dd104bfee203c7e838567e7e45174637cbef1a5718f6912e,accidentes_raw_dgt,2026-05-09 20:40:11
2019,Alicante,2,Miércoles,21,Travesía,Otro,Colisión frontolateral,Buen tiempo,Noche sin iluminación,2,0,0,2,2019-02-01,otro,colision frontolateral,buen tiempo,noche sin iluminacion,travesia,2e67088920b9fb6f999ee9b942970a752ef35633c68f23da65367c4da9a3443d,accidentes_raw_dgt,2026-05-09 20:40:11
2019,Alicante,2,Domingo,10,Travesía,Otro,Colisión por alcance,Buen tiempo,Pleno día,1,0,0,1,2019-02-01,otro,colision por alcance,buen tiempo,pleno dia,travesia,4bc5b5c0c74badffcc7acb902a9cd02c36153af2edb617e7b3726ee00fc5263c,accidentes_raw_dgt,2026-05-09 20:40:11
2019,Alicante,2,Viernes,13,Travesía,Otro,Colisión frontolateral,Buen tiempo,Pleno día,1,0,0,1,2019-02-01,otro,colision frontolateral,buen tiempo,pleno dia,travesia,93f606bd517c88c296b17fe207ea50ce5019e0daa47ab2d5999ec48ed9b3cf41,accidentes_raw_dgt,2026-05-09 20:40:11
2019,Alicante,2,Domingo,10,Zona interurbana,Camino vecinal,Caída de motociclista,Buen tiempo,Pleno día,1,0,0,1,2019-02-01,camino vecinal,caida de motociclista,buen tiempo,pleno dia,zona interurbana,01b1ae255c781cfee556bfba386d7f64ad78a6485395d261791be1091cd87c88,accidentes_raw_dgt,2026-05-09 20:40:11
2019,Alicante,2,Miércoles,18,Travesía,Otro,Colisión frontolateral,Buen tiempo,Noche sin iluminación,1,0,0,1,2019-02-01,otro,colision frontolateral,buen tiempo,noche sin iluminacion,travesia,aa32dcc196cd2d7ce409f55870f12d82ce96f50bc6583b77c10c5a5949ebd34e,accidentes_raw_dgt,2026-05-09 20:40:11
2019,Alicante,2,Miércoles,17,Travesía,Otro,Choque obstáculo lateral,Buen tiempo,Pleno día,2,0,0,2,2019-02-01,otro,choque obstaculo lateral,buen tiempo,pleno dia,travesia,44ab142b5171cd63db89e3186367c9a7a2a28e5daee21305214ff6626d9fb842,accidentes_raw_dgt,2026-05-09 20:40:11
2019,Alicante,2,Sábado,19,Travesía,Otro,Animal en calzada,Buen tiempo,Noche sin iluminación,1,0,0,1,2019-02-01,otro,animal en calzada,buen tiempo,noche sin iluminacion,travesia,039a9883f6ec6cbb8f15a732f1da81752b9da5c18ad5de70d1243adb76c97e18,accidentes_raw_dgt,2026-05-09 20:40:11
2019,Alicante,2,Lunes,12,Zona interurbana,Vía urbana,Colisión frontal,Buen tiempo,Pleno día,3,0,0,3,2019-02-01,via urbana,colision frontal,buen tiempo,pleno dia,zona interurbana,f7c08cbf489b79dd62a9aea931d773dcf79833747a511b56600c88358c595304,accidentes_raw_dgt,2026-05-09 20:40:11
2019,Alicante,2,Jueves,18,Travesía,Otro,Objeto desprendido,Buen tiempo,Pleno día,1,0,0,1,2019-02-01,otro,objeto desprendido,buen tiempo,pleno dia,travesia,6dba77308243555a9aa265b68f884ed5e51a46beb48d07fdf5fdba47f20e728a,accidentes_raw_dgt,2026-05-09 20:40:11
2019,Alicante,2,Martes,19,Travesía,Otro,Colisión por alcance,Buen tiempo,Noche sin iluminación,2,0,0,2,2019-02-01,otro,colision por alcance,buen tiempo,noche sin iluminacion,travesia,c3b4f551e7459e8f9377a0c46672f12f42b248115644fb4fe07cc2fbb329b3aa,accidentes_raw_dgt,2026-05-09 20:40:11
2019,Alicante,2,Viernes,14,Travesía,Otro,Colisión por alcance,Buen tiempo,Pleno día,1,0,0,1,2019-02-01,otro,colision por alcance,buen tiempo,pleno dia,travesia,4d5f60d62b859ce230607dc271d27378a876b60c24c5de0832f2df98c0b46b9b,accidentes_raw_dgt,2026-05-09 20:40:11
2019,Alicante,2,Viernes,17,Zona interurbana,Camino vecinal,Colisión por alcance,Buen tiempo,Pleno día,1,0,0,1,2019-02-01,camino vecinal,colision por alcance,buen tiempo,pleno dia,zona interurbana,c4b6fe20fadf12a363d8583f4a43eaf17bdffe8c65aa383e15cd0f38ee7acdc5,accidentes_raw_dgt,2026-05-09 20:40:11
2019,Alicante,2,Domingo,19,Travesía,Otro,Colisión frontolateral,Buen tiempo,Noche sin iluminación,1,0,0,1,2019-02-01,otro,colision frontolateral,buen tiempo,noche sin iluminacion,travesia,909f911ba355637df208bc7fe62fca01b15f01312440de39e3add033fd6e251d,accidentes_raw_dgt,2026-05-09 20:40:11
2019,Alicante,2,Lunes,13,Travesía,Otro,Choque obstáculo lateral,Buen tiempo,Pleno día,1,0,0,1,2019-02-01,otro,choque obstaculo lateral,buen tiempo,pleno dia,travesia,5e27752e101ec179e101f6016d7b015f2a408795a3135953ef6066f73753fadd,accidentes_raw_dgt,2026-05-09 20:40:11
2019,Alicante,2,Miércoles,12,Travesía,Otro,Colisión frontolateral,Buen tiempo,Pleno día,2,0,0,2,2019-02-01,otro,colision frontolateral,buen tiempo,pleno dia,travesia,de02e71bb5c2bc3fd975d07e23072dda1938242fb9f702eb35924f739e329c3a,accidentes_raw_dgt,2026-05-09 20:40:11
2019,Alicante,2,Miércoles,16,Travesía,Otro,Colisión frontolateral,Buen tiempo,Pleno día,1,0,0,1,2019-02-01,otro,colision frontolateral,buen tiempo,pleno dia,travesia,514070b1acaf47d0e38efbd1d093b7f9811f086ce9f05333b0cc77af046c87b3,accidentes_raw_dgt,2026-05-09 20:40:11
2019,Alicante,2,Sábado,10,Travesía,Otro,Colisión lateral,Buen tiempo,Pleno día,1,0,0,1,2019-02-01,otro,colision lateral,buen tiempo,pleno dia,travesia,a3b4f619337e9bf6bd25e441434bec390aab03819c2724a614938326bfb3bf8a,accidentes_raw_dgt,2026-05-09 20:40:11
2019,Alicante,2,Martes,18,Zona interurbana,Camino vecinal,Colisión frontolateral,Buen tiempo,Amanecer/Anochecer,1,0,0,1,2019-02-01,camino vecinal,colision frontolateral,buen tiempo,amanecer/anochecer,zona interurbana,de50a7572962ea01141a07b78f79e64175f8e4fa7f67aae0ef9ab6abadd3440f,accidentes_raw_dgt,2026-05-09 20:40:11
2019,Alicante,2,Jueves,7,Travesía,Otro,Colisión por alcance,Buen tiempo,Pleno día,1,0,0,1,2019-02-01,otro,colision por alcance,buen tiempo,pleno dia,travesia,2611b07ac9addfb7d2e4259eb234bc7e240931c54564e05eb7e25f5d69780efc,accidentes_raw_dgt,2026-05-09 20:40:11
2019,Alicante,2,Jueves,18,Travesía,Otro,Choque obstáculo lateral,Buen tiempo,Amanecer/Anochecer,2,1,0,1,2019-02-01,otro,choque obstaculo lateral,buen tiempo,amanecer/anochecer,travesia,e09ffd3535b9d219b9e469202e37b92a4138f8ac920871f3144742d1ba656ae0,accidentes_raw_dgt,2026-05-09 20:40:11
2019,Alicante,3,Viernes,16,Travesía,Otro,Choque obstáculo lateral,Buen tiempo,Pleno día,1,0,0,1,2019-03-01,otro,choque obstaculo lateral,buen tiempo,pleno dia,travesia,8e6dbcb8a3461e581f3859d45d8cb900814b396f76566d227c2d668e30c62828,accidentes_raw_dgt,2026-05-09 20:40:11
2019,Alicante,2,Viernes,20,Travesía,Otro,Choque obstáculo lateral,Buen tiempo,Noche sin iluminación,1,0,0,1,2019-02-01,otro,choque obstaculo lateral,buen tiempo,noche sin iluminacion,travesia,6d0ae6d0fcd01bc8ab3fd34e8090e9c27031b52f68f6169a7e963915d31f3d17,accidentes_raw_dgt,2026-05-09 20:40:11
2019,Alicante,2,Lunes,14,Travesía,Otro,Animal en calzada,Buen tiempo,Pleno día,1,0,0,1,2019-02-01,otro,animal en calzada,buen tiempo,pleno dia,travesia,bd64e1346049830018c72cd3623c277fc5095c34bbb07d567628ee499853d0fc,accidentes_raw_dgt,2026-05-09 20:40:11
2019,Alicante,2,Miércoles,17,Travesía,Otro,Animal en calzada,Buen tiempo,Pleno día,1,0,0,1,2019-02-01,otro,animal en calzada,buen tiempo,pleno dia,travesia,9087bff4ee5a4c50553a8a9096963d8d75dea9601fee74de289bbf21bcc25608,accidentes_raw_dgt,2026-05-09 20:40:11
2019,Alicante,3,Viernes,13,Travesía,Otro,Choque obstáculo lateral,Buen tiempo,Pleno día,1,0,0,1,2019-03-01,otro,choque obstaculo lateral,buen tiempo,pleno dia,travesia,a07e64a2cea4932cd9ed92492b633aaa2f8a350342dfe151bdd9b2ec3bef4277,accidentes_raw_dgt,2026-05-09 20:40:11
2019,Alicante,3,Viernes,11,Travesía,Otro,Colisión por alcance,Buen tiempo,Pleno día,1,0,0,1,2019-03-01,otro,colision por alcance,buen tiempo,pleno dia,travesia,9250b95a524a0cd083567198c57262cfd96c230572f8a1c9c953099dfaad2534,accidentes_raw_dgt,2026-05-09 20:40:11
2019,Alicante,2,Jueves,14,Travesía,Otro,Colisión frontolateral,Buen tiempo,Pleno día,1,0,0,1,2019-02-01,otro,colision frontolateral,buen tiempo,pleno dia,travesia,1aa219431528a059b7f0d8ec0c7d2a6dcc0f0f659a642adc4fc1ebbd907bf983,accidentes_raw_dgt,2026-05-09 20:40:11
2019,Alicante,2,Jueves,9,Travesía,Otro,Colisión frontolateral,Buen tiempo,Pleno día,2,0,0,2,2019-02-01,otro,colision frontolateral,buen tiempo,pleno dia,travesia,5fff864d27239fa252f76a884f2d427362b8e758d654db16a80d4136a1dca2d2,accidentes_raw_dgt,2026-05-09 20:40:11
2019,Alicante,2,Miércoles,9,Zona interurbana,Vía urbana,Colisión por alcance,Buen tiempo,Pleno día,1,0,0,1,2019-02-01,via urbana,colision por alcance,buen tiempo,pleno dia,zona interurbana,d2cc2cd378a0cbf24293e9059fff3a2435ec802d01893fc38edf444fb9f4decc,accidentes_raw_dgt,2026-05-09 20:40:11
2019,Alicante,2,Miércoles,8,Travesía,Otro,Colisión frontolateral,Buen tiempo,Pleno día,1,0,0,1,2019-02-01,otro,colision frontolateral,buen tiempo,pleno dia,travesia,a0d9819c456947674a4e0356dbc93efd2ca257a164b5aedb6b8430dfa8ac15aa,accidentes_raw_dgt,2026-05-09 20:40:11
2019,Alicante,2,Martes,22,Zona interurbana,Vía urbana,Colisión lateral,Buen tiempo,Se desconoce,1,0,0,1,2019-02-01,via urbana,colision lateral,buen tiempo,se desconoce,zona interurbana,efc85be4eef3fca270bccd6d983751efac18a1d35ac94744e16e67ffe704a496,accidentes_raw_dgt,2026-05-09 20:40:11
2019,Alicante,2,Miércoles,11,Travesía,Otro,Colisión por alcance,Buen tiempo,Pleno día,1,0,0,1,2019-02-01,otro,colision por alcance,buen tiempo,pleno dia,travesia,df979f8f4738e382b5e7c616a20b341ca41cece8dce7532c2c50490109bf43f0,accidentes_raw_dgt,2026-05-09 20:40:11
2019,Alicante,2,Martes,18,Travesía,Otro,Colisión frontolateral,Buen tiempo,Noche sin iluminación,1,0,0,1,2019-02-01,otro,colision frontolateral,buen tiempo,noche sin iluminacion,travesia,f11ca4a63fad285451b6245c77b897f6f51359fae5f5cc4e1480cd48ff6515b2,accidentes_raw_dgt,2026-05-09 20:40:11
2019,Alicante,2,Viernes,8,Travesía,Otro,Colisión por alcance,Buen tiempo,Pleno día,2,0,0,2,2019-02-01,otro,colision por alcance,buen tiempo,pleno dia,travesia,40771a76e8746afe558b09bacb9191e701500b91ebd112cd527a3183341657c0,accidentes_raw_dgt,2026-05-09 20:40:11
2019,Alicante,2,Martes,13,Travesía,Otro,Colisión frontolateral,Buen tiempo,Pleno día,1,0,0,1,2019-02-01,otro,colision frontolateral,buen tiempo,pleno dia,travesia,2021dc8bd93e4492bf258d9d18eabf53579b19c8c97bbcebaf0619d9eba587cb,accidentes_raw_dgt,2026-05-09 20:40:11
2019,Alicante,2,Martes,10,Travesía,Otro,Choque obstáculo lateral,Buen tiempo,Pleno día,1,0,0,1,2019-02-01,otro,choque obstaculo lateral,buen tiempo,pleno dia,travesia,a3d951e968e6ca5ee3af64eab235842c06af694b9943eea7fc81eacd738e7224,accidentes_raw_dgt,2026-05-09 20:40:11
2019,Alicante,2,Lunes,8,Travesía,Otro,Caída de ocupante,Buen tiempo,Pleno día,1,0,1,0,2019-02-01,otro,caida de ocupante,buen tiempo,pleno dia,travesia,82f54bb9c586553406380714d8c880314b1f98da9a2c167f1072d0ec5493337d,accidentes_raw_dgt,2026-05-09 20:40:11
2019,Alicante,3,Sábado,9,Travesía,Otro,Colisión por alcance,Buen tiempo,Pleno día,1,0,0,1,2019-03-01,otro,colision por alcance,buen tiempo,pleno dia,travesia,4e016e8932eedbdd78d0bffc8651270ae3743d3627a704c54c98a42a4bc081e1,accidentes_raw_dgt,2026-05-09 20:40:11
2019,Alicante,3,Jueves,13,Travesía,Otro,Colisión frontolateral,Buen tiempo,Pleno día,1,0,0,1,2019-03-01,otro,colision frontolateral,buen tiempo,pleno dia,travesia,0a6b81782b5c6d04236250f24ed2b3a27c3afd1a80371ea238ba029cbe5aca0d,accidentes_raw_dgt,2026-05-09 20:40:11
2019,Alicante,3,Domingo,7,Travesía,Otro,Colisión por alcance,Buen tiempo,Amanecer/Anochecer,1,0,0,1,2019-03-01,otro,colision por alcance,buen tiempo,amanecer/anochecer,travesia,7b2e7211fb4f4d8352c9215c591252344775c56d58b9a5ff88bda8358628ec4e,accidentes_raw_dgt,2026-05-09 20:40:11
2019,Alicante,1,Lunes,10,Travesía,Otro,Choque obstáculo lateral,Buen tiempo,Pleno día,1,0,0,1,2019-01-01,otro,choque obstaculo lateral,buen tiempo,pleno dia,travesia,ce121073a5210988d0d44892ed9597a853b6f7384ef3887c0c4c229dbabb4691,accidentes_raw_dgt,2026-05-09 20:40:11
2019,Alicante,2,Martes,13,Travesía,Otro,Choque obstáculo lateral,Buen tiempo,Pleno día,2,0,0,2,2019-02-01,otro,choque obstaculo lateral,buen tiempo,pleno dia,travesia,a073f12ea698964c47150c2b8f5fa937c639bdc54e223aef67d9fa65b7b2fa60,accidentes_raw_dgt,2026-05-09 20:40:11
2019,Alicante,3,Viernes,8,Zona interurbana,Vía urbana,Colisión lateral,Buen tiempo,Pleno día,3,0,0,3,2019-03-01,via urbana,colision lateral,buen tiempo,pleno dia,zona interurbana,3da16474e33b330b71e5b562cfcf7939bde3c12a08b7465fc31382a355ab2878,accidentes_raw_dgt,2026-05-09 20:40:11
2019,Alicante,3,Miércoles,14,Travesía,Otro,Animal en calzada,Buen tiempo,Pleno día,1,0,1,0,2019-03-01,otro,animal en calzada,buen tiempo,pleno dia,travesia,9b3cea3bd8789ba47cc969bff5914da7ebac8e0052e282917299814a53a7dfdb,accidentes_raw_dgt,2026-05-09 20:40:11
2019,Alicante,2,Jueves,11,Travesía,Otro,Colisión frontolateral,Buen tiempo,Pleno día,2,0,0,2,2019-02-01,otro,colision frontolateral,buen tiempo,pleno dia,travesia,5a48eed290f62c93553855c36c964e1ef16603d23dcce371a1b2ce9a3857d0e1,accidentes_raw_dgt,2026-05-09 20:40:11
2019,Alicante,3,Lunes,12,Travesía,Otro,Salida vía izquierda,Buen tiempo,Pleno día,1,0,0,1,2019-03-01,otro,salida via izquierda,buen tiempo,pleno dia,travesia,a2541e84e912f4f5dd32ce131abdb6b1fdc9cf315790f10c90e299cab67daa47,accidentes_raw_dgt,2026-05-09 20:40:11
2019,Alicante,3,Lunes,17,Zona interurbana,Vía urbana,Colisión lateral,Buen tiempo,Pleno día,1,0,0,1,2019-03-01,via urbana,colision lateral,buen tiempo,pleno dia,zona interurbana,c333a75353784177f2394d1c4994cc98ff751dad713b4b75ea5a05506e5802cc,accidentes_raw_dgt,2026-05-09 20:40:11
2019,Alicante,3,Jueves,18,Travesía,Otro,Colisión por alcance,Buen tiempo,Pleno día,1,0,0,1,2019-03-01,otro,colision por alcance,buen tiempo,pleno dia,travesia,ae5ca0b50c33c0b9a0dfd975f7b19efd032b0af39ed00f5bc03cc00ddba651e6,accidentes_raw_dgt,2026-05-09 20:40:11
2019,Alicante,3,Viernes,12,Travesía,Otro,Animal en calzada,Buen tiempo,Pleno día,1,0,0,1,2019-03-01,otro,animal en calzada,buen tiempo,pleno dia,travesia,2668b2960fc61e79a96fd3136880207b7af931ac3721c457d5937a2ce97ace8e,accidentes_raw_dgt,2026-05-09 20:40:11
2019,Alicante,3,Jueves,20,Travesía,Otro,Colisión frontolateral,Buen tiempo,Noche sin iluminación,1,0,0,1,2019-03-01,otro,colision frontolateral,buen tiempo,noche sin iluminacion,travesia,ec23bffbd8305b03c563a7474c48f21041389bea2837802eb9fd957cc4a0e2bb,accidentes_raw_dgt,2026-05-09 20:40:11
2019,Alicante,3,Miércoles,18,Travesía,Otro,Choque obstáculo lateral,Buen tiempo,Pleno día,1,0,0,1,2019-03-01,otro,choque obstaculo lateral,buen tiempo,pleno dia,travesia,0ee95e1b4aa2f4842c6255969ad07ea6b21abd86528bfdf488c728960e3f63ef,accidentes_raw_dgt,2026-05-09 20:40:11
2019,Alicante,3,Martes,8,Travesía,Otro,Colisión frontolateral,Buen tiempo,Pleno día,1,0,0,1,2019-03-01,otro,colision frontolateral,buen tiempo,pleno dia,travesia,4d51741118d90fac5f47a029e8ce64c09bd7df8941d9f182ecdb2efdabc67b8a,accidentes_raw_dgt,2026-05-09 20:40:11
2019,Alicante,3,Sábado,11,Travesía,Otro,Colisión lateral,Buen tiempo,Pleno día,1,0,0,1,2019-03-01,otro,colision lateral,buen tiempo,pleno dia,travesia,28742531f88cae251171e0ebd4ff582684137116a6b3bd72cd3768e9b388e708,accidentes_raw_dgt,2026-05-09 20:40:11
2019,Alicante,2,Jueves,6,Zona interurbana,Vía urbana,Salida vía izquierda,Buen tiempo,Noche ilum. insuficiente,1,0,0,1,2019-02-01,via urbana,salida via izquierda,buen tiempo,noche ilum. insuficiente,zona interurbana,e172e24d3024bb7c229c66312fe18a56c169c8da74e48c666e1590141cec58e5,accidentes_raw_dgt,2026-05-09 20:40:11
2019,Alicante,2,Sábado,12,Travesía,Otro,Colisión frontolateral,Buen tiempo,Pleno día,1,0,0,1,2019-02-01,otro,colision frontolateral,buen tiempo,pleno dia,travesia,770e6f5e2f55c90afb8f6ea327562e98731b4f680f7628ea13f12bbd2b82753e,accidentes_raw_dgt,2026-05-09 20:40:11
2019,Alicante,3,Jueves,0,Travesía,Otro,Colisión frontolateral,Buen tiempo,Noche sin iluminación,1,0,0,1,2019-03-01,otro,colision frontolateral,buen tiempo,noche sin iluminacion,travesia,6db12d3deff9081b3585a3a81238b26693deb28b8553eba473146505e5301c50,accidentes_raw_dgt,2026-05-09 20:40:11
2019,Alicante,3,Domingo,12,Travesía,Otro,Animal en calzada,Buen tiempo,Pleno día,1,0,0,1,2019-03-01,otro,animal en calzada,buen tiempo,pleno dia,travesia,7929065522441d4053cba7ebffb2d224585a110b13840ff69cf0e89b725af9e7,accidentes_raw_dgt,2026-05-09 20:40:11
2019,Alicante,3,Miércoles,11,Travesía,Otro,Colisión frontolateral,Buen tiempo,Pleno día,1,0,0,1,2019-03-01,otro,colision frontolateral,buen tiempo,pleno dia,travesia,10f6b6ad5e069f3b97acb8979dc276b9a1c04beb48dd9fa7c8169a142879474a,accidentes_raw_dgt,2026-05-09 20:40:11
2019,Alicante,3,Viernes,9,Travesía,Otro,Colisión frontolateral,Buen tiempo,Pleno día,1,0,0,1,2019-03-01,otro,colision frontolateral,buen tiempo,pleno dia,travesia,6bcc05d40b1752992b7142914608fbac9adb28af8ca29b7d14b1e46428be693e,accidentes_raw_dgt,2026-05-09 20:40:11
2019,Alicante,3,Lunes,13,Travesía,Otro,Colisión frontolateral,Buen tiempo,Pleno día,1,0,0,1,2019-03-01,otro,colision frontolateral,buen tiempo,pleno dia,travesia,48be9979594810ed8c4e8d841c941d2602f2b01bfb3688e696d07db805f87452,accidentes_raw_dgt,2026-05-09 20:40:11
2019,Alicante,3,Jueves,12,Zona interurbana,Camino vecinal,Colisión por alcance,Buen tiempo,Pleno día,1,0,0,1,2019-03-01,camino vecinal,colision por alcance,buen tiempo,pleno dia,zona interurbana,93de0089bfe55e8e2af2cdc3cfad5280486b63c0bbc8bcf7e069bed9e084ac7a,accidentes_raw_dgt,2026-05-09 20:40:11
2019,Alicante,3,Sábado,0,Travesía,Otro,Colisión frontolateral,Buen tiempo,Noche sin iluminación,1,0,0,1,2019-03-01,otro,colision frontolateral,buen tiempo,noche sin iluminacion,travesia,23adf0dede5322e64b4276608273a706aaa6906a48b0824610772696cb3cce0e,accidentes_raw_dgt,2026-05-09 20:40:11
2019,Alicante,3,Viernes,7,Zona interurbana,Vía convencional,Atropello a ciclista,Buen tiempo,Pleno día,1,0,0,1,2019-03-01,via convencional,atropello a ciclista,buen tiempo,pleno dia,zona interurbana,323faa6557b960f1c45a8834efdb6c26ad600886539eddaf1f8cbe6f908d267e,accidentes_raw_dgt,2026-05-09 20:40:11
2019,Alicante,3,Sábado,22,Travesía,Otro,Animal en calzada,Buen tiempo,Noche sin iluminación,1,0,0,1,2019-03-01,otro,animal en calzada,buen tiempo,noche sin iluminacion,travesia,0e1bc0975d84289470a9287ed395c5afa892d5e12632adf2db7ab2ba5e855e45,accidentes_raw_dgt,2026-05-09 20:40:11
2019,Alicante,3,Lunes,20,Zona interurbana,Camino vecinal,Colisión frontolateral,Lluvia,Noche sin iluminación,1,0,0,1,2019-03-01,camino vecinal,colision frontolateral,lluvia,noche sin iluminacion,zona interurbana,d6861565a3d4e63d2b5bab69bf5bb8c0011980377f855c94ac2798ac7919b5f6,accidentes_raw_dgt,2026-05-09 20:40:11
2019,Alicante,2,Miércoles,14,Travesía,Otro,Choque obstáculo lateral,Buen tiempo,Pleno día,1,0,1,0,2019-02-01,otro,choque obstaculo lateral,buen tiempo,pleno dia,travesia,158f3b1a355d5f64c77a37e81e48dc47b2f2c4d534422c00e28b54af25c4d622,accidentes_raw_dgt,2026-05-09 20:40:11
2019,Alicante,3,Miércoles,7,Travesía,Otro,Colisión múltiple,Buen tiempo,Amanecer/Anochecer,3,0,0,3,2019-03-01,otro,colision multiple,buen tiempo,amanecer/anochecer,travesia,60d6e8f7ae7a64bf1f0f75076e83e2af49a3bb5b5683b922b3518d0d56e90924,accidentes_raw_dgt,2026-05-09 20:40:11
2019,Alicante,3,Martes,21,Zona interurbana,Camino vecinal,Choque obstáculo lateral,Buen tiempo,Noche sin iluminación,1,0,0,1,2019-03-01,camino vecinal,choque obstaculo lateral,buen tiempo,noche sin iluminacion,zona interurbana,19d62f0f54e0697f2532ba0897789728805b4cb6bafb4e212d268a54058440af,accidentes_raw_dgt,2026-05-09 20:40:11
2019,Alicante,3,Miércoles,14,Travesía,Otro,Colisión por alcance,Buen tiempo,Pleno día,3,0,0,3,2019-03-01,otro,colision por alcance,buen tiempo,pleno dia,travesia,7e3db2c53a88a81408d72790cd323f8a8a27fafe588c2fab87e4a4d3f437228c,accidentes_raw_dgt,2026-05-09 20:40:11
2019,Alicante,3,Viernes,10,Travesía,Otro,Choque obstáculo calzada,Buen tiempo,Pleno día,1,0,0,1,2019-03-01,otro,choque obstaculo calzada,buen tiempo,pleno dia,travesia,46ddd8196f72b3e629511ce5c746aaaa82d53df3f9a3e8831d653bbb04ccf13e,accidentes_raw_dgt,2026-05-09 20:40:11
2019,Alicante,3,Viernes,11,Travesía,Otro,Choque obstáculo lateral,Buen tiempo,Pleno día,1,0,1,0,2019-03-01,otro,choque obstaculo lateral,buen tiempo,pleno dia,travesia,bb06af3e662eb74169bb39c46ccf27d621d0a060b4932288d7a7210da4b58b67,accidentes_raw_dgt,2026-05-09 20:40:11
2019,Alicante,3,Miércoles,21,Zona interurbana,Camino vecinal,Colisión lateral,Buen tiempo,Noche sin iluminación,2,0,0,2,2019-03-01,camino vecinal,colision lateral,buen tiempo,noche sin iluminacion,zona interurbana,322ac9c5f39fcb8a5cf2d3ad558913ad6b056d8093c50704dda0215ee11c2a3a,accidentes_raw_dgt,2026-05-09 20:40:11