AÑO,PROVINCIA,MES,DIA_SEMANA,HORA,ZONA,TIPO_VIA,TIPO_ACCIDENTE,CONDICION_METEO,CONDICION_ILUMINACION,TOTAL_VICTIMAS,FALLECIDOS_24H,HERIDOS_GRAVES,HERIDOS_LEVES,FECHA_ACCIDENTE,TIPO_VIA_NORM,TIPO_ACCIDENTE_NORM,CONDICION_METEO_NORM,CONDICION_ILUMINACION_NORM,ZONA_NORM,ID_ACCIDENTE_HASH,source_id,load_timestamp
2019,Alicante,3,Martes,8,Travesía,Otro,Choque obstáculo lateral,Buen tiempo,Pleno día,1,0,0,1,2019-03-01,otro,choque obstaculo lateral,buen tiempo,pleno dia,travesia,1be8c0f146e05ecac0004f32da7d28bd6a4519d9e42570387a7e70af87d4ec46,accidentes_raw_dgt,2026-05-09 20:40:11
2019,Alicante,2,Lunes,20,Travesía,Otro,Choque obstáculo lateral,Buen tiempo,Noche sin iluminación,1,0,0,1,2019-02-01,otro,choque obstaculo lateral,buen tiempo,noche sin iluminacion,travesia,23e3ca332c61648a9e8ebb917ceb2f63bc45b7b33b4769b05dd86b028d56c63c,accidentes_raw_dgt,2026-05-09 20:40:11
2019,Alicante,3,Martes,14,Zona interurbana,Vía urbana,Colisión frontolateral,Buen tiempo,Pleno día,1,0,0,1,2019-03-01,via urbana,colision frontolateral,buen tiempo,pleno dia,zona interurbana,4f4532d3e566afc790a3ebe4056fabedea24a9cf94bd23b18d4593b858f0a1a8,accidentes_raw_dgt,2026-05-09 20:40:11
2019,Alicante,3,Viernes,13,Travesía,Otro,Colisión frontolateral,Buen tiempo,Pleno día,2,0,0,2,2019-03-01,otro,colision frontolateral,buen tiempo,pleno dia,travesia,e0c7bfa5b8e4ae0cecfc1f14093a71e05c27abd93a3850fc35f008c3baf866b4,accidentes_raw_dgt,2026-05-09 20:40:11
2019,Alicante,3,Miércoles,13,Travesía,Otro,Colisión múltiple,Buen tiempo,Pleno día,1,0,0,1,2019-03-01,otro,colision multiple,buen tiempo,pleno dia,travesia,2d87bf8c9d80ac79caa5553efc2ace391aebed8c986b665ddbbef87ad8a6f6cf,accidentes_raw_dgt,2026-05-09 20:40:11
2019,Alicante,3,Miércoles,9,Zona interurbana,Vía urbana,Colisión frontolateral,Buen tiempo,Pleno día,1,0,0,1,2019-03-01,via urbana,colision frontolateral,buen tiempo,pleno dia,zona interurbana,67be10d98e9ab6d770578f47763baa3bec8e6b3ce68f323cafe00a65ffa43f0d,accidentes_raw_dgt,2026-05-09 20:40:11
2019,Alicante,3,Jueves,16,Zona interurbana,Vía urbana,Se desconoce,Buen tiempo,Pleno día,1,0,0,1,2019-03-01,via urbana,se desconoce,buen tiempo,pleno dia,zona interurbana,61f5869c42cc56c113f931c7ed19126205121938aaa9ccede69b20ec83a300e1,accidentes_raw_dgt,2026-05-09 20:40:11
2019,Alicante,3,Domingo,13,Travesía,Otro,Choque obstáculo lateral,Buen tiempo,Pleno día,1,0,0,1,2019-03-01,otro,choque obstaculo lateral,buen tiempo,pleno dia,travesia,45553cb1d7ff20a12ab1cb54e5f5f4d625f27ec5f13be96ebf4912745d217258,accidentes_raw_dgt,2026-05-09 20:40:11
2019,Alicante,3,Jueves,11,Travesía,Otro,Colisión por alcance,Buen tiempo,Pleno día,4,0,0,4,2019-03-01,otro,colision por alcance,buen tiempo,pleno dia,travesia,78964ea28e651262ded2292b95a5b4559f6a653e3a376e6ff85cc72a7a668909,accidentes_raw_dgt,2026-05-09 20:40:11
2019,Alicante,3,Jueves,17,Zona interurbana,Vía urbana,Colisión frontolateral,Buen tiempo,Pleno día,1,0,0,1,2019-03-01,via urbana,colision frontolateral,buen tiempo,pleno dia,zona interurbana,35d5aa731b1e6a3a5289b288e3913427c85ebe2e937ff61273da39d601af2f1f,accidentes_raw_dgt,2026-05-09 20:40:11
2019,Alicante,3,Domingo,21,Travesía,Otro,Animal en calzada,Granizo,Noche sin iluminación,1,0,0,1,2019-03-01,otro,animal en calzada,granizo,noche sin iluminacion,travesia,8e5fabc4550b9c8521b119ede0270237fd4891a697330a2ef5fdea4dde53bf13,accidentes_raw_dgt,2026-05-09 20:40:11
2019,Alicante,3,Martes,14,Zona interurbana,Camino vecinal,Colisión por alcance,Buen tiempo,Pleno día,1,0,0,1,2019-03-01,camino vecinal,colision por alcance,buen tiempo,pleno dia,zona interurbana,fd945d13065fc7072c851fb5a0c86b8752e6a626ccdb3f32c77fc468bff0a61b,accidentes_raw_dgt,2026-05-09 20:40:11
2019,Alicante,3,Lunes,9,Travesía,Otro,Salida vía izquierda,Granizo,Pleno día,1,0,0,1,2019-03-01,otro,salida via izquierda,granizo,pleno dia,travesia,8202c37e994f4722947e63d7fa9193fc924fe0d3ea11f7fba2fbf11ef6bab963,accidentes_raw_dgt,2026-05-09 20:40:11
2019,Alicante,2,Sábado,3,Travesía,Otro,Colisión frontolateral,Buen tiempo,Noche sin iluminación,1,0,0,1,2019-02-01,otro,colision frontolateral,buen tiempo,noche sin iluminacion,travesia,f16e7eb58b271225de2305e36a2cd2efca49d79d5f71b77868abebb89aa9647b,accidentes_raw_dgt,2026-05-09 20:40:11
2019,Alicante,3,Sábado,2,Travesía,Otro,Choque obstáculo lateral,Buen tiempo,Noche sin iluminación,1,0,0,1,2019-03-01,otro,choque obstaculo lateral,buen tiempo,noche sin iluminacion,travesia,c05562111bb2b94ae2eebdbb85e408884622fffd762a7e132198b960d2ad4d17,accidentes_raw_dgt,2026-05-09 20:40:11
2019,Alicante,3,Viernes,22,Travesía,Otro,Colisión por alcance,Buen tiempo,Noche sin iluminación,1,0,0,1,2019-03-01,otro,colision por alcance,buen tiempo,noche sin iluminacion,travesia,47c04d7995ba767c5024eee3ade65a7aab34ac951c17a3e4265a4a5602e18592,accidentes_raw_dgt,2026-05-09 20:40:11
2019,Alicante,3,Martes,11,Travesía,Otro,Colisión por alcance,Buen tiempo,Pleno día,2,0,0,2,2019-03-01,otro,colision por alcance,buen tiempo,pleno dia,travesia,417e475bb4d90f19fd5926792542577fd064a9fbcb719aeb01a711cc45ce7c43,accidentes_raw_dgt,2026-05-09 20:40:11
2019,Alicante,3,Martes,13,Travesía,Otro,Colisión lateral,Buen tiempo,Pleno día,1,0,0,1,2019-03-01,otro,colision lateral,buen tiempo,pleno dia,travesia,29923c8dc8abaca7ea7e4a08adefe252c74784a33ea0544a105c58dbb6c78607,accidentes_raw_dgt,2026-05-09 20:40:11
2019,Alicante,3,Domingo,20,Zona interurbana,Calle,Colisión frontolateral,Granizo,Amanecer/Anochecer,2,0,1,0,2019-03-01,calle,colision frontolateral,granizo,amanecer/anochecer,zona interurbana,bfaa492bc1eb6c25c1e676ff0f4bab292e725a5cc3290f0a6d58750439d12f10,accidentes_raw_dgt,2026-05-09 20:40:11
2019,Alicante,4,Martes,22,Travesía,Otro,Colisión por alcance,Lluvia,Noche sin iluminación,1,0,0,1,2019-04-01,otro,colision por alcance,lluvia,noche sin iluminacion,travesia,c66f1f34f49381e467d3abd43c77947f5d1dd362fd0eec6c2c1f27233ae9adf9,accidentes_raw_dgt,2026-05-09 20:40:11
2019,Alicante,3,Viernes,9,Travesía,Otro,Salida vía izquierda,Buen tiempo,Pleno día,1,0,0,1,2019-03-01,otro,salida via izquierda,buen tiempo,pleno dia,travesia,caa6a0f78b21879ac0cd9221fbf8a4ca335eb29e1f516cc201dffa3d96955817,accidentes_raw_dgt,2026-05-09 20:40:11
2019,Alicante,4,Miércoles,8,Zona interurbana,Camino vecinal,Colisión por alcance,Buen tiempo,Pleno día,1,0,0,1,2019-04-01,camino vecinal,colision por alcance,buen tiempo,pleno dia,zona interurbana,7d608decaea5ec08bd4141d4d81c51ee8703223bf27bb89239d7e6d9c92493ef,accidentes_raw_dgt,2026-05-09 20:40:11
2019,Alicante,4,Jueves,8,Zona interurbana,Vía urbana,Colisión frontolateral,Buen tiempo,Pleno día,1,0,0,1,2019-04-01,via urbana,colision frontolateral,buen tiempo,pleno dia,zona interurbana,5395e1ae8455cd547ea5604debe13e62a1407ce44e55ddf7dc2afd3c221b364e,accidentes_raw_dgt,2026-05-09 20:40:11
2019,Alicante,4,Jueves,9,Zona interurbana,Vía urbana,Animal en calzada,Buen tiempo,Pleno día,1,0,0,1,2019-04-01,via urbana,animal en calzada,buen tiempo,pleno dia,zona interurbana,a754049ffb01baaea795203c823895120373619b79ac87fee9351ad3dea41064,accidentes_raw_dgt,2026-05-09 20:40:11
2019,Alicante,4,Jueves,16,Travesía,Otro,Colisión frontolateral,Buen tiempo,Pleno día,1,0,0,1,2019-04-01,otro,colision frontolateral,buen tiempo,pleno dia,travesia,ef0b489c33b4d90ab51c5c32a89ac60f0e85fc69297a117b279df272d19675d0,accidentes_raw_dgt,2026-05-09 20:40:11
2019,Alicante,4,Viernes,14,Travesía,Otro,Colisión frontolateral,Buen tiempo,Pleno día,1,0,0,1,2019-04-01,otro,colision frontolateral,buen tiempo,pleno dia,travesia,c6637ffab46701f1f145156dafcd21176a85a95c0f5ab71eecb03d15899efd05,accidentes_raw_dgt,2026-05-09 20:40:11
2019,Alicante,4,Jueves,18,Travesía,Otro,Choque obstáculo lateral,Buen tiempo,Pleno día,1,0,0,1,2019-04-01,otro,choque obstaculo lateral,buen tiempo,pleno dia,travesia,a3f0ac6f4436d7e6757a4e990486299f1a37db9a2de46df297fb2a24f2e9d5d8,accidentes_raw_dgt,2026-05-09 20:40:11
2019,Alicante,3,Miércoles,14,Travesía,Otro,Colisión frontolateral,Buen tiempo,Pleno día,1,0,0,1,2019-03-01,otro,colision frontolateral,buen tiempo,pleno dia,travesia,db5989a78dd31d0ccfe36eb3c60d8b98150ddbd8a7ae6edb927eb821c8d81284,accidentes_raw_dgt,2026-05-09 20:40:11
2019,Alicante,4,Sábado,15,Travesía,Otro,Salida vía izquierda,Granizo,Pleno día,1,0,0,1,2019-04-01,otro,salida via izquierda,granizo,pleno dia,travesia,99dbbc4aad5da980a3b5035ff28d2e9f828d973cf7be91cdf3b6886741879371,accidentes_raw_dgt,2026-05-09 20:40:11
2019,Alicante,4,Miércoles,21,Zona interurbana,Vía convencional,Se desconoce,Buen tiempo,Noche ilum. insuficiente,2,0,0,2,2019-04-01,via convencional,se desconoce,buen tiempo,noche ilum. insuficiente,zona interurbana,c60e2531069d760043cbb36969aeb5cb24f86fd779483a370ce2af110e6b6a4b,accidentes_raw_dgt,2026-05-09 20:40:11
2019,Alicante,4,Lunes,20,Travesía,Otro,Colisión por alcance,Buen tiempo,Noche sin iluminación,2,0,0,2,2019-04-01,otro,colision por alcance,buen tiempo,noche sin iluminacion,travesia,dfaab096bd21200516e6780b2dd4c5dbff2f8f1172b9dfc3741331d2fe6af997,accidentes_raw_dgt,2026-05-09 20:40:11
2019,Alicante,4,Viernes,12,Travesía,Otro,Colisión frontolateral,Buen tiempo,Pleno día,1,0,0,1,2019-04-01,otro,colision frontolateral,buen tiempo,pleno dia,travesia,79182cdeea49c82f3d64f1c55567cecce87ad0e6cb08d35d6eb39a107879be8b,accidentes_raw_dgt,2026-05-09 20:40:11
2019,Alicante,3,Lunes,21,Zona interurbana,Vía urbana,Colisión por alcance,Buen tiempo,Noche sin iluminación,2,0,0,2,2019-03-01,via urbana,colision por alcance,buen tiempo,noche sin iluminacion,zona interurbana,3b063d4c746d45e954242fdbf617d02faa99779e9cafec7030446f7d19e92503,accidentes_raw_dgt,2026-05-09 20:40:11
2019,Alicante,4,Lunes,9,Travesía,Otro,Colisión frontolateral,Lluvia,Pleno día,3,0,0,3,2019-04-01,otro,colision frontolateral,lluvia,pleno dia,travesia,344ddf4c03d6a99939c7705b7e98bd2f31b8437fc80576bdad2fdd3d0aff0ed0,accidentes_raw_dgt,2026-05-09 20:40:11
2019,Alicante,4,Viernes,9,Travesía,Otro,Animal en calzada,Buen tiempo,Pleno día,1,0,0,1,2019-04-01,otro,animal en calzada,buen tiempo,pleno dia,travesia,d7cee86db1db18fe93e067b9519cca02a3aee1be78423a3a2e1f4c9dbe6938cc,accidentes_raw_dgt,2026-05-09 20:40:11
2019,Alicante,4,Miércoles,7,Travesía,Otro,Colisión lateral,Lluvia,Noche con iluminación,1,0,0,1,2019-04-01,otro,colision lateral,lluvia,noche con iluminacion,travesia,8a15fadc48d9f05e22123427d4564f5ca35293abfc1a5afdbcdfd8cb50353ad2,accidentes_raw_dgt,2026-05-09 20:40:11
2019,Alicante,4,Lunes,17,Zona interurbana,Vía urbana,Colisión por alcance,Lluvia,Pleno día,3,0,0,3,2019-04-01,via urbana,colision por alcance,lluvia,pleno dia,zona interurbana,68732e61c9a20e1c9ae05bc99a950847d3731293978ae442fe50323044c6a095,accidentes_raw_dgt,2026-05-09 20:40:11
2019,Alicante,4,Martes,14,Travesía,Otro,Choque obstáculo lateral,Lluvia,Pleno día,1,0,0,1,2019-04-01,otro,choque obstaculo lateral,lluvia,pleno dia,travesia,f5884b3c1784c8860e9aa1092480c9a025317f251a989f359b9091ae63e40273,accidentes_raw_dgt,2026-05-09 20:40:11
2019,Alicante,4,Miércoles,16,Travesía,Otro,Colisión frontolateral,Lluvia,Pleno día,1,0,0,1,2019-04-01,otro,colision frontolateral,lluvia,pleno dia,travesia,64373b8be1b419b256e9af287df794cd3e6319662c21cf8136e93c5006e42fa9,accidentes_raw_dgt,2026-05-09 20:40:11
2019,Alicante,4,Martes,14,Zona interurbana,Vía urbana,Otro tipo,Buen tiempo,Pleno día,1,0,0,1,2019-04-01,via urbana,otro tipo,buen tiempo,pleno dia,zona interurbana,5bac544801aae74006c17fb7a33662d7aace0eec80b8cfbf45c4592182396ff3,accidentes_raw_dgt,2026-05-09 20:40:11
2019,Alicante,3,Lunes,12,Travesía,Otro,Colisión lateral,Buen tiempo,Pleno día,1,0,0,1,2019-03-01,otro,colision lateral,buen tiempo,pleno dia,travesia,749fea29244990c5d170271c9174c55897b02f743c80eeb56c41416049d1e5bb,accidentes_raw_dgt,2026-05-09 20:40:11
2019,Alicante,3,Viernes,11,Travesía,Otro,Colisión frontolateral,Buen tiempo,Pleno día,1,0,0,1,2019-03-01,otro,colision frontolateral,buen tiempo,pleno dia,travesia,e86d40bcfa645d4ddf651e9ff464144243505d98b94f25810d0879adca55cc17,accidentes_raw_dgt,2026-05-09 20:40:11
2019,Alicante,3,Martes,10,Travesía,Otro,Choque obstáculo lateral,Buen tiempo,Pleno día,1,0,0,1,2019-03-01,otro,choque obstaculo lateral,buen tiempo,pleno dia,travesia,a8d248c5eda6fa32253b67ea3613fd9e74ce099bc701e807c6d8fbd714e6b040,accidentes_raw_dgt,2026-05-09 20:40:11
2019,Alicante,3,Jueves,8,Travesía,Otro,Colisión frontolateral,Buen tiempo,Pleno día,1,0,0,1,2019-03-01,otro,colision frontolateral,buen tiempo,pleno dia,travesia,95f180e417e425f00e97c5a95bfe534c0b1c90d9d8115c9acad2c04c8d6cb246,accidentes_raw_dgt,2026-05-09 20:40:11
2019,Alicante,4,Jueves,10,Travesía,Otro,Colisión múltiple,Buen tiempo,Pleno día,2,0,0,2,2019-04-01,otro,colision multiple,buen tiempo,pleno dia,travesia,f6eae85999665a143e89b2a330cafccf5a8228a57af08ab5a92e7af4a0a470d5,accidentes_raw_dgt,2026-05-09 20:40:11
2019,Alicante,3,Miércoles,13,Travesía,Otro,Colisión frontolateral,Buen tiempo,Pleno día,1,0,1,0,2019-03-01,otro,colision frontolateral,buen tiempo,pleno dia,travesia,ada4f0b8bc65ecbaf7ad150371a2b9c288115181d0e560ab73dddbb2bfb9c1de,accidentes_raw_dgt,2026-05-09 20:40:11
2019,Alicante,4,Lunes,14,Zona interurbana,Vía urbana,Colisión frontolateral,Buen tiempo,Pleno día,1,0,0,1,2019-04-01,via urbana,colision frontolateral,buen tiempo,pleno dia,zona interurbana,d0541665ae524cf19488eba81b94b2b2985b35b52e90f4c0ca90ba0a1cbc99a9,accidentes_raw_dgt,2026-05-09 20:40:11
2019,Alicante,4,Viernes,18,Zona interurbana,Camino vecinal,Colisión por alcance,Lluvia,Pleno día,1,0,0,1,2019-04-01,camino vecinal,colision por alcance,lluvia,pleno dia,zona interurbana,65829150613b3df4ef23fa3d439a843eb556a53ee69a6d03b65870ba1796731d,accidentes_raw_dgt,2026-05-09 20:40:11
2019,Alicante,4,Jueves,0,Travesía,Otro,Colisión por alcance,Buen tiempo,Noche sin iluminación,1,0,0,1,2019-04-01,otro,colision por alcance,buen tiempo,noche sin iluminacion,travesia,7c9b3e0182d17e9536091cf9f8323418fef7684a4c137feef9825e16a2b19da1,accidentes_raw_dgt,2026-05-09 20:40:11
2019,Alicante,2,Jueves,15,Travesía,Otro,Colisión frontolateral,Buen tiempo,Pleno día,1,0,0,1,2019-02-01,otro,colision frontolateral,buen tiempo,pleno dia,travesia,a91612704c1770a3bd00af0dd9cd3a0b06da2e78cea7f0db9bb27e8618e73978,accidentes_raw_dgt,2026-05-09 20:40:11
2019,Alicante,3,Lunes,18,Travesía,Otro,Choque obstáculo lateral,Buen tiempo,Pleno día,1,0,0,1,2019-03-01,otro,choque obstaculo lateral,buen tiempo,pleno dia,travesia,f22be6c15a5358aff79ed6e1aa62908339a08fc7c05b104636a5526fb9381039,accidentes_raw_dgt,2026-05-09 20:40:11
2019,Alicante,4,Lunes,1,Zona interurbana,Vía convencional,Salida vía izquierda,Granizo,Se desconoce,3,0,0,3,2019-04-01,via convencional,salida via izquierda,granizo,se desconoce,zona interurbana,b1c04228b4390d096a51a514158dc78610e57887c529ffb1a155506494173014,accidentes_raw_dgt,2026-05-09 20:40:11
2019,Alicante,4,Sábado,10,Travesía,Otro,Se desconoce,Granizo,Pleno día,1,0,0,1,2019-04-01,otro,se desconoce,granizo,pleno dia,travesia,5c97197b404962d412ef9f17829c4948577353989fd394f495a7be19af201258,accidentes_raw_dgt,2026-05-09 20:40:11
2019,Alicante,4,Lunes,20,Travesía,Otro,Choque obstáculo lateral,Buen tiempo,Noche sin iluminación,1,0,0,1,2019-04-01,otro,choque obstaculo lateral,buen tiempo,noche sin iluminacion,travesia,cf46eed0371a59efdb771a028fc3c507938b2fa2502d76d73d661cffa845241a,accidentes_raw_dgt,2026-05-09 20:40:11
2019,Alicante,4,Martes,21,Travesía,Otro,Choque obstáculo lateral,Buen tiempo,Noche sin iluminación,1,0,0,1,2019-04-01,otro,choque obstaculo lateral,buen tiempo,noche sin iluminacion,travesia,84961ee29c5440775f2f49d7743385593b3c018b544219640b27bac230078214,accidentes_raw_dgt,2026-05-09 20:40:11
2019,Alicante,4,Viernes,20,Travesía,Otro,Choque obstáculo lateral,Buen tiempo,Pleno día,1,0,0,1,2019-04-01,otro,choque obstaculo lateral,buen tiempo,pleno dia,travesia,ed16d272044ed81f103f4849fb81cd58b9c0b5452fd740c439f85a7126d58bf0,accidentes_raw_dgt,2026-05-09 20:40:11
2019,Alicante,4,Jueves,16,Zona interurbana,Vía urbana,Colisión lateral,Buen tiempo,Pleno día,1,0,1,0,2019-04-01,via urbana,colision lateral,buen tiempo,pleno dia,zona interurbana,dbc6b4b4035c531eb37f869dabb3433f4318f8136b2b7d0123e2212a6796e0b7,accidentes_raw_dgt,2026-05-09 20:40:11
2019,Alicante,4,Viernes,15,Zona interurbana,Vía urbana,Caída de motociclista,Granizo,Pleno día,1,0,0,1,2019-04-01,via urbana,caida de motociclista,granizo,pleno dia,zona interurbana,a7452d4e5f24e5a9623b8cc1f839c166e6650769a42c0266268f2dd77a6aa158,accidentes_raw_dgt,2026-05-09 20:40:11
2019,Alicante,4,Domingo,19,Travesía,Otro,Choque obstáculo lateral,Buen tiempo,Amanecer/Anochecer,1,0,0,1,2019-04-01,otro,choque obstaculo lateral,buen tiempo,amanecer/anochecer,travesia,1d10cfa4a998611c236404e1649c24192e43565df01fa559303d6ca6d887226b,accidentes_raw_dgt,2026-05-09 20:40:11
2019,Alicante,4,Sábado,17,Zona interurbana,Vía urbana,Colisión frontolateral,Buen tiempo,Pleno día,1,0,0,1,2019-04-01,via urbana,colision frontolateral,buen tiempo,pleno dia,zona interurbana,cf5df267131383187bdb3d2c59a8718e37ac3103ae6612e9ee5fd113a75116e9,accidentes_raw_dgt,2026-05-09 20:40:11
2019,Alicante,3,Jueves,12,Travesía,Otro,Animal en calzada,Buen tiempo,Pleno día,1,0,0,1,2019-03-01,otro,animal en calzada,buen tiempo,pleno dia,travesia,f2bcaa0d3ebca0432dff4b25e8f68e52a43d11355c016f8a7f324f0b27ff87d1,accidentes_raw_dgt,2026-05-09 20:40:11
2019,Alicante,4,Viernes,12,Travesía,Otro,Animal en calzada,Buen tiempo,Pleno día,1,0,0,1,2019-04-01,otro,animal en calzada,buen tiempo,pleno dia,travesia,70eefe232775bb9dabfd26be7e58e23913eab00dc471e2e8dae1795067de437f,accidentes_raw_dgt,2026-05-09 20:40:11
2019,Alicante,4,Miércoles,15,Zona interurbana,Vía urbana,Colisión por alcance,Buen tiempo,Pleno día,1,0,0,1,2019-04-01,via urbana,colision por alcance,buen tiempo,pleno dia,zona interurbana,abcc98cc68f8429be4e0a4e6094f01bcaaf85ca38418c1511210629fb8697a06,accidentes_raw_dgt,2026-05-09 20:40:11
2019,Alicante,4,Viernes,13,Travesía,Otro,Choque obstáculo calzada,Buen tiempo,Pleno día,1,0,0,1,2019-04-01,otro,choque obstaculo calzada,buen tiempo,pleno dia,travesia,edaf31d91128ba1f3c332a73b0982fc1fe6b722182da2d8b853a15dcbdf9b84d,accidentes_raw_dgt,2026-05-09 20:40:11
2019,Alicante,4,Lunes,21,Travesía,Otro,Animal en calzada,Buen tiempo,Se desconoce,1,0,0,1,2019-04-01,otro,animal en calzada,buen tiempo,se desconoce,travesia,37d03b4246ba25e6f2a5d2ce6c836fcb3ab0fcbd6e7955d85efff1dbd5c9ccca,accidentes_raw_dgt,2026-05-09 20:40:11
2019,Alicante,4,Miércoles,11,Travesía,Otro,Animal en calzada,Lluvia,Pleno día,1,0,0,1,2019-04-01,otro,animal en calzada,lluvia,pleno dia,travesia,72a2d4365f37780690ee9d05b9a173e9036187fbfd5b5ae61785c5d5b0bf8a8a,accidentes_raw_dgt,2026-05-09 20:40:11
2019,Alicante,4,Sábado,17,Zona interurbana,Vía urbana,Colisión lateral,Buen tiempo,Pleno día,1,0,0,1,2019-04-01,via urbana,colision lateral,buen tiempo,pleno dia,zona interurbana,c60d521c8227d7b795a3522fad5dd2e7ce92a0485924095225df2d1e37412181,accidentes_raw_dgt,2026-05-09 20:40:11
2019,Alicante,4,Martes,22,Travesía,Otro,Animal en calzada,Buen tiempo,Noche ilum. insuficiente,1,0,0,1,2019-04-01,otro,animal en calzada,buen tiempo,noche ilum. insuficiente,travesia,7f59051d004a7ac406880e4122e7cd0dd7995ef0ae9be2c9f7ddc6683b7f0357,accidentes_raw_dgt,2026-05-09 20:40:11
2019,Alicante,5,Viernes,16,Zona interurbana,Vía urbana,Colisión frontolateral,Lluvia,Pleno día,1,0,1,0,2019-05-01,via urbana,colision frontolateral,lluvia,pleno dia,zona interurbana,10dc3974968a40b48292568b0ac0a2c73f569f48f6b83c36e3c0fc23c0a6ff8d,accidentes_raw_dgt,2026-05-09 20:40:11
2019,Alicante,5,Domingo,0,Zona interurbana,Vía convencional,Colisión por alcance,Buen tiempo,Pleno día,2,0,1,1,2019-05-01,via convencional,colision por alcance,buen tiempo,pleno dia,zona interurbana,25f2044c9fa1f3e56e58318f7c675baee722466f25e3694420997ec8984448da,accidentes_raw_dgt,2026-05-09 20:40:11
2019,Alicante,4,Jueves,14,Zona interurbana,Vía convencional,Se desconoce,Buen tiempo,Pleno día,2,0,0,2,2019-04-01,via convencional,se desconoce,buen tiempo,pleno dia,zona interurbana,7dcca41d83db6cba2679296467cff1652ca19dd8b405f31cfb9d622c79e5d18f,accidentes_raw_dgt,2026-05-09 20:40:11
2019,Alicante,4,Viernes,19,Zona interurbana,Vía urbana,Atropello a ciclista,Granizo,Pleno día,2,0,0,2,2019-04-01,via urbana,atropello a ciclista,granizo,pleno dia,zona interurbana,bc805497f86694cef2e1cf6df62989cb818f69a80f4fb170e5b7cd66aef5d64b,accidentes_raw_dgt,2026-05-09 20:40:11
2019,Alicante,4,Viernes,20,Travesía,Otro,Caída de motociclista,Buen tiempo,Pleno día,1,0,0,1,2019-04-01,otro,caida de motociclista,buen tiempo,pleno dia,travesia,f214511db60e3b4eb57e040c6b936d2ba8d49afd109853c45d28aa9c3cf911b3,accidentes_raw_dgt,2026-05-09 20:40:11
2019,Alicante,4,Domingo,19,Travesía,Otro,Colisión por alcance,Buen tiempo,Pleno día,1,0,0,1,2019-04-01,otro,colision por alcance,buen tiempo,pleno dia,travesia,8cd70bad4f1b03ddc07571e380c5d302ea0d569d8b9399bec9fdb46e6570bdb1,accidentes_raw_dgt,2026-05-09 20:40:11
2019,Alicante,5,Martes,21,Travesía,Otro,Colisión por alcance,Buen tiempo,Noche sin iluminación,1,0,0,1,2019-05-01,otro,colision por alcance,buen tiempo,noche sin iluminacion,travesia,b4746d5e8a4c2ccd1f3f2c594fa0c10c254d7486f655b81f71967b89a0aa5a2a,accidentes_raw_dgt,2026-05-09 20:40:11
2019,Alicante,5,Miércoles,18,Travesía,Otro,Colisión por alcance,Buen tiempo,Pleno día,1,0,0,1,2019-05-01,otro,colision por alcance,buen tiempo,pleno dia,travesia,bffb5fb92a47fe78c6f42919f17fb950f38d824de5cc5565d9f2c24ed08cae2f,accidentes_raw_dgt,2026-05-09 20:40:11
2019,Alicante,4,Lunes,17,Travesía,Otro,Colisión lateral,Buen tiempo,Pleno día,1,0,0,1,2019-04-01,otro,colision lateral,buen tiempo,pleno dia,travesia,be749fcc6211147583baa096673ca97a25a67ea40456a0dc064997f60675445c,accidentes_raw_dgt,2026-05-09 20:40:11
2019,Alicante,3,Domingo,22,Travesía,Otro,Animal en calzada,Granizo,Noche sin iluminación,1,0,0,1,2019-03-01,otro,animal en calzada,granizo,noche sin iluminacion,travesia,6d9eed144ee7038c5d3d1b16fc6f63fdfcdb34b0c9344f8026d7b99a092d86bd,accidentes_raw_dgt,2026-05-09 20:40:11
2019,Alicante,5,Martes,12,Zona interurbana,Camino vecinal,Se desconoce,Buen tiempo,Pleno día,1,0,1,0,2019-05-01,camino vecinal,se desconoce,buen tiempo,pleno dia,zona interurbana,5787a7c37cfbfc46e4a8700b1cd64c7d6ebcc465d4e781bd622be72890cd9281,accidentes_raw_dgt,2026-05-09 20:40:11
2019,Alicante,4,Miércoles,17,Travesía,Otro urbano,Colisión frontolateral,Buen tiempo,Pleno día,3,0,0,3,2019-04-01,otro urbano,colision frontolateral,buen tiempo,pleno dia,travesia,8835f492a7c86f65d900be580894bbc8f8becf17daa5c20ca2ba9526c7f7adbf,accidentes_raw_dgt,2026-05-09 20:40:11
2019,Alicante,4,Jueves,12,Travesía,Otro,Colisión frontolateral,Buen tiempo,Pleno día,1,0,0,1,2019-04-01,otro,colision frontolateral,buen tiempo,pleno dia,travesia,10817df0e1576683281c68a35157e456c39ec64bd3887c0c8ca94b7a0fc38cc9,accidentes_raw_dgt,2026-05-09 20:40:11
2019,Alicante,4,Miércoles,21,Travesía,Otro,Colisión frontolateral,Buen tiempo,Noche sin iluminación,1,0,0,1,2019-04-01,otro,colision frontolateral,buen tiempo,noche sin iluminacion,travesia,a5e45791a59e46e829080e10719763bd4297d8e7095859779a4d5c1fd10fe320,accidentes_raw_dgt,2026-05-09 20:40:11