AÑO,PROVINCIA,MES,DIA_SEMANA,HORA,ZONA,TIPO_VIA,TIPO_ACCIDENTE,CONDICION_METEO,CONDICION_ILUMINACION,TOTAL_VICTIMAS,FALLECIDOS_24H,HERIDOS_GRAVES,HERIDOS_LEVES,FECHA_ACCIDENTE,TIPO_VIA_NORM,TIPO_ACCIDENTE_NORM,CONDICION_METEO_NORM,CONDICION_ILUMINACION_NORM,ZONA_NORM,ID_ACCIDENTE_HASH,source_id,load_timestamp
2019,Alicante,4,Sábado,5,Travesía,Otro,Salida vía izquierda,Buen tiempo,Noche sin iluminación,1,0,0,1,2019-04-01,otro,salida via izquierda,buen tiempo,noche sin iluminacion,travesia,f8c66e2fcefd475704ce0e253f5b5bdac34dcd28fb1de66838c8e67e9227e62b,accidentes_raw_dgt,2026-05-09 20:40:11
2019,Alicante,5,Jueves,14,Zona interurbana,Vía urbana,Colisión por alcance,Buen tiempo,Pleno día,1,0,0,1,2019-05-01,via urbana,colision por alcance,buen tiempo,pleno dia,zona interurbana,5ca78d60306335e9cdf1efa886dd54cb3d06100d29c1099f11c1389e15ca0816,accidentes_raw_dgt,2026-05-09 20:40:11
2019,Alicante,5,Miércoles,13,Travesía,Otro,Choque obstáculo lateral,Buen tiempo,Pleno día,1,0,0,1,2019-05-01,otro,choque obstaculo lateral,buen tiempo,pleno dia,travesia,eaaa9a5b38786a0fdd6d3ccbb2e3739041c696622e7aa925699d5905a88de58e,accidentes_raw_dgt,2026-05-09 20:40:11
2019,Alicante,4,Martes,11,Travesía,Otro,Choque obstáculo calzada,Buen tiempo,Pleno día,2,0,0,2,2019-04-01,otro,choque obstaculo calzada,buen tiempo,pleno dia,travesia,670a7f467e5e6917dac5a54ecd13a3f2c4e1953536d394dcad12c2c0f010c58f,accidentes_raw_dgt,2026-05-09 20:40:11
2019,Alicante,5,Sábado,11,Zona interurbana,Vía urbana,Colisión frontolateral,Buen tiempo,Pleno día,1,0,0,1,2019-05-01,via urbana,colision frontolateral,buen tiempo,pleno dia,zona interurbana,09c2a7bba8d858ad8cdcef6f5376da964432a866098797690c22fd25468a560f,accidentes_raw_dgt,2026-05-09 20:40:11
2019,Alicante,5,Sábado,12,Zona interurbana,Vía urbana,Colisión lateral,Buen tiempo,Pleno día,1,0,0,1,2019-05-01,via urbana,colision lateral,buen tiempo,pleno dia,zona interurbana,36be8183ad9f1ed708b2adf1fa35c18d9aa1cc99c0670b430a22378ee35ca8db,accidentes_raw_dgt,2026-05-09 20:40:11
2019,Alicante,5,Sábado,10,Zona interurbana,Vía urbana,Colisión por alcance,Buen tiempo,Pleno día,1,0,0,1,2019-05-01,via urbana,colision por alcance,buen tiempo,pleno dia,zona interurbana,e29afc813de881a46eadc804f6755dc929d192daecedfd7cb639f42a6d3fd00a,accidentes_raw_dgt,2026-05-09 20:40:11
2019,Alicante,5,Lunes,23,Travesía,Otro,Animal en calzada,Buen tiempo,Noche sin iluminación,1,0,0,1,2019-05-01,otro,animal en calzada,buen tiempo,noche sin iluminacion,travesia,1dedb99499538a04ae76268f2f6636d3f07849220cb30614ff2061893a5cf334,accidentes_raw_dgt,2026-05-09 20:40:11
2019,Alicante,5,Domingo,4,Travesía,Otro,Colisión lateral,Buen tiempo,Noche sin iluminación,1,0,0,1,2019-05-01,otro,colision lateral,buen tiempo,noche sin iluminacion,travesia,6fa893bfb00e234afe9b8423f6ed9841eaef20419c8d3ee214c82f6b13963588,accidentes_raw_dgt,2026-05-09 20:40:11
2019,Alicante,5,Miércoles,22,Travesía,Otro,Se desconoce,Otro,Noche sin iluminación,1,0,0,1,2019-05-01,otro,se desconoce,otro,noche sin iluminacion,travesia,0d589a18c4705f5616ce3205ad85bd59da85fa0c40eaefbee054f7f863f3cb1a,accidentes_raw_dgt,2026-05-09 20:40:11
2019,Alicante,5,Miércoles,8,Zona interurbana,Vía convencional,Colisión por alcance,Buen tiempo,Pleno día,1,0,0,1,2019-05-01,via convencional,colision por alcance,buen tiempo,pleno dia,zona interurbana,c1715e13eadea5d085a9c07cc44bb8b81bc689db1c07df0b0ebf307810ecbd29,accidentes_raw_dgt,2026-05-09 20:40:11
2019,Alicante,5,Jueves,9,Travesía,Otro,Colisión frontolateral,Buen tiempo,Pleno día,1,0,0,1,2019-05-01,otro,colision frontolateral,buen tiempo,pleno dia,travesia,46b360d48f83a57338dd90ed14f51e047394ac5b7eef54e71b43df3ff8c265f7,accidentes_raw_dgt,2026-05-09 20:40:11
2019,Alicante,5,Lunes,19,Travesía,Otro,Salida vía izquierda,Buen tiempo,Pleno día,1,0,0,1,2019-05-01,otro,salida via izquierda,buen tiempo,pleno dia,travesia,cbcd59dc5044f5dab3ea5ebab2243ce0c1919976dcc707d84ddfacdd719f510b,accidentes_raw_dgt,2026-05-09 20:40:11
2019,Alicante,5,Miércoles,19,Zona interurbana,Vía urbana,Colisión múltiple,Buen tiempo,Pleno día,4,0,0,4,2019-05-01,via urbana,colision multiple,buen tiempo,pleno dia,zona interurbana,ab4e225c837ae25f01d79a63083b6426959e3cf6c8f6e055866ce4907af600ce,accidentes_raw_dgt,2026-05-09 20:40:11
2019,Alicante,5,Viernes,6,Travesía,Otro,Colisión por alcance,Buen tiempo,Pleno día,2,0,0,2,2019-05-01,otro,colision por alcance,buen tiempo,pleno dia,travesia,69be0182f4d8fa9f909126ba2ded763d076e10fc4999b9dee9cec1f596ea2cad,accidentes_raw_dgt,2026-05-09 20:40:11
2019,Alicante,5,Viernes,13,Travesía,Otro,Colisión frontolateral,Buen tiempo,Pleno día,1,0,0,1,2019-05-01,otro,colision frontolateral,buen tiempo,pleno dia,travesia,1ff006fc1ff9c40f77c796b1386ec9b2e03c026af03a843c52bdde501cd49221,accidentes_raw_dgt,2026-05-09 20:40:11
2019,Alicante,5,Martes,10,Travesía,Otro,Animal en calzada,Buen tiempo,Pleno día,2,0,0,2,2019-05-01,otro,animal en calzada,buen tiempo,pleno dia,travesia,430834d9caa6886c0316a1b6e87cc3471828e82a134ec4811b214d769abd0789,accidentes_raw_dgt,2026-05-09 20:40:11
2019,Alicante,5,Viernes,14,Travesía,Otro,Choque obstáculo lateral,Buen tiempo,Pleno día,1,0,0,1,2019-05-01,otro,choque obstaculo lateral,buen tiempo,pleno dia,travesia,8c93cd35d2c753657eb0a18984001dba9f3c0409dcac98a381290d9e1ed151f4,accidentes_raw_dgt,2026-05-09 20:40:11
2019,Alicante,5,Viernes,12,Travesía,Otro,Animal en calzada,Buen tiempo,Pleno día,1,0,0,1,2019-05-01,otro,animal en calzada,buen tiempo,pleno dia,travesia,01f0a55c866eeb79adee1aa0b130e2a6da664a7b912a6cab70d560649a0caa7b,accidentes_raw_dgt,2026-05-09 20:40:11
2019,Alicante,5,Sábado,11,Zona interurbana,Vía urbana,Animal en calzada,Buen tiempo,Pleno día,3,0,0,3,2019-05-01,via urbana,animal en calzada,buen tiempo,pleno dia,zona interurbana,c1a874609dc4dabee741f9832227626396e3cf3af3d2d9d380f71d230df2bae3,accidentes_raw_dgt,2026-05-09 20:40:11
2019,Alicante,5,Lunes,10,Travesía,Otro,Colisión por alcance,Buen tiempo,Pleno día,1,0,0,1,2019-05-01,otro,colision por alcance,buen tiempo,pleno dia,travesia,58bdcfb2c72536d27542b382b06ae04c7817f59f1075fff6555f55b3ec46589e,accidentes_raw_dgt,2026-05-09 20:40:11
2019,Alicante,5,Lunes,13,Travesía,Otro,Choque obstáculo lateral,Buen tiempo,Pleno día,1,0,0,1,2019-05-01,otro,choque obstaculo lateral,buen tiempo,pleno dia,travesia,6f4ddc5420f60ad526b4481607023708075caad06c1e392c2ec1f04c2548fd4f,accidentes_raw_dgt,2026-05-09 20:40:11
2019,Alicante,5,Domingo,20,Travesía,Otro,Colisión lateral,Buen tiempo,Pleno día,1,0,0,1,2019-05-01,otro,colision lateral,buen tiempo,pleno dia,travesia,69e62ea6ec1e1e35959c97f5631d02c93286c13410c20895fb8b5118cf644ef0,accidentes_raw_dgt,2026-05-09 20:40:11
2019,Alicante,5,Jueves,17,Travesía,Otro,Choque obstáculo lateral,Buen tiempo,Pleno día,1,0,0,1,2019-05-01,otro,choque obstaculo lateral,buen tiempo,pleno dia,travesia,d5aa5e4ae9fc046931742f900b38d9c7be0c904a30b68f542479aff13237e6a0,accidentes_raw_dgt,2026-05-09 20:40:11
2019,Alicante,5,Lunes,19,Travesía,Otro,Objeto desprendido,Buen tiempo,Pleno día,1,0,1,0,2019-05-01,otro,objeto desprendido,buen tiempo,pleno dia,travesia,3ed23197a0865b6d7eaec04eff603145ce6b09e9d4af8a438cc416cdbf9b7b95,accidentes_raw_dgt,2026-05-09 20:40:11
2019,Alicante,4,Lunes,13,Travesía,Otro,Colisión por alcance,Buen tiempo,Pleno día,1,0,0,1,2019-04-01,otro,colision por alcance,buen tiempo,pleno dia,travesia,5c9a7f508de2f1ec87076e88a888f9af847c69d68565ab6a6983fc8b497fa1f8,accidentes_raw_dgt,2026-05-09 20:40:11
2019,Alicante,5,Viernes,14,Zona interurbana,Vía convencional,Colisión por alcance,Buen tiempo,Pleno día,1,0,0,1,2019-05-01,via convencional,colision por alcance,buen tiempo,pleno dia,zona interurbana,05b68f8f80d45137ec15579cdf91c560b0acaf4ad71a7d5a5352bcee36a3bb81,accidentes_raw_dgt,2026-05-09 20:40:11
2019,Alicante,4,Viernes,19,Travesía,Calle peatonal,Colisión frontolateral,Buen tiempo,Noche sin iluminación,1,0,0,1,2019-04-01,calle peatonal,colision frontolateral,buen tiempo,noche sin iluminacion,travesia,6d26054efb4f9bd5ec0fe3f444d4af790b0251edcd6683e5d766bafbf2257402,accidentes_raw_dgt,2026-05-09 20:40:11
2019,Alicante,5,Miércoles,21,Zona interurbana,Vía urbana,Atropello a ciclista,Buen tiempo,Amanecer/Anochecer,2,0,0,2,2019-05-01,via urbana,atropello a ciclista,buen tiempo,amanecer/anochecer,zona interurbana,db3ce696964d3f1a802772d5133b59c5a54b445241c5efae6a2e6cef5b6dd4e4,accidentes_raw_dgt,2026-05-09 20:40:11
2019,Alicante,5,Jueves,16,Zona interurbana,Vía convencional,Animal en calzada,Buen tiempo,Pleno día,1,0,0,1,2019-05-01,via convencional,animal en calzada,buen tiempo,pleno dia,zona interurbana,d8a1082b68a287d591a958486dc8e132b2ef7673a21ec940917a6ba13fab69da,accidentes_raw_dgt,2026-05-09 20:40:11
2019,Alicante,5,Jueves,7,Travesía,Otro,Animal en calzada,Buen tiempo,Pleno día,1,0,0,1,2019-05-01,otro,animal en calzada,buen tiempo,pleno dia,travesia,acec32b9a99f846cf042c33819d341da0e15c5f53871575274f055f23d37b365,accidentes_raw_dgt,2026-05-09 20:40:11
2019,Alicante,5,Martes,7,Travesía,Otro,Colisión frontolateral,Buen tiempo,Pleno día,1,0,0,1,2019-05-01,otro,colision frontolateral,buen tiempo,pleno dia,travesia,aaa635313e40478b612d05958cfc10a9f44932746c2acb5a92031baee1dba2e4,accidentes_raw_dgt,2026-05-09 20:40:11
2019,Alicante,5,Miércoles,14,Travesía,Otro,Objeto desprendido,Buen tiempo,Pleno día,1,0,0,1,2019-05-01,otro,objeto desprendido,buen tiempo,pleno dia,travesia,6db3a80d114584ffdeec29c55e40071a03e42380db300aa7c452eb8790fd10a0,accidentes_raw_dgt,2026-05-09 20:40:11
2019,Alicante,5,Sábado,16,Travesía,Otro,Colisión múltiple,Buen tiempo,Pleno día,2,0,0,2,2019-05-01,otro,colision multiple,buen tiempo,pleno dia,travesia,b72b9e445e2cda580ee6157ac2d46a1d6683a42d94de92256ffbcfd7f3803949,accidentes_raw_dgt,2026-05-09 20:40:11
2019,Alicante,5,Viernes,16,Travesía,Otro,Colisión lateral,Buen tiempo,Pleno día,1,0,0,1,2019-05-01,otro,colision lateral,buen tiempo,pleno dia,travesia,08c6f6cb289f84a3beefea674deba98e485691f1d1cc06df80dd1674fd6706c9,accidentes_raw_dgt,2026-05-09 20:40:11
2019,Alicante,5,Viernes,0,Travesía,Otro,Colisión lateral,Buen tiempo,Noche sin iluminación,3,0,0,3,2019-05-01,otro,colision lateral,buen tiempo,noche sin iluminacion,travesia,5d072f5b8512844dad19ed32b1dc199532ed39d55df6c081742a2affae583525,accidentes_raw_dgt,2026-05-09 20:40:11
2019,Alicante,5,Lunes,8,Zona interurbana,Vía urbana,Colisión por alcance,Buen tiempo,Pleno día,1,0,0,1,2019-05-01,via urbana,colision por alcance,buen tiempo,pleno dia,zona interurbana,4fc02d5fa598200686e7378401008d46866a6916eeff7eea73ea8bc0783d1fab,accidentes_raw_dgt,2026-05-09 20:40:11
2019,Alicante,5,Domingo,7,Zona interurbana,Vía urbana,Se desconoce,Buen tiempo,Pleno día,1,0,0,1,2019-05-01,via urbana,se desconoce,buen tiempo,pleno dia,zona interurbana,86d082c140779e5c1e65d1e718e76a0e6eee1ca335710b597a0caa7eb976510d,accidentes_raw_dgt,2026-05-09 20:40:11
2019,Alicante,5,Viernes,23,Zona interurbana,Vía convencional,Salida vía izquierda,Buen tiempo,Se desconoce,2,0,0,2,2019-05-01,via convencional,salida via izquierda,buen tiempo,se desconoce,zona interurbana,f0e3bd92f157f9b73ede82834286e7cea4044134b39d92ac3ee7e56392194241,accidentes_raw_dgt,2026-05-09 20:40:11
2019,Alicante,5,Jueves,15,Zona interurbana,Vía convencional,Colisión múltiple,Buen tiempo,Pleno día,2,0,0,2,2019-05-01,via convencional,colision multiple,buen tiempo,pleno dia,zona interurbana,f42af67553a06d18888dfabf654af703ccd8f8db7067937d44a8b05ee61adba8,accidentes_raw_dgt,2026-05-09 20:40:11
2019,Alicante,5,Jueves,11,Travesía,Otro,Colisión frontolateral,Buen tiempo,Pleno día,1,0,0,1,2019-05-01,otro,colision frontolateral,buen tiempo,pleno dia,travesia,f946ec75008dd601f8ae0a8431c2f9f9866ec10989f9fdfda90fb50db8fcbf7e,accidentes_raw_dgt,2026-05-09 20:40:11
2019,Alicante,6,Domingo,6,Zona interurbana,Vía convencional,Colisión lateral,Buen tiempo,Pleno día,1,0,0,1,2019-06-01,via convencional,colision lateral,buen tiempo,pleno dia,zona interurbana,98c53df687f2e9b94da80eef5b9049f1fac456b4c41c808f1a6b0fe80adecedb,accidentes_raw_dgt,2026-05-09 20:40:11
2019,Alicante,5,Jueves,12,Travesía,Otro,Choque obstáculo lateral,Buen tiempo,Pleno día,1,0,0,1,2019-05-01,otro,choque obstaculo lateral,buen tiempo,pleno dia,travesia,b1b716da14a18f616a507fcf9298ae89faaa2113038cd7b996d9c163d0576e22,accidentes_raw_dgt,2026-05-09 20:40:11
2019,Alicante,5,Miércoles,21,Travesía,Otro,Colisión por alcance,Buen tiempo,Amanecer/Anochecer,1,0,0,1,2019-05-01,otro,colision por alcance,buen tiempo,amanecer/anochecer,travesia,481f137adf300bf00a60902a10d2b44a6accbd91967057bf146d93316983a997,accidentes_raw_dgt,2026-05-09 20:40:11
2019,Alicante,5,Lunes,15,Travesía,Otro,Animal en calzada,Buen tiempo,Pleno día,1,0,0,1,2019-05-01,otro,animal en calzada,buen tiempo,pleno dia,travesia,05d71853e0f1b20f35a53141ce30bf2ec29bff5662a4ce8c96f6e76ab560e0dc,accidentes_raw_dgt,2026-05-09 20:40:11
2019,Alicante,5,Viernes,16,Travesía,Otro,Choque obstáculo lateral,Buen tiempo,Pleno día,1,0,0,1,2019-05-01,otro,choque obstaculo lateral,buen tiempo,pleno dia,travesia,15cfbe902e41e2ffbb43a44546c9e6debc2861082346d2e0052f491b50f67031,accidentes_raw_dgt,2026-05-09 20:40:11
2019,Alicante,5,Viernes,21,Travesía,Otro,Se desconoce,Buen tiempo,Noche sin iluminación,1,0,0,1,2019-05-01,otro,se desconoce,buen tiempo,noche sin iluminacion,travesia,3426ecc31ce590d666c1156c74286991b30b230790e6815d0be4f68716868a07,accidentes_raw_dgt,2026-05-09 20:40:11
2019,Alicante,5,Miércoles,13,Travesía,Otro,Colisión frontolateral,Buen tiempo,Pleno día,1,0,0,1,2019-05-01,otro,colision frontolateral,buen tiempo,pleno dia,travesia,4fffe8816a92b62f8e81b6a74a44bd1e3def5d4b2b7975823c217e55ea5367a8,accidentes_raw_dgt,2026-05-09 20:40:11
2019,Alicante,6,Lunes,7,Zona interurbana,Vía convencional,Colisión por alcance,Buen tiempo,Pleno día,1,0,0,1,2019-06-01,via convencional,colision por alcance,buen tiempo,pleno dia,zona interurbana,ee134c3609241e48c56635b90a64c7b551f7e21331b995747f9d70ee75066cff,accidentes_raw_dgt,2026-05-09 20:40:11
2019,Alicante,6,Miércoles,20,Travesía,Otro,Objeto desprendido,Buen tiempo,Pleno día,2,0,0,2,2019-06-01,otro,objeto desprendido,buen tiempo,pleno dia,travesia,a93706e865c271f4741a4a5583981818a6697fc88c0b2f15d8781c10eb21e431,accidentes_raw_dgt,2026-05-09 20:40:11
2019,Alicante,6,Viernes,22,Travesía,Otro,Animal en calzada,Buen tiempo,Noche sin iluminación,1,0,0,1,2019-06-01,otro,animal en calzada,buen tiempo,noche sin iluminacion,travesia,b1de4f1b9271051097f13d17a5f7e0145b77063fbbf1df01f28a994e3368c00a,accidentes_raw_dgt,2026-05-09 20:40:11
2019,Alicante,6,Martes,21,Travesía,Otro,Colisión lateral,Buen tiempo,Noche sin iluminación,1,0,1,0,2019-06-01,otro,colision lateral,buen tiempo,noche sin iluminacion,travesia,632fb68f9191e181745d9cad31fa9f56c1887304e35440668dea183d38b147a1,accidentes_raw_dgt,2026-05-09 20:40:11
2019,Alicante,6,Jueves,18,Zona interurbana,Camino vecinal,Colisión frontolateral,Buen tiempo,Pleno día,1,0,0,1,2019-06-01,camino vecinal,colision frontolateral,buen tiempo,pleno dia,zona interurbana,a00c249b224dde8430dda29aad26db3b58af0706c048efa3258818a4e22b4386,accidentes_raw_dgt,2026-05-09 20:40:11
2019,Alicante,6,Lunes,1,Travesía,Otro,Choque obstáculo lateral,Buen tiempo,Noche sin iluminación,2,0,0,2,2019-06-01,otro,choque obstaculo lateral,buen tiempo,noche sin iluminacion,travesia,9992c69a82eaba0fc969138c6b27152615b3a57b09ed936bd09b75f1b80d0117,accidentes_raw_dgt,2026-05-09 20:40:11
2019,Alicante,6,Sábado,20,Travesía,Otro,Colisión por alcance,Buen tiempo,Pleno día,1,0,0,1,2019-06-01,otro,colision por alcance,buen tiempo,pleno dia,travesia,c4ac5b91b3d9f98ba75c6255ed2dae204d8bbfcf6d4d5bf6c373c11550ee34b5,accidentes_raw_dgt,2026-05-09 20:40:11
2019,Alicante,6,Sábado,20,Travesía,Otro,Colisión por alcance,Buen tiempo,Pleno día,3,0,0,3,2019-06-01,otro,colision por alcance,buen tiempo,pleno dia,travesia,0780e42173170ed42c3349d728e28197bd5a97ba9b8231da422cd3eeb4d7be80,accidentes_raw_dgt,2026-05-09 20:40:11
2019,Alicante,6,Lunes,14,Zona interurbana,Vía urbana,Colisión frontal,Buen tiempo,Pleno día,2,0,0,2,2019-06-01,via urbana,colision frontal,buen tiempo,pleno dia,zona interurbana,47e03bf0b0b8b738bee4b98b1b75ee146d150f7615b2c700435feb06cb0baa1d,accidentes_raw_dgt,2026-05-09 20:40:11
2019,Alicante,6,Martes,13,Travesía,Otro,Colisión por alcance,Buen tiempo,Pleno día,2,0,0,2,2019-06-01,otro,colision por alcance,buen tiempo,pleno dia,travesia,2f99e0fa3453fe4f6604185dd5553de0b7ceff01866d6054297aba510f47c947,accidentes_raw_dgt,2026-05-09 20:40:11
2019,Alicante,6,Viernes,11,Zona interurbana,Vía convencional,Colisión múltiple,Buen tiempo,Pleno día,1,0,0,1,2019-06-01,via convencional,colision multiple,buen tiempo,pleno dia,zona interurbana,43bfac185bca9cb816499fa8c3da1e3f78f937c01c4eea1d82e14cef3f550754,accidentes_raw_dgt,2026-05-09 20:40:11
2019,Alicante,6,Miércoles,14,Travesía,Otro,Objeto desprendido,Buen tiempo,Pleno día,1,0,0,1,2019-06-01,otro,objeto desprendido,buen tiempo,pleno dia,travesia,53900db6266450298ce4a628f3405198f871554706d746ebb13b3029b80d9141,accidentes_raw_dgt,2026-05-09 20:40:11
2019,Alicante,5,Jueves,19,Travesía,Otro,Colisión frontolateral,Buen tiempo,Amanecer/Anochecer,1,0,0,1,2019-05-01,otro,colision frontolateral,buen tiempo,amanecer/anochecer,travesia,65cb2d994114c6d2c4a627f161cf6f954829474e45f680a141e5218187a9e967,accidentes_raw_dgt,2026-05-09 20:40:11
2019,Alicante,4,Miércoles,11,Travesía,Otro,Animal en calzada,Buen tiempo,Pleno día,1,0,0,1,2019-04-01,otro,animal en calzada,buen tiempo,pleno dia,travesia,fb6a65a234fbbd604fff0aa54a3604ff44cfa683de13046d86a6fa2c7757067e,accidentes_raw_dgt,2026-05-09 20:40:11
2019,Alicante,6,Jueves,10,Travesía,Otro,Animal en calzada,Buen tiempo,Pleno día,1,0,0,1,2019-06-01,otro,animal en calzada,buen tiempo,pleno dia,travesia,f7cf83f3d4f3226fa25aca6becbb68ab6719c1c2757dd624a404cca55a872bdd,accidentes_raw_dgt,2026-05-09 20:40:11
2019,Alicante,6,Lunes,7,Zona interurbana,Camino vecinal,Colisión por alcance,Buen tiempo,Pleno día,1,0,0,1,2019-06-01,camino vecinal,colision por alcance,buen tiempo,pleno dia,zona interurbana,0ded688ee74a1511c09a4cc41ecc8272a6435b7f643b435b4dbf43a5cb329a3a,accidentes_raw_dgt,2026-05-09 20:40:11
2019,Alicante,6,Martes,13,Travesía,Otro,Animal en calzada,Buen tiempo,Pleno día,1,0,1,0,2019-06-01,otro,animal en calzada,buen tiempo,pleno dia,travesia,bf6d6530622f4e697ed1e27a50a85090cfb952eeaaa619c979836f659c46720e,accidentes_raw_dgt,2026-05-09 20:40:11
2019,Alicante,6,Sábado,12,Travesía,Otro,Colisión por alcance,Buen tiempo,Pleno día,1,0,0,1,2019-06-01,otro,colision por alcance,buen tiempo,pleno dia,travesia,cb68dbec7d3df2537d3ad28cf2e941a2e2c6621049565051b63780573661e131,accidentes_raw_dgt,2026-05-09 20:40:11
2019,Alicante,6,Jueves,16,Travesía,Otro,Colisión por alcance,Buen tiempo,Pleno día,2,0,0,2,2019-06-01,otro,colision por alcance,buen tiempo,pleno dia,travesia,a91b21e23dd3b8cef04eff46433de003fb9380c11069b29c1c2dea23554e6536,accidentes_raw_dgt,2026-05-09 20:40:11
2019,Alicante,6,Viernes,15,Travesía,Otro,Choque obstáculo lateral,Buen tiempo,Pleno día,1,0,0,1,2019-06-01,otro,choque obstaculo lateral,buen tiempo,pleno dia,travesia,2021cbc81876bee1ea9ea156174e79e2b89bda1a5473bb5138d36f6ad25605fd,accidentes_raw_dgt,2026-05-09 20:40:11
2019,Alicante,5,Martes,19,Travesía,Otro urbano,Colisión lateral,Buen tiempo,Pleno día,1,0,1,0,2019-05-01,otro urbano,colision lateral,buen tiempo,pleno dia,travesia,f44e880825c750bbfe6c987d1bc74f87fcb179284ade56dbb7f19c6ab4cc08a5,accidentes_raw_dgt,2026-05-09 20:40:11
2019,Alicante,6,Jueves,10,Zona interurbana,Vía urbana,Colisión por alcance,Buen tiempo,Pleno día,1,0,0,1,2019-06-01,via urbana,colision por alcance,buen tiempo,pleno dia,zona interurbana,468344ce1f2e74f3f5233c3be814c0ae4a90e12b7c4b6524883870110f7ac89a,accidentes_raw_dgt,2026-05-09 20:40:11
2019,Alicante,6,Viernes,17,Travesía,Otro,Colisión por alcance,Buen tiempo,Pleno día,1,0,0,1,2019-06-01,otro,colision por alcance,buen tiempo,pleno dia,travesia,d04babcc634473e9751e1dae73d84180eb778e2c92d1ea32810e3866ca0af465,accidentes_raw_dgt,2026-05-09 20:40:11
2019,Alicante,5,Domingo,21,Travesía,Otro,Colisión frontolateral,Buen tiempo,Amanecer/Anochecer,2,0,0,2,2019-05-01,otro,colision frontolateral,buen tiempo,amanecer/anochecer,travesia,3765c3e23aeefaf31c3e27e95895ef627fa688f9652d7efc6746af9fc45dbfb0,accidentes_raw_dgt,2026-05-09 20:40:11
2019,Alicante,6,Sábado,9,Zona interurbana,Camino vecinal,Colisión por alcance,Buen tiempo,Pleno día,2,0,0,2,2019-06-01,camino vecinal,colision por alcance,buen tiempo,pleno dia,zona interurbana,665727ccadb38d2dd503926f5c488b94c396d6d83b8431ec96811c1d31959b3f,accidentes_raw_dgt,2026-05-09 20:40:11
2019,Alicante,6,Jueves,16,Travesía,Otro,Colisión frontolateral,Buen tiempo,Pleno día,2,0,0,2,2019-06-01,otro,colision frontolateral,buen tiempo,pleno dia,travesia,b519d4ef719504d4c0ec7a666a305b153178a79c98228c93666bfb6a5387644f,accidentes_raw_dgt,2026-05-09 20:40:11
2019,Alicante,6,Viernes,19,Travesía,Otro,Animal en calzada,Buen tiempo,Pleno día,2,0,0,2,2019-06-01,otro,animal en calzada,buen tiempo,pleno dia,travesia,9fbba4a59829746fbbcf69b0d93479846e659a49d90ebf4c8b6d1801d9834ac0,accidentes_raw_dgt,2026-05-09 20:40:11
2019,Alicante,6,Martes,20,Travesía,Otro,Colisión por alcance,Buen tiempo,Pleno día,1,0,0,1,2019-06-01,otro,colision por alcance,buen tiempo,pleno dia,travesia,bdac9d9df34c25da5a26d47ce9a9ce99d078a4efcfafdee8c3c4e85ee09300a5,accidentes_raw_dgt,2026-05-09 20:40:11
2019,Alicante,5,Miércoles,11,Travesía,Otro,Choque obstáculo lateral,Buen tiempo,Pleno día,1,0,0,1,2019-05-01,otro,choque obstaculo lateral,buen tiempo,pleno dia,travesia,9467a0de94b769ceb3944f30d475be4fded9044589e5115c9da616a249b09486,accidentes_raw_dgt,2026-05-09 20:40:11
2019,Alicante,6,Sábado,12,Zona interurbana,Vía urbana,Colisión por alcance,Buen tiempo,Pleno día,2,0,0,2,2019-06-01,via urbana,colision por alcance,buen tiempo,pleno dia,zona interurbana,a8302321e60791ae50456d85f1bb8b3ef92fbfb23a081da45ef468be922ae9b1,accidentes_raw_dgt,2026-05-09 20:40:11
2019,Alicante,6,Martes,11,Travesía,Otro,Choque obstáculo lateral,Buen tiempo,Amanecer/Anochecer,1,0,0,1,2019-06-01,otro,choque obstaculo lateral,buen tiempo,amanecer/anochecer,travesia,d9a643e38a0fa85414f439422d414f8a0f68df390c921cecda61ecc173bed939,accidentes_raw_dgt,2026-05-09 20:40:11
2019,Alicante,6,Domingo,12,Travesía,Otro urbano,Colisión frontal,Buen tiempo,Pleno día,1,0,0,1,2019-06-01,otro urbano,colision frontal,buen tiempo,pleno dia,travesia,0ca1dddf381990ebcb2515032c48916f5aed5809e00ef2a2162cf2662da924b4,accidentes_raw_dgt,2026-05-09 20:40:11
2019,Alicante,6,Viernes,10,Travesía,Otro,Colisión lateral,Buen tiempo,Pleno día,1,0,0,1,2019-06-01,otro,colision lateral,buen tiempo,pleno dia,travesia,271940834e91c81f0fd264201945dea72507267c40a1bdc6617a75082b7b9486,accidentes_raw_dgt,2026-05-09 20:40:11
2019,Alicante,6,Lunes,7,Zona interurbana,Vía urbana,Colisión frontolateral,Buen tiempo,Pleno día,1,0,0,1,2019-06-01,via urbana,colision frontolateral,buen tiempo,pleno dia,zona interurbana,46a4efea2592cf8a01e4fc69b1065e39bc2a2520537716c37f390bb81bcebf90,accidentes_raw_dgt,2026-05-09 20:40:11
2019,Alicante,6,Sábado,22,Travesía,Otro,Colisión frontolateral,Buen tiempo,Noche ilum. insuficiente,1,0,0,1,2019-06-01,otro,colision frontolateral,buen tiempo,noche ilum. insuficiente,travesia,27e928d476f169e6f5f86891c9661b54bfbb1860d960f67ee10123c23b77dc88,accidentes_raw_dgt,2026-05-09 20:40:11