AÑO,PROVINCIA,MES,DIA_SEMANA,HORA,ZONA,TIPO_VIA,TIPO_ACCIDENTE,CONDICION_METEO,CONDICION_ILUMINACION,TOTAL_VICTIMAS,FALLECIDOS_24H,HERIDOS_GRAVES,HERIDOS_LEVES,FECHA_ACCIDENTE,TIPO_VIA_NORM,TIPO_ACCIDENTE_NORM,CONDICION_METEO_NORM,CONDICION_ILUMINACION_NORM,ZONA_NORM,ID_ACCIDENTE_HASH,source_id,load_timestamp
2019,Alicante,6,Miércoles,19,Zona interurbana,Vía urbana,Colisión por alcance,Buen tiempo,Pleno día,1,0,0,1,2019-06-01,via urbana,colision por alcance,buen tiempo,pleno dia,zona interurbana,ba8b61671c5a1344acefbc986cb110f88f924b2367852345131717c3ff1f19a9,accidentes_raw_dgt,2026-05-09 20:40:11
2019,Alicante,7,Lunes,8,Zona interurbana,Vía convencional,Objeto desprendido,Buen tiempo,Pleno día,1,0,0,1,2019-07-01,via convencional,objeto desprendido,buen tiempo,pleno dia,zona interurbana,4c3c3282e2050f66a4774b33f445a8438a3cb6569e4b1a840750fdb7b043917d,accidentes_raw_dgt,2026-05-09 20:40:11
2019,Alicante,6,Domingo,11,Travesía,Otro,Colisión frontolateral,Buen tiempo,Pleno día,3,0,0,3,2019-06-01,otro,colision frontolateral,buen tiempo,pleno dia,travesia,7b8b6e396edf18942c93b951c899accc63d5b8078b0b7502bb948f4c1264be60,accidentes_raw_dgt,2026-05-09 20:40:11
2019,Alicante,6,Jueves,20,Travesía,Otro,Colisión frontolateral,Buen tiempo,Pleno día,1,0,0,1,2019-06-01,otro,colision frontolateral,buen tiempo,pleno dia,travesia,09cc2d87080e6edd0f2c9c13182f706f83e44d58583e6c193dcc247e0154cd91,accidentes_raw_dgt,2026-05-09 20:40:11
2019,Alicante,5,Martes,17,Travesía,Otro urbano,Animal en calzada,Buen tiempo,Pleno día,1,0,0,1,2019-05-01,otro urbano,animal en calzada,buen tiempo,pleno dia,travesia,47a427797f196bee636348eeff3b3790363fc8b87a7c499145b434c732732c61,accidentes_raw_dgt,2026-05-09 20:40:11
2019,Alicante,7,Lunes,13,Zona interurbana,Vía convencional,Animal en calzada,Buen tiempo,Pleno día,1,0,0,1,2019-07-01,via convencional,animal en calzada,buen tiempo,pleno dia,zona interurbana,dda106a2f4e910d11cfa4a8c75dad1e186870c519ecb94ef2106829287cd3519,accidentes_raw_dgt,2026-05-09 20:40:11
2019,Alicante,6,Viernes,9,Travesía,Otro,Colisión frontolateral,Buen tiempo,Pleno día,1,0,0,1,2019-06-01,otro,colision frontolateral,buen tiempo,pleno dia,travesia,a24a6dd3d30dc6b15f3e9ea581805d199270323842004e03ddf3c932478b1f11,accidentes_raw_dgt,2026-05-09 20:40:11
2019,Alicante,7,Lunes,8,Travesía,Otro,Animal en calzada,Buen tiempo,Pleno día,1,0,0,1,2019-07-01,otro,animal en calzada,buen tiempo,pleno dia,travesia,33d1b80a149c66dd3e9b6f9d98a73b0181d5edf36771800847064d0afa5f7a71,accidentes_raw_dgt,2026-05-09 20:40:11
2019,Alicante,7,Lunes,16,Travesía,Otro,Se desconoce,Buen tiempo,Pleno día,1,0,0,1,2019-07-01,otro,se desconoce,buen tiempo,pleno dia,travesia,7201cd85ae026345824300e880e412b56a92f69431fbc2f1458f3bd399351018,accidentes_raw_dgt,2026-05-09 20:40:11
2019,Alicante,7,Miércoles,21,Travesía,Otro,Caída de motociclista,Buen tiempo,Noche con iluminación,1,0,0,1,2019-07-01,otro,caida de motociclista,buen tiempo,noche con iluminacion,travesia,eedaf2856c6f433bf7702c252a2ae827d0c114761047f4d46fa4f8953190d55d,accidentes_raw_dgt,2026-05-09 20:40:11
2019,Alicante,6,Jueves,8,Zona interurbana,Vía urbana,Colisión lateral,Buen tiempo,Pleno día,1,0,0,1,2019-06-01,via urbana,colision lateral,buen tiempo,pleno dia,zona interurbana,ed3f057dba227b4464df4351a9e1446fb7fd70aff119dab800498102300f5509,accidentes_raw_dgt,2026-05-09 20:40:11
2019,Alicante,7,Jueves,14,Travesía,Otro,Colisión por alcance,Buen tiempo,Pleno día,1,0,0,1,2019-07-01,otro,colision por alcance,buen tiempo,pleno dia,travesia,a2e73e1357abae0a546c838d2d8de805a7e48184309feccba6b2010d0a6b9551,accidentes_raw_dgt,2026-05-09 20:40:11
2019,Alicante,6,Martes,14,Travesía,Otro,Colisión por alcance,Buen tiempo,Pleno día,3,0,0,3,2019-06-01,otro,colision por alcance,buen tiempo,pleno dia,travesia,466386c747aaa69ce6d65b30f124dadf03c01d03e896441f16ac2d8d48e5d5ae,accidentes_raw_dgt,2026-05-09 20:40:11
2019,Alicante,6,Lunes,14,Travesía,Otro,Colisión por alcance,Buen tiempo,Pleno día,1,0,0,1,2019-06-01,otro,colision por alcance,buen tiempo,pleno dia,travesia,072ba5cc0e81ff74b6578c3d7291a0d3d9ad0396afb9cc3a7d3143bca54b0a23,accidentes_raw_dgt,2026-05-09 20:40:11
2019,Alicante,6,Lunes,14,Zona interurbana,Camino vecinal,Animal en calzada,Buen tiempo,Pleno día,1,0,0,1,2019-06-01,camino vecinal,animal en calzada,buen tiempo,pleno dia,zona interurbana,0038d86077d63d1edd6c7da5563e206dbbbf56326ed21468300c7d9bc9b900db,accidentes_raw_dgt,2026-05-09 20:40:11
2019,Alicante,5,Martes,11,Travesía,Otro,Choque obstáculo lateral,Buen tiempo,Pleno día,2,0,0,2,2019-05-01,otro,choque obstaculo lateral,buen tiempo,pleno dia,travesia,9d393029065a5135a8a349460b73bfd5e5723f94aea4663f035c882cebc3b954,accidentes_raw_dgt,2026-05-09 20:40:11
2019,Alicante,6,Jueves,13,Travesía,Otro,Colisión frontolateral,Buen tiempo,Pleno día,1,0,0,1,2019-06-01,otro,colision frontolateral,buen tiempo,pleno dia,travesia,41b241da3723567782becdfe87b2425ac6bcdf92ff2d2025de42067af61b9096,accidentes_raw_dgt,2026-05-09 20:40:11
2019,Alicante,7,Miércoles,14,Travesía,Otro,Colisión frontolateral,Buen tiempo,Pleno día,1,0,0,1,2019-07-01,otro,colision frontolateral,buen tiempo,pleno dia,travesia,94b5f1a3ab64f53bad1d65c01057abd668669ffec5aa04c28441f7dbd524c69b,accidentes_raw_dgt,2026-05-09 20:40:11
2019,Alicante,7,Viernes,21,Zona interurbana,Vía urbana,Colisión múltiple,Buen tiempo,Pleno día,1,0,0,1,2019-07-01,via urbana,colision multiple,buen tiempo,pleno dia,zona interurbana,0d46ebf59e025c235530010e020e27215938fc186b51126f2ba2aa6ff99be7db,accidentes_raw_dgt,2026-05-09 20:40:11
2019,Alicante,7,Jueves,1,Travesía,Otro,Salida vía izquierda,Buen tiempo,Noche sin iluminación,2,0,0,2,2019-07-01,otro,salida via izquierda,buen tiempo,noche sin iluminacion,travesia,c311b90801db015bb509afa7a56dc85afc1217157f46a94ea2f6b62f4ee300ca,accidentes_raw_dgt,2026-05-09 20:40:11
2019,Alicante,6,Sábado,23,Travesía,Otro,Choque obstáculo calzada,Buen tiempo,Se desconoce,1,0,1,0,2019-06-01,otro,choque obstaculo calzada,buen tiempo,se desconoce,travesia,8c19996aa890257d05d9576583a5e056943aed0651142be0bd6e4ef462c9b4ad,accidentes_raw_dgt,2026-05-09 20:40:11
2019,Alicante,7,Sábado,10,Zona interurbana,Vía urbana,Caída de motociclista,Buen tiempo,Pleno día,1,0,1,0,2019-07-01,via urbana,caida de motociclista,buen tiempo,pleno dia,zona interurbana,ef689ce8aaf80d303274fa11c3a5358cf45cca191a92f67d34769eceed287814,accidentes_raw_dgt,2026-05-09 20:40:11
2019,Alicante,7,Sábado,17,Travesía,Otro,Colisión frontolateral,Lluvia,Pleno día,2,0,0,2,2019-07-01,otro,colision frontolateral,lluvia,pleno dia,travesia,5e387e075b1e55bb4cee37981404386671c0d18d82eaf5decd10f9f2daee8a05,accidentes_raw_dgt,2026-05-09 20:40:11
2019,Alicante,6,Viernes,23,Travesía,Otro urbano,Colisión frontolateral,Buen tiempo,Noche ilum. insuficiente,1,0,0,1,2019-06-01,otro urbano,colision frontolateral,buen tiempo,noche ilum. insuficiente,travesia,04ff14276199969c3a58c2aa558e3ad11266e0280fade7d8fdc4edb133663ea9,accidentes_raw_dgt,2026-05-09 20:40:11
2019,Alicante,7,Martes,9,Zona interurbana,Vía convencional,Colisión por alcance,Buen tiempo,Pleno día,1,0,0,1,2019-07-01,via convencional,colision por alcance,buen tiempo,pleno dia,zona interurbana,fdb99f39ebd2bfb4bc25e776a8ae63c674dc1a35570ea37d836f2a4841ec886c,accidentes_raw_dgt,2026-05-09 20:40:11
2019,Alicante,7,Sábado,9,Travesía,Otro urbano,Se desconoce,Buen tiempo,Pleno día,2,1,1,0,2019-07-01,otro urbano,se desconoce,buen tiempo,pleno dia,travesia,34caab2a41caf97a5cbba05e7119a0a24429a8be32476783f9c49a915010e311,accidentes_raw_dgt,2026-05-09 20:40:11
2019,Alicante,7,Martes,15,Travesía,Otro,Colisión frontolateral,Buen tiempo,Pleno día,1,0,0,1,2019-07-01,otro,colision frontolateral,buen tiempo,pleno dia,travesia,a51baee973742433352aef2a7d0206026abe4c804c3f8bbbafd92a740ab78386,accidentes_raw_dgt,2026-05-09 20:40:11
2019,Alicante,7,Martes,16,Zona urbana,Vía urbana,Caída de motociclista,Buen tiempo,Pleno día,2,0,0,2,2019-07-01,via urbana,caida de motociclista,buen tiempo,pleno dia,zona urbana,3b05cf67849835e31dfbfb7f57d4510614784ad5874404ed374aa835f8b3d194,accidentes_raw_dgt,2026-05-09 20:40:11
2019,Alicante,7,Viernes,15,Zona interurbana,Vía urbana,Colisión por alcance,Buen tiempo,Pleno día,2,0,0,2,2019-07-01,via urbana,colision por alcance,buen tiempo,pleno dia,zona interurbana,685090b2f8ece990836ce5fbb6636c0d8ba1d9678e5762c5375e3a0fddecf087,accidentes_raw_dgt,2026-05-09 20:40:11
2019,Alicante,6,Viernes,8,Travesía,Otro,Colisión frontolateral,Buen tiempo,Pleno día,2,0,1,1,2019-06-01,otro,colision frontolateral,buen tiempo,pleno dia,travesia,0930901f3ec11b7af160614b25ab3412b29f3f6ca44332e82a29ba23e2b67fe3,accidentes_raw_dgt,2026-05-09 20:40:11
2019,Alicante,5,Jueves,10,Travesía,Otro,Animal en calzada,Buen tiempo,Pleno día,1,0,0,1,2019-05-01,otro,animal en calzada,buen tiempo,pleno dia,travesia,a176eeb31e601c3877c87c2843a2f584968975269e369d5c86788b4c2f92d2a2,accidentes_raw_dgt,2026-05-09 20:40:11
2019,Alicante,3,Jueves,6,Travesía,Otro,Colisión frontolateral,Buen tiempo,Noche sin iluminación,1,0,0,1,2019-03-01,otro,colision frontolateral,buen tiempo,noche sin iluminacion,travesia,a20c25627ed7bbb6d2b999c589b698e6ecd84384e2e0e510d8869d79a5ad244c,accidentes_raw_dgt,2026-05-09 20:40:11
2019,Alicante,7,Miércoles,6,Travesía,Otro,Choque obstáculo lateral,Buen tiempo,Pleno día,2,0,0,2,2019-07-01,otro,choque obstaculo lateral,buen tiempo,pleno dia,travesia,3ba982075eba89702c1637b9ce03d8a3d8b6dce9434dd07a4c30b5525ab27850,accidentes_raw_dgt,2026-05-09 20:40:11
2019,Alicante,7,Lunes,16,Travesía,Otro,Salida vía izquierda,Buen tiempo,Pleno día,1,0,0,1,2019-07-01,otro,salida via izquierda,buen tiempo,pleno dia,travesia,7a24738c1004bcc250f2e527aeab5e3b1891d00a5146a54b2e8c20df84a8c09d,accidentes_raw_dgt,2026-05-09 20:40:11
2019,Alicante,7,Lunes,13,Zona interurbana,Vía convencional,Colisión lateral,Buen tiempo,Pleno día,1,0,0,1,2019-07-01,via convencional,colision lateral,buen tiempo,pleno dia,zona interurbana,ad25fc1532c8454fdda1d5e5258dd5771e919eaf4db2ca59842043804ccb6fb5,accidentes_raw_dgt,2026-05-09 20:40:11
2019,Alicante,6,Viernes,9,Travesía,Otro,Colisión por alcance,Buen tiempo,Pleno día,1,0,0,1,2019-06-01,otro,colision por alcance,buen tiempo,pleno dia,travesia,56f2f6918fec1d2d8eaa4f1b900ee2241576ba4e24f6c601b1ca4f05173fdb5a,accidentes_raw_dgt,2026-05-09 20:40:11
2019,Alicante,7,Martes,17,Zona interurbana,Vía convencional,Colisión frontolateral,Buen tiempo,Pleno día,1,0,0,1,2019-07-01,via convencional,colision frontolateral,buen tiempo,pleno dia,zona interurbana,59012b44adb8c2f5e94b7a197e260fa945cc23ddd4d8737195d9391396d0ec5c,accidentes_raw_dgt,2026-05-09 20:40:11
2019,Alicante,7,Jueves,0,Zona interurbana,Vía urbana,Colisión por alcance,Buen tiempo,Se desconoce,1,0,0,1,2019-07-01,via urbana,colision por alcance,buen tiempo,se desconoce,zona interurbana,7e66b5dd3d158d14ba3300cad5702ee6d72befaec37890eed25c91687bb649df,accidentes_raw_dgt,2026-05-09 20:40:11
2019,Alicante,7,Sábado,12,Zona interurbana,Vía urbana,Colisión por alcance,Buen tiempo,Pleno día,1,0,0,1,2019-07-01,via urbana,colision por alcance,buen tiempo,pleno dia,zona interurbana,e276f59bc5a81f2968dfb34b6324f7d59fea2723fd733bc9e70d65e848ef8f42,accidentes_raw_dgt,2026-05-09 20:40:11
2019,Alicante,7,Domingo,19,Zona interurbana,Vía convencional,Colisión por alcance,Buen tiempo,Pleno día,2,0,0,2,2019-07-01,via convencional,colision por alcance,buen tiempo,pleno dia,zona interurbana,41214f55c1e8d6170239eb93d7cc105abbee1dc0fbe8f7a258962da285dfe9cd,accidentes_raw_dgt,2026-05-09 20:40:11
2019,Alicante,6,Jueves,11,Zona interurbana,Vía urbana,Animal en calzada,Buen tiempo,Pleno día,1,0,0,1,2019-06-01,via urbana,animal en calzada,buen tiempo,pleno dia,zona interurbana,ff4b467b7a593047c46682ecdbf6da36b3f3bb4b50d35f08f17f751ef5f15531,accidentes_raw_dgt,2026-05-09 20:40:11
2019,Alicante,7,Martes,14,Travesía,Otro,Colisión frontolateral,Buen tiempo,Pleno día,1,0,0,1,2019-07-01,otro,colision frontolateral,buen tiempo,pleno dia,travesia,41c8fa7d060badc5618a28326dc00cf07e1ce22a79a94a1fed94f271d3127447,accidentes_raw_dgt,2026-05-09 20:40:11
2019,Alicante,7,Jueves,21,Travesía,Otro,Animal en calzada,Buen tiempo,Noche sin iluminación,1,0,0,1,2019-07-01,otro,animal en calzada,buen tiempo,noche sin iluminacion,travesia,b33ed571eded536f0f0bc2be4e4384055acd592fe6652a555320fdca4dbeb175,accidentes_raw_dgt,2026-05-09 20:40:11
2019,Alicante,7,Lunes,17,Travesía,Otro,Caída de motociclista,Buen tiempo,Pleno día,1,0,0,1,2019-07-01,otro,caida de motociclista,buen tiempo,pleno dia,travesia,38206b956d53155a677deb4b506f24e025fd66c62ccb3af33cd7f1319685ea73,accidentes_raw_dgt,2026-05-09 20:40:11
2019,Alicante,7,Martes,20,Travesía,Otro,Choque obstáculo lateral,Buen tiempo,Amanecer/Anochecer,1,0,0,1,2019-07-01,otro,choque obstaculo lateral,buen tiempo,amanecer/anochecer,travesia,a38794ca63aaead5358bdec68ba550098879c8472d3a6b3cbfce0b5ec98fc08d,accidentes_raw_dgt,2026-05-09 20:40:11
2019,Alicante,7,Lunes,11,Zona interurbana,Camino vecinal,Colisión frontolateral,Buen tiempo,Pleno día,1,0,0,1,2019-07-01,camino vecinal,colision frontolateral,buen tiempo,pleno dia,zona interurbana,b45cc3f5b6b666583e940b6c7f9c4ec71ea4621c24f5417a3c90496b33f6f8df,accidentes_raw_dgt,2026-05-09 20:40:11
2019,Alicante,6,Miércoles,8,Travesía,Otro,Choque obstáculo lateral,Buen tiempo,Pleno día,1,0,0,1,2019-06-01,otro,choque obstaculo lateral,buen tiempo,pleno dia,travesia,dee71b933e851f0080386652c75645778d2804d4c595adb9978355a73461aabc,accidentes_raw_dgt,2026-05-09 20:40:11
2019,Alicante,7,Martes,21,Travesía,Otro,Choque obstáculo lateral,Buen tiempo,Noche sin iluminación,1,0,0,1,2019-07-01,otro,choque obstaculo lateral,buen tiempo,noche sin iluminacion,travesia,b573ebf82028a56d9d724124bd51e072b175d160695e2735b0fa4ae5e4c79fd1,accidentes_raw_dgt,2026-05-09 20:40:11
2019,Alicante,6,Sábado,8,Travesía,Otro,Colisión frontolateral,Buen tiempo,Pleno día,1,0,0,1,2019-06-01,otro,colision frontolateral,buen tiempo,pleno dia,travesia,18c6c376df8c76ea90c0f9eb2c2873ee1cb43d5a37e5281fb242c2b97c26ee04,accidentes_raw_dgt,2026-05-09 20:40:11
2019,Alicante,6,Domingo,8,Travesía,Otro,Colisión frontolateral,Buen tiempo,Pleno día,1,0,0,1,2019-06-01,otro,colision frontolateral,buen tiempo,pleno dia,travesia,0e6da782fd921bc121dc0eeb0218d17fcfdd566b898c241b32a9835a35fc24e5,accidentes_raw_dgt,2026-05-09 20:40:11
2019,Alicante,6,Viernes,11,Travesía,Otro,Colisión frontolateral,Buen tiempo,Pleno día,2,0,0,2,2019-06-01,otro,colision frontolateral,buen tiempo,pleno dia,travesia,ecd6512bdf3b727d065dec7da7b0523023594a474c7fb63bf0efce1e8d080da6,accidentes_raw_dgt,2026-05-09 20:40:11
2019,Alicante,7,Miércoles,16,Travesía,Otro,Colisión frontal,Buen tiempo,Pleno día,2,0,0,2,2019-07-01,otro,colision frontal,buen tiempo,pleno dia,travesia,77880b4f302a36fb79138cc933ab4d2cce196045c7479d3083b5f0d14d65a44d,accidentes_raw_dgt,2026-05-09 20:40:11
2019,Alicante,7,Jueves,14,Travesía,Otro urbano,Colisión frontal,Buen tiempo,Pleno día,2,0,0,2,2019-07-01,otro urbano,colision frontal,buen tiempo,pleno dia,travesia,64502fbae8e0adcfd4a31222e2abbdd672bdf5719f12f6fd507e3aef9a7c99a2,accidentes_raw_dgt,2026-05-09 20:40:11
2019,Alicante,7,Viernes,14,Travesía,Otro,Colisión frontal,Buen tiempo,Pleno día,2,0,0,2,2019-07-01,otro,colision frontal,buen tiempo,pleno dia,travesia,b134ce47a896876fe3111bfed26cbe06363ede8a60ada5f70fe285d04fc4b7e9,accidentes_raw_dgt,2026-05-09 20:40:11
2019,Alicante,7,Domingo,23,Travesía,Otro,Se desconoce,Buen tiempo,Noche sin iluminación,1,0,0,1,2019-07-01,otro,se desconoce,buen tiempo,noche sin iluminacion,travesia,0258177156a9969969739bb1fd01f8fa55490e292db9888db4517cc9ea742f7e,accidentes_raw_dgt,2026-05-09 20:40:11
2019,Alicante,7,Domingo,15,Travesía,Calle peatonal,Choque obstáculo calzada,Buen tiempo,Pleno día,2,0,0,2,2019-07-01,calle peatonal,choque obstaculo calzada,buen tiempo,pleno dia,travesia,69ceb78f3b78535dd8d5b35bbb77f550527ee90ede08d8230cae8eee4103b9d6,accidentes_raw_dgt,2026-05-09 20:40:11
2019,Alicante,6,Lunes,19,Travesía,Otro,Colisión frontolateral,Buen tiempo,Pleno día,3,0,0,3,2019-06-01,otro,colision frontolateral,buen tiempo,pleno dia,travesia,586540138f7cd7fd118a9d8f1bca406b5a3d20188686717d03c96994899b5704,accidentes_raw_dgt,2026-05-09 20:40:11
2019,Alicante,7,Martes,17,Travesía,Otro,Colisión lateral,Buen tiempo,Pleno día,1,0,0,1,2019-07-01,otro,colision lateral,buen tiempo,pleno dia,travesia,0d884f1a931ecc379d32e7a6bbf1fd46f88613ceb1e31755d80df385017d5c43,accidentes_raw_dgt,2026-05-09 20:40:11
2019,Alicante,6,Martes,13,Travesía,Otro,Choque obstáculo lateral,Buen tiempo,Pleno día,1,0,0,1,2019-06-01,otro,choque obstaculo lateral,buen tiempo,pleno dia,travesia,6fde6b2fac4f3f16e60de98ad1c31e14b622ee5551cfa0c5bdaf0ea36650a1ba,accidentes_raw_dgt,2026-05-09 20:40:11
2019,Alicante,5,Martes,7,Travesía,Otro,Animal en calzada,Buen tiempo,Noche con iluminación,1,0,0,1,2019-05-01,otro,animal en calzada,buen tiempo,noche con iluminacion,travesia,9c09df9a4a57abedd4bf407f5f5ba2dc54b65079b0fd4f873d836c4a330d7488,accidentes_raw_dgt,2026-05-09 20:40:11
2019,Alicante,7,Martes,10,Travesía,Otro,Choque obstáculo lateral,Buen tiempo,Pleno día,1,0,0,1,2019-07-01,otro,choque obstaculo lateral,buen tiempo,pleno dia,travesia,b74b7e3fcb623d805dacf98db27530f845760c47e3b0faa702b84e9ff3902c37,accidentes_raw_dgt,2026-05-09 20:40:11
2019,Alicante,6,Martes,7,Travesía,Otro,Colisión frontolateral,Buen tiempo,Pleno día,1,0,0,1,2019-06-01,otro,colision frontolateral,buen tiempo,pleno dia,travesia,85a915d17097bdeb601dedc2e72ce795cd1c4f480e1b34005a8046dbf6d68fec,accidentes_raw_dgt,2026-05-09 20:40:11
2019,Alicante,7,Lunes,13,Travesía,Otro,Objeto desprendido,Buen tiempo,Pleno día,1,0,0,1,2019-07-01,otro,objeto desprendido,buen tiempo,pleno dia,travesia,2acee0ce6421d1b64d86cc141ef89090305ec18652dcf7d264cb034739e2c1b1,accidentes_raw_dgt,2026-05-09 20:40:11
2019,Alicante,7,Lunes,7,Travesía,Otro,Colisión lateral,Buen tiempo,Pleno día,1,0,1,0,2019-07-01,otro,colision lateral,buen tiempo,pleno dia,travesia,ea52aa5790c19a98a922996e64238e82847e4c533a9af1acb0ef8b70cf8aaa77,accidentes_raw_dgt,2026-05-09 20:40:11
2019,Alicante,7,Domingo,20,Travesía,Otro,Colisión frontal,Buen tiempo,Pleno día,4,0,0,4,2019-07-01,otro,colision frontal,buen tiempo,pleno dia,travesia,0c6dbdad91c6e340cc1b05f50806f2aba0cefe0e3a043337dd884db6df85a570,accidentes_raw_dgt,2026-05-09 20:40:11
2019,Alicante,6,Viernes,18,Travesía,Otro,Choque obstáculo lateral,Buen tiempo,Pleno día,1,0,0,1,2019-06-01,otro,choque obstaculo lateral,buen tiempo,pleno dia,travesia,923af4835de7a46ff706aea75ff4ce19dc0878457bda631660e039b34f2105b7,accidentes_raw_dgt,2026-05-09 20:40:11
2019,Alicante,7,Jueves,17,Travesía,Otro,Animal en calzada,Buen tiempo,Pleno día,1,0,0,1,2019-07-01,otro,animal en calzada,buen tiempo,pleno dia,travesia,dcbac9160e0074b1524b3e88fcd5f455e3942b980bb858f7f126b85b240a6a49,accidentes_raw_dgt,2026-05-09 20:40:11
2019,Alicante,7,Jueves,18,Travesía,Otro,Colisión por alcance,Buen tiempo,Pleno día,1,0,0,1,2019-07-01,otro,colision por alcance,buen tiempo,pleno dia,travesia,bd4d4fc8c94a454ae07e3c08b0a33a89429f4685eb74b8949e7519cf9c5e8939,accidentes_raw_dgt,2026-05-09 20:40:11
2019,Alicante,7,Martes,15,Travesía,Otro,Colisión frontolateral,Buen tiempo,Pleno día,1,0,0,1,2019-07-01,otro,colision frontolateral,buen tiempo,pleno dia,travesia,fba37ae0d72e780855128647aa36ebf4b9e2575561eaaf55db2d890623f2233f,accidentes_raw_dgt,2026-05-09 20:40:11
2019,Alicante,7,Martes,17,Travesía,Otro,Choque obstáculo lateral,Buen tiempo,Pleno día,1,0,0,1,2019-07-01,otro,choque obstaculo lateral,buen tiempo,pleno dia,travesia,508d030c81626ebe8bd8961bd75059dbe7c22ed798825c27885ec524ea0bb45a,accidentes_raw_dgt,2026-05-09 20:40:11
2019,Alicante,7,Sábado,8,Travesía,Otro,Salida vía izquierda,Buen tiempo,Pleno día,1,0,0,1,2019-07-01,otro,salida via izquierda,buen tiempo,pleno dia,travesia,4ee813262a515c9aace96ef879e65667855c4ec290ca31f5bd49eb69a5e05ae7,accidentes_raw_dgt,2026-05-09 20:40:11
2019,Alicante,6,Lunes,13,Travesía,Otro,Colisión por alcance,Buen tiempo,Pleno día,1,0,0,1,2019-06-01,otro,colision por alcance,buen tiempo,pleno dia,travesia,33c64aa73045b193fe39bdd2426822b06035a0c5af8c7b278982ed55ef0e7ffd,accidentes_raw_dgt,2026-05-09 20:40:11
2019,Alicante,7,Martes,13,Travesía,Otro,Colisión por alcance,Buen tiempo,Pleno día,1,0,0,1,2019-07-01,otro,colision por alcance,buen tiempo,pleno dia,travesia,81d566fb189d531865580ffde45ceb613b07dcf1c7e45a68729ab7928a5af2b5,accidentes_raw_dgt,2026-05-09 20:40:11
2019,Alicante,8,Jueves,20,Travesía,Otro,Choque obstáculo lateral,Buen tiempo,Pleno día,1,0,0,1,2019-08-01,otro,choque obstaculo lateral,buen tiempo,pleno dia,travesia,deeced0756445f4466bd032c573b0c4c48ad83a7c13b17bc15e6f73e22fbe7ae,accidentes_raw_dgt,2026-05-09 20:40:11
2019,Alicante,8,Sábado,5,Zona interurbana,Ramal/enlace,Salida vía izquierda,Buen tiempo,Se desconoce,1,0,0,1,2019-08-01,ramal/enlace,salida via izquierda,buen tiempo,se desconoce,zona interurbana,374313d96f3fe2b592fd9c2876e8d7eec40fe8e5fdaef321b3604ea45dc9504e,accidentes_raw_dgt,2026-05-09 20:40:11
2019,Alicante,8,Martes,7,Travesía,Otro urbano,Colisión por alcance,Buen tiempo,Pleno día,1,0,0,1,2019-08-01,otro urbano,colision por alcance,buen tiempo,pleno dia,travesia,1d2db6db4635c05a0902d6f8cb10be58a924c34dee511ee6fa1b2d819eac3c02,accidentes_raw_dgt,2026-05-09 20:40:11
2019,Alicante,8,Domingo,22,Zona interurbana,Camino vecinal,Animal en calzada,Buen tiempo,Noche ilum. insuficiente,1,0,0,1,2019-08-01,camino vecinal,animal en calzada,buen tiempo,noche ilum. insuficiente,zona interurbana,3a1e774a8ea4f3f402fb14450653c20d4643489b3bd77e8cc22690b879a41635,accidentes_raw_dgt,2026-05-09 20:40:11
2019,Alicante,5,Sábado,21,Travesía,Otro,Colisión frontal,Buen tiempo,Noche sin iluminación,1,0,0,1,2019-05-01,otro,colision frontal,buen tiempo,noche sin iluminacion,travesia,19ea865bcc1b5d90ecddb84f53183bd1dc80dea54b7afbf7f3dc9fb89f01d4ed,accidentes_raw_dgt,2026-05-09 20:40:11
2019,Alicante,8,Viernes,14,Zona interurbana,Vía urbana,Se desconoce,Buen tiempo,Pleno día,1,1,0,0,2019-08-01,via urbana,se desconoce,buen tiempo,pleno dia,zona interurbana,46c1776477b5d00910ae5df30970156c98b942253b2abcf792e286c36dd1fe45,accidentes_raw_dgt,2026-05-09 20:40:11
2019,Alicante,8,Sábado,22,Travesía,Otro,Colisión por alcance,Buen tiempo,Noche sin iluminación,2,0,0,2,2019-08-01,otro,colision por alcance,buen tiempo,noche sin iluminacion,travesia,ad4482a76b4a2e25de6357e0fb24d9b1071d8ba5607cefd42e7d015f49e4a4ab,accidentes_raw_dgt,2026-05-09 20:40:11
2019,Alicante,7,Jueves,9,Travesía,Otro,Colisión frontolateral,Buen tiempo,Pleno día,1,0,0,1,2019-07-01,otro,colision frontolateral,buen tiempo,pleno dia,travesia,923460afd903841a21363fb1ae650e8d624aaea62efe94c043dced07673a52e3,accidentes_raw_dgt,2026-05-09 20:40:11
2019,Alicante,8,Sábado,4,Travesía,Otro urbano,Salida vía izquierda,Buen tiempo,Noche ilum. insuficiente,1,0,0,1,2019-08-01,otro urbano,salida via izquierda,buen tiempo,noche ilum. insuficiente,travesia,9532f197bbc85d99b5be01eb362f1314104016f8bf1283174864836d9433c084,accidentes_raw_dgt,2026-05-09 20:40:11
2019,Alicante,8,Jueves,12,Zona interurbana,Vía urbana,Colisión frontolateral,Buen tiempo,Pleno día,1,0,0,1,2019-08-01,via urbana,colision frontolateral,buen tiempo,pleno dia,zona interurbana,a0d0c52202da5926fe92aca138871c6fe8854e1767b05404a6d4a7d36552db21,accidentes_raw_dgt,2026-05-09 20:40:11