AÑO,PROVINCIA,MES,DIA_SEMANA,HORA,ZONA,TIPO_VIA,TIPO_ACCIDENTE,CONDICION_METEO,CONDICION_ILUMINACION,TOTAL_VICTIMAS,FALLECIDOS_24H,HERIDOS_GRAVES,HERIDOS_LEVES,FECHA_ACCIDENTE,TIPO_VIA_NORM,TIPO_ACCIDENTE_NORM,CONDICION_METEO_NORM,CONDICION_ILUMINACION_NORM,ZONA_NORM,ID_ACCIDENTE_HASH,source_id,load_timestamp
2019,Alicante,8,Viernes,8,Zona interurbana,Camino vecinal,Colisión frontolateral,Buen tiempo,Pleno día,1,0,0,1,2019-08-01,camino vecinal,colision frontolateral,buen tiempo,pleno dia,zona interurbana,1f37db922da1798a72385eab54b750eddbdc6bae216c1e03ff375048042b452d,accidentes_raw_dgt,2026-05-09 20:40:11
2019,Alicante,8,Lunes,11,Zona interurbana,Camino vecinal,Colisión lateral,Buen tiempo,Pleno día,1,0,0,1,2019-08-01,camino vecinal,colision lateral,buen tiempo,pleno dia,zona interurbana,59712c920a3cc7ca6887718c0dc5124b1f3e47b57d04e9e0ec9186e6d0a62f6b,accidentes_raw_dgt,2026-05-09 20:40:11
2019,Alicante,8,Lunes,16,Zona interurbana,Ramal/enlace,Se desconoce,Buen tiempo,Pleno día,1,0,0,1,2019-08-01,ramal/enlace,se desconoce,buen tiempo,pleno dia,zona interurbana,4c36c775b818b891dca3ff4671f709de87ed56fdc9e0893846f27dd0bd0ecc9a,accidentes_raw_dgt,2026-05-09 20:40:11
2019,Alicante,6,Domingo,7,Travesía,Otro,Objeto desprendido,Buen tiempo,Pleno día,2,0,0,2,2019-06-01,otro,objeto desprendido,buen tiempo,pleno dia,travesia,7199a648b588394f21deed6d6c87a8a9ced37ec2856f643104acc033cb66791d,accidentes_raw_dgt,2026-05-09 20:40:11
2019,Alicante,7,Lunes,13,Travesía,Otro,Colisión frontolateral,Buen tiempo,Pleno día,1,0,0,1,2019-07-01,otro,colision frontolateral,buen tiempo,pleno dia,travesia,92b690fedfae7ea8024eb6ea6d53f64cd0a4d20e44acf71417dca4f0d28f5c74,accidentes_raw_dgt,2026-05-09 20:40:11
2019,Alicante,8,Jueves,14,Travesía,Otro,Colisión frontolateral,Buen tiempo,Pleno día,1,0,0,1,2019-08-01,otro,colision frontolateral,buen tiempo,pleno dia,travesia,6a6408e6702b258600b936ae866a5b52402c3d7ed794285266c0fdfd6058c897,accidentes_raw_dgt,2026-05-09 20:40:11
2019,Alicante,8,Viernes,8,Travesía,Otro,Choque obstáculo lateral,Buen tiempo,Pleno día,1,0,0,1,2019-08-01,otro,choque obstaculo lateral,buen tiempo,pleno dia,travesia,084d9897d40c63e437d57e2c4bd01e889ca4781088b5a73aa9761d6134993a75,accidentes_raw_dgt,2026-05-09 20:40:11
2019,Alicante,8,Viernes,14,Travesía,Otro,Choque obstáculo lateral,Buen tiempo,Pleno día,1,0,0,1,2019-08-01,otro,choque obstaculo lateral,buen tiempo,pleno dia,travesia,e4d8e2c97976e3e0ddeae407fd54987f0b4f8d6792284742b51399a078765319,accidentes_raw_dgt,2026-05-09 20:40:11
2019,Alicante,8,Domingo,13,Travesía,Otro urbano,Colisión por alcance,Buen tiempo,Pleno día,1,0,0,1,2019-08-01,otro urbano,colision por alcance,buen tiempo,pleno dia,travesia,31dd3d260bd7e904a35b0c649677d3734b3488b37971c1e0975a53d68937fc51,accidentes_raw_dgt,2026-05-09 20:40:11
2019,Alicante,8,Domingo,10,Travesía,Otro,Animal en calzada,Buen tiempo,Pleno día,1,0,0,1,2019-08-01,otro,animal en calzada,buen tiempo,pleno dia,travesia,4da317481dcf5fbe44d38ef3bfcddef1080705af9f486c0a354851849a4ac242,accidentes_raw_dgt,2026-05-09 20:40:11
2019,Alicante,7,Lunes,13,Travesía,Otro,Colisión frontolateral,Buen tiempo,Pleno día,1,0,0,1,2019-07-01,otro,colision frontolateral,buen tiempo,pleno dia,travesia,7e9025938042a87f42308fde03235fecda5cd25d6dd44e2b7c2a40d7ec5e69fa,accidentes_raw_dgt,2026-05-09 20:40:11
2019,Alicante,7,Viernes,10,Travesía,Otro,Colisión frontolateral,Buen tiempo,Pleno día,1,0,0,1,2019-07-01,otro,colision frontolateral,buen tiempo,pleno dia,travesia,b80b0230d0a92d1936c3a5bb1ea7e044568525330e3b809eec566706ce380ce4,accidentes_raw_dgt,2026-05-09 20:40:11
2019,Alicante,7,Viernes,12,Travesía,Otro,Objeto desprendido,Buen tiempo,Pleno día,1,0,0,1,2019-07-01,otro,objeto desprendido,buen tiempo,pleno dia,travesia,bedd4ae332286cc06b4b9a899afb25b7c07d7a0022b35329472f87a235cb292d,accidentes_raw_dgt,2026-05-09 20:40:11
2019,Alicante,8,Miércoles,8,Zona interurbana,Vía urbana,Otro tipo,Buen tiempo,Pleno día,1,0,0,1,2019-08-01,via urbana,otro tipo,buen tiempo,pleno dia,zona interurbana,bb24483b6924e07652c1125786dfb5b6076719a1ea61545d08f04283f2186521,accidentes_raw_dgt,2026-05-09 20:40:11
2019,Alicante,8,Viernes,9,Travesía,Otro,Choque obstáculo lateral,Buen tiempo,Pleno día,1,0,1,0,2019-08-01,otro,choque obstaculo lateral,buen tiempo,pleno dia,travesia,77ac7d024218f4f32ef104d04c520b05793c200593553b9850ad0eb6dbea5f38,accidentes_raw_dgt,2026-05-09 20:40:11
2019,Alicante,7,Miércoles,10,Travesía,Otro,Choque obstáculo lateral,Buen tiempo,Pleno día,2,0,1,1,2019-07-01,otro,choque obstaculo lateral,buen tiempo,pleno dia,travesia,e12868d1f3963e0e1129b3a6442b6d3d7d8e4eb7e27d34348b29523f0ae37748,accidentes_raw_dgt,2026-05-09 20:40:11
2019,Alicante,8,Jueves,11,Zona interurbana,Vía urbana,Colisión frontolateral,Buen tiempo,Pleno día,1,0,1,0,2019-08-01,via urbana,colision frontolateral,buen tiempo,pleno dia,zona interurbana,d642822b369cd5e39817fc3335a9d06c12e345c3c0eea5028065f7d8580be7cb,accidentes_raw_dgt,2026-05-09 20:40:11
2019,Alicante,7,Viernes,22,Travesía,Otro,Salida vía izquierda,Buen tiempo,Noche sin iluminación,1,0,0,1,2019-07-01,otro,salida via izquierda,buen tiempo,noche sin iluminacion,travesia,557fe9494c53f97663a1dc92ae8a1d4b4a95e4c3fe76c0c356b0570687b5d914,accidentes_raw_dgt,2026-05-09 20:40:11
2019,Alicante,8,Jueves,12,Travesía,Otro,Colisión por alcance,Buen tiempo,Pleno día,1,0,0,1,2019-08-01,otro,colision por alcance,buen tiempo,pleno dia,travesia,2e0b3dc70916553a1549804a2fe6b217cb102451fc29b3b6964f8bd2ecb65004,accidentes_raw_dgt,2026-05-09 20:40:11
2019,Alicante,8,Martes,12,Travesía,Otro,Animal en calzada,Buen tiempo,Pleno día,1,0,0,1,2019-08-01,otro,animal en calzada,buen tiempo,pleno dia,travesia,82147211de4c4b846e2cf7a2edac668990dff673d07bebcb2c9eae6aeb2c5963,accidentes_raw_dgt,2026-05-09 20:40:11
2019,Alicante,8,Lunes,10,Travesía,Otro,Colisión por alcance,Buen tiempo,Pleno día,1,0,0,1,2019-08-01,otro,colision por alcance,buen tiempo,pleno dia,travesia,aa5a1f5b1a3d5fc32a2429794028915d77c4026a91c9e39c8dfdf0367668fd51,accidentes_raw_dgt,2026-05-09 20:40:11
2019,Alicante,8,Miércoles,20,Zona interurbana,Autovía,Salida vía izquierda,Buen tiempo,Amanecer/Anochecer,1,0,0,1,2019-08-01,autovia,salida via izquierda,buen tiempo,amanecer/anochecer,zona interurbana,60f3014617bfa4ed073bfbc1cda889c1b85e92427fa6d63ede6bb9b35c662a1d,accidentes_raw_dgt,2026-05-09 20:40:11
2019,Alicante,8,Miércoles,20,Zona interurbana,Autovía,Colisión por alcance,Buen tiempo,Amanecer/Anochecer,1,0,0,1,2019-08-01,autovia,colision por alcance,buen tiempo,amanecer/anochecer,zona interurbana,bfa6b4fe534027ca73931fcbe394d8a59a002312b9f60d8759a85ec4e0b635c5,accidentes_raw_dgt,2026-05-09 20:40:11
2019,Alicante,6,Miércoles,13,Travesía,Otro,Choque obstáculo lateral,Buen tiempo,Pleno día,1,0,0,1,2019-06-01,otro,choque obstaculo lateral,buen tiempo,pleno dia,travesia,72cd46089d7d81cf100de981754d5a54c20c6f4745d38ca4e0cb463db42d7601,accidentes_raw_dgt,2026-05-09 20:40:11
2019,Alicante,7,Sábado,22,Travesía,Travesía,Caída de motociclista,Buen tiempo,Se desconoce,1,0,0,1,2019-07-01,travesia,caida de motociclista,buen tiempo,se desconoce,travesia,4d934fe9163e483a83022c42bc3db603073f52d6c17cd6a72187dff201ab0a58,accidentes_raw_dgt,2026-05-09 20:40:11
2019,Alicante,9,Viernes,0,Zona interurbana,Vía urbana,Colisión frontolateral,Lluvia,Se desconoce,3,0,0,3,2019-09-01,via urbana,colision frontolateral,lluvia,se desconoce,zona interurbana,7ddc73742388547eecf30d7d6d2817fae8230451c8d4885baafa1e1e5c859260,accidentes_raw_dgt,2026-05-09 20:40:11
2019,Alicante,9,Jueves,9,Travesía,Otro,Colisión frontolateral,Buen tiempo,Pleno día,1,0,0,1,2019-09-01,otro,colision frontolateral,buen tiempo,pleno dia,travesia,ec00affb8528316ae8954f1ab6e434681d53731684e0638ebbcbc6b0cd79d830,accidentes_raw_dgt,2026-05-09 20:40:11
2019,Alicante,8,Viernes,20,Travesía,Otro,Colisión lateral,Buen tiempo,Noche con iluminación,1,0,0,1,2019-08-01,otro,colision lateral,buen tiempo,noche con iluminacion,travesia,edaa8bc3853e1f941ec479f2ad7927d9d94455bceff5aa2447144a862eff65a0,accidentes_raw_dgt,2026-05-09 20:40:11
2019,Alicante,8,Viernes,19,Travesía,Otro,Colisión frontolateral,Buen tiempo,Pleno día,1,0,0,1,2019-08-01,otro,colision frontolateral,buen tiempo,pleno dia,travesia,2651ef0848ad80b3455337e9f54ec9ed24338c7a5bd86c5c5aab996b35fd3804,accidentes_raw_dgt,2026-05-09 20:40:11
2019,Alicante,9,Sábado,18,Zona interurbana,Vía urbana,Colisión por alcance,Buen tiempo,Pleno día,1,0,0,1,2019-09-01,via urbana,colision por alcance,buen tiempo,pleno dia,zona interurbana,7379ad4c3fc756d0d10cadebfab71afb394be155148f2b04cc4f7e7a930717da,accidentes_raw_dgt,2026-05-09 20:40:11
2019,Alicante,7,Domingo,9,Travesía,Otro urbano,Se desconoce,Buen tiempo,Pleno día,2,0,1,1,2019-07-01,otro urbano,se desconoce,buen tiempo,pleno dia,travesia,8670bfe4c727cc727cf15d1b0449079e58bd0c2789865fcde0b250ee18686fea,accidentes_raw_dgt,2026-05-09 20:40:11
2019,Alicante,9,Jueves,20,Zona interurbana,Camino vecinal,Colisión por alcance,Buen tiempo,Pleno día,1,0,0,1,2019-09-01,camino vecinal,colision por alcance,buen tiempo,pleno dia,zona interurbana,0b689c5667de7f17ff7530151e2d1d78dfa13b8877d188d0f18c91d2ce75507c,accidentes_raw_dgt,2026-05-09 20:40:11
2019,Alicante,6,Sábado,10,Travesía,Otro,Colisión frontolateral,Buen tiempo,Pleno día,1,0,0,1,2019-06-01,otro,colision frontolateral,buen tiempo,pleno dia,travesia,7f02ea9e3eddbd1302e69259deaf75511f3f949713c86382d3f47abebb3516a3,accidentes_raw_dgt,2026-05-09 20:40:11
2019,Alicante,8,Jueves,20,Travesía,Otro,Colisión lateral,Buen tiempo,Pleno día,1,0,0,1,2019-08-01,otro,colision lateral,buen tiempo,pleno dia,travesia,a33b4b5dd71ecdc0d1e24f636fdaaff8902a3a0f8b0604bcfadb6ae9adea15de,accidentes_raw_dgt,2026-05-09 20:40:11
2019,Alicante,8,Martes,18,Travesía,Otro,Choque obstáculo lateral,Buen tiempo,Pleno día,1,0,0,1,2019-08-01,otro,choque obstaculo lateral,buen tiempo,pleno dia,travesia,867067959260d3f3a0d605f9fcc328cc1d891fb6c13643edbf29163ca5e0ba70,accidentes_raw_dgt,2026-05-09 20:40:11
2019,Alicante,9,Martes,18,Zona interurbana,Vía urbana,Colisión frontal,Lluvia,Pleno día,2,1,0,1,2019-09-01,via urbana,colision frontal,lluvia,pleno dia,zona interurbana,dac0bab9c931418b10c258135f98636edbaa80a760212c8587517653da59da72,accidentes_raw_dgt,2026-05-09 20:40:11
2019,Alicante,8,Martes,11,Travesía,Otro urbano,Animal en calzada,Buen tiempo,Pleno día,1,0,0,1,2019-08-01,otro urbano,animal en calzada,buen tiempo,pleno dia,travesia,93ec5f036cae289c830e104b443f7bd5ddb4a9348c216e6a6c82b98ba5166789,accidentes_raw_dgt,2026-05-09 20:40:11
2019,Alicante,8,Miércoles,13,Travesía,Otro,Colisión por alcance,Buen tiempo,Pleno día,3,0,0,3,2019-08-01,otro,colision por alcance,buen tiempo,pleno dia,travesia,e1ff7d9997726782d0c2ab9f456cf633979f0ef8b8008dc1b016cc981f452f4a,accidentes_raw_dgt,2026-05-09 20:40:11
2019,Alicante,8,Viernes,13,Travesía,Otro,Colisión por alcance,Buen tiempo,Pleno día,3,0,0,3,2019-08-01,otro,colision por alcance,buen tiempo,pleno dia,travesia,550438f15e5abf7dc9415357b0db9334c912dfc00d5542c125231df27daa82ad,accidentes_raw_dgt,2026-05-09 20:40:11
2019,Alicante,7,Lunes,17,Travesía,Otro,Colisión lateral,Buen tiempo,Pleno día,1,0,0,1,2019-07-01,otro,colision lateral,buen tiempo,pleno dia,travesia,98b7d6e81d8c304fd21d3ef9a42d20b92c43bb00eb38d17e3945fe92312dfb18,accidentes_raw_dgt,2026-05-09 20:40:11
2019,Alicante,9,Domingo,21,Travesía,Otro,Choque obstáculo lateral,Buen tiempo,Noche sin iluminación,2,0,0,2,2019-09-01,otro,choque obstaculo lateral,buen tiempo,noche sin iluminacion,travesia,f7df34ce0a0ad316102e14805abb58702380eadbe511ccddedeef89f20dd1dbb,accidentes_raw_dgt,2026-05-09 20:40:11
2019,Alicante,8,Jueves,18,Travesía,Otro,Colisión frontolateral,Buen tiempo,Pleno día,1,0,0,1,2019-08-01,otro,colision frontolateral,buen tiempo,pleno dia,travesia,3d49ab508c58b7a14622eb81075e157505aa65c881f27bae82915b0f9742724c,accidentes_raw_dgt,2026-05-09 20:40:11
2019,Alicante,9,Martes,10,Zona interurbana,Vía urbana,Caída de ocupante,Buen tiempo,Pleno día,1,0,0,1,2019-09-01,via urbana,caida de ocupante,buen tiempo,pleno dia,zona interurbana,cd0666cdd7ce0244bb8e134a5a50ca7f3d22e0b399ba516d8f8399c99a9415bb,accidentes_raw_dgt,2026-05-09 20:40:11
2019,Alicante,8,Domingo,9,Travesía,Otro,Colisión frontolateral,Buen tiempo,Pleno día,2,0,0,2,2019-08-01,otro,colision frontolateral,buen tiempo,pleno dia,travesia,c1a6860e444ca046186f732c967079e88e0a7a8674704af5db51d34ecbe674f9,accidentes_raw_dgt,2026-05-09 20:40:11
2019,Alicante,8,Lunes,10,Travesía,Otro,Choque obstáculo lateral,Buen tiempo,Pleno día,1,0,0,1,2019-08-01,otro,choque obstaculo lateral,buen tiempo,pleno dia,travesia,591d48eb061e4e3e4ca2b55451e2353c3922ff23264f22e05f09a9e63b780e2c,accidentes_raw_dgt,2026-05-09 20:40:11
2019,Alicante,9,Sábado,0,Travesía,Otro,Colisión por alcance,Buen tiempo,Noche sin iluminación,1,0,0,1,2019-09-01,otro,colision por alcance,buen tiempo,noche sin iluminacion,travesia,4e12486c3a0f8fa2dae48d8dbce2a52e30db7ac114acdadf2357c28ace86c1a2,accidentes_raw_dgt,2026-05-09 20:40:11
2019,Alicante,6,Martes,9,Travesía,Otro,Colisión frontolateral,Buen tiempo,Pleno día,1,0,0,1,2019-06-01,otro,colision frontolateral,buen tiempo,pleno dia,travesia,3c8b996ee07b276ec0f915f23e940adbd1fb336db41a443edb4a089a63c79352,accidentes_raw_dgt,2026-05-09 20:40:11
2019,Alicante,8,Lunes,0,Travesía,Otro,Salida vía izquierda,Buen tiempo,Noche sin iluminación,4,0,0,4,2019-08-01,otro,salida via izquierda,buen tiempo,noche sin iluminacion,travesia,47012d6a8e8c18e60526a997caabc66257cac6b3457b51186968fc68c9c48673,accidentes_raw_dgt,2026-05-09 20:40:11
2019,Alicante,6,Martes,7,Travesía,Otro,Choque obstáculo lateral,Buen tiempo,Pleno día,1,0,0,1,2019-06-01,otro,choque obstaculo lateral,buen tiempo,pleno dia,travesia,4c126bb257a91ca00f19c52fecdb911452dd3af156b4fb9b54cdbee15da3c031,accidentes_raw_dgt,2026-05-09 20:40:11
2019,Alicante,9,Miércoles,15,Travesía,Otro,Colisión frontolateral,Buen tiempo,Pleno día,1,0,0,1,2019-09-01,otro,colision frontolateral,buen tiempo,pleno dia,travesia,9ec5adcb162fea7bdcefce818598776ef77423ee0f29bcbe8d5f564b7bd47703,accidentes_raw_dgt,2026-05-09 20:40:11
2019,Alicante,8,Viernes,10,Travesía,Otro,Choque obstáculo lateral,Buen tiempo,Pleno día,1,0,0,1,2019-08-01,otro,choque obstaculo lateral,buen tiempo,pleno dia,travesia,05550bc685f04599b689922632e7baf0719d003649362002c83ace6253b03d49,accidentes_raw_dgt,2026-05-09 20:40:11
2019,Alicante,9,Martes,11,Travesía,Otro,Choque obstáculo lateral,Buen tiempo,Pleno día,1,0,0,1,2019-09-01,otro,choque obstaculo lateral,buen tiempo,pleno dia,travesia,8e2d91da4e36f2d82d3df133ac8f1f274430573c394b0b4a86cf18190e51cd5a,accidentes_raw_dgt,2026-05-09 20:40:11
2019,Alicante,9,Lunes,9,Travesía,Otro,Salida vía izquierda,Buen tiempo,Pleno día,1,0,0,1,2019-09-01,otro,salida via izquierda,buen tiempo,pleno dia,travesia,2fa382a80d7c2d794f0f430bd3b286a65602d3867e2b52910871d58419cd2f16,accidentes_raw_dgt,2026-05-09 20:40:11
2019,Alicante,9,Domingo,11,Travesía,Otro,Colisión por alcance,Buen tiempo,Pleno día,4,0,0,4,2019-09-01,otro,colision por alcance,buen tiempo,pleno dia,travesia,d7e1edcac43af8cea1439d222314af06354ae31da6a3d90b8cc6bcebc5c8e397,accidentes_raw_dgt,2026-05-09 20:40:11
2019,Alicante,9,Lunes,14,Zona interurbana,Vía convencional,Salida vía izquierda,Buen tiempo,Pleno día,2,0,0,2,2019-09-01,via convencional,salida via izquierda,buen tiempo,pleno dia,zona interurbana,e68adee72e4d3c421f15cc33523be1c38208e4489b91d5e426503d99c5a7d790,accidentes_raw_dgt,2026-05-09 20:40:11
2019,Alicante,9,Lunes,11,Travesía,Otro,Choque obstáculo lateral,Buen tiempo,Pleno día,1,0,0,1,2019-09-01,otro,choque obstaculo lateral,buen tiempo,pleno dia,travesia,50d65da5a5788e6183a480898578d672eb3f1d593a5b308e6e0b971e90fab6b9,accidentes_raw_dgt,2026-05-09 20:40:11
2019,Alicante,9,Martes,16,Travesía,Otro,Colisión por alcance,Buen tiempo,Pleno día,1,0,0,1,2019-09-01,otro,colision por alcance,buen tiempo,pleno dia,travesia,aeb5d182368bc8faff9d186b46adca1c5b308dc80926ca96f8cf3dabe611df5c,accidentes_raw_dgt,2026-05-09 20:40:11
2019,Alicante,9,Domingo,8,Travesía,Otro,Salida vía izquierda,Buen tiempo,Noche sin iluminación,2,0,0,2,2019-09-01,otro,salida via izquierda,buen tiempo,noche sin iluminacion,travesia,524beeec873cb78924f03e60f2b9a7313873df5881f0654eaead2d581336e643,accidentes_raw_dgt,2026-05-09 20:40:11
2019,Alicante,9,Domingo,7,Travesía,Otro,Se desconoce,Buen tiempo,Noche sin iluminación,2,0,0,2,2019-09-01,otro,se desconoce,buen tiempo,noche sin iluminacion,travesia,6ef3867147c600f4b7ff7b2e00d0468f6e3b33a1aa2b834bfacbe5bec47e1828,accidentes_raw_dgt,2026-05-09 20:40:11
2019,Alicante,9,Lunes,12,Travesía,Otro urbano,Se desconoce,Lluvia,Pleno día,1,0,0,1,2019-09-01,otro urbano,se desconoce,lluvia,pleno dia,travesia,5ad4fca71d720f79036d7ba27b999f6a423d69b57877558d43e5d6bdd7b7a8a9,accidentes_raw_dgt,2026-05-09 20:40:11
2019,Alicante,9,Martes,12,Travesía,Otro,Colisión por alcance,Buen tiempo,Pleno día,1,0,0,1,2019-09-01,otro,colision por alcance,buen tiempo,pleno dia,travesia,1a67316dfbb24cbd5a17450aa53cd9ae42cdc7b1f58d06ec71bdcf2c9ad1fb28,accidentes_raw_dgt,2026-05-09 20:40:11
2019,Alicante,9,Martes,8,Travesía,Otro,Choque obstáculo lateral,Buen tiempo,Pleno día,1,0,0,1,2019-09-01,otro,choque obstaculo lateral,buen tiempo,pleno dia,travesia,90e855751509be9e52994273c9fcd5326bb2588d3fe93e9c2e45ae542124ff2b,accidentes_raw_dgt,2026-05-09 20:40:11
2019,Alicante,9,Martes,19,Travesía,Otro,Colisión lateral,Buen tiempo,Pleno día,1,0,0,1,2019-09-01,otro,colision lateral,buen tiempo,pleno dia,travesia,29b159f5ad5a0c8e56bae1cf51803910d1bf4ea564a144c0c52d128b79398d94,accidentes_raw_dgt,2026-05-09 20:40:11
2019,Alicante,9,Domingo,16,Travesía,Otro,Colisión frontolateral,Buen tiempo,Pleno día,1,0,0,1,2019-09-01,otro,colision frontolateral,buen tiempo,pleno dia,travesia,1e2ea2a0a8f4aefb21bfa38ac71481c69345bfb7f7f8a34ecf169961a488b959,accidentes_raw_dgt,2026-05-09 20:40:11
2019,Alicante,9,Miércoles,22,Travesía,Otro,Choque obstáculo lateral,Buen tiempo,Noche sin iluminación,1,0,0,1,2019-09-01,otro,choque obstaculo lateral,buen tiempo,noche sin iluminacion,travesia,ab79acbdd62e9f9bb4194491b855d057fef36952420149088cb158c3bcb96a62,accidentes_raw_dgt,2026-05-09 20:40:11
2019,Alicante,9,Viernes,11,Travesía,Otro,Colisión frontolateral,Buen tiempo,Pleno día,1,0,0,1,2019-09-01,otro,colision frontolateral,buen tiempo,pleno dia,travesia,15d84d60575e5e65ab3ae1fee0adb59c8ae08177044ec3705910ac1899d6da9f,accidentes_raw_dgt,2026-05-09 20:40:11
2019,Alicante,9,Lunes,8,Travesía,Otro,Colisión frontolateral,Buen tiempo,Pleno día,1,0,0,1,2019-09-01,otro,colision frontolateral,buen tiempo,pleno dia,travesia,2c7881a5e706e7ad13217ab8e9dc6da1f5f8e96e2c45ed0244437477d09432d2,accidentes_raw_dgt,2026-05-09 20:40:11
2019,Alicante,9,Lunes,12,Travesía,Otro,Choque obstáculo lateral,Buen tiempo,Pleno día,1,0,0,1,2019-09-01,otro,choque obstaculo lateral,buen tiempo,pleno dia,travesia,e2628662818f57a41c342653ab5abacba7be97c3dacf6af99a6a0799212902ed,accidentes_raw_dgt,2026-05-09 20:40:11
2019,Alicante,9,Jueves,21,Travesía,Otro,Colisión por alcance,Buen tiempo,Noche sin iluminación,1,0,0,1,2019-09-01,otro,colision por alcance,buen tiempo,noche sin iluminacion,travesia,37af3f678ecf438491e342ee31996a7b294101b781c20221158017a1203db302,accidentes_raw_dgt,2026-05-09 20:40:11
2019,Alicante,9,Viernes,15,Travesía,Otro,Colisión lateral,Buen tiempo,Pleno día,1,0,0,1,2019-09-01,otro,colision lateral,buen tiempo,pleno dia,travesia,c9b9c4c536cc5787ee21365dd925a5ac7686073f0668c5076709f3cb5d5f50ee,accidentes_raw_dgt,2026-05-09 20:40:11
2019,Alicante,9,Miércoles,21,Travesía,Otro,Colisión frontolateral,Buen tiempo,Noche sin iluminación,1,0,0,1,2019-09-01,otro,colision frontolateral,buen tiempo,noche sin iluminacion,travesia,dd65c0a7536affef35f3383b9c1be5a8fe319f6a99c5c29a70f8c8b91ea8bba1,accidentes_raw_dgt,2026-05-09 20:40:11
2019,Alicante,9,Sábado,6,Zona interurbana,Vía urbana,Colisión por alcance,Buen tiempo,Se desconoce,1,0,1,0,2019-09-01,via urbana,colision por alcance,buen tiempo,se desconoce,zona interurbana,1dca80f9783c5e8ddbcb66291c035ded21489db553106eae8c080ed9016e9345,accidentes_raw_dgt,2026-05-09 20:40:11
2019,Alicante,6,Domingo,12,Travesía,Otro,Colisión por alcance,Buen tiempo,Pleno día,1,0,0,1,2019-06-01,otro,colision por alcance,buen tiempo,pleno dia,travesia,61acd0047ef409952e497192d1601bee0fba9e0df744ed30ec9d16b8f3805ad6,accidentes_raw_dgt,2026-05-09 20:40:11
2019,Alicante,9,Sábado,0,Travesía,Otro,Colisión lateral,Buen tiempo,Noche sin iluminación,3,0,0,3,2019-09-01,otro,colision lateral,buen tiempo,noche sin iluminacion,travesia,8fdf7d642814dff4a91d4b2161c1c2a0b1dab568a61f94d79912518ea2e3299e,accidentes_raw_dgt,2026-05-09 20:40:11
2019,Alicante,7,Jueves,9,Travesía,Otro,Colisión por alcance,Buen tiempo,Pleno día,2,0,0,2,2019-07-01,otro,colision por alcance,buen tiempo,pleno dia,travesia,a07eccc182c743a46ab8e902635a7ba4ad53cb780b6b9ef0bec926c34e7b22aa,accidentes_raw_dgt,2026-05-09 20:40:11
2019,Alicante,8,Sábado,9,Travesía,Otro,Colisión frontolateral,Buen tiempo,Pleno día,1,0,0,1,2019-08-01,otro,colision frontolateral,buen tiempo,pleno dia,travesia,82af498652ef41247a7013552a7ac0538cec5a7232eb17ad11a06f1a20956293,accidentes_raw_dgt,2026-05-09 20:40:11
2019,Alicante,8,Domingo,23,Travesía,Otro,Colisión frontolateral,Buen tiempo,Noche sin iluminación,1,0,0,1,2019-08-01,otro,colision frontolateral,buen tiempo,noche sin iluminacion,travesia,fc9fe956873cfc30c29ac7052d522f8758f0b075c80d443a30ba45a14acea1a3,accidentes_raw_dgt,2026-05-09 20:40:11
2019,Alicante,9,Sábado,11,Travesía,Otro,Choque obstáculo lateral,Buen tiempo,Pleno día,1,0,0,1,2019-09-01,otro,choque obstaculo lateral,buen tiempo,pleno dia,travesia,74327943f791e17b6081b590be47d518d885b79972d37087df480448e0672094,accidentes_raw_dgt,2026-05-09 20:40:11
2019,Alicante,9,Jueves,14,Travesía,Otro,Colisión por alcance,Buen tiempo,Pleno día,1,0,0,1,2019-09-01,otro,colision por alcance,buen tiempo,pleno dia,travesia,656d5be9b84397105deefd04cb2e83f4f3d448bccfaa953d6f62021b50f6488a,accidentes_raw_dgt,2026-05-09 20:40:11
2019,Alicante,9,Viernes,3,Zona interurbana,Vía urbana,Salida vía izquierda,Buen tiempo,Se desconoce,1,0,0,1,2019-09-01,via urbana,salida via izquierda,buen tiempo,se desconoce,zona interurbana,e1a34e2c586d69650d09f21e71d8389eb9220ab59bee9a8fc299f9003e1db273,accidentes_raw_dgt,2026-05-09 20:40:11
2019,Alicante,9,Sábado,10,Zona interurbana,Vía convencional,Choque obstáculo lateral,Lluvia,Pleno día,1,0,1,0,2019-09-01,via convencional,choque obstaculo lateral,lluvia,pleno dia,zona interurbana,c0480cd61fb7be83ba01df278f2084f5da8766acf9be9755b66a793acd8e7aaa,accidentes_raw_dgt,2026-05-09 20:40:11
2019,Alicante,9,Jueves,11,Zona interurbana,Camino vecinal,Colisión lateral,Buen tiempo,Pleno día,1,0,0,1,2019-09-01,camino vecinal,colision lateral,buen tiempo,pleno dia,zona interurbana,58bc5b2df18ca14a85d770f78757aff41555f6792317ed188395236a06b27ec7,accidentes_raw_dgt,2026-05-09 20:40:11
2019,Alicante,9,Miércoles,17,Travesía,Otro,Colisión por alcance,Buen tiempo,Pleno día,2,0,0,2,2019-09-01,otro,colision por alcance,buen tiempo,pleno dia,travesia,250526cd289e4e36bdc4333d0a9ec3de44e089c54d8deaa6312865a4c2c733b2,accidentes_raw_dgt,2026-05-09 20:40:11
2019,Alicante,9,Martes,18,Travesía,Otro,Choque obstáculo lateral,Buen tiempo,Pleno día,2,0,0,2,2019-09-01,otro,choque obstaculo lateral,buen tiempo,pleno dia,travesia,8a2ce3d29ea75e65617e22cb290f95804238d8794268838606b10608739a6d72,accidentes_raw_dgt,2026-05-09 20:40:11