AÑO,PROVINCIA,MES,DIA_SEMANA,HORA,ZONA,TIPO_VIA,TIPO_ACCIDENTE,CONDICION_METEO,CONDICION_ILUMINACION,TOTAL_VICTIMAS,FALLECIDOS_24H,HERIDOS_GRAVES,HERIDOS_LEVES,FECHA_ACCIDENTE,TIPO_VIA_NORM,TIPO_ACCIDENTE_NORM,CONDICION_METEO_NORM,CONDICION_ILUMINACION_NORM,ZONA_NORM,ID_ACCIDENTE_HASH,source_id,load_timestamp
2019,Alicante,10,Viernes,22,Travesía,Otro,Colisión por alcance,Buen tiempo,Noche sin iluminación,1,0,0,1,2019-10-01,otro,colision por alcance,buen tiempo,noche sin iluminacion,travesia,1f023880f785dbb4bf7582607502366de85264636c622d0da0318a99bfeb4913,accidentes_raw_dgt,2026-05-09 20:40:11
2019,Alicante,10,Sábado,21,Zona interurbana,Vía urbana,Colisión por alcance,Buen tiempo,Se desconoce,3,0,0,3,2019-10-01,via urbana,colision por alcance,buen tiempo,se desconoce,zona interurbana,206b16537b0e65345e5bdd8d49bbf3fa65d24ca9d994bd9d687166084848cd1f,accidentes_raw_dgt,2026-05-09 20:40:11
2019,Alicante,10,Domingo,8,Zona interurbana,Vía convencional,Salida vía izquierda,Buen tiempo,Pleno día,1,0,1,0,2019-10-01,via convencional,salida via izquierda,buen tiempo,pleno dia,zona interurbana,d2addcc965fed481897d6c3afed3e045298350e76aac8b6a29bbcd444a7bea6c,accidentes_raw_dgt,2026-05-09 20:40:11
2019,Alicante,10,Domingo,0,Zona interurbana,Vía urbana,Colisión frontolateral,Buen tiempo,Se desconoce,1,0,0,1,2019-10-01,via urbana,colision frontolateral,buen tiempo,se desconoce,zona interurbana,3a892eea646c4e4fc44df3a264545ce2e51f4bdc752cbd996dae588e5c839602,accidentes_raw_dgt,2026-05-09 20:40:11
2019,Alicante,10,Jueves,9,Zona interurbana,Vía convencional,Animal en calzada,Buen tiempo,Pleno día,1,0,0,1,2019-10-01,via convencional,animal en calzada,buen tiempo,pleno dia,zona interurbana,51c94a510b50e68f490e35edd977845f9b008e3bb1a5c7f0d8eecf8b0b9794bf,accidentes_raw_dgt,2026-05-09 20:40:11
2019,Alicante,9,Domingo,23,Travesía,Otro urbano,Colisión por alcance,Buen tiempo,Noche sin iluminación,1,0,0,1,2019-09-01,otro urbano,colision por alcance,buen tiempo,noche sin iluminacion,travesia,b6edca7adf1a569634dffeee2240ea7bcebdb4b2cc6291c5a1103b9944f68eda,accidentes_raw_dgt,2026-05-09 20:40:11
2019,Alicante,9,Martes,23,Travesía,Otro urbano,Otro tipo,Buen tiempo,Noche sin iluminación,1,0,0,1,2019-09-01,otro urbano,otro tipo,buen tiempo,noche sin iluminacion,travesia,7dbc9e01698ff64493e4d1f7f993a8999a00617345a955bf1beec9e0f84229d4,accidentes_raw_dgt,2026-05-09 20:40:11
2019,Alicante,9,Domingo,21,Travesía,Otro,Colisión frontolateral,Buen tiempo,Noche sin iluminación,2,0,0,2,2019-09-01,otro,colision frontolateral,buen tiempo,noche sin iluminacion,travesia,90335898d4e10d65d4ea10412f900b2ae05d4e1ae1f15609cdf8f2c7834da275,accidentes_raw_dgt,2026-05-09 20:40:11
2019,Alicante,9,Lunes,23,Travesía,Otro,Colisión por alcance,Buen tiempo,Noche sin iluminación,1,0,0,1,2019-09-01,otro,colision por alcance,buen tiempo,noche sin iluminacion,travesia,f42740c1f068a22bb97ee464ef8d4fc92a6a4701c278f092d377345db5c312c4,accidentes_raw_dgt,2026-05-09 20:40:11
2019,Alicante,8,Viernes,22,Travesía,Otro urbano,Choque obstáculo lateral,Buen tiempo,Noche sin iluminación,1,0,0,1,2019-08-01,otro urbano,choque obstaculo lateral,buen tiempo,noche sin iluminacion,travesia,8b9d9d0133371ac7a72be7a046b478813eb7d19ac72dd87b1b87c462d9864cb7,accidentes_raw_dgt,2026-05-09 20:40:11
2019,Alicante,10,Lunes,8,Zona interurbana,Vía urbana,Colisión lateral,Buen tiempo,Pleno día,1,0,0,1,2019-10-01,via urbana,colision lateral,buen tiempo,pleno dia,zona interurbana,c21af72451d75650438fa9007eba184f0ce80191c539f7b25b900c651c5296ff,accidentes_raw_dgt,2026-05-09 20:40:11
2019,Alicante,10,Lunes,7,Zona interurbana,Vía convencional,Colisión por alcance,Buen tiempo,Noche con iluminación,2,0,0,2,2019-10-01,via convencional,colision por alcance,buen tiempo,noche con iluminacion,zona interurbana,03625cd1150b4452a5d8b7358e7a16bec81a923207f500e033f2883c58cccacd,accidentes_raw_dgt,2026-05-09 20:40:11
2019,Alicante,10,Miércoles,8,Zona interurbana,Vía convencional,Colisión por alcance,Buen tiempo,Pleno día,1,0,0,1,2019-10-01,via convencional,colision por alcance,buen tiempo,pleno dia,zona interurbana,dfc04c940f3b91d8a8316579ecd027fb98be2ead43b0a0bacf78a12babae4d05,accidentes_raw_dgt,2026-05-09 20:40:11
2019,Alicante,10,Martes,18,Travesía,Otro,Choque obstáculo lateral,Buen tiempo,Pleno día,1,0,0,1,2019-10-01,otro,choque obstaculo lateral,buen tiempo,pleno dia,travesia,4d364fbb3786fc31157cc1e2a2671aac0e36348ae9d6b4ba4459ee883c240fe8,accidentes_raw_dgt,2026-05-09 20:40:11
2019,Alicante,10,Martes,19,Travesía,Otro,Colisión frontolateral,Buen tiempo,Amanecer/Anochecer,1,0,0,1,2019-10-01,otro,colision frontolateral,buen tiempo,amanecer/anochecer,travesia,e4890f15c8a2d18ec1fbe938698d8bc1d83ce1ff91aaf7e932b8b6f176262818,accidentes_raw_dgt,2026-05-09 20:40:11
2019,Alicante,10,Miércoles,17,Travesía,Otro,Colisión frontolateral,Buen tiempo,Pleno día,1,0,0,1,2019-10-01,otro,colision frontolateral,buen tiempo,pleno dia,travesia,b83d4086daad65f8f506c33ccfb7685a7564c46f3c3e3ba7e43237f7da5e9a35,accidentes_raw_dgt,2026-05-09 20:40:11
2019,Alicante,9,Viernes,20,Travesía,Otro,Colisión frontolateral,Buen tiempo,Noche sin iluminación,2,0,0,2,2019-09-01,otro,colision frontolateral,buen tiempo,noche sin iluminacion,travesia,8a159f78a49736dca055bcfeef04680031629c39f31509cf63226fc0517eb55a,accidentes_raw_dgt,2026-05-09 20:40:11
2019,Alicante,10,Viernes,11,Zona interurbana,Vía convencional,Caída de motociclista,Buen tiempo,Pleno día,1,0,0,1,2019-10-01,via convencional,caida de motociclista,buen tiempo,pleno dia,zona interurbana,ff49a4f6ed54f15fa0954b265ad056a6f0fdab175ac8a1c3eb0a98a38e46da3d,accidentes_raw_dgt,2026-05-09 20:40:11
2019,Alicante,10,Martes,21,Travesía,Otro,Colisión frontolateral,Buen tiempo,Noche sin iluminación,1,0,0,1,2019-10-01,otro,colision frontolateral,buen tiempo,noche sin iluminacion,travesia,673a620c399f28257798d26d037c352676c031573a2b52b266f5f70f32fec994,accidentes_raw_dgt,2026-05-09 20:40:11
2019,Alicante,10,Lunes,8,Zona interurbana,Vía convencional,Colisión múltiple,Buen tiempo,Pleno día,3,0,0,3,2019-10-01,via convencional,colision multiple,buen tiempo,pleno dia,zona interurbana,e902f49872400fbf419954994932d166f0f0868c36c8e755c45ff7403c0726aa,accidentes_raw_dgt,2026-05-09 20:40:11
2019,Alicante,10,Domingo,13,Zona interurbana,Vía urbana,Colisión por alcance,Buen tiempo,Pleno día,1,0,0,1,2019-10-01,via urbana,colision por alcance,buen tiempo,pleno dia,zona interurbana,0b9dad0346d25b6b714b7968f17315576e0e137d9b1681c7efce724442d585ca,accidentes_raw_dgt,2026-05-09 20:40:11
2019,Alicante,9,Jueves,12,Travesía,Otro,Animal en calzada,Buen tiempo,Pleno día,1,0,0,1,2019-09-01,otro,animal en calzada,buen tiempo,pleno dia,travesia,625df624f8d7ccd747b0fb7a42105b74b05c7fa0b4db35a39acba0769e86b5e1,accidentes_raw_dgt,2026-05-09 20:40:11
2019,Alicante,9,Viernes,11,Travesía,Otro,Choque obstáculo lateral,Buen tiempo,Pleno día,1,0,1,0,2019-09-01,otro,choque obstaculo lateral,buen tiempo,pleno dia,travesia,ef5839d610a3567ed8e2b6df29dce544e3fb9ffbaf45f507b3a69fbc5e81f507,accidentes_raw_dgt,2026-05-09 20:40:11
2019,Alicante,10,Sábado,16,Travesía,Otro,Colisión frontolateral,Buen tiempo,Pleno día,1,0,1,0,2019-10-01,otro,colision frontolateral,buen tiempo,pleno dia,travesia,d31b04b46bdb26afe654ff6cbed3dab17aece4cce466bd3d40b51061793cc8b4,accidentes_raw_dgt,2026-05-09 20:40:11
2019,Alicante,9,Lunes,8,Travesía,Otro,Choque obstáculo lateral,Buen tiempo,Pleno día,1,0,0,1,2019-09-01,otro,choque obstaculo lateral,buen tiempo,pleno dia,travesia,fbfd6393c2b37ff4ef7c9fd72aa259d6651e064a98825c102cc296c53fc00e54,accidentes_raw_dgt,2026-05-09 20:40:11
2019,Alicante,10,Viernes,13,Zona interurbana,Camino vecinal,Salida vía izquierda,Buen tiempo,Pleno día,1,0,0,1,2019-10-01,camino vecinal,salida via izquierda,buen tiempo,pleno dia,zona interurbana,77f1eef97df6f4e1652c65c9396783635527a076d7059680c0d9d5771286aece,accidentes_raw_dgt,2026-05-09 20:40:11
2019,Alicante,10,Lunes,21,Travesía,Otro,Colisión por alcance,Buen tiempo,Noche sin iluminación,1,0,0,1,2019-10-01,otro,colision por alcance,buen tiempo,noche sin iluminacion,travesia,e5c31b7a40373b6459fad9f33059f767665b7028f375ac63a8279ad53a2c5488,accidentes_raw_dgt,2026-05-09 20:40:11
2019,Alicante,10,Sábado,19,Travesía,Otro,Animal en calzada,Buen tiempo,Pleno día,1,0,0,1,2019-10-01,otro,animal en calzada,buen tiempo,pleno dia,travesia,de27088fdf91b0a55c1117c3d43ad65853d103bbfc61fe419c7324cdc168d0e3,accidentes_raw_dgt,2026-05-09 20:40:11
2019,Alicante,10,Jueves,22,Travesía,Otro,Colisión frontolateral,Buen tiempo,Noche sin iluminación,1,0,0,1,2019-10-01,otro,colision frontolateral,buen tiempo,noche sin iluminacion,travesia,8d57a52196dfab7020a5cf06e22e81c32e263ca7797ffaf26fa5954d2a7943d6,accidentes_raw_dgt,2026-05-09 20:40:11
2019,Alicante,10,Viernes,1,Zona interurbana,Vía convencional,Salida vía izquierda,Buen tiempo,Se desconoce,1,0,0,1,2019-10-01,via convencional,salida via izquierda,buen tiempo,se desconoce,zona interurbana,593543ef557c79fc676ce344e7bf8a3e70c41136766d9371ef9f628906753002,accidentes_raw_dgt,2026-05-09 20:40:11
2019,Alicante,10,Jueves,13,Travesía,Otro,Choque obstáculo lateral,Buen tiempo,Pleno día,1,0,0,1,2019-10-01,otro,choque obstaculo lateral,buen tiempo,pleno dia,travesia,dcd0ea5b0fea71aa19678a266ac3620df54c68aef9e329a31f969a3862ba9168,accidentes_raw_dgt,2026-05-09 20:40:11
2019,Alicante,10,Lunes,18,Zona interurbana,Vía urbana,Colisión lateral,Buen tiempo,Pleno día,1,0,0,1,2019-10-01,via urbana,colision lateral,buen tiempo,pleno dia,zona interurbana,4fdc8d7d404bc07349ffce4cd89e1086a602d2d0333732a7b0c917314035492d,accidentes_raw_dgt,2026-05-09 20:40:11
2019,Alicante,10,Miércoles,20,Travesía,Otro,Colisión por alcance,Buen tiempo,Se desconoce,2,0,0,2,2019-10-01,otro,colision por alcance,buen tiempo,se desconoce,travesia,7ac7a7fb16bdf38f677eef82fc5b7b9d7ea1666f8cfb9b47ad192569ed09a767,accidentes_raw_dgt,2026-05-09 20:40:11
2019,Alicante,10,Jueves,13,Travesía,Otro,Caída de motociclista,Buen tiempo,Pleno día,1,0,0,1,2019-10-01,otro,caida de motociclista,buen tiempo,pleno dia,travesia,d7827558d408d7af184cf3ab50d6ad7886ee44b67c6a9d0d7beafe3d0c902c85,accidentes_raw_dgt,2026-05-09 20:40:11
2019,Alicante,10,Viernes,8,Zona interurbana,Camino vecinal,Colisión frontolateral,Buen tiempo,Pleno día,1,0,0,1,2019-10-01,camino vecinal,colision frontolateral,buen tiempo,pleno dia,zona interurbana,dba91922f9ead2a8d951740946e74c55d9cc71424f7c6cfff81d4c7ffcdd480f,accidentes_raw_dgt,2026-05-09 20:40:11
2019,Alicante,10,Martes,21,Travesía,Otro,Choque obstáculo lateral,Buen tiempo,Noche sin iluminación,1,0,0,1,2019-10-01,otro,choque obstaculo lateral,buen tiempo,noche sin iluminacion,travesia,976d5deeab73696c64139c0ae7f4aea96eb7312bac9d8a632575d37a658c8a6d,accidentes_raw_dgt,2026-05-09 20:40:11
2019,Alicante,10,Viernes,10,Travesía,Otro,Choque obstáculo lateral,Buen tiempo,Pleno día,2,0,0,2,2019-10-01,otro,choque obstaculo lateral,buen tiempo,pleno dia,travesia,46957db596ec41cc39bbfe0083740a488c59970b13e4b39e7937edb518696e3b,accidentes_raw_dgt,2026-05-09 20:40:11
2019,Alicante,9,Miércoles,18,Travesía,Otro,Colisión por alcance,Buen tiempo,Pleno día,1,0,0,1,2019-09-01,otro,colision por alcance,buen tiempo,pleno dia,travesia,144dc53d5dff011b70e273ff282f86c2976c8268811315f548ae013705941ba8,accidentes_raw_dgt,2026-05-09 20:40:11
2019,Alicante,10,Martes,6,Travesía,Otro,Colisión frontolateral,Buen tiempo,Se desconoce,1,0,1,0,2019-10-01,otro,colision frontolateral,buen tiempo,se desconoce,travesia,cba8e6252ab5d5b8b2f060b8a5d59087aff6254cd9f0f3baf902a22817afcff7,accidentes_raw_dgt,2026-05-09 20:40:11
2019,Alicante,10,Sábado,12,Travesía,Otro,Colisión lateral,Buen tiempo,Pleno día,1,0,0,1,2019-10-01,otro,colision lateral,buen tiempo,pleno dia,travesia,73e7f3f802b0e91918289aaf046a099d54e2d1dd1143d3de75d61b676ed81954,accidentes_raw_dgt,2026-05-09 20:40:11
2019,Alicante,10,Martes,7,Zona interurbana,Vía urbana,Colisión frontal,Buen tiempo,Se desconoce,2,0,0,2,2019-10-01,via urbana,colision frontal,buen tiempo,se desconoce,zona interurbana,61d8c465a85f889fd0d3a1d9d243dfa3fd2ef0282bc59b36499ccc63d92c1b47,accidentes_raw_dgt,2026-05-09 20:40:11
2019,Alicante,10,Domingo,10,Travesía,Travesía,Colisión frontolateral,Buen tiempo,Pleno día,1,0,0,1,2019-10-01,travesia,colision frontolateral,buen tiempo,pleno dia,travesia,a0a5df5022dc9c2fc77a391c090e6025de8801366bc5d4c0a9a39df44fe0c7c5,accidentes_raw_dgt,2026-05-09 20:40:11
2019,Alicante,10,Martes,15,Zona interurbana,Calle,Salida vía izquierda,Granizo,Pleno día,2,0,1,0,2019-10-01,calle,salida via izquierda,granizo,pleno dia,zona interurbana,9d73bfb92adaebaa346e5c12db11ce0bf0dc5ae059677dcec5198d7302d32493,accidentes_raw_dgt,2026-05-09 20:40:11
2019,Alicante,8,Martes,11,Travesía,Otro,Colisión por alcance,Buen tiempo,Pleno día,1,0,0,1,2019-08-01,otro,colision por alcance,buen tiempo,pleno dia,travesia,9335bcf86fc2a92e06c1e41ca48a120b1f2e3285e274aa4136ca8e6201ba0eee,accidentes_raw_dgt,2026-05-09 20:40:11
2019,Alicante,10,Jueves,9,Travesía,Otro,Choque obstáculo lateral,Buen tiempo,Pleno día,1,0,0,1,2019-10-01,otro,choque obstaculo lateral,buen tiempo,pleno dia,travesia,c7416a96f9f2180e5c9654a4cc1adba6318590083442df72cabe02cacc813719,accidentes_raw_dgt,2026-05-09 20:40:11
2019,Alicante,10,Miércoles,18,Travesía,Otro,Colisión por alcance,Buen tiempo,Pleno día,1,0,0,1,2019-10-01,otro,colision por alcance,buen tiempo,pleno dia,travesia,6749ccd704f8c8bfe84093c1ac87c1d39898cd313f30f165416cd948bfaf9c28,accidentes_raw_dgt,2026-05-09 20:40:11
2019,Alicante,10,Viernes,15,Travesía,Otro,Colisión frontolateral,Buen tiempo,Pleno día,1,0,0,1,2019-10-01,otro,colision frontolateral,buen tiempo,pleno dia,travesia,92a7194ae5db4ecb83f724e83d0d50b3c216561849b48f4d60946b3b0a301a3a,accidentes_raw_dgt,2026-05-09 20:40:11
2019,Alicante,10,Miércoles,14,Travesía,Otro,Colisión lateral,Buen tiempo,Pleno día,1,0,0,1,2019-10-01,otro,colision lateral,buen tiempo,pleno dia,travesia,2ffb714522d67ca2d1a34af7e9d97d3a95df73ba618ff2e2071194f7b790cb74,accidentes_raw_dgt,2026-05-09 20:40:11
2019,Alicante,8,Miércoles,15,Travesía,Otro urbano,Colisión frontolateral,Buen tiempo,Pleno día,1,0,0,1,2019-08-01,otro urbano,colision frontolateral,buen tiempo,pleno dia,travesia,69faa6aa09a3c7446c7d3eafbd371d1b8dc8b35586718e49de86bd71a708f8cc,accidentes_raw_dgt,2026-05-09 20:40:11
2019,Alicante,10,Miércoles,17,Zona interurbana,Vía convencional,Colisión múltiple,Lluvia,Pleno día,4,0,0,4,2019-10-01,via convencional,colision multiple,lluvia,pleno dia,zona interurbana,2eae7050dee6b6743c955b1f78039e161fb379440b3640d66eb673343f9e20c7,accidentes_raw_dgt,2026-05-09 20:40:11
2019,Alicante,10,Martes,17,Travesía,Otro,Colisión frontolateral,Buen tiempo,Pleno día,1,0,0,1,2019-10-01,otro,colision frontolateral,buen tiempo,pleno dia,travesia,d5b5fab21d68556e2afbb7131dfc729b65f8cc3efd27115f74a0a0ce0657b3fe,accidentes_raw_dgt,2026-05-09 20:40:11
2019,Alicante,8,Jueves,14,Travesía,Otro,Colisión frontolateral,Buen tiempo,Pleno día,1,0,0,1,2019-08-01,otro,colision frontolateral,buen tiempo,pleno dia,travesia,5d1a8659abe2b8e0ed3b158d746fe06bd5bd12f4520ff900a835cdb76ae75ef5,accidentes_raw_dgt,2026-05-09 20:40:11
2019,Alicante,8,Martes,20,Travesía,Otro,Colisión frontolateral,Buen tiempo,Pleno día,1,0,0,1,2019-08-01,otro,colision frontolateral,buen tiempo,pleno dia,travesia,ca0f11ca98da8843c3ceaa6af48e7c9389e52f0f056f4e75f904a7888b71ed9f,accidentes_raw_dgt,2026-05-09 20:40:11
2019,Alicante,9,Viernes,13,Travesía,Otro,Colisión frontolateral,Buen tiempo,Pleno día,1,0,0,1,2019-09-01,otro,colision frontolateral,buen tiempo,pleno dia,travesia,5119e090c80757fec3c9f1dca46e3481688fed2fea905db0af7994857abb92a6,accidentes_raw_dgt,2026-05-09 20:40:11
2019,Alicante,10,Martes,9,Travesía,Otro,Choque obstáculo lateral,Granizo,Pleno día,1,0,0,1,2019-10-01,otro,choque obstaculo lateral,granizo,pleno dia,travesia,5b4202c5f7f05694ef3edcff5efc97f539e1b55db2f1bd2fb826099833eb1731,accidentes_raw_dgt,2026-05-09 20:40:11
2019,Alicante,10,Lunes,7,Zona interurbana,Vía urbana,Animal en calzada,Buen tiempo,Noche ilum. insuficiente,1,0,0,1,2019-10-01,via urbana,animal en calzada,buen tiempo,noche ilum. insuficiente,zona interurbana,59f6c59d4e41b4a773ee9861eef9903a8ccab77bca9875573f5b971eebff5b91,accidentes_raw_dgt,2026-05-09 20:40:11
2019,Alicante,10,Martes,7,Zona interurbana,Camino vecinal,Colisión frontolateral,Nieve,Amanecer/Anochecer,1,0,0,1,2019-10-01,camino vecinal,colision frontolateral,nieve,amanecer/anochecer,zona interurbana,29c550b073ecb595e495821099fbb544bf151601b0139b02340d650417411ed6,accidentes_raw_dgt,2026-05-09 20:40:11
2019,Alicante,10,Miércoles,8,Travesía,Otro,Choque obstáculo lateral,Buen tiempo,Pleno día,1,0,0,1,2019-10-01,otro,choque obstaculo lateral,buen tiempo,pleno dia,travesia,2eab8676deafcd2510a31613085a1242fb15f413789aa73787d541aae745818d,accidentes_raw_dgt,2026-05-09 20:40:11
2019,Alicante,10,Viernes,19,Zona interurbana,Vía urbana,Colisión por alcance,Buen tiempo,Amanecer/Anochecer,2,0,0,2,2019-10-01,via urbana,colision por alcance,buen tiempo,amanecer/anochecer,zona interurbana,fdd25b9aeb3d9e6280b54270177d99d06f9a0c8d7fb526d40a9569382ed395b3,accidentes_raw_dgt,2026-05-09 20:40:11
2019,Alicante,10,Jueves,12,Travesía,Otro,Colisión lateral,Buen tiempo,Pleno día,1,0,0,1,2019-10-01,otro,colision lateral,buen tiempo,pleno dia,travesia,6b4dd2d449aa8727c4af08d17825f7d19ce1bd56f0ef42da4e014c058f872bdd,accidentes_raw_dgt,2026-05-09 20:40:11
2019,Alicante,10,Miércoles,8,Travesía,Otro,Colisión frontolateral,Buen tiempo,Pleno día,1,0,0,1,2019-10-01,otro,colision frontolateral,buen tiempo,pleno dia,travesia,ceab64951a30f684b7a84baee51640e96d3fc530f4d275bfc50a0812dc52b0c2,accidentes_raw_dgt,2026-05-09 20:40:11
2019,Alicante,8,Domingo,19,Travesía,Otro urbano,Otro tipo,Buen tiempo,Pleno día,2,0,0,2,2019-08-01,otro urbano,otro tipo,buen tiempo,pleno dia,travesia,959daad7593e37c5ab21d4b54173deb4a203f4071db42803fde47ecba3f0edcd,accidentes_raw_dgt,2026-05-09 20:40:11
2019,Alicante,10,Jueves,15,Travesía,Otro,Colisión frontolateral,Buen tiempo,Pleno día,1,0,0,1,2019-10-01,otro,colision frontolateral,buen tiempo,pleno dia,travesia,b39885a157fd0cbf181d1c17bcc1517638727e04513097d6ddc4c1d51ea5f4b1,accidentes_raw_dgt,2026-05-09 20:40:11
2019,Alicante,10,Viernes,14,Travesía,Otro,Colisión múltiple,Buen tiempo,Pleno día,1,0,0,1,2019-10-01,otro,colision multiple,buen tiempo,pleno dia,travesia,620e9c1f98e4730c1968dd7e14627cdff6689e377fa8ff7d5be4fd3540b57543,accidentes_raw_dgt,2026-05-09 20:40:11
2019,Alicante,10,Miércoles,8,Zona interurbana,Ramal/enlace,Colisión por alcance,Buen tiempo,Pleno día,1,0,0,1,2019-10-01,ramal/enlace,colision por alcance,buen tiempo,pleno dia,zona interurbana,f34b72e14fb250dbedede1c2791e8def1a341d074ea2df3943621d8903e5d508,accidentes_raw_dgt,2026-05-09 20:40:11
2019,Alicante,10,Miércoles,20,Zona interurbana,Vía urbana,Animal en calzada,Buen tiempo,Amanecer/Anochecer,1,0,0,1,2019-10-01,via urbana,animal en calzada,buen tiempo,amanecer/anochecer,zona interurbana,2851eb1b0839402a67f3fc2b4c442d372b22ddb9d78a9ee478d359f4f56c528c,accidentes_raw_dgt,2026-05-09 20:40:11
2019,Alicante,10,Jueves,19,Zona interurbana,Vía convencional,Colisión por alcance,Buen tiempo,Se desconoce,2,0,0,2,2019-10-01,via convencional,colision por alcance,buen tiempo,se desconoce,zona interurbana,c50f690cc8d00710436414bf57d4d0fe5e69e3613d8f757871526e0e6b8da94f,accidentes_raw_dgt,2026-05-09 20:40:11
2019,Alicante,10,Jueves,11,Travesía,Otro,Colisión por alcance,Buen tiempo,Pleno día,1,0,0,1,2019-10-01,otro,colision por alcance,buen tiempo,pleno dia,travesia,38177ec3e146433b450677ef816a17a165fe98bf67db2cd1007d664f660213c3,accidentes_raw_dgt,2026-05-09 20:40:11
2019,Alicante,8,Jueves,13,Travesía,Otro,Colisión por alcance,Buen tiempo,Pleno día,1,0,0,1,2019-08-01,otro,colision por alcance,buen tiempo,pleno dia,travesia,74f71382d09d6d1ae00872640b9aee7db0e5036d96a7ef5a2ab52ec7f9b132ca,accidentes_raw_dgt,2026-05-09 20:40:11
2019,Alicante,10,Lunes,21,Travesía,Otro,Colisión múltiple,Lluvia,Noche sin iluminación,4,0,0,4,2019-10-01,otro,colision multiple,lluvia,noche sin iluminacion,travesia,9f1852598c61072889b49e34db410d0fd1b1af29332186bfe169fe81546e47d4,accidentes_raw_dgt,2026-05-09 20:40:11
2019,Alicante,10,Domingo,2,Zona interurbana,Vía urbana,Colisión por alcance,Buen tiempo,Se desconoce,1,0,0,1,2019-10-01,via urbana,colision por alcance,buen tiempo,se desconoce,zona interurbana,098ce5419c70dd06d0914b80a5b8a4583818d7fa0f336b32922e4be472036f99,accidentes_raw_dgt,2026-05-09 20:40:11
2019,Alicante,10,Viernes,10,Travesía,Otro,Colisión lateral,Buen tiempo,Pleno día,1,0,0,1,2019-10-01,otro,colision lateral,buen tiempo,pleno dia,travesia,204d81c4117dbac5c017e564a6496d430f0b5e827da2bc57e6efca7c944cd380,accidentes_raw_dgt,2026-05-09 20:40:11
2019,Alicante,10,Jueves,19,Travesía,Otro,Colisión frontolateral,Buen tiempo,Amanecer/Anochecer,1,0,0,1,2019-10-01,otro,colision frontolateral,buen tiempo,amanecer/anochecer,travesia,53e38ea20dcd0179a28f542304fceea1e2e36d00a8b31bb2dd7b0af44bd5765e,accidentes_raw_dgt,2026-05-09 20:40:11
2019,Alicante,10,Jueves,13,Travesía,Otro,Colisión frontolateral,Buen tiempo,Pleno día,1,0,0,1,2019-10-01,otro,colision frontolateral,buen tiempo,pleno dia,travesia,a7a057f8baea8970e940cec1bfc35ca3fc9a4f934570157178ef3aed98b7ad6a,accidentes_raw_dgt,2026-05-09 20:40:11
2019,Alicante,10,Domingo,7,Zona interurbana,Vía urbana,Colisión por alcance,Buen tiempo,Pleno día,1,0,0,1,2019-10-01,via urbana,colision por alcance,buen tiempo,pleno dia,zona interurbana,4a8ed6268c1741e4d3b85f8e40aeddc34d35a965671eaa5207abd4cdef049d6f,accidentes_raw_dgt,2026-05-09 20:40:11
2019,Alicante,10,Jueves,10,Travesía,Otro,Colisión frontolateral,Buen tiempo,Pleno día,1,0,0,1,2019-10-01,otro,colision frontolateral,buen tiempo,pleno dia,travesia,0f152670cb49ba15131d115d54f5ebff316d9adfeec7e44c66eb860b343786e1,accidentes_raw_dgt,2026-05-09 20:40:11
2019,Alicante,10,Martes,17,Travesía,Otro,Colisión por alcance,Buen tiempo,Pleno día,1,0,0,1,2019-10-01,otro,colision por alcance,buen tiempo,pleno dia,travesia,fe6340be87fd5e43b7f0cac5741e76205dd69a68b2024fda16c696848a720f7a,accidentes_raw_dgt,2026-05-09 20:40:11
2019,Alicante,10,Viernes,9,Travesía,Otro,Colisión lateral,Buen tiempo,Pleno día,1,0,0,1,2019-10-01,otro,colision lateral,buen tiempo,pleno dia,travesia,1ef3f6149e99629350145bff101bfcef56a55432dcb23affcdc47fa77e91ab40,accidentes_raw_dgt,2026-05-09 20:40:11
2019,Alicante,10,Martes,13,Travesía,Otro,Colisión frontolateral,Granizo,Pleno día,1,0,0,1,2019-10-01,otro,colision frontolateral,granizo,pleno dia,travesia,9a094988ee453389615f0706c2467b3f4ac80ea300d3ba1f20d3698d5f5dbafa,accidentes_raw_dgt,2026-05-09 20:40:11
2019,Alicante,11,Lunes,13,Zona interurbana,Vía urbana,Se desconoce,Buen tiempo,Pleno día,1,0,0,1,2019-11-01,via urbana,se desconoce,buen tiempo,pleno dia,zona interurbana,7b31c40281e40541b60824340375dc4d70b2b8da0ec6c73a0f136a3d13173cf4,accidentes_raw_dgt,2026-05-09 20:40:11
2019,Alicante,11,Domingo,20,Zona interurbana,Vía urbana,Colisión por alcance,Buen tiempo,Se desconoce,2,0,0,2,2019-11-01,via urbana,colision por alcance,buen tiempo,se desconoce,zona interurbana,5d4048cb5ff48fce144b4c51954a898cb5f052f7edf690c2ab175706134f34d9,accidentes_raw_dgt,2026-05-09 20:40:11