AÑO,PROVINCIA,MES,DIA_SEMANA,HORA,ZONA,TIPO_VIA,TIPO_ACCIDENTE,CONDICION_METEO,CONDICION_ILUMINACION,TOTAL_VICTIMAS,FALLECIDOS_24H,HERIDOS_GRAVES,HERIDOS_LEVES,FECHA_ACCIDENTE,TIPO_VIA_NORM,TIPO_ACCIDENTE_NORM,CONDICION_METEO_NORM,CONDICION_ILUMINACION_NORM,ZONA_NORM,ID_ACCIDENTE_HASH,source_id,load_timestamp
2019,Alicante,10,Martes,14,Travesía,Otro,Se desconoce,Granizo,Pleno día,1,0,0,1,2019-10-01,otro,se desconoce,granizo,pleno dia,travesia,abbbff138efe24150ae5c616d0f4c1c7a118ad28f676d524632d46409d21310b,accidentes_raw_dgt,2026-05-09 20:40:11
2019,Alicante,10,Jueves,15,Zona interurbana,Vía convencional,Colisión por alcance,Buen tiempo,Pleno día,1,0,0,1,2019-10-01,via convencional,colision por alcance,buen tiempo,pleno dia,zona interurbana,be1dfca7b57921df356fe39227da629c8ce9d04ea37b7dc109639a2cd99b127a,accidentes_raw_dgt,2026-05-09 20:40:11
2019,Alicante,10,Martes,20,Travesía,Otro,Colisión por alcance,Buen tiempo,Noche sin iluminación,1,0,0,1,2019-10-01,otro,colision por alcance,buen tiempo,noche sin iluminacion,travesia,698eddbc91b225fd427a99e6d0c194e32cb8c99dd4322cb25c5cd52c52184ef2,accidentes_raw_dgt,2026-05-09 20:40:11
2019,Alicante,10,Jueves,18,Travesía,Otro urbano,Choque obstáculo lateral,Buen tiempo,Pleno día,1,0,0,1,2019-10-01,otro urbano,choque obstaculo lateral,buen tiempo,pleno dia,travesia,a762afde67e034ebaa109a994329ccd09efa8676e4fab6ceabb99e119d4d725f,accidentes_raw_dgt,2026-05-09 20:40:11
2019,Alicante,10,Miércoles,9,Travesía,Otro,Choque obstáculo lateral,Buen tiempo,Pleno día,1,0,0,1,2019-10-01,otro,choque obstaculo lateral,buen tiempo,pleno dia,travesia,35df10f0792f231e9495c992eab3dadc3e35fa128cff9a50d6e891d9955b302c,accidentes_raw_dgt,2026-05-09 20:40:11
2019,Alicante,11,Jueves,7,Travesía,Otro,Colisión lateral,Buen tiempo,Noche con iluminación,1,0,0,1,2019-11-01,otro,colision lateral,buen tiempo,noche con iluminacion,travesia,94f802729d9e69d6452eb16a231c6e72ea5e97c31d10878f24d8f888eef88ebb,accidentes_raw_dgt,2026-05-09 20:40:11
2019,Alicante,10,Lunes,7,Travesía,Otro urbano,Colisión frontolateral,Buen tiempo,Se desconoce,1,0,0,1,2019-10-01,otro urbano,colision frontolateral,buen tiempo,se desconoce,travesia,3e3176f322eb4627d86c602d96fe3877d035d2ea66c22feb7f7aeea339cf5530,accidentes_raw_dgt,2026-05-09 20:40:11
2019,Alicante,10,Jueves,18,Travesía,Otro,Colisión frontolateral,Buen tiempo,Noche sin iluminación,2,0,0,2,2019-10-01,otro,colision frontolateral,buen tiempo,noche sin iluminacion,travesia,283fb243c9b850e793642fabf71dc861907f87eaf0033267fe3fee0beb04cc76,accidentes_raw_dgt,2026-05-09 20:40:11
2019,Alicante,11,Sábado,0,Travesía,Otro,Salida vía izquierda,Buen tiempo,Noche sin iluminación,1,0,0,1,2019-11-01,otro,salida via izquierda,buen tiempo,noche sin iluminacion,travesia,2cb8b923f6d897035b2f7d5d73cc0e61690f625cef67ad7cdd39a19428709148,accidentes_raw_dgt,2026-05-09 20:40:11
2019,Alicante,10,Viernes,13,Travesía,Otro,Colisión frontolateral,Buen tiempo,Pleno día,1,0,0,1,2019-10-01,otro,colision frontolateral,buen tiempo,pleno dia,travesia,fdc4dddb01a836f6e221d3718235ac8281d1f38e31d7d93cf5ba7f6934c165ca,accidentes_raw_dgt,2026-05-09 20:40:11
2019,Alicante,11,Martes,11,Travesía,Otro,Animal en calzada,Buen tiempo,Pleno día,1,0,0,1,2019-11-01,otro,animal en calzada,buen tiempo,pleno dia,travesia,6dddd87c9d4fa4b6f609b58e27c4582ed06b9e1ba2d40a0ddd26fc873e1826d7,accidentes_raw_dgt,2026-05-09 20:40:11
2019,Alicante,11,Viernes,9,Travesía,Otro,Salida vía izquierda,Buen tiempo,Pleno día,1,0,0,1,2019-11-01,otro,salida via izquierda,buen tiempo,pleno dia,travesia,fcfe44d0a0769b1a6afa0eea94563a08ade904cab4ba0753201d1f8cb182786b,accidentes_raw_dgt,2026-05-09 20:40:11
2019,Alicante,11,Lunes,10,Travesía,Otro,Colisión frontolateral,Buen tiempo,Pleno día,1,0,0,1,2019-11-01,otro,colision frontolateral,buen tiempo,pleno dia,travesia,183d58f7c3e44c77886cc404b8028e9e57c25e35ebfc189f38f2300733b3a434,accidentes_raw_dgt,2026-05-09 20:40:11
2019,Alicante,10,Miércoles,19,Travesía,Otro,Choque obstáculo calzada,Buen tiempo,Noche con iluminación,1,0,0,1,2019-10-01,otro,choque obstaculo calzada,buen tiempo,noche con iluminacion,travesia,3c2ef1901bee3a4866d68e16de37a270e4f16d166132f14da88b5d0bb5c5a369,accidentes_raw_dgt,2026-05-09 20:40:11
2019,Alicante,11,Jueves,15,Travesía,Otro,Choque obstáculo lateral,Buen tiempo,Pleno día,1,0,0,1,2019-11-01,otro,choque obstaculo lateral,buen tiempo,pleno dia,travesia,b85bf0f7330be07933314afcfc04aa8e8bb33827eb03bdf2f65ff26fd32444f5,accidentes_raw_dgt,2026-05-09 20:40:11
2019,Alicante,10,Viernes,13,Travesía,Otro,Salida vía izquierda,Buen tiempo,Pleno día,1,0,0,1,2019-10-01,otro,salida via izquierda,buen tiempo,pleno dia,travesia,84d133d968520db52e04cb76484e442b6d86a128557f2db2ab3fd28bc2a07d90,accidentes_raw_dgt,2026-05-09 20:40:11
2019,Alicante,11,Martes,15,Travesía,Otro,Colisión por alcance,Buen tiempo,Pleno día,1,0,0,1,2019-11-01,otro,colision por alcance,buen tiempo,pleno dia,travesia,49982c8e082e073b414ede8160c20679bf7432eab323bc981d96cf9205b9cf53,accidentes_raw_dgt,2026-05-09 20:40:11
2019,Alicante,11,Miércoles,11,Travesía,Otro,Choque obstáculo lateral,Buen tiempo,Pleno día,1,0,0,1,2019-11-01,otro,choque obstaculo lateral,buen tiempo,pleno dia,travesia,354a29c28b8f14855a2032bd5ba5f332b12fe384b3261e443ab836a80cfc58fc,accidentes_raw_dgt,2026-05-09 20:40:11
2019,Alicante,10,Miércoles,9,Travesía,Otro,Colisión lateral,Buen tiempo,Pleno día,1,0,0,1,2019-10-01,otro,colision lateral,buen tiempo,pleno dia,travesia,83f317efec40450fbf5f5364df1e69e2344c0920aae75dc9da4b1d89e7b81b3f,accidentes_raw_dgt,2026-05-09 20:40:11
2019,Alicante,11,Jueves,12,Travesía,Otro,Colisión frontolateral,Lluvia,Pleno día,2,0,0,2,2019-11-01,otro,colision frontolateral,lluvia,pleno dia,travesia,078468f27b81b84b5e85e5f3dbdf83b3dcef5b8c7615c43a905de2853254c0cb,accidentes_raw_dgt,2026-05-09 20:40:11
2019,Alicante,11,Jueves,10,Travesía,Otro,Colisión frontolateral,Lluvia,Pleno día,1,0,0,1,2019-11-01,otro,colision frontolateral,lluvia,pleno dia,travesia,a96fe578bd6bfa165bbce01f5117e978e5777e4552a4373615d3786ee49574e8,accidentes_raw_dgt,2026-05-09 20:40:11
2019,Alicante,10,Lunes,9,Travesía,Otro,Choque obstáculo lateral,Buen tiempo,Pleno día,1,0,0,1,2019-10-01,otro,choque obstaculo lateral,buen tiempo,pleno dia,travesia,59c260251c827eeac4d2db040006b34bc4a1bee4f128c0c083a0a48cf945e9cd,accidentes_raw_dgt,2026-05-09 20:40:11
2019,Alicante,11,Jueves,11,Travesía,Otro,Colisión frontolateral,Buen tiempo,Pleno día,1,0,0,1,2019-11-01,otro,colision frontolateral,buen tiempo,pleno dia,travesia,8e690b5f73876692494576ad7fe9842af66e5d2ad2809ae42d1db67c3b2299de,accidentes_raw_dgt,2026-05-09 20:40:11
2019,Alicante,11,Sábado,10,Travesía,Otro,Colisión frontolateral,Buen tiempo,Pleno día,1,0,0,1,2019-11-01,otro,colision frontolateral,buen tiempo,pleno dia,travesia,b3b130b344c28e52c7bd5347314547502cb39fec8ea539a78087539c236c6501,accidentes_raw_dgt,2026-05-09 20:40:11
2019,Alicante,11,Lunes,15,Travesía,Otro,Colisión por alcance,Lluvia,Pleno día,1,0,0,1,2019-11-01,otro,colision por alcance,lluvia,pleno dia,travesia,c7d86cb26af8d4344b7d1fc85fe37600940312901528d0977702f129cddf49ff,accidentes_raw_dgt,2026-05-09 20:40:11
2019,Alicante,11,Viernes,20,Zona interurbana,Vía urbana,Salida vía izquierda,Granizo,Se desconoce,1,0,0,1,2019-11-01,via urbana,salida via izquierda,granizo,se desconoce,zona interurbana,46008e02d0ac39b1a34c8b47375f3e23cdbccfcc06d833f972131f874558bfe2,accidentes_raw_dgt,2026-05-09 20:40:11
2019,Alicante,11,Jueves,8,Zona interurbana,Camino vecinal,Colisión lateral,Buen tiempo,Pleno día,1,0,0,1,2019-11-01,camino vecinal,colision lateral,buen tiempo,pleno dia,zona interurbana,3157fb5efb99f26b67b76b54bc8cc16b8d9e3d905a7ef8af0e01042083a08b2d,accidentes_raw_dgt,2026-05-09 20:40:11
2019,Alicante,11,Viernes,8,Zona interurbana,Vía convencional,Colisión por alcance,Lluvia,Pleno día,2,0,0,2,2019-11-01,via convencional,colision por alcance,lluvia,pleno dia,zona interurbana,7da08b799010a8dd3e6071ef53cd8f52049187881fbb381b6dfe33bba5a8f8f0,accidentes_raw_dgt,2026-05-09 20:40:11
2019,Alicante,11,Miércoles,17,Zona interurbana,Camino vecinal,Colisión frontolateral,Buen tiempo,Noche con iluminación,3,0,0,3,2019-11-01,camino vecinal,colision frontolateral,buen tiempo,noche con iluminacion,zona interurbana,fcd3ea094503446af61291a741292e480275f1f5c9f4660ebcf885880a2109fe,accidentes_raw_dgt,2026-05-09 20:40:11
2019,Alicante,11,Jueves,18,Travesía,Otro,Animal en calzada,Buen tiempo,Noche sin iluminación,1,0,0,1,2019-11-01,otro,animal en calzada,buen tiempo,noche sin iluminacion,travesia,32ec692a60618d8c17a808fbad9c27d4e5450c56fadbb7dab4f4af0fcb69a0d4,accidentes_raw_dgt,2026-05-09 20:40:11
2019,Alicante,11,Jueves,15,Travesía,Otro,Colisión frontolateral,Buen tiempo,Pleno día,2,0,0,2,2019-11-01,otro,colision frontolateral,buen tiempo,pleno dia,travesia,59ae69c1396f69953e89161299ffc52437f1cbc2f36b6a50273e505ef4f9f51a,accidentes_raw_dgt,2026-05-09 20:40:11
2019,Alicante,11,Lunes,10,Travesía,Otro,Colisión por alcance,Buen tiempo,Pleno día,2,0,0,2,2019-11-01,otro,colision por alcance,buen tiempo,pleno dia,travesia,b92a65abeeab7f4ac08564e073d6c58e397b71c1042d9da8ba44ea2ab67dc005,accidentes_raw_dgt,2026-05-09 20:40:11
2019,Alicante,11,Lunes,21,Travesía,Otro,Choque obstáculo lateral,Buen tiempo,Noche sin iluminación,1,0,0,1,2019-11-01,otro,choque obstaculo lateral,buen tiempo,noche sin iluminacion,travesia,17ca7a51731ce6cc476b8489466d798ea3453da2adb070fba6f6c1ed516f9cd1,accidentes_raw_dgt,2026-05-09 20:40:11
2019,Alicante,12,Domingo,3,Zona interurbana,Vía convencional,Salida vía izquierda,Buen tiempo,Noche sin iluminación,1,0,0,1,2019-12-01,via convencional,salida via izquierda,buen tiempo,noche sin iluminacion,zona interurbana,87e9749e8d854ca23563513c20cd0a38e8838109869e44c888f271bf751a3785,accidentes_raw_dgt,2026-05-09 20:40:11
2019,Alicante,11,Viernes,18,Travesía,Otro,Choque obstáculo calzada,Granizo,Noche sin iluminación,1,0,0,1,2019-11-01,otro,choque obstaculo calzada,granizo,noche sin iluminacion,travesia,9578b0e4a27925b100bc300d2ffba290491236782026b4aaaac51db0465151ae,accidentes_raw_dgt,2026-05-09 20:40:11
2019,Alicante,10,Lunes,21,Travesía,Otro,Colisión frontolateral,Buen tiempo,Noche sin iluminación,1,0,0,1,2019-10-01,otro,colision frontolateral,buen tiempo,noche sin iluminacion,travesia,0ea9ede75763223559ab443f2adad3e4bf0d891a11caab7462ef09745c80ff17,accidentes_raw_dgt,2026-05-09 20:40:11
2019,Alicante,11,Miércoles,14,Travesía,Otro,Colisión por alcance,Buen tiempo,Pleno día,2,0,0,2,2019-11-01,otro,colision por alcance,buen tiempo,pleno dia,travesia,d67e8edaa3a287c321163d4b811632efd7829cee946ff0d10a419ac2de0c3539,accidentes_raw_dgt,2026-05-09 20:40:11
2019,Alicante,8,Viernes,19,Travesía,Otro,Colisión lateral,Buen tiempo,Amanecer/Anochecer,1,0,0,1,2019-08-01,otro,colision lateral,buen tiempo,amanecer/anochecer,travesia,c5f40d3880b454c1ce659a90498c579f03173ccfdce038599d4a5c2440b30616,accidentes_raw_dgt,2026-05-09 20:40:11
2019,Alicante,11,Jueves,20,Travesía,Otro,Colisión frontolateral,Buen tiempo,Noche sin iluminación,1,0,0,1,2019-11-01,otro,colision frontolateral,buen tiempo,noche sin iluminacion,travesia,1e3a2d08ecda783f18364e05d0e8472b61bbfa9bfabf6ab681cba42a8d9ff418,accidentes_raw_dgt,2026-05-09 20:40:11
2019,Alicante,11,Lunes,17,Travesía,Otro,Colisión frontolateral,Buen tiempo,Amanecer/Anochecer,1,0,0,1,2019-11-01,otro,colision frontolateral,buen tiempo,amanecer/anochecer,travesia,24f0a8fb44e42779d4dee2fdb81273a6730d5f374745e3cae4556c637d466e76,accidentes_raw_dgt,2026-05-09 20:40:11
2019,Alicante,12,Martes,18,Travesía,Otro,Colisión frontolateral,Granizo,Pleno día,1,0,0,1,2019-12-01,otro,colision frontolateral,granizo,pleno dia,travesia,5728c992e0c03fa48754a8636ffb192f1e2aa23f20be242c290d5eefd9b80182,accidentes_raw_dgt,2026-05-09 20:40:11
2019,Alicante,11,Martes,21,Travesía,Otro,Colisión por alcance,Lluvia,Noche sin iluminación,1,0,0,1,2019-11-01,otro,colision por alcance,lluvia,noche sin iluminacion,travesia,b26ac45aca5d09d6a563f169df1cba8b19156c70f1bf2912ca980d6aaef55990,accidentes_raw_dgt,2026-05-09 20:40:11
2019,Alicante,11,Miércoles,11,Zona interurbana,Vía convencional,Animal en calzada,Buen tiempo,Pleno día,1,0,0,1,2019-11-01,via convencional,animal en calzada,buen tiempo,pleno dia,zona interurbana,2fac394011e7d326f9c7ff5e532316be43ce2e7d88b4f1377f585e8c8c083672,accidentes_raw_dgt,2026-05-09 20:40:11
2019,Alicante,11,Domingo,19,Zona interurbana,Camino vecinal,Animal en calzada,Buen tiempo,Se desconoce,2,0,0,2,2019-11-01,camino vecinal,animal en calzada,buen tiempo,se desconoce,zona interurbana,b98f7dad337a57c1b9bdb2e054ef47a059b1a5a4e7587274925c090137b5436a,accidentes_raw_dgt,2026-05-09 20:40:11
2019,Alicante,11,Miércoles,14,Zona interurbana,Vía urbana,Colisión por alcance,Buen tiempo,Pleno día,1,0,0,1,2019-11-01,via urbana,colision por alcance,buen tiempo,pleno dia,zona interurbana,4abe558a726429ea791417c1a379faf2aa83ec9089e2b15668cf76a9e2a1c9a2,accidentes_raw_dgt,2026-05-09 20:40:11
2019,Alicante,12,Domingo,18,Zona interurbana,Vía convencional,Colisión por alcance,Buen tiempo,Se desconoce,1,0,0,1,2019-12-01,via convencional,colision por alcance,buen tiempo,se desconoce,zona interurbana,5b23e77bcbfd48044a8bd56f7689fc325f309690072fe25a5dfe11af0062a130,accidentes_raw_dgt,2026-05-09 20:40:11
2019,Alicante,12,Sábado,16,Zona interurbana,Vía convencional,Animal en calzada,Buen tiempo,Pleno día,1,0,0,1,2019-12-01,via convencional,animal en calzada,buen tiempo,pleno dia,zona interurbana,587887b1f664c61a994f9e4cbf72e138f42d54d4d0e95a1722f3d5b304d46049,accidentes_raw_dgt,2026-05-09 20:40:11
2019,Alicante,12,Lunes,14,Zona interurbana,Vía urbana,Colisión por alcance,Buen tiempo,Pleno día,1,0,0,1,2019-12-01,via urbana,colision por alcance,buen tiempo,pleno dia,zona interurbana,ae8502b547dea0285938b80c225004b2bae4893f1fd22d195d4e72bb13c20d81,accidentes_raw_dgt,2026-05-09 20:40:11
2019,Alicante,12,Domingo,20,Zona interurbana,Vía convencional,Colisión lateral,Buen tiempo,Se desconoce,1,0,0,1,2019-12-01,via convencional,colision lateral,buen tiempo,se desconoce,zona interurbana,c5309ec2caf7b6699ceef86b1c46f72e9fbbdbc22a431dc61407d3aee2b831f2,accidentes_raw_dgt,2026-05-09 20:40:11
2019,Alicante,12,Domingo,10,Zona interurbana,Vía urbana,Animal en calzada,Buen tiempo,Pleno día,1,0,0,1,2019-12-01,via urbana,animal en calzada,buen tiempo,pleno dia,zona interurbana,f35bdfbc3b7e089ee8a84c2684deb1f5c96732895d79086eb8fa0458742a469d,accidentes_raw_dgt,2026-05-09 20:40:11
2019,Alicante,12,Miércoles,14,Zona interurbana,Vía urbana,Colisión por alcance,Buen tiempo,Pleno día,3,0,0,3,2019-12-01,via urbana,colision por alcance,buen tiempo,pleno dia,zona interurbana,784818021864dcfd07659616848650cd479d6efe957ad39e01203467646b2b58,accidentes_raw_dgt,2026-05-09 20:40:11
2019,Alicante,12,Martes,15,Zona interurbana,Vía convencional,Colisión por alcance,Buen tiempo,Pleno día,2,0,0,2,2019-12-01,via convencional,colision por alcance,buen tiempo,pleno dia,zona interurbana,2b3acf19e8b26365c1737c877fa4268f327313404addfa42d430efd6a52b27ce,accidentes_raw_dgt,2026-05-09 20:40:11
2019,Alicante,12,Domingo,15,Zona interurbana,Vía urbana,Colisión por alcance,Buen tiempo,Pleno día,1,0,0,1,2019-12-01,via urbana,colision por alcance,buen tiempo,pleno dia,zona interurbana,b8d9bdf6adecc293a1437b40318f08b2bff579bf66d53790125381f05e7bf191,accidentes_raw_dgt,2026-05-09 20:40:11
2019,Alicante,12,Domingo,6,Zona interurbana,Vía urbana,Se desconoce,Buen tiempo,Se desconoce,1,0,0,1,2019-12-01,via urbana,se desconoce,buen tiempo,se desconoce,zona interurbana,580d98a707e0600eb322dbe7480f07486eeadeb5f8e992b8c4ad94ac3fe319de,accidentes_raw_dgt,2026-05-09 20:40:11
2019,Alicante,12,Viernes,20,Zona interurbana,Vía urbana,Otro tipo,Granizo,Se desconoce,1,0,0,1,2019-12-01,via urbana,otro tipo,granizo,se desconoce,zona interurbana,f0ca4b323465b546b3fef334d0c953be41ae99f1ea4b7fc3c7d3d2da01356bdc,accidentes_raw_dgt,2026-05-09 20:40:11
2019,Alicante,12,Viernes,23,Zona interurbana,Vía convencional,Otro tipo,Lluvia,Se desconoce,2,0,0,2,2019-12-01,via convencional,otro tipo,lluvia,se desconoce,zona interurbana,a16c79f3a7142b2bc9f89e0d9dd10cee5bac9a14ed22fccaf56450a3079633b9,accidentes_raw_dgt,2026-05-09 20:40:11
2019,Alicante,12,Martes,9,Zona interurbana,Camino vecinal,Colisión lateral,Buen tiempo,Pleno día,1,0,0,1,2019-12-01,camino vecinal,colision lateral,buen tiempo,pleno dia,zona interurbana,e118593a973128c94bc41a745379e4d30ec2297fa155f599911595b32362991d,accidentes_raw_dgt,2026-05-09 20:40:11
2019,Alicante,1,Jueves,20,Travesía,Otro,Colisión lateral,Buen tiempo,Noche sin iluminación,2,0,0,2,2019-01-01,otro,colision lateral,buen tiempo,noche sin iluminacion,travesia,26a020fdeb929b63b99ce0c66a95dec62364d84b3be7647b8453a0dbdce8d550,accidentes_raw_dgt,2026-05-09 20:40:11
2019,Alicante,1,Miércoles,19,Travesía,Otro,Choque obstáculo lateral,Buen tiempo,Noche sin iluminación,1,0,0,1,2019-01-01,otro,choque obstaculo lateral,buen tiempo,noche sin iluminacion,travesia,2c903ae837b047fdb5399bcc8883342ab398b868315d5c83e63d06f5c49efa1d,accidentes_raw_dgt,2026-05-09 20:40:11
2019,Alicante,1,Lunes,10,Zona interurbana,Vía urbana,Colisión frontolateral,Buen tiempo,Pleno día,2,0,0,2,2019-01-01,via urbana,colision frontolateral,buen tiempo,pleno dia,zona interurbana,835f73e38b615d9b23e39151d7d0d77bb9be1fb25acb78b88ba17e94308b7d4a,accidentes_raw_dgt,2026-05-09 20:40:11
2019,Alicante,2,Domingo,18,Travesía,Otro,Colisión frontolateral,Buen tiempo,Pleno día,1,0,0,1,2019-02-01,otro,colision frontolateral,buen tiempo,pleno dia,travesia,429711e69fb731f0b06907059c076294ea19916e444961261423f7ba69a747fb,accidentes_raw_dgt,2026-05-09 20:40:11
2019,Alicante,2,Jueves,17,Travesía,Otro,Choque obstáculo lateral,Buen tiempo,Amanecer/Anochecer,1,0,0,1,2019-02-01,otro,choque obstaculo lateral,buen tiempo,amanecer/anochecer,travesia,1fd60831ce3eb289d94ce946cffd7b7ecfa869f9343957401c76c454ab95c9d3,accidentes_raw_dgt,2026-05-09 20:40:11
2019,Alicante,2,Lunes,15,Travesía,Otro,Animal en calzada,Buen tiempo,Pleno día,1,0,0,1,2019-02-01,otro,animal en calzada,buen tiempo,pleno dia,travesia,e21a6e2714f15b13083fff18c9d56c5b8f47af99c28f158e804dd9237192a070,accidentes_raw_dgt,2026-05-09 20:40:11
2019,Alicante,2,Sábado,17,Zona interurbana,Vía urbana,Caída de motociclista,Buen tiempo,Pleno día,2,0,0,2,2019-02-01,via urbana,caida de motociclista,buen tiempo,pleno dia,zona interurbana,87d8e3aa624e9deb114ae038ec5c7c6cd2d4f0141586ca93e4b87fc75c67eef7,accidentes_raw_dgt,2026-05-09 20:40:11
2019,Alicante,3,Sábado,10,Travesía,Otro,Choque obstáculo lateral,Buen tiempo,Pleno día,1,0,0,1,2019-03-01,otro,choque obstaculo lateral,buen tiempo,pleno dia,travesia,9173ca4982b52803f4ab61d20462f3ef7e8c1ad493a384fb1e7065bea1a8631e,accidentes_raw_dgt,2026-05-09 20:40:11
2019,Alicante,3,Miércoles,7,Travesía,Otro,Colisión frontolateral,Buen tiempo,Pleno día,1,0,0,1,2019-03-01,otro,colision frontolateral,buen tiempo,pleno dia,travesia,9ca5e9b3a5cce0e6d3c7cbfc4884a57c9d9118cf901a16196d270765014bb7de,accidentes_raw_dgt,2026-05-09 20:40:11
2019,Alicante,3,Viernes,15,Travesía,Otro,Colisión por alcance,Buen tiempo,Pleno día,1,0,0,1,2019-03-01,otro,colision por alcance,buen tiempo,pleno dia,travesia,ed73cc77ea29bbb0ce4907cc5fe3bc0ecb8114b495b2a0a4a3140f562aba6d0f,accidentes_raw_dgt,2026-05-09 20:40:11
2019,Alicante,4,Martes,15,Travesía,Otro,Colisión por alcance,Lluvia,Pleno día,3,0,0,3,2019-04-01,otro,colision por alcance,lluvia,pleno dia,travesia,aff4b5855447e95d8af83a24048c3f3e2320be9f5dde915ba81015e18802e0b2,accidentes_raw_dgt,2026-05-09 20:40:11
2019,Alicante,4,Viernes,21,Travesía,Otro,Colisión frontolateral,Nieve,Noche sin iluminación,1,0,0,1,2019-04-01,otro,colision frontolateral,nieve,noche sin iluminacion,travesia,617c14bb6cfaff0ae12cdcfa89bffa353217611d62c53120b8c5473b5acf4581,accidentes_raw_dgt,2026-05-09 20:40:11
2019,Alicante,4,Viernes,13,Travesía,Otro,Colisión múltiple,Granizo,Pleno día,1,0,0,1,2019-04-01,otro,colision multiple,granizo,pleno dia,travesia,bd7f4d53f4b1c920bc3e1cc023bc47005296479a6df29fd5ccd65d152d266660,accidentes_raw_dgt,2026-05-09 20:40:11
2019,Alicante,4,Domingo,13,Zona interurbana,Vía convencional,Colisión múltiple,Granizo,Pleno día,1,0,0,1,2019-04-01,via convencional,colision multiple,granizo,pleno dia,zona interurbana,b0c5d24fdb7a3a0a9828757ef2f12c9f9205a754c10e312b30da29ca4a21a912,accidentes_raw_dgt,2026-05-09 20:40:11
2019,Alicante,5,Jueves,20,Travesía,Otro,Colisión por alcance,Buen tiempo,Pleno día,1,0,1,0,2019-05-01,otro,colision por alcance,buen tiempo,pleno dia,travesia,76c9d56531b032e8416e7e9a6235618a712a19f7edfcfd310f2a551e937124db,accidentes_raw_dgt,2026-05-09 20:40:11
2019,Alicante,5,Viernes,17,Travesía,Otro,Se desconoce,Buen tiempo,Pleno día,1,1,0,0,2019-05-01,otro,se desconoce,buen tiempo,pleno dia,travesia,8a9745162300f3c10294fd3df86ed83be7eae647f61dcdc3881d5c85158fe8ce,accidentes_raw_dgt,2026-05-09 20:40:11
2019,Alicante,5,Jueves,11,Travesía,Otro,Choque obstáculo lateral,Buen tiempo,Pleno día,2,0,1,1,2019-05-01,otro,choque obstaculo lateral,buen tiempo,pleno dia,travesia,5c7a722d8d8f97d6d923396f673c15bab9722658cbe5ab24438a3ddadde5403f,accidentes_raw_dgt,2026-05-09 20:40:11
2019,Alicante,5,Martes,19,Travesía,Otro,Choque obstáculo lateral,Buen tiempo,Amanecer/Anochecer,1,0,0,1,2019-05-01,otro,choque obstaculo lateral,buen tiempo,amanecer/anochecer,travesia,7ca2552ffd0e38deee9b22af6d3e8ce9fe88ec88162469b02602ff64cc41d2a6,accidentes_raw_dgt,2026-05-09 20:40:11
2019,Alicante,5,Viernes,17,Travesía,Otro,Choque obstáculo lateral,Buen tiempo,Pleno día,1,0,0,1,2019-05-01,otro,choque obstaculo lateral,buen tiempo,pleno dia,travesia,6fd17db7943ea6ed4569e5272090892c9e84190433de7ce786c279f0ae01f8d7,accidentes_raw_dgt,2026-05-09 20:40:11
2019,Alicante,6,Martes,14,Travesía,Otro,Colisión lateral,Buen tiempo,Pleno día,1,0,0,1,2019-06-01,otro,colision lateral,buen tiempo,pleno dia,travesia,ed4f9ab58560a9b791e8ac36ccbba1126c8f6dd5010d18c31c74b0ddead6b5a8,accidentes_raw_dgt,2026-05-09 20:40:11
2019,Alicante,5,Martes,11,Travesía,Otro,Choque obstáculo lateral,Buen tiempo,Pleno día,1,0,0,1,2019-05-01,otro,choque obstaculo lateral,buen tiempo,pleno dia,travesia,a1e1e86414fd481e6af4ab2cf7a350a97edde2805e8a1aa3b2157883fe32181f,accidentes_raw_dgt,2026-05-09 20:40:11
2019,Alicante,6,Jueves,16,Travesía,Otro,Choque obstáculo lateral,Buen tiempo,Pleno día,1,0,0,1,2019-06-01,otro,choque obstaculo lateral,buen tiempo,pleno dia,travesia,9ae56c694afe885cc5220849002a3a6456c750f502274f2a33deae06ad36d870,accidentes_raw_dgt,2026-05-09 20:40:11
2019,Alicante,6,Viernes,20,Travesía,Otro,Choque obstáculo lateral,Buen tiempo,Noche con iluminación,1,0,0,1,2019-06-01,otro,choque obstaculo lateral,buen tiempo,noche con iluminacion,travesia,7d4c1271a755dfd5e14270393e1d7380055a4f27db2868e1b49a02b4d1083a68,accidentes_raw_dgt,2026-05-09 20:40:11
2019,Alicante,6,Jueves,1,Travesía,Otro,Colisión frontolateral,Buen tiempo,Noche sin iluminación,1,0,0,1,2019-06-01,otro,colision frontolateral,buen tiempo,noche sin iluminacion,travesia,710a141a6043f2f350c0a14076ceae0681224c460931add70fc620e330d42046,accidentes_raw_dgt,2026-05-09 20:40:11
2019,Alicante,6,Domingo,20,Travesía,Otro,Animal en calzada,Buen tiempo,Amanecer/Anochecer,2,0,0,2,2019-06-01,otro,animal en calzada,buen tiempo,amanecer/anochecer,travesia,39e99864636d68f4ab863d28873d9c1913f70270eda400379bf6dc335499da7e,accidentes_raw_dgt,2026-05-09 20:40:11