AÑO,PROVINCIA,MES,DIA_SEMANA,HORA,ZONA,TIPO_VIA,TIPO_ACCIDENTE,CONDICION_METEO,CONDICION_ILUMINACION,TOTAL_VICTIMAS,FALLECIDOS_24H,HERIDOS_GRAVES,HERIDOS_LEVES,FECHA_ACCIDENTE,TIPO_VIA_NORM,TIPO_ACCIDENTE_NORM,CONDICION_METEO_NORM,CONDICION_ILUMINACION_NORM,ZONA_NORM,ID_ACCIDENTE_HASH,source_id,load_timestamp
2019,Alicante,6,Miércoles,11,Travesía,Otro,Choque obstáculo lateral,Buen tiempo,Pleno día,1,0,0,1,2019-06-01,otro,choque obstaculo lateral,buen tiempo,pleno dia,travesia,d3b63363e3c4234a3fa5ad9e7dac9449c7fc9a4b3c28236247d3bace953f9de7,accidentes_raw_dgt,2026-05-09 20:40:11
2019,Alicante,6,Martes,18,Travesía,Otro,Colisión frontolateral,Buen tiempo,Pleno día,1,0,0,1,2019-06-01,otro,colision frontolateral,buen tiempo,pleno dia,travesia,6704761b3cbf8260c556c3e41399ab8bcdf0b51a98935efc0405bd9ca098de87,accidentes_raw_dgt,2026-05-09 20:40:11
2019,Alicante,6,Martes,12,Travesía,Otro,Choque obstáculo lateral,Buen tiempo,Pleno día,1,0,0,1,2019-06-01,otro,choque obstaculo lateral,buen tiempo,pleno dia,travesia,8b0a2da322fa2e15191541608d62de2a20d803b4f2f1da10b6d21e0e8f227a28,accidentes_raw_dgt,2026-05-09 20:40:11
2019,Alicante,6,Miércoles,18,Zona interurbana,Vía urbana,Colisión frontolateral,Buen tiempo,Pleno día,2,0,0,2,2019-06-01,via urbana,colision frontolateral,buen tiempo,pleno dia,zona interurbana,19b8db71323664371bb5e40876d200077d7fe4e06d7bb1b6ca24f36d572842bb,accidentes_raw_dgt,2026-05-09 20:40:11
2019,Alicante,7,Lunes,12,Travesía,Otro,Choque obstáculo lateral,Buen tiempo,Pleno día,1,0,0,1,2019-07-01,otro,choque obstaculo lateral,buen tiempo,pleno dia,travesia,7790318535a041bca15b17426d06627a8ccde566a30556d200812c8ba7d790a3,accidentes_raw_dgt,2026-05-09 20:40:11
2019,Alicante,7,Miércoles,21,Travesía,Otro,Colisión frontolateral,Buen tiempo,Amanecer/Anochecer,2,0,0,2,2019-07-01,otro,colision frontolateral,buen tiempo,amanecer/anochecer,travesia,cfe0815a32292cc382049153f5ad0111bc9e67b23af29a74962756ad43de4cc7,accidentes_raw_dgt,2026-05-09 20:40:11
2019,Alicante,8,Viernes,7,Travesía,Otro,Choque obstáculo lateral,Buen tiempo,Pleno día,1,0,0,1,2019-08-01,otro,choque obstaculo lateral,buen tiempo,pleno dia,travesia,757db91a80964d58a2b0d26bffd641bcbe142aae4f7f4771233619fa53fc179c,accidentes_raw_dgt,2026-05-09 20:40:11
2019,Alicante,8,Lunes,20,Travesía,Otro,Colisión frontolateral,Buen tiempo,Pleno día,1,0,0,1,2019-08-01,otro,colision frontolateral,buen tiempo,pleno dia,travesia,5a19e373eb56430e861dab18251ec56b201133240069cbd259492033a6977324,accidentes_raw_dgt,2026-05-09 20:40:11
2019,Alicante,8,Sábado,21,Travesía,Otro,Colisión por alcance,Buen tiempo,Noche con iluminación,1,0,0,1,2019-08-01,otro,colision por alcance,buen tiempo,noche con iluminacion,travesia,a4c42a3f5f7103ddb1042c34864a1bd8e7854308d80ab8b4bf41eb46ad62b3dc,accidentes_raw_dgt,2026-05-09 20:40:11
2019,Alicante,7,Viernes,0,Travesía,Otro,Colisión frontolateral,Buen tiempo,Noche sin iluminación,2,0,0,2,2019-07-01,otro,colision frontolateral,buen tiempo,noche sin iluminacion,travesia,cb2444adbea04590393bbb7ad7d92ecb092f104fd49ad363fc4df7a033956758,accidentes_raw_dgt,2026-05-09 20:40:11
2019,Alicante,9,Miércoles,16,Travesía,Otro,Colisión frontolateral,Buen tiempo,Pleno día,1,0,0,1,2019-09-01,otro,colision frontolateral,buen tiempo,pleno dia,travesia,5a4a0c923c9a9f9edb8a8f6aa3f6212708ad91b6895f3e5fa606710570b1f1f4,accidentes_raw_dgt,2026-05-09 20:40:11
2019,Alicante,8,Sábado,11,Zona interurbana,Vía urbana,Colisión frontal,Buen tiempo,Pleno día,1,0,0,1,2019-08-01,via urbana,colision frontal,buen tiempo,pleno dia,zona interurbana,250167ca15ad02fc5b107a24e5b6bce36ffcd53c4a0b9b24dc2caab639e05e09,accidentes_raw_dgt,2026-05-09 20:40:11
2019,Alicante,9,Lunes,9,Zona interurbana,Camino vecinal,Caída de motociclista,Buen tiempo,Pleno día,1,0,0,1,2019-09-01,camino vecinal,caida de motociclista,buen tiempo,pleno dia,zona interurbana,2ee62f16ca41fe7879853975d5fcb4cb858f6edb5fd0355cfb7948d997e6b6a9,accidentes_raw_dgt,2026-05-09 20:40:11
2019,Alicante,9,Miércoles,11,Zona interurbana,Camino vecinal,Colisión frontolateral,Buen tiempo,Pleno día,1,0,1,0,2019-09-01,camino vecinal,colision frontolateral,buen tiempo,pleno dia,zona interurbana,a118106a72bf3449088b34688d6d8ed6801b2ef0484ff1d434844367e615800c,accidentes_raw_dgt,2026-05-09 20:40:11
2019,Alicante,9,Sábado,23,Travesía,Otro,Colisión frontolateral,Buen tiempo,Noche sin iluminación,1,0,0,1,2019-09-01,otro,colision frontolateral,buen tiempo,noche sin iluminacion,travesia,ac99164821bdc97550cd5d0148199855aac84cebe5e4b62b265e81859bdb27c3,accidentes_raw_dgt,2026-05-09 20:40:11
2019,Alicante,11,Miércoles,7,Zona interurbana,Vía urbana,Caída de motociclista,Buen tiempo,Pleno día,1,0,0,1,2019-11-01,via urbana,caida de motociclista,buen tiempo,pleno dia,zona interurbana,715da20ae91a97087436619be2ed2337a6ec9593d17380c8d18a8a5338eecbc7,accidentes_raw_dgt,2026-05-09 20:40:11
2019,Alicante,11,Lunes,14,Travesía,Otro,Colisión frontolateral,Buen tiempo,Pleno día,1,0,0,1,2019-11-01,otro,colision frontolateral,buen tiempo,pleno dia,travesia,74f585f21ba3618415fc3b5d13f1f685a4192e961f65e3a204d274522a3ff2d1,accidentes_raw_dgt,2026-05-09 20:40:11
2019,Alicante,11,Viernes,9,Travesía,Otro,Colisión por alcance,Buen tiempo,Pleno día,3,0,0,3,2019-11-01,otro,colision por alcance,buen tiempo,pleno dia,travesia,e6d41d208672a4e50b86d959f4a6254975e6fb9b0881166af52c9fe3b5825de2,accidentes_raw_dgt,2026-05-09 20:40:11
2019,Alicante,11,Miércoles,20,Travesía,Otro,Objeto desprendido,Buen tiempo,Noche sin iluminación,1,0,0,1,2019-11-01,otro,objeto desprendido,buen tiempo,noche sin iluminacion,travesia,4e78ccea6eff54be79b2eb0e445ae6d8ab084d1f2e4d158b9cee416fcf1e28a2,accidentes_raw_dgt,2026-05-09 20:40:11
2019,Alicante,11,Jueves,14,Travesía,Otro,Choque obstáculo lateral,Buen tiempo,Pleno día,1,0,0,1,2019-11-01,otro,choque obstaculo lateral,buen tiempo,pleno dia,travesia,e40f403944f152f7a2c0629fb7ec67ee61a21ee3ce34353b37521a8c894e993e,accidentes_raw_dgt,2026-05-09 20:40:11
2019,Alicante,11,Viernes,21,Travesía,Otro,Objeto desprendido,Granizo,Noche sin iluminación,1,0,0,1,2019-11-01,otro,objeto desprendido,granizo,noche sin iluminacion,travesia,d146f0489a9200090d393f119c8e36690b7d1730fca225f4902b66d191c6bd74,accidentes_raw_dgt,2026-05-09 20:40:11
2019,Alicante,11,Viernes,10,Travesía,Otro,Choque obstáculo lateral,Buen tiempo,Pleno día,1,0,0,1,2019-11-01,otro,choque obstaculo lateral,buen tiempo,pleno dia,travesia,eb9cf4c533aed16eebdc067ba1ef6a895e5098ec17a7a4aa8855d1cf496e6847,accidentes_raw_dgt,2026-05-09 20:40:11
2019,Alicante,11,Viernes,20,Zona interurbana,Vía urbana,Choque obstáculo lateral,Buen tiempo,Se desconoce,1,0,1,0,2019-11-01,via urbana,choque obstaculo lateral,buen tiempo,se desconoce,zona interurbana,5b359f5fc2b1cbba1068814539ed753d35550c46d258dbe1e9ef9283018acc27,accidentes_raw_dgt,2026-05-09 20:40:11
2019,Alicante,11,Viernes,14,Travesía,Otro,Animal en calzada,Buen tiempo,Pleno día,1,0,0,1,2019-11-01,otro,animal en calzada,buen tiempo,pleno dia,travesia,7887567190d819e101a62353cee0e70224d4cea6edfbbaae353fb3f57c65a317,accidentes_raw_dgt,2026-05-09 20:40:11
2019,Alicante,12,Miércoles,17,Travesía,Travesía,Choque obstáculo lateral,Buen tiempo,Pleno día,1,0,0,1,2019-12-01,travesia,choque obstaculo lateral,buen tiempo,pleno dia,travesia,0b584334ec828c208ef73f6063b3cc5001b51dc9d86f6d3f45362928a482a9e2,accidentes_raw_dgt,2026-05-09 20:40:11
2019,Alicante,12,Jueves,18,Travesía,Otro,Colisión frontolateral,Buen tiempo,Noche sin iluminación,1,0,0,1,2019-12-01,otro,colision frontolateral,buen tiempo,noche sin iluminacion,travesia,f025893712b098692411b956531d336d7c3259fcb834ea2471103043b8228d37,accidentes_raw_dgt,2026-05-09 20:40:11
2019,Alicante,12,Domingo,11,Zona interurbana,Ramal/enlace,Caída de motociclista,Buen tiempo,Pleno día,1,0,0,1,2019-12-01,ramal/enlace,caida de motociclista,buen tiempo,pleno dia,zona interurbana,fb87e6cf60af08595bd9fcf1f006a12f1338cb4480acea383b3b65da10bb9f28,accidentes_raw_dgt,2026-05-09 20:40:11
2019,Alicante,12,Sábado,11,Travesía,Otro,Colisión frontolateral,Buen tiempo,Pleno día,1,0,0,1,2019-12-01,otro,colision frontolateral,buen tiempo,pleno dia,travesia,b192c9bbefcbd7b0c7bf0d22de062086cc167f80d5287c2351a5748ad3a085fd,accidentes_raw_dgt,2026-05-09 20:40:11
2019,Alicante,12,Lunes,14,Travesía,Otro,Colisión frontolateral,Buen tiempo,Pleno día,1,0,0,1,2019-12-01,otro,colision frontolateral,buen tiempo,pleno dia,travesia,944db51d0e31fc3a105ab94fbfd52ada77b1273c0f2708789e9042cdca24a130,accidentes_raw_dgt,2026-05-09 20:40:11
2019,Alicante,2,Sábado,11,Zona interurbana,Vía urbana,Colisión frontolateral,Buen tiempo,Pleno día,1,0,0,1,2019-02-01,via urbana,colision frontolateral,buen tiempo,pleno dia,zona interurbana,2913ed7d4c8d889226fc287a5b2f0f8c60b7d553e031ca77036f2062d8d35373,accidentes_raw_dgt,2026-05-09 20:40:11
2019,Alicante,3,Domingo,10,Zona interurbana,Vía urbana,Se desconoce,Buen tiempo,Pleno día,1,0,0,1,2019-03-01,via urbana,se desconoce,buen tiempo,pleno dia,zona interurbana,896a19677bafa2718d8dc403c7d6e68f4f8c51e4098d54b676ae5c9e0f0ec8d5,accidentes_raw_dgt,2026-05-09 20:40:11
2019,Alicante,3,Lunes,14,Zona interurbana,Camino vecinal,Colisión frontolateral,Buen tiempo,Pleno día,1,0,0,1,2019-03-01,camino vecinal,colision frontolateral,buen tiempo,pleno dia,zona interurbana,d2d8f9273e06e9e9c574d1681d0c664bb92716dc71883c051256b2cda975e757,accidentes_raw_dgt,2026-05-09 20:40:11
2019,Alicante,3,Jueves,13,Travesía,Otro,Colisión por alcance,Buen tiempo,Pleno día,1,0,0,1,2019-03-01,otro,colision por alcance,buen tiempo,pleno dia,travesia,d4192f06768ab0f257c7f5e17ad021b075b995d4a186754a2ca3194ac77df31a,accidentes_raw_dgt,2026-05-09 20:40:11
2019,Alicante,3,Viernes,11,Zona interurbana,Vía urbana,Atropello a peatón,Buen tiempo,Pleno día,1,0,0,1,2019-03-01,via urbana,atropello a peaton,buen tiempo,pleno dia,zona interurbana,318aee3fed8c9d040d35a7fc1fa776fb31303833aa2de885354ddf3d44d8fb69,accidentes_raw_dgt,2026-05-09 20:40:11
2019,Alicante,3,Miércoles,11,Travesía,Otro,Choque obstáculo lateral,Buen tiempo,Pleno día,1,0,1,0,2019-03-01,otro,choque obstaculo lateral,buen tiempo,pleno dia,travesia,e0963ee5228d3ea114cc8af37585893a3be748efd68e67b5301d38329c7f65fc,accidentes_raw_dgt,2026-05-09 20:40:11
2019,Alicante,4,Miércoles,2,Travesía,Otro,Colisión lateral,Buen tiempo,Noche sin iluminación,1,0,0,1,2019-04-01,otro,colision lateral,buen tiempo,noche sin iluminacion,travesia,0457c48d8fc39719542ac36d4b3ae96327a4b84270943287de7ce07424516b32,accidentes_raw_dgt,2026-05-09 20:40:11
2019,Alicante,4,Miércoles,15,Zona interurbana,Vía urbana,Atropello a ciclista,Buen tiempo,Pleno día,1,0,0,1,2019-04-01,via urbana,atropello a ciclista,buen tiempo,pleno dia,zona interurbana,c6a99dc9b0b68c14f9d65783f43d43cb0a8148e61c30c36e61d9a823d5796fa8,accidentes_raw_dgt,2026-05-09 20:40:11
2019,Alicante,4,Sábado,14,Travesía,Otro,Colisión lateral,Buen tiempo,Pleno día,1,0,0,1,2019-04-01,otro,colision lateral,buen tiempo,pleno dia,travesia,5bb844a8a792a21e998bd74e0e9830dc6d8c68bc800a6a457a2f5c6834549ab7,accidentes_raw_dgt,2026-05-09 20:40:11
2019,Alicante,4,Sábado,14,Travesía,Otro,Animal en calzada,Buen tiempo,Pleno día,1,0,0,1,2019-04-01,otro,animal en calzada,buen tiempo,pleno dia,travesia,312e13097f2ab4e2382fb9b1b743ad30f2d17cb0b8bc00a90309def60036d1ef,accidentes_raw_dgt,2026-05-09 20:40:11
2019,Alicante,4,Martes,18,Travesía,Otro,Choque obstáculo lateral,Buen tiempo,Pleno día,1,0,0,1,2019-04-01,otro,choque obstaculo lateral,buen tiempo,pleno dia,travesia,4cf84afda7c7875b511f92b0e0bf8b24b7bb4750ea82acd87d60f2c9e2a231b5,accidentes_raw_dgt,2026-05-09 20:40:11
2019,Alicante,5,Viernes,10,Travesía,Otro,Colisión lateral,Buen tiempo,Pleno día,1,0,0,1,2019-05-01,otro,colision lateral,buen tiempo,pleno dia,travesia,098c34d0a9154864e825ff44ed0b5b70719e84a73bff869369542f813faec4da,accidentes_raw_dgt,2026-05-09 20:40:11
2019,Alicante,5,Miércoles,14,Travesía,Otro,Colisión por alcance,Buen tiempo,Pleno día,2,0,0,2,2019-05-01,otro,colision por alcance,buen tiempo,pleno dia,travesia,ebdac3c98535aaf946e697680be79579e80a17d5e993ba9779cba0eae39a63ff,accidentes_raw_dgt,2026-05-09 20:40:11
2019,Alicante,5,Miércoles,2,Zona interurbana,Vía urbana,Colisión lateral,Buen tiempo,Noche sin iluminación,1,0,0,1,2019-05-01,via urbana,colision lateral,buen tiempo,noche sin iluminacion,zona interurbana,cc0ff843d1c33686df46885ec7c47208a87834d376f83d439849e305773a139f,accidentes_raw_dgt,2026-05-09 20:40:11
2019,Alicante,6,Sábado,10,Travesía,Otro,Colisión lateral,Buen tiempo,Pleno día,1,0,0,1,2019-06-01,otro,colision lateral,buen tiempo,pleno dia,travesia,945ce179d4470c09c26c16d9a41090decbb4c58b2eab8a7bf52b88d452769320,accidentes_raw_dgt,2026-05-09 20:40:11
2019,Alicante,6,Jueves,18,Travesía,Otro,Colisión frontolateral,Buen tiempo,Pleno día,1,0,0,1,2019-06-01,otro,colision frontolateral,buen tiempo,pleno dia,travesia,15fc36b3e80b9d7f87f7dc90cd7a2845c5d8501c30f03379fcf14154f1680380,accidentes_raw_dgt,2026-05-09 20:40:11
2019,Alicante,7,Sábado,19,Zona interurbana,Vía urbana,Colisión por alcance,Buen tiempo,Pleno día,1,0,0,1,2019-07-01,via urbana,colision por alcance,buen tiempo,pleno dia,zona interurbana,c9dc1fb0c089d73368d1bfcd544239c8f3c5bee04cf16f2cbc3eaf1463214250,accidentes_raw_dgt,2026-05-09 20:40:11
2019,Alicante,7,Sábado,19,Zona interurbana,Vía urbana,Colisión lateral,Buen tiempo,Pleno día,1,0,0,1,2019-07-01,via urbana,colision lateral,buen tiempo,pleno dia,zona interurbana,1e454f95d837060f56a8c5270a3ead08c906780d2729c96a7e645910532f98bf,accidentes_raw_dgt,2026-05-09 20:40:11
2019,Alicante,7,Lunes,8,Zona interurbana,Vía urbana,Animal en calzada,Granizo,Pleno día,1,0,0,1,2019-07-01,via urbana,animal en calzada,granizo,pleno dia,zona interurbana,3380f3fe3a5641b1ddd2dd8b3bf8be4a5f37af633b789737b51c93fd0df7d795,accidentes_raw_dgt,2026-05-09 20:40:11
2019,Alicante,7,Jueves,11,Travesía,Otro,Choque obstáculo lateral,Buen tiempo,Pleno día,1,0,0,1,2019-07-01,otro,choque obstaculo lateral,buen tiempo,pleno dia,travesia,33d88765a856314fb722bdf6abb953814f372b0f3f22389ce2a0cc17d148c004,accidentes_raw_dgt,2026-05-09 20:40:11
2019,Alicante,7,Sábado,11,Zona interurbana,Vía urbana,Colisión lateral,Buen tiempo,Pleno día,1,0,0,1,2019-07-01,via urbana,colision lateral,buen tiempo,pleno dia,zona interurbana,d4677f835c202d9267e009f5add0e43f2e3e599c7ea24987eda1afbeaa88dd93,accidentes_raw_dgt,2026-05-09 20:40:11
2019,Alicante,8,Lunes,11,Zona interurbana,Ramal/enlace,Colisión múltiple,Buen tiempo,Pleno día,1,0,0,1,2019-08-01,ramal/enlace,colision multiple,buen tiempo,pleno dia,zona interurbana,a29ba90b650139bb2a6bfa80c0bda0195f4162315bc0a1396adc62738be89a09,accidentes_raw_dgt,2026-05-09 20:40:11
2019,Alicante,8,Martes,13,Zona interurbana,Camino vecinal,Atropello a peatón,Buen tiempo,Pleno día,1,0,0,1,2019-08-01,camino vecinal,atropello a peaton,buen tiempo,pleno dia,zona interurbana,957e984230c0adf1d8e8e32275f8e654c5bff7cd2292036cd923f425ce31d02a,accidentes_raw_dgt,2026-05-09 20:40:11
2019,Alicante,8,Domingo,15,Zona interurbana,Vía urbana,Se desconoce,Buen tiempo,Pleno día,1,0,0,1,2019-08-01,via urbana,se desconoce,buen tiempo,pleno dia,zona interurbana,ce0def455fe638a6c621de7f42b868e0af232f71d1664d691f89a63bcddc543d,accidentes_raw_dgt,2026-05-09 20:40:11
2019,Alicante,8,Jueves,12,Travesía,Otro,Colisión lateral,Buen tiempo,Pleno día,1,0,1,0,2019-08-01,otro,colision lateral,buen tiempo,pleno dia,travesia,e1deda4c9751baf1735b308159631ab06db7bb273e65ea5aaabc282f93637956,accidentes_raw_dgt,2026-05-09 20:40:11
2019,Alicante,8,Martes,7,Zona interurbana,Vía urbana,Colisión frontolateral,Buen tiempo,Pleno día,1,0,0,1,2019-08-01,via urbana,colision frontolateral,buen tiempo,pleno dia,zona interurbana,fdf4d5b05e179bad0cc4df5ac6fa7c82b290e44321da00abdf04521e78bd8076,accidentes_raw_dgt,2026-05-09 20:40:11
2019,Alicante,8,Sábado,19,Zona interurbana,Vía urbana,Animal en calzada,Buen tiempo,Pleno día,1,0,0,1,2019-08-01,via urbana,animal en calzada,buen tiempo,pleno dia,zona interurbana,a102c4a3c1ec0345d3804894d004aea822b4e69743f4d84ec2ce9fed37c96e20,accidentes_raw_dgt,2026-05-09 20:40:11
2019,Alicante,8,Lunes,14,Travesía,Otro,Colisión múltiple,Buen tiempo,Pleno día,2,0,0,2,2019-08-01,otro,colision multiple,buen tiempo,pleno dia,travesia,1cde77dff3692822bac597186ba175833c895d7fd31f104d3d3979bdf6bd4feb,accidentes_raw_dgt,2026-05-09 20:40:11
2019,Alicante,9,Lunes,19,Travesía,Otro,Colisión por alcance,Buen tiempo,Pleno día,1,0,0,1,2019-09-01,otro,colision por alcance,buen tiempo,pleno dia,travesia,bb34d581b8484ccf0a5abf61dc3e7cd0b71c44ee118705c215e035404e2baef7,accidentes_raw_dgt,2026-05-09 20:40:11
2019,Alicante,9,Jueves,13,Travesía,Otro,Se desconoce,Buen tiempo,Pleno día,2,0,0,2,2019-09-01,otro,se desconoce,buen tiempo,pleno dia,travesia,e4ef2cbd84c9acfc40e56914f7b502fdf8ef2326222daf4f905ddc7006247837,accidentes_raw_dgt,2026-05-09 20:40:11
2019,Alicante,9,Viernes,12,Travesía,Calle peatonal,Colisión lateral,Buen tiempo,Pleno día,2,0,0,2,2019-09-01,calle peatonal,colision lateral,buen tiempo,pleno dia,travesia,1b5a245cf57900a28618924c74f06a97ce4df89bacefd7e3f7f3820094a01c62,accidentes_raw_dgt,2026-05-09 20:40:11
2019,Alicante,10,Jueves,20,Zona interurbana,Camino vecinal,Atropello a peatón,Buen tiempo,Noche sin iluminación,1,0,1,0,2019-10-01,camino vecinal,atropello a peaton,buen tiempo,noche sin iluminacion,zona interurbana,5abc1ce2653dcfb7ba3bf3d691d6acaf693670b9dfae0d16e918ea929bde90c8,accidentes_raw_dgt,2026-05-09 20:40:11
2019,Alicante,10,Martes,18,Travesía,Otro,Colisión por alcance,Buen tiempo,Pleno día,1,0,0,1,2019-10-01,otro,colision por alcance,buen tiempo,pleno dia,travesia,e8202f39fad74acd9b6d38a6038da9e8682e857bbdb977cf7b913963bfa2b393,accidentes_raw_dgt,2026-05-09 20:40:11
2019,Alicante,10,Martes,16,Zona interurbana,Camino vecinal,Atropello a peatón,Lluvia,Pleno día,1,0,0,1,2019-10-01,camino vecinal,atropello a peaton,lluvia,pleno dia,zona interurbana,251851f41520f4dfde680f1053b99966765b5e9c11c8ec8673ca736225d6cdd1,accidentes_raw_dgt,2026-05-09 20:40:11
2019,Alicante,10,Martes,8,Zona interurbana,Camino vecinal,Salida vía izquierda,Nieve,Amanecer/Anochecer,1,0,0,1,2019-10-01,camino vecinal,salida via izquierda,nieve,amanecer/anochecer,zona interurbana,0d59691515de478f64d35f455f424dad990861b1e5dc6d95f7bc22a97614a6af,accidentes_raw_dgt,2026-05-09 20:40:11
2019,Alicante,11,Martes,16,Travesía,Otro,Animal en calzada,Buen tiempo,Pleno día,1,0,0,1,2019-11-01,otro,animal en calzada,buen tiempo,pleno dia,travesia,a740a8741ca6c59b0e0f1d2e5037677b8fbd7b0c34ee4f7791be025d904170cc,accidentes_raw_dgt,2026-05-09 20:40:11
2019,Alicante,11,Martes,21,Travesía,Otro,Choque obstáculo lateral,Buen tiempo,Noche sin iluminación,1,0,0,1,2019-11-01,otro,choque obstaculo lateral,buen tiempo,noche sin iluminacion,travesia,54224175e1520f2c0420e776379d28bdcf558699a96885f898b46b368534857a,accidentes_raw_dgt,2026-05-09 20:40:11
2019,Alicante,11,Viernes,20,Travesía,Otro,Colisión por alcance,Granizo,Noche sin iluminación,2,0,0,2,2019-11-01,otro,colision por alcance,granizo,noche sin iluminacion,travesia,0db1804a6beaabd4686ed1f9a9763427df438dafe97e3a2a761e1db81405f538,accidentes_raw_dgt,2026-05-09 20:40:11
2019,Alicante,11,Jueves,12,Travesía,Otro,Choque obstáculo lateral,Buen tiempo,Pleno día,1,0,0,1,2019-11-01,otro,choque obstaculo lateral,buen tiempo,pleno dia,travesia,377ac4e989ab213e6cb678957fb78f6ba9c41a84e2d2e10fb972d36143e7d192,accidentes_raw_dgt,2026-05-09 20:40:11
2019,Alicante,11,Viernes,16,Zona interurbana,Vía urbana,Colisión por alcance,Buen tiempo,Pleno día,1,0,0,1,2019-11-01,via urbana,colision por alcance,buen tiempo,pleno dia,zona interurbana,25f9525ece71bbb5beb98beb01b793a8e900a1cc4fc5891b1948746272da9792,accidentes_raw_dgt,2026-05-09 20:40:11
2019,Alicante,12,Domingo,17,Zona interurbana,Vía urbana,Colisión frontolateral,Buen tiempo,Pleno día,1,0,0,1,2019-12-01,via urbana,colision frontolateral,buen tiempo,pleno dia,zona interurbana,9eb06127e27d1bf4a69a478aecb89c3f8b99dd4beeca843efd903b24586b1f4e,accidentes_raw_dgt,2026-05-09 20:40:11
2019,Alicante,4,Viernes,23,Zona interurbana,Calle,Animal en calzada,Buen tiempo,Noche sin iluminación,1,0,0,1,2019-04-01,calle,animal en calzada,buen tiempo,noche sin iluminacion,zona interurbana,b4587def7726374a042eab4694517bfb5e3fcc26c129541a20522da99cf3d74d,accidentes_raw_dgt,2026-05-09 20:40:11
2019,Alicante,5,Lunes,14,Zona interurbana,Vía urbana,Colisión frontolateral,Buen tiempo,Pleno día,1,0,0,1,2019-05-01,via urbana,colision frontolateral,buen tiempo,pleno dia,zona interurbana,7dca45c32eb8330aca741c3ee9334e4fcb3d328ae847ed83d46f2ed29e65d758,accidentes_raw_dgt,2026-05-09 20:40:11
2019,Alicante,7,Miércoles,20,Zona interurbana,Vía urbana,Colisión por alcance,Buen tiempo,Pleno día,4,0,0,4,2019-07-01,via urbana,colision por alcance,buen tiempo,pleno dia,zona interurbana,36684976be1f529e6e2a32c9edab4cf8e364b2b916ae2ceca8893db20c59af9e,accidentes_raw_dgt,2026-05-09 20:40:11
2019,Alicante,10,Sábado,18,Zona interurbana,Vía urbana,Salida vía izquierda,Buen tiempo,Noche con iluminación,1,0,0,1,2019-10-01,via urbana,salida via izquierda,buen tiempo,noche con iluminacion,zona interurbana,5ed4cae00638d8a9eaf32ba02116287d3ad6341f051718e47d26331939f731a3,accidentes_raw_dgt,2026-05-09 20:40:11
2019,Alicante,11,Martes,19,Zona interurbana,Vía urbana,Colisión frontolateral,Buen tiempo,Noche sin iluminación,1,0,0,1,2019-11-01,via urbana,colision frontolateral,buen tiempo,noche sin iluminacion,zona interurbana,f816a68bcf1a4a75aa3968bbadc53c354e1c553545e32d3b55327ec4968b271e,accidentes_raw_dgt,2026-05-09 20:40:11
2019,Alicante,1,Jueves,19,Zona interurbana,Vía urbana,Colisión por alcance,Buen tiempo,Se desconoce,1,0,0,1,2019-01-01,via urbana,colision por alcance,buen tiempo,se desconoce,zona interurbana,cb54dc2b78efb611e99716a6e90c593e4117c4b085eb538de6b3d8ea0ef320dc,accidentes_raw_dgt,2026-05-09 20:40:11
2019,Alicante,7,Viernes,12,Zona interurbana,Vía urbana,Choque obstáculo lateral,Buen tiempo,Pleno día,2,0,1,0,2019-07-01,via urbana,choque obstaculo lateral,buen tiempo,pleno dia,zona interurbana,0358720d4a0e4ecc710b8f8c75662a5cb6203e96bc84249f305b9a1b3967a23e,accidentes_raw_dgt,2026-05-09 20:40:11
2019,Alicante,8,Viernes,18,Zona interurbana,Vía urbana,Colisión por alcance,Buen tiempo,Pleno día,2,0,0,2,2019-08-01,via urbana,colision por alcance,buen tiempo,pleno dia,zona interurbana,6c95b7b73f16c436e85b79930d7493d5a043dbf9e70d12ad81ea4f764f664422,accidentes_raw_dgt,2026-05-09 20:40:11
2019,Alicante,9,Miércoles,1,Zona interurbana,Autopista,Atropello a ciclista,Buen tiempo,Se desconoce,1,0,0,1,2019-09-01,autopista,atropello a ciclista,buen tiempo,se desconoce,zona interurbana,1877fbda982a46b74a09469717845d0f24752c5c34cf25f513afef41c40e9058,accidentes_raw_dgt,2026-05-09 20:40:11
2019,Alicante,10,Sábado,9,Zona interurbana,Autopista,Salida vía izquierda,Buen tiempo,Pleno día,1,0,0,1,2019-10-01,autopista,salida via izquierda,buen tiempo,pleno dia,zona interurbana,3673b82b483a327f94177bd439d428e955f80250c1a4120e9d9b9aab2b996fe2,accidentes_raw_dgt,2026-05-09 20:40:11
2019,Alicante,11,Lunes,17,Zona interurbana,Vía urbana,Colisión frontolateral,Buen tiempo,Pleno día,1,0,0,1,2019-11-01,via urbana,colision frontolateral,buen tiempo,pleno dia,zona interurbana,375fc19c529cbd4f1644a417df69451f2dccde778ee3e2ee4214ddd86fddf1cb,accidentes_raw_dgt,2026-05-09 20:40:11