AÑO,PROVINCIA,MES,DIA_SEMANA,HORA,ZONA,TIPO_VIA,TIPO_ACCIDENTE,CONDICION_METEO,CONDICION_ILUMINACION,TOTAL_VICTIMAS,FALLECIDOS_24H,HERIDOS_GRAVES,HERIDOS_LEVES,FECHA_ACCIDENTE,TIPO_VIA_NORM,TIPO_ACCIDENTE_NORM,CONDICION_METEO_NORM,CONDICION_ILUMINACION_NORM,ZONA_NORM,ID_ACCIDENTE_HASH,source_id,load_timestamp
2019,Alicante,12,Viernes,23,Zona interurbana,Vía urbana,Colisión frontal,Buen tiempo,Se desconoce,4,1,1,1,2019-12-01,via urbana,colision frontal,buen tiempo,se desconoce,zona interurbana,a1f14c675f8161bc8282f31f21d474b3047fdd39345dc98207f5351ecb96f7ce,accidentes_raw_dgt,2026-05-09 20:40:11
2019,Alicante,6,Lunes,10,Zona interurbana,Vía urbana,Otro tipo,Buen tiempo,Pleno día,1,0,0,1,2019-06-01,via urbana,otro tipo,buen tiempo,pleno dia,zona interurbana,a080dde530fce451fb902125b5555414597ba3dc9ce7c32ea3be14fd88f65792,accidentes_raw_dgt,2026-05-09 20:40:11
2019,Alicante,8,Jueves,12,Zona interurbana,Vía urbana,Colisión frontal,Buen tiempo,Pleno día,1,0,1,0,2019-08-01,via urbana,colision frontal,buen tiempo,pleno dia,zona interurbana,efb092e03612f568901dc7504b50a6c888a3b0734f7ad9e8d6b43ea2232b1124,accidentes_raw_dgt,2026-05-09 20:40:11
2019,Alicante,12,Martes,10,Zona interurbana,Vía urbana,Colisión frontolateral,Buen tiempo,Pleno día,2,0,0,2,2019-12-01,via urbana,colision frontolateral,buen tiempo,pleno dia,zona interurbana,6ef02a389c6415e7dc6ac8cdf0fd65c83b678022e9c0bb37c6feedf318297c43,accidentes_raw_dgt,2026-05-09 20:40:11
2019,Alicante,5,Domingo,10,Zona interurbana,Vía urbana,Colisión lateral,Buen tiempo,Pleno día,1,0,0,1,2019-05-01,via urbana,colision lateral,buen tiempo,pleno dia,zona interurbana,6154e4fabee18be7f85c375955cd244130f936a96f2be29969b39bff31ebfca2,accidentes_raw_dgt,2026-05-09 20:40:11
2019,Alicante,10,Viernes,8,Zona interurbana,Vía urbana,Colisión frontolateral,Buen tiempo,Pleno día,2,0,0,2,2019-10-01,via urbana,colision frontolateral,buen tiempo,pleno dia,zona interurbana,e0abf16ce31cef15402a512f8baa05e5bf598c9c8d36d338541b29ac23ba6ee9,accidentes_raw_dgt,2026-05-09 20:40:11
2019,Alicante,11,Lunes,4,Zona interurbana,Calle,Se desconoce,Buen tiempo,Se desconoce,2,0,0,2,2019-11-01,calle,se desconoce,buen tiempo,se desconoce,zona interurbana,9ac3d96b5b48942e771d950fe3b5af647d22a197bdee4540848d6c9361c2cad7,accidentes_raw_dgt,2026-05-09 20:40:11
2019,Alicante,12,Miércoles,6,Zona interurbana,Vía urbana,Colisión por alcance,Lluvia,Noche sin iluminación,1,0,0,1,2019-12-01,via urbana,colision por alcance,lluvia,noche sin iluminacion,zona interurbana,92558c434783e42c876aecb2be96e48437a4ecfea46f5b61ca4d522836135ed9,accidentes_raw_dgt,2026-05-09 20:40:11
2019,Alicante,1,Lunes,11,Zona interurbana,Vía urbana,Colisión frontolateral,Buen tiempo,Pleno día,1,0,0,1,2019-01-01,via urbana,colision frontolateral,buen tiempo,pleno dia,zona interurbana,cb2dca9d3912259d6f5d8282a67fe80f783d182a25978bfc42d32fc6e660d130,accidentes_raw_dgt,2026-05-09 20:40:11
2019,Alicante,2,Lunes,9,Travesía,Otro,Choque obstáculo lateral,Buen tiempo,Pleno día,1,0,1,0,2019-02-01,otro,choque obstaculo lateral,buen tiempo,pleno dia,travesia,32cf64b0b2b2318c13fa640cb7eba9a4ff8a3d8f26d04f5605520eb3f8037868,accidentes_raw_dgt,2026-05-09 20:40:11
2019,Alicante,2,Miércoles,22,Zona interurbana,Vía urbana,Colisión frontolateral,Buen tiempo,Se desconoce,1,0,0,1,2019-02-01,via urbana,colision frontolateral,buen tiempo,se desconoce,zona interurbana,c69056de72020559e69b35e1aed37474adf963801aff1bc77968ccaaf9766114,accidentes_raw_dgt,2026-05-09 20:40:11
2019,Alicante,2,Viernes,13,Zona interurbana,Vía urbana,Colisión frontolateral,Buen tiempo,Pleno día,1,0,0,1,2019-02-01,via urbana,colision frontolateral,buen tiempo,pleno dia,zona interurbana,3f3ea272fa417898aa26908c82930884ec457eebb4b2695a3babc603d676e710,accidentes_raw_dgt,2026-05-09 20:40:11
2019,Alicante,3,Miércoles,22,Travesía,Otro,Choque obstáculo lateral,Otro,Noche sin iluminación,2,0,0,2,2019-03-01,otro,choque obstaculo lateral,otro,noche sin iluminacion,travesia,5e9c1dc390130fae4c554b404584876f78f329a1c59b969a07b8af114f1ad880,accidentes_raw_dgt,2026-05-09 20:40:11
2019,Alicante,3,Viernes,14,Zona interurbana,Camino vecinal,Se desconoce,Buen tiempo,Pleno día,1,0,0,1,2019-03-01,camino vecinal,se desconoce,buen tiempo,pleno dia,zona interurbana,b93156c46bd94de1be3d37c72bb3f5228fce9098bd18b515b577353cb204c8f2,accidentes_raw_dgt,2026-05-09 20:40:11
2019,Alicante,3,Sábado,9,Zona interurbana,Vía urbana,Colisión por alcance,Buen tiempo,Pleno día,1,0,0,1,2019-03-01,via urbana,colision por alcance,buen tiempo,pleno dia,zona interurbana,61cec61790921365d0cfa929a658b64255a7de069051b393f71b7ab7200ec16b,accidentes_raw_dgt,2026-05-09 20:40:11
2019,Alicante,3,Martes,17,Zona interurbana,Camino vecinal,Caída de motociclista,Buen tiempo,Pleno día,1,0,0,1,2019-03-01,camino vecinal,caida de motociclista,buen tiempo,pleno dia,zona interurbana,7834541aeb2127e4e67d9cff30a7e8cf1640863b202e73415f5e93a0c56c5670,accidentes_raw_dgt,2026-05-09 20:40:11
2019,Alicante,4,Sábado,16,Travesía,Otro,Colisión frontolateral,Granizo,Se desconoce,1,0,0,1,2019-04-01,otro,colision frontolateral,granizo,se desconoce,travesia,4d64f0deda65ef12219e1df0868012b84b5b66d47660c5e0e5d8b94114b62b29,accidentes_raw_dgt,2026-05-09 20:40:11
2019,Alicante,4,Jueves,11,Travesía,Otro,Colisión frontolateral,Buen tiempo,Pleno día,1,0,0,1,2019-04-01,otro,colision frontolateral,buen tiempo,pleno dia,travesia,b8b445ba5ddcf7dab8342ce3e26609e07f5d864b5dfcef813e7ce2d78bc5f1a5,accidentes_raw_dgt,2026-05-09 20:40:11
2019,Alicante,5,Martes,20,Zona interurbana,Vía urbana,Colisión frontolateral,Buen tiempo,Pleno día,1,0,0,1,2019-05-01,via urbana,colision frontolateral,buen tiempo,pleno dia,zona interurbana,5f829f9e9b41706a703e4b4d3b89c31f34acaf80ffbe3ed4ac1431c4527800f2,accidentes_raw_dgt,2026-05-09 20:40:11
2019,Alicante,5,Viernes,20,Zona interurbana,Calle,Colisión frontolateral,Buen tiempo,Noche con iluminación,1,0,1,0,2019-05-01,calle,colision frontolateral,buen tiempo,noche con iluminacion,zona interurbana,2b5f8c083a5f1233fcdf295cbabc3ba19dc2e25fa7e50f5551abbf8dbb6ed139,accidentes_raw_dgt,2026-05-09 20:40:11
2019,Alicante,5,Miércoles,21,Zona interurbana,Vía urbana,Colisión frontolateral,Buen tiempo,Amanecer/Anochecer,1,0,0,1,2019-05-01,via urbana,colision frontolateral,buen tiempo,amanecer/anochecer,zona interurbana,6e04efee3c6eca4b5950ce409879efc03b805ed83a4e17757e0215b5f3edbf6b,accidentes_raw_dgt,2026-05-09 20:40:11
2019,Alicante,5,Jueves,19,Zona interurbana,Calle,Colisión frontolateral,Buen tiempo,Pleno día,1,0,0,1,2019-05-01,calle,colision frontolateral,buen tiempo,pleno dia,zona interurbana,5dd0890c61cca7af6e5ce9c5d65ecc7a32e23e536e92a364c98ee34a142ad57f,accidentes_raw_dgt,2026-05-09 20:40:11
2019,Alicante,6,Martes,11,Zona interurbana,Vía urbana,Colisión frontolateral,Buen tiempo,Pleno día,1,0,0,1,2019-06-01,via urbana,colision frontolateral,buen tiempo,pleno dia,zona interurbana,b2c8e6d23d512b709af2c7f5e339d0b64d71ff5b572f1b471598d66e1ef61ad5,accidentes_raw_dgt,2026-05-09 20:40:11
2019,Alicante,6,Miércoles,13,Zona interurbana,Vía urbana,Colisión múltiple,Buen tiempo,Pleno día,2,0,0,2,2019-06-01,via urbana,colision multiple,buen tiempo,pleno dia,zona interurbana,ecb2c5cd363bd77cf61ea655104f74f375e36db2586946be713273e53fc18aae,accidentes_raw_dgt,2026-05-09 20:40:11
2019,Alicante,6,Jueves,12,Travesía,Otro,Objeto desprendido,Buen tiempo,Pleno día,1,0,0,1,2019-06-01,otro,objeto desprendido,buen tiempo,pleno dia,travesia,f8eebb16fad8156c037189e6940ed46ddc859410c65a31e17a91512622379a90,accidentes_raw_dgt,2026-05-09 20:40:11
2019,Alicante,7,Miércoles,17,Travesía,Otro,Colisión frontolateral,Buen tiempo,Pleno día,4,0,0,4,2019-07-01,otro,colision frontolateral,buen tiempo,pleno dia,travesia,9673542116d6aa376e3591458611ecd61ec8cc07e2701dc20d01b345442a22bb,accidentes_raw_dgt,2026-05-09 20:40:11
2019,Alicante,7,Lunes,11,Travesía,Otro,Colisión lateral,Buen tiempo,Pleno día,2,0,0,2,2019-07-01,otro,colision lateral,buen tiempo,pleno dia,travesia,ab58ad627e6b1b11fc49d4b8a19821de9d8d4aee520820328cfe03ddf5e83872,accidentes_raw_dgt,2026-05-09 20:40:11
2019,Alicante,7,Martes,12,Zona interurbana,Vía urbana,Colisión múltiple,Buen tiempo,Pleno día,2,0,0,2,2019-07-01,via urbana,colision multiple,buen tiempo,pleno dia,zona interurbana,972356a4c7c6ec11c81f19edf6f2969f054bbd35f72c51de6e364475e8870885,accidentes_raw_dgt,2026-05-09 20:40:11
2019,Alicante,8,Martes,2,Zona interurbana,Vía urbana,Atropello a ciclista,Buen tiempo,Se desconoce,1,0,0,1,2019-08-01,via urbana,atropello a ciclista,buen tiempo,se desconoce,zona interurbana,08951d3e71ad7054de6ef5616d831b4280bebfe88b052a110e45686f03d81121,accidentes_raw_dgt,2026-05-09 20:40:11
2019,Alicante,8,Miércoles,11,Travesía,Otro,Animal en calzada,Buen tiempo,Pleno día,1,0,0,1,2019-08-01,otro,animal en calzada,buen tiempo,pleno dia,travesia,956fb62ae9cc5ac24d50f9a8390a84ba740bc131b4afda776f2da20645487b21,accidentes_raw_dgt,2026-05-09 20:40:11
2019,Alicante,8,Viernes,12,Travesía,Otro,Animal en calzada,Buen tiempo,Pleno día,1,0,0,1,2019-08-01,otro,animal en calzada,buen tiempo,pleno dia,travesia,9c7be863c0a75745a635934eb151344d20aad306b25f07d4d85c30fa68abf339,accidentes_raw_dgt,2026-05-09 20:40:11
2019,Alicante,9,Miércoles,15,Zona interurbana,Calle,Atropello a ciclista,Buen tiempo,Pleno día,2,0,0,2,2019-09-01,calle,atropello a ciclista,buen tiempo,pleno dia,zona interurbana,f23d089e7f2e05f6fe745bf632b49aa89d9b9abb01bfe905a9c6f64a554ae57e,accidentes_raw_dgt,2026-05-09 20:40:11
2019,Alicante,8,Miércoles,0,Travesía,Otro,Colisión frontolateral,Buen tiempo,Noche sin iluminación,2,0,1,0,2019-08-01,otro,colision frontolateral,buen tiempo,noche sin iluminacion,travesia,440e2fda2f39849ede27d7c76cfa83d3c31277ff537b438acebc8dd36f781bb8,accidentes_raw_dgt,2026-05-09 20:40:11
2019,Alicante,9,Miércoles,11,Travesía,Calle peatonal,Choque obstáculo lateral,Buen tiempo,Pleno día,1,0,0,1,2019-09-01,calle peatonal,choque obstaculo lateral,buen tiempo,pleno dia,travesia,801f8522550bb91046be645c095a7559888de63b4b49079dc3c400b6c004e588,accidentes_raw_dgt,2026-05-09 20:40:11
2019,Alicante,10,Domingo,12,Travesía,Otro,Colisión frontolateral,Buen tiempo,Pleno día,1,0,0,1,2019-10-01,otro,colision frontolateral,buen tiempo,pleno dia,travesia,701340c88f7355cf8f3c5b97bc9e64f39be9adb8d678a2fb621c8592b0eada0f,accidentes_raw_dgt,2026-05-09 20:40:11
2019,Alicante,12,Martes,13,Zona interurbana,Camino vecinal,Colisión frontolateral,Buen tiempo,Pleno día,1,0,0,1,2019-12-01,camino vecinal,colision frontolateral,buen tiempo,pleno dia,zona interurbana,71eebf8f5760b70c2eb19230bef73d7cc009bbf06695182f42782114b0d53ab7,accidentes_raw_dgt,2026-05-09 20:40:11
2019,Alicante,4,Viernes,19,Zona interurbana,Vía urbana,Colisión por alcance,Buen tiempo,Noche con iluminación,1,0,0,1,2019-04-01,via urbana,colision por alcance,buen tiempo,noche con iluminacion,zona interurbana,0bb96d87216f5159d997d566969931579a74f4fcd81e9e4280e5354a4ba0c2fd,accidentes_raw_dgt,2026-05-09 20:40:11
2019,Alicante,9,Sábado,20,Zona interurbana,Vía urbana,Choque obstáculo lateral,Buen tiempo,Se desconoce,1,0,1,0,2019-09-01,via urbana,choque obstaculo lateral,buen tiempo,se desconoce,zona interurbana,cab3c9da252d39d384da572a2f04ad33c30cc92f166c33adaaac2533ebd385c9,accidentes_raw_dgt,2026-05-09 20:40:11
2019,Alicante,1,Sábado,18,Zona interurbana,Calle,Atropello a ciclista,Buen tiempo,Se desconoce,1,0,0,1,2019-01-01,calle,atropello a ciclista,buen tiempo,se desconoce,zona interurbana,022c90883c3960fa340348aa0d1deac5ba3b206387697ed6b01736055c867e80,accidentes_raw_dgt,2026-05-09 20:40:11
2019,Alicante,2,Miércoles,15,Zona interurbana,Vía urbana,Choque obstáculo lateral,Buen tiempo,Pleno día,1,1,0,0,2019-02-01,via urbana,choque obstaculo lateral,buen tiempo,pleno dia,zona interurbana,7c6cb0b8e3dce46864d50f483d628391f1f6f5398a8404003ce8d12150f563b2,accidentes_raw_dgt,2026-05-09 20:40:11
2019,Alicante,1,Domingo,6,Travesía,Otro,Se desconoce,Buen tiempo,Noche sin iluminación,1,0,0,1,2019-01-01,otro,se desconoce,buen tiempo,noche sin iluminacion,travesia,f3a7496649452449ba0e58d128faa70f072fb591a0726f722e9994c860ecf4eb,accidentes_raw_dgt,2026-05-09 20:40:11
2019,Alicante,1,Viernes,12,Travesía,Otro,Animal en calzada,Buen tiempo,Pleno día,1,0,0,1,2019-01-01,otro,animal en calzada,buen tiempo,pleno dia,travesia,885bf40616bf1c2cca9f76e7504bdfb40aad10479424f64fc329ba7f352785ac,accidentes_raw_dgt,2026-05-09 20:40:11
2019,Alicante,2,Viernes,11,Travesía,Otro,Colisión frontolateral,Buen tiempo,Pleno día,1,0,0,1,2019-02-01,otro,colision frontolateral,buen tiempo,pleno dia,travesia,7312fa1be2ea65d616703b901f394876816acad31e221ec5dc76556a6046d4df,accidentes_raw_dgt,2026-05-09 20:40:11
2019,Alicante,3,Lunes,19,Zona interurbana,Vía urbana,Animal en calzada,Buen tiempo,Se desconoce,1,0,0,1,2019-03-01,via urbana,animal en calzada,buen tiempo,se desconoce,zona interurbana,26773930fcd8dfa978e43a1c94ab56e5cc9bb51d067b568f4c4dbfec12018b16,accidentes_raw_dgt,2026-05-09 20:40:11
2019,Alicante,3,Jueves,7,Travesía,Otro,Choque obstáculo lateral,Buen tiempo,Amanecer/Anochecer,1,0,0,1,2019-03-01,otro,choque obstaculo lateral,buen tiempo,amanecer/anochecer,travesia,0ab847ee0dd9fd88e9689ce1c32f2ebaaa969d3710ba1fd81246899ec37e268b,accidentes_raw_dgt,2026-05-09 20:40:11
2019,Alicante,3,Miércoles,9,Travesía,Otro,Colisión por alcance,Lluvia,Pleno día,1,0,0,1,2019-03-01,otro,colision por alcance,lluvia,pleno dia,travesia,4c5f863a279220d839c547f0330f8e8a3bd0f92752a0bd7f9f603a6b3a336bf5,accidentes_raw_dgt,2026-05-09 20:40:11
2019,Alicante,4,Jueves,6,Travesía,Otro,Choque obstáculo lateral,Buen tiempo,Amanecer/Anochecer,1,0,0,1,2019-04-01,otro,choque obstaculo lateral,buen tiempo,amanecer/anochecer,travesia,724d2f1a49d590b22189672810a66b992d2e08b5c849417cbf83a5dd51c6604a,accidentes_raw_dgt,2026-05-09 20:40:11
2019,Alicante,4,Sábado,5,Travesía,Otro,Choque obstáculo calzada,Buen tiempo,Noche sin iluminación,1,0,0,1,2019-04-01,otro,choque obstaculo calzada,buen tiempo,noche sin iluminacion,travesia,7fe5e0f74493ef58742323132115b1bbe1a97f89b5e530ddc4c1a4f8eac59edf,accidentes_raw_dgt,2026-05-09 20:40:11
2019,Alicante,4,Martes,18,Travesía,Otro,Choque obstáculo lateral,Buen tiempo,Amanecer/Anochecer,1,0,0,1,2019-04-01,otro,choque obstaculo lateral,buen tiempo,amanecer/anochecer,travesia,b44772b12eec5b5e73b363df835f2f14c12f1c740e99145429f12765e7cee0c8,accidentes_raw_dgt,2026-05-09 20:40:11
2019,Alicante,5,Jueves,18,Travesía,Otro,Choque obstáculo lateral,Buen tiempo,Pleno día,1,0,0,1,2019-05-01,otro,choque obstaculo lateral,buen tiempo,pleno dia,travesia,6c31832091556f7a2e12411ac3b26b10d9a0c315253dc68dbc299b51c2120cd3,accidentes_raw_dgt,2026-05-09 20:40:11
2019,Alicante,5,Lunes,18,Travesía,Otro,Colisión frontolateral,Buen tiempo,Pleno día,1,0,0,1,2019-05-01,otro,colision frontolateral,buen tiempo,pleno dia,travesia,06071662e6313f87a31dc86ec1c2412f2973ff498009b3746d8a839dd25e2366,accidentes_raw_dgt,2026-05-09 20:40:11
2019,Alicante,5,Jueves,5,Zona interurbana,Vía urbana,Colisión frontolateral,Buen tiempo,Se desconoce,1,0,0,1,2019-05-01,via urbana,colision frontolateral,buen tiempo,se desconoce,zona interurbana,a898a8776c1b93c5718bf0d1c5f4e90fc60d7bc54c8699bc676cf9f60ce2aec9,accidentes_raw_dgt,2026-05-09 20:40:11
2019,Alicante,6,Lunes,11,Zona interurbana,Vía urbana,Atropello a peatón,Buen tiempo,Pleno día,1,0,0,1,2019-06-01,via urbana,atropello a peaton,buen tiempo,pleno dia,zona interurbana,2adcda788844f02ef391c310377ec4db065d4417d7e03da70a67f118d9dbd783,accidentes_raw_dgt,2026-05-09 20:40:11
2019,Alicante,6,Sábado,13,Zona interurbana,Vía urbana,Choque obstáculo mediana,Buen tiempo,Pleno día,1,0,0,1,2019-06-01,via urbana,choque obstaculo mediana,buen tiempo,pleno dia,zona interurbana,5f395d07369071a505ef926527de2ac53e8c29e103dc63398315bc276224b81a,accidentes_raw_dgt,2026-05-09 20:40:11
2019,Alicante,6,Viernes,17,Zona interurbana,Vía urbana,Colisión frontolateral,Buen tiempo,Pleno día,2,0,0,2,2019-06-01,via urbana,colision frontolateral,buen tiempo,pleno dia,zona interurbana,d80d4a47ee832a474d99bf56f67ad56818261dbeb4090d9305c6208a32d19b45,accidentes_raw_dgt,2026-05-09 20:40:11
2019,Alicante,7,Sábado,8,Zona interurbana,Vía convencional,Se desconoce,Buen tiempo,Pleno día,1,0,0,1,2019-07-01,via convencional,se desconoce,buen tiempo,pleno dia,zona interurbana,a26dc55ddff93202c594b7499bf6c234884b52a60bf0d51a73638c2d239f5735,accidentes_raw_dgt,2026-05-09 20:40:11
2019,Alicante,7,Martes,21,Zona interurbana,Vía urbana,Colisión por alcance,Buen tiempo,Pleno día,1,0,1,0,2019-07-01,via urbana,colision por alcance,buen tiempo,pleno dia,zona interurbana,5b36c44d19053f9d88160de9a56bde6455eaba54f599a655803ce1e98b1ccea5,accidentes_raw_dgt,2026-05-09 20:40:11
2019,Alicante,8,Martes,15,Zona interurbana,Vía convencional,Colisión por alcance,Buen tiempo,Pleno día,1,0,0,1,2019-08-01,via convencional,colision por alcance,buen tiempo,pleno dia,zona interurbana,fd7153335627c9fe4200bf31a9a428527c86daeafa960dd743a72dec069e3a95,accidentes_raw_dgt,2026-05-09 20:40:11
2019,Alicante,9,Miércoles,14,Zona interurbana,Vía convencional,Colisión por alcance,Buen tiempo,Pleno día,3,0,0,3,2019-09-01,via convencional,colision por alcance,buen tiempo,pleno dia,zona interurbana,23793f85cf1f0dff8bf1fc49abbe0f7e2edeee8c35f20100657ebdd2824acb1a,accidentes_raw_dgt,2026-05-09 20:40:11
2019,Alicante,9,Martes,18,Zona interurbana,Vía convencional,Se desconoce,Lluvia,Pleno día,1,0,0,1,2019-09-01,via convencional,se desconoce,lluvia,pleno dia,zona interurbana,d55f9f377e5f62397fd8db6c7f490530240028d4e12cc902191001e205ae69d9,accidentes_raw_dgt,2026-05-09 20:40:11
2019,Alicante,11,Domingo,19,Zona interurbana,Vía convencional,Colisión por alcance,Buen tiempo,Noche ilum. insuficiente,2,0,0,2,2019-11-01,via convencional,colision por alcance,buen tiempo,noche ilum. insuficiente,zona interurbana,6b724a6630ccac9ac84a7af1031414c6b6b6a16b59aafe635d5b93b12d44c7bf,accidentes_raw_dgt,2026-05-09 20:40:11
2019,Alicante,3,Sábado,17,Zona interurbana,Vía urbana,Atropello a ciclista,Buen tiempo,Pleno día,1,0,0,1,2019-03-01,via urbana,atropello a ciclista,buen tiempo,pleno dia,zona interurbana,82bd3b63e2f8767c07670f6dd062aa27d01fd09819cfcfbea5f5b8c4c27323b0,accidentes_raw_dgt,2026-05-09 20:40:11
2019,Alicante,7,Viernes,21,Travesía,Otro,Colisión frontolateral,Buen tiempo,Noche sin iluminación,1,0,0,1,2019-07-01,otro,colision frontolateral,buen tiempo,noche sin iluminacion,travesia,3504a42dccf2276ba33c5e8da9ae7a6729ab07bc8c0bf4fdf0a4375757838b67,accidentes_raw_dgt,2026-05-09 20:40:11
2019,Alicante,7,Sábado,15,Zona interurbana,Vía urbana,Caída de motociclista,Buen tiempo,Pleno día,1,0,0,1,2019-07-01,via urbana,caida de motociclista,buen tiempo,pleno dia,zona interurbana,2a0400a50c04a5c64e7818f4920059acbedcc2a193e715b0f0310923405b36e8,accidentes_raw_dgt,2026-05-09 20:40:11
2019,Alicante,9,Viernes,11,Zona interurbana,Vía urbana,Colisión por alcance,Buen tiempo,Pleno día,1,0,0,1,2019-09-01,via urbana,colision por alcance,buen tiempo,pleno dia,zona interurbana,8a835b9bf9c1f8976256bf02427710f8ecf85f55aa59e5084421be8793752362,accidentes_raw_dgt,2026-05-09 20:40:11
2019,Alicante,12,Domingo,4,Zona interurbana,Vía urbana,Atropello a ciclista,Buen tiempo,Se desconoce,3,0,0,3,2019-12-01,via urbana,atropello a ciclista,buen tiempo,se desconoce,zona interurbana,62a728b0b2cb8efb20f13941e7fe44058122f9869ab0a9d970fcd5080d0eae86,accidentes_raw_dgt,2026-05-09 20:40:11
2019,Alicante,12,Sábado,12,Zona interurbana,Vía urbana,Atropello a ciclista,Buen tiempo,Pleno día,2,0,0,2,2019-12-01,via urbana,atropello a ciclista,buen tiempo,pleno dia,zona interurbana,92b18972560ad2bbd2800ccd28c975279ef95f74abb8cf37298def1cb681af9e,accidentes_raw_dgt,2026-05-09 20:40:11
2019,Alicante,6,Domingo,5,Zona interurbana,Vía urbana,Salida vía izquierda,Buen tiempo,Noche sin iluminación,1,0,0,1,2019-06-01,via urbana,salida via izquierda,buen tiempo,noche sin iluminacion,zona interurbana,115c08a62490bff35d2499453b1d120c023212ac1bd3a477d585155bdb2d2b81,accidentes_raw_dgt,2026-05-09 20:40:11
2019,Alicante,11,Domingo,14,Zona interurbana,Vía urbana,Colisión frontal,Buen tiempo,Pleno día,2,0,1,0,2019-11-01,via urbana,colision frontal,buen tiempo,pleno dia,zona interurbana,599fa5a8dc521d3f491cafcb65f2ddca35e5231cde6ed030dbefa1304ac111e5,accidentes_raw_dgt,2026-05-09 20:40:11
2019,Alicante,1,Miércoles,11,Zona interurbana,Vía urbana,Animal en calzada,Buen tiempo,Pleno día,2,0,0,2,2019-01-01,via urbana,animal en calzada,buen tiempo,pleno dia,zona interurbana,62f73707683b924b65bf4636f2e0ebc312c20f9e42fc763af9b608bafb38f532,accidentes_raw_dgt,2026-05-09 20:40:11
2019,Alicante,3,Viernes,13,Zona interurbana,Vía urbana,Animal en calzada,Buen tiempo,Pleno día,1,0,0,1,2019-03-01,via urbana,animal en calzada,buen tiempo,pleno dia,zona interurbana,bb551a7a1524e2effeb1c44e13d497a3aecb51cfa92245d70f799af519127f9c,accidentes_raw_dgt,2026-05-09 20:40:11
2019,Alicante,5,Miércoles,18,Zona interurbana,Vía urbana,Colisión múltiple,Buen tiempo,Pleno día,1,0,1,0,2019-05-01,via urbana,colision multiple,buen tiempo,pleno dia,zona interurbana,9841b7a33831ef01be4313650117be8009dfa51cfda648f9e60b4ab234128d53,accidentes_raw_dgt,2026-05-09 20:40:11
2019,Alicante,5,Jueves,23,Zona interurbana,Vía urbana,Caída de motociclista,Buen tiempo,Noche sin iluminación,1,0,0,1,2019-05-01,via urbana,caida de motociclista,buen tiempo,noche sin iluminacion,zona interurbana,8a10191e65ccf722bf59e70ddda155525c5f2ab80c5fed2ed67ee9f855171f7d,accidentes_raw_dgt,2026-05-09 20:40:11
2019,Alicante,5,Jueves,13,Zona interurbana,Vía urbana,Colisión frontal,Buen tiempo,Pleno día,2,0,0,2,2019-05-01,via urbana,colision frontal,buen tiempo,pleno dia,zona interurbana,819460fd9350632f57a032254566d01efa193fb0d490ef12483c89107001ff86,accidentes_raw_dgt,2026-05-09 20:40:11
2019,Alicante,6,Martes,11,Zona interurbana,Vía urbana,Colisión por alcance,Buen tiempo,Pleno día,2,0,0,2,2019-06-01,via urbana,colision por alcance,buen tiempo,pleno dia,zona interurbana,c103df72e15cf510fd1acdd2fa2e71fdb7fb3ebf72441fd79d8aa1bee87169fd,accidentes_raw_dgt,2026-05-09 20:40:11
2019,Alicante,6,Lunes,12,Zona interurbana,Vía urbana,Atropello a ciclista,Buen tiempo,Pleno día,1,0,1,0,2019-06-01,via urbana,atropello a ciclista,buen tiempo,pleno dia,zona interurbana,ceaa28bba4caba687dc31b1bbe79eca3c70c33f871f1ce8f528cf9ab5cfd76dd,accidentes_raw_dgt,2026-05-09 20:40:11
2019,Alicante,6,Jueves,6,Zona interurbana,Vía urbana,Se desconoce,Buen tiempo,Amanecer/Anochecer,1,0,0,1,2019-06-01,via urbana,se desconoce,buen tiempo,amanecer/anochecer,zona interurbana,c5de86654f0e517de7569a0bf431390345b54ba288ba6cca378a76257f70a4bb,accidentes_raw_dgt,2026-05-09 20:40:11
2019,Alicante,7,Domingo,16,Zona interurbana,Vía urbana,Choque obstáculo mediana,Buen tiempo,Pleno día,1,0,0,1,2019-07-01,via urbana,choque obstaculo mediana,buen tiempo,pleno dia,zona interurbana,ee43ec7cc83b9a0fe422f2b26a3ad983c9ca579ca7bce87d07d971642d9c50eb,accidentes_raw_dgt,2026-05-09 20:40:11
2019,Alicante,7,Jueves,11,Zona interurbana,Vía urbana,Colisión múltiple,Buen tiempo,Pleno día,1,0,0,1,2019-07-01,via urbana,colision multiple,buen tiempo,pleno dia,zona interurbana,dcb57707f6f00ed16db4f25cc3b3eccb2c4c444398fa262d6f5308a129174512,accidentes_raw_dgt,2026-05-09 20:40:11
2019,Alicante,8,Lunes,13,Zona interurbana,Vía urbana,Colisión por alcance,Buen tiempo,Pleno día,2,0,0,2,2019-08-01,via urbana,colision por alcance,buen tiempo,pleno dia,zona interurbana,c89b4e41f654eea7eb98d53066d86785177654a42694ada4fa7a99c9c2597071,accidentes_raw_dgt,2026-05-09 20:40:11