AÑO,PROVINCIA,MES,DIA_SEMANA,HORA,ZONA,TIPO_VIA,TIPO_ACCIDENTE,CONDICION_METEO,CONDICION_ILUMINACION,TOTAL_VICTIMAS,FALLECIDOS_24H,HERIDOS_GRAVES,HERIDOS_LEVES,FECHA_ACCIDENTE,TIPO_VIA_NORM,TIPO_ACCIDENTE_NORM,CONDICION_METEO_NORM,CONDICION_ILUMINACION_NORM,ZONA_NORM,ID_ACCIDENTE_HASH,source_id,load_timestamp
2019,Alicante,8,Martes,23,Zona interurbana,Vía urbana,Colisión lateral,Buen tiempo,Noche sin iluminación,1,0,0,1,2019-08-01,via urbana,colision lateral,buen tiempo,noche sin iluminacion,zona interurbana,e7a2e37b6eff81fac25ad0d8d09c0ca3c9069f5a3a07048d41ad64648efe913a,accidentes_raw_dgt,2026-05-09 20:40:11
2019,Alicante,8,Domingo,13,Zona interurbana,Vía urbana,Colisión por alcance,Buen tiempo,Pleno día,2,0,0,2,2019-08-01,via urbana,colision por alcance,buen tiempo,pleno dia,zona interurbana,04ad2618a7fe10a34a25a9d4a15d08f7762d7c8f0e9358c3be8bf9819d4cbb22,accidentes_raw_dgt,2026-05-09 20:40:11
2019,Alicante,8,Jueves,10,Zona interurbana,Vía urbana,Colisión frontolateral,Buen tiempo,Pleno día,2,0,0,2,2019-08-01,via urbana,colision frontolateral,buen tiempo,pleno dia,zona interurbana,516d51b2955c0082c429e7d58d5130a619a26a2e4a3219645a635f8297ff0349,accidentes_raw_dgt,2026-05-09 20:40:11
2019,Alicante,9,Domingo,12,Zona interurbana,Vía urbana,Colisión frontolateral,Buen tiempo,Pleno día,1,0,0,1,2019-09-01,via urbana,colision frontolateral,buen tiempo,pleno dia,zona interurbana,0d3fa6dd8f23a9a7db9b1e3bcb8e32fe97f51c4f519bcca616ba2e7837efebc9,accidentes_raw_dgt,2026-05-09 20:40:11
2019,Alicante,9,Sábado,14,Travesía,Otro,Choque obstáculo lateral,Buen tiempo,Pleno día,1,0,0,1,2019-09-01,otro,choque obstaculo lateral,buen tiempo,pleno dia,travesia,d9b22972eaaeb7016c4795d53abbdb02fdb09cb09ba9a818fc00962042c23f73,accidentes_raw_dgt,2026-05-09 20:40:11
2019,Alicante,8,Viernes,2,Travesía,Otro,Colisión frontolateral,Buen tiempo,Noche con iluminación,1,0,0,1,2019-08-01,otro,colision frontolateral,buen tiempo,noche con iluminacion,travesia,106ac292fcd6117419cd13e16dc053e35a3116f145e04edddd83ce427a6f65d5,accidentes_raw_dgt,2026-05-09 20:40:11
2019,Alicante,8,Jueves,20,Travesía,Otro,Colisión lateral,Buen tiempo,Pleno día,1,0,0,1,2019-08-01,otro,colision lateral,buen tiempo,pleno dia,travesia,8db4f214b0974db78af9998bc07b6bd9d4d948574849548396c598648ccba86d,accidentes_raw_dgt,2026-05-09 20:40:11
2019,Alicante,8,Martes,15,Travesía,Otro,Colisión frontolateral,Buen tiempo,Pleno día,1,0,0,1,2019-08-01,otro,colision frontolateral,buen tiempo,pleno dia,travesia,11f4138f4d6ee3c5d5b803a8010f59d227a51fbb2c33f3f4c617f10d48db5bdc,accidentes_raw_dgt,2026-05-09 20:40:11
2019,Alicante,8,Miércoles,0,Travesía,Otro,Animal en calzada,Otro,Noche sin iluminación,1,0,0,1,2019-08-01,otro,animal en calzada,otro,noche sin iluminacion,travesia,895ea7bfb9e6d993dd42927c946edc8fa9815152089cdc810919ebbf27a6affd,accidentes_raw_dgt,2026-05-09 20:40:11
2019,Alicante,9,Miércoles,9,Travesía,Otro,Colisión frontolateral,Buen tiempo,Pleno día,1,0,0,1,2019-09-01,otro,colision frontolateral,buen tiempo,pleno dia,travesia,81e1be313ea16e5255b8dcfc5b22b9c39424e2b1d0948b5f52f342e6f446d7be,accidentes_raw_dgt,2026-05-09 20:40:11
2019,Alicante,11,Jueves,21,Zona interurbana,Vía urbana,Colisión frontolateral,Buen tiempo,Noche ilum. insuficiente,1,0,0,1,2019-11-01,via urbana,colision frontolateral,buen tiempo,noche ilum. insuficiente,zona interurbana,155eb65154b0e0ebe9a5ef857f638ee44f327508aa33163569d759d4014a64b7,accidentes_raw_dgt,2026-05-09 20:40:11
2019,Alicante,11,Martes,9,Zona interurbana,Vía urbana,Colisión lateral,Buen tiempo,Pleno día,1,0,0,1,2019-11-01,via urbana,colision lateral,buen tiempo,pleno dia,zona interurbana,8b75ec30ea0d0fedcfce5224ef7733db7dbc574a1806aa664014eb6350f5a00c,accidentes_raw_dgt,2026-05-09 20:40:11
2019,Alicante,11,Martes,20,Zona interurbana,Vía urbana,Caída de motociclista,Buen tiempo,Noche sin iluminación,1,0,0,1,2019-11-01,via urbana,caida de motociclista,buen tiempo,noche sin iluminacion,zona interurbana,18c6b6f84040725098b1bf26e6269ff898b9ab4ab5e7f64c2c7446ea563c3cd7,accidentes_raw_dgt,2026-05-09 20:40:11
2019,Alicante,1,Sábado,13,Zona interurbana,Vía urbana,Se desconoce,Buen tiempo,Pleno día,1,0,1,0,2019-01-01,via urbana,se desconoce,buen tiempo,pleno dia,zona interurbana,5d8a509aff5247a5a5a46cd20deb11302aa469a9aad7916f1848e586da88ddd3,accidentes_raw_dgt,2026-05-09 20:40:11
2019,Alicante,2,Viernes,15,Travesía,Otro,Colisión por alcance,Otro,Pleno día,1,0,0,1,2019-02-01,otro,colision por alcance,otro,pleno dia,travesia,15727c386643f322e3f4a59c3dae9fe3f7560d629f063438fa0224d3d5cc58ff,accidentes_raw_dgt,2026-05-09 20:40:11
2019,Alicante,2,Sábado,14,Zona interurbana,Vía urbana,Caída de motociclista,Buen tiempo,Pleno día,1,0,1,0,2019-02-01,via urbana,caida de motociclista,buen tiempo,pleno dia,zona interurbana,73b78aae3fdfcb4a4ccc874fbe69f43990ed8c8b6ba1f8dba81067764f454d25,accidentes_raw_dgt,2026-05-09 20:40:11
2019,Alicante,3,Domingo,12,Zona interurbana,Vía urbana,Otro tipo,Buen tiempo,Pleno día,1,0,0,1,2019-03-01,via urbana,otro tipo,buen tiempo,pleno dia,zona interurbana,a9695960eb99680a82913034df4d405182ed7b4adef9130f9c631148f1a8a507,accidentes_raw_dgt,2026-05-09 20:40:11
2019,Alicante,3,Miércoles,14,Zona interurbana,Vía urbana,Caída de motociclista,Lluvia,Se desconoce,2,0,0,2,2019-03-01,via urbana,caida de motociclista,lluvia,se desconoce,zona interurbana,d88e4a72af6b2d5e7c737813df9e499a7acb92c308b62dc0ae7f429b154b4da4,accidentes_raw_dgt,2026-05-09 20:40:11
2019,Alicante,3,Sábado,9,Zona interurbana,Vía urbana,Vuelco en calzada,Lluvia,Pleno día,1,0,0,1,2019-03-01,via urbana,vuelco en calzada,lluvia,pleno dia,zona interurbana,ce16559af2caf7bb54bebd57a1602e29ada331b3356004265abeab0e568278cc,accidentes_raw_dgt,2026-05-09 20:40:11
2019,Alicante,3,Domingo,11,Zona interurbana,Vía urbana,Caída de motociclista,Buen tiempo,Pleno día,1,0,0,1,2019-03-01,via urbana,caida de motociclista,buen tiempo,pleno dia,zona interurbana,75000e2a4f87a5ff60f38e0ad36006ccefe4cb7b94b58c2208678b4febc4c3d0,accidentes_raw_dgt,2026-05-09 20:40:11
2019,Alicante,3,Domingo,12,Zona interurbana,Vía urbana,Caída de motociclista,Buen tiempo,Pleno día,1,0,0,1,2019-03-01,via urbana,caida de motociclista,buen tiempo,pleno dia,zona interurbana,f23ab45f058247a08e923d993f9d4fbb5636b91a3fdd23b7c2c0aa4893c5ee23,accidentes_raw_dgt,2026-05-09 20:40:11
2019,Alicante,6,Sábado,11,Zona interurbana,Vía de servicio,Colisión frontolateral,Buen tiempo,Pleno día,1,0,0,1,2019-06-01,via de servicio,colision frontolateral,buen tiempo,pleno dia,zona interurbana,0dc5713ce820f08291d115ebb644ecdf6b6344453d861961eead41ed87788561,accidentes_raw_dgt,2026-05-09 20:40:11
2019,Alicante,8,Viernes,19,Zona interurbana,Vía urbana,Colisión por alcance,Buen tiempo,Pleno día,2,0,1,1,2019-08-01,via urbana,colision por alcance,buen tiempo,pleno dia,zona interurbana,77c929f89b86b56345c2b17e7af8f24cc3968b8a1a65a90d6011cddb630dab42,accidentes_raw_dgt,2026-05-09 20:40:11
2019,Alicante,8,Martes,17,Zona interurbana,Vía convencional,Colisión por alcance,Nieve,Pleno día,2,0,0,2,2019-08-01,via convencional,colision por alcance,nieve,pleno dia,zona interurbana,4925f6ff387cfd19364bcc4302f776bcd64c2c2767cf750e818d2906cbcdd224,accidentes_raw_dgt,2026-05-09 20:40:11
2019,Alicante,8,Viernes,18,Travesía,Otro,Choque obstáculo lateral,Buen tiempo,Pleno día,1,0,0,1,2019-08-01,otro,choque obstaculo lateral,buen tiempo,pleno dia,travesia,07915fe7c4d1b930ab31e4807dcaa0b2f5ce124030ce6d365283fc38fce478cd,accidentes_raw_dgt,2026-05-09 20:40:11
2019,Alicante,10,Domingo,12,Zona interurbana,Vía urbana,Caída de motociclista,Buen tiempo,Pleno día,1,0,0,1,2019-10-01,via urbana,caida de motociclista,buen tiempo,pleno dia,zona interurbana,ca35d6668c8ef049df346e4fb2c18f50dac07bdf0b8d96a493c4df2b4143fe34,accidentes_raw_dgt,2026-05-09 20:40:11
2019,Alicante,11,Viernes,12,Zona interurbana,Vía urbana,Colisión frontal,Buen tiempo,Pleno día,2,1,0,1,2019-11-01,via urbana,colision frontal,buen tiempo,pleno dia,zona interurbana,0f95db90112a9f3f54f856c168caedb1adfff74d62bde915cfae1d54acac1231,accidentes_raw_dgt,2026-05-09 20:40:11
2019,Alicante,11,Viernes,9,Zona interurbana,Vía urbana,Caída de motociclista,Buen tiempo,Pleno día,1,0,0,1,2019-11-01,via urbana,caida de motociclista,buen tiempo,pleno dia,zona interurbana,2aec3694418f35d89c5dc2e4372741f0787910ef288d30426e93d9d748f63b85,accidentes_raw_dgt,2026-05-09 20:40:11
2019,Alicante,12,Jueves,7,Zona interurbana,Vía urbana,Otro tipo,Lluvia,Se desconoce,1,0,0,1,2019-12-01,via urbana,otro tipo,lluvia,se desconoce,zona interurbana,d22dd4c1433727c0a56db0a381af83201620dbeff2ac59ada9a403cb9abd4ef5,accidentes_raw_dgt,2026-05-09 20:40:11
2019,Alicante,12,Sábado,18,Zona interurbana,Vía urbana,Choque con bordillo,Buen tiempo,Se desconoce,2,0,0,2,2019-12-01,via urbana,choque con bordillo,buen tiempo,se desconoce,zona interurbana,22fefb3e2c6808a3abe264caa7e03be805f392fb7ca03a71b13fce9aa56d0f64,accidentes_raw_dgt,2026-05-09 20:40:11
2019,Alicante,3,Miércoles,12,Zona interurbana,Vía urbana,Se desconoce,Buen tiempo,Pleno día,1,0,0,1,2019-03-01,via urbana,se desconoce,buen tiempo,pleno dia,zona interurbana,625bcac215cfcfd03dc281e64d5e5598984ee23732a518516a25d0741a063c82,accidentes_raw_dgt,2026-05-09 20:40:11
2019,Alicante,5,Lunes,13,Zona interurbana,Vía urbana,Salida vía izquierda,Buen tiempo,Pleno día,1,0,0,1,2019-05-01,via urbana,salida via izquierda,buen tiempo,pleno dia,zona interurbana,9652ec3b28f1be86a028807d42b718b02493202a3a3ab9b0dab54846e3f57b60,accidentes_raw_dgt,2026-05-09 20:40:11
2019,Alicante,7,Martes,13,Zona interurbana,Vía urbana,Colisión frontolateral,Buen tiempo,Pleno día,1,0,0,1,2019-07-01,via urbana,colision frontolateral,buen tiempo,pleno dia,zona interurbana,24a05f4d1305d66770d1b6c2627f83aced0c5acb1fafd33fc53d9df8eb8f2441,accidentes_raw_dgt,2026-05-09 20:40:11
2019,Alicante,1,Jueves,17,Zona interurbana,Vía convencional,Colisión por alcance,Buen tiempo,Pleno día,1,0,0,1,2019-01-01,via convencional,colision por alcance,buen tiempo,pleno dia,zona interurbana,fc952bb014fc5706d37a69df457c83637959ff94fac3a822d96a8af0b3a3c597,accidentes_raw_dgt,2026-05-09 20:40:11
2019,Alicante,1,Domingo,0,Zona interurbana,Vía convencional,Colisión múltiple,Buen tiempo,Se desconoce,4,0,0,4,2019-01-01,via convencional,colision multiple,buen tiempo,se desconoce,zona interurbana,618102f275d5649a63c144907693a2a3f021c0c95755b16029b6afefe40d49c6,accidentes_raw_dgt,2026-05-09 20:40:11
2019,Alicante,1,Domingo,12,Zona interurbana,Calle,Caída de motociclista,Lluvia,Pleno día,1,0,0,1,2019-01-01,calle,caida de motociclista,lluvia,pleno dia,zona interurbana,80ae95e050f70cddb9725d71e8fa265f27ecb95db2613461fd6d1c085f2dab0c,accidentes_raw_dgt,2026-05-09 20:40:11
2019,Alicante,2,Sábado,10,Zona interurbana,Vía urbana,Caída de motociclista,Buen tiempo,Pleno día,1,0,0,1,2019-02-01,via urbana,caida de motociclista,buen tiempo,pleno dia,zona interurbana,27335c6f0f67cb71eb11377aa44c8c1dee360050e9c98b85ba13bc0a9c58dbc2,accidentes_raw_dgt,2026-05-09 20:40:11
2019,Alicante,2,Viernes,11,Zona interurbana,Vía convencional,Colisión por alcance,Buen tiempo,Pleno día,2,0,0,2,2019-02-01,via convencional,colision por alcance,buen tiempo,pleno dia,zona interurbana,2cde073b39dd6bb110a2c85de907705a365f55ca08df8de23c47028aea843a5a,accidentes_raw_dgt,2026-05-09 20:40:11
2019,Alicante,3,Lunes,19,Zona interurbana,Vía convencional,Colisión por alcance,Buen tiempo,Se desconoce,1,0,0,1,2019-03-01,via convencional,colision por alcance,buen tiempo,se desconoce,zona interurbana,20c4373a54558e54a5a8d0d6146d1ee0f2305a0c5123a65f4d7cda0c2b8a0972,accidentes_raw_dgt,2026-05-09 20:40:11
2019,Alicante,2,Miércoles,17,Zona interurbana,Autopista,Salida vía izquierda,Buen tiempo,Pleno día,1,0,1,0,2019-02-01,autopista,salida via izquierda,buen tiempo,pleno dia,zona interurbana,889e2fc00981675edd472d82d3a581b0156216501cfcdba3f1dfc87223be85e7,accidentes_raw_dgt,2026-05-09 20:40:11
2019,Alicante,4,Jueves,17,Zona interurbana,Vía convencional,Otro tipo,Nieve,Pleno día,2,0,0,2,2019-04-01,via convencional,otro tipo,nieve,pleno dia,zona interurbana,c5207b559b018772164b20969f50a1003b171023e9d96d8e17a246d3e4e259b8,accidentes_raw_dgt,2026-05-09 20:40:11
2019,Alicante,5,Domingo,17,Zona interurbana,Vía convencional,Caída de motociclista,Buen tiempo,Pleno día,1,0,0,1,2019-05-01,via convencional,caida de motociclista,buen tiempo,pleno dia,zona interurbana,a1aef9f42364b8de67682912b87c2378549e79726390c800104c542897364713,accidentes_raw_dgt,2026-05-09 20:40:11
2019,Alicante,6,Domingo,18,Zona interurbana,Vía convencional,Colisión por alcance,Buen tiempo,Pleno día,1,0,0,1,2019-06-01,via convencional,colision por alcance,buen tiempo,pleno dia,zona interurbana,f2a0f718b02f355aeee40ecf48041a8f6b3e0cc1ddf33e6d6d581561e678527a,accidentes_raw_dgt,2026-05-09 20:40:11
2019,Alicante,6,Martes,12,Zona interurbana,Vía convencional,Colisión múltiple,Buen tiempo,Pleno día,2,0,0,2,2019-06-01,via convencional,colision multiple,buen tiempo,pleno dia,zona interurbana,4b70c9928c3588cbd5f03ef7e4ce5a51cca5b9a5355a17b987eb9eb7fd747578,accidentes_raw_dgt,2026-05-09 20:40:11
2019,Alicante,7,Jueves,20,Zona interurbana,Vía convencional,Se desconoce,Buen tiempo,Pleno día,1,0,1,0,2019-07-01,via convencional,se desconoce,buen tiempo,pleno dia,zona interurbana,fb937217a0d04da5939ae57522cc743b370857cd9e617c378a538a4a5a24da74,accidentes_raw_dgt,2026-05-09 20:40:11
2019,Alicante,7,Jueves,20,Zona interurbana,Vía convencional,Colisión por alcance,Buen tiempo,Pleno día,1,0,0,1,2019-07-01,via convencional,colision por alcance,buen tiempo,pleno dia,zona interurbana,02ec6cded188e77c0759237aa83aef56199b9435edbe52cb934ba09df357d81a,accidentes_raw_dgt,2026-05-09 20:40:11
2019,Alicante,7,Sábado,8,Zona interurbana,Vía urbana,Colisión frontolateral,Buen tiempo,Pleno día,1,0,0,1,2019-07-01,via urbana,colision frontolateral,buen tiempo,pleno dia,zona interurbana,736eb54066e30caa12575ccf28b2e2b660d315852bac4c76c77daa3c3a63aef0,accidentes_raw_dgt,2026-05-09 20:40:11
2019,Alicante,8,Jueves,5,Zona interurbana,Vía convencional,Caída de ocupante,Buen tiempo,Se desconoce,1,1,0,0,2019-08-01,via convencional,caida de ocupante,buen tiempo,se desconoce,zona interurbana,b96cb18015f6896c4fc74454c578571dc84ef3c45e929f70f21773e09e972b50,accidentes_raw_dgt,2026-05-09 20:40:11
2019,Alicante,8,Sábado,8,Zona interurbana,Vía urbana,Colisión lateral,Buen tiempo,Pleno día,1,0,0,1,2019-08-01,via urbana,colision lateral,buen tiempo,pleno dia,zona interurbana,13b15ff5b941ca90e9bc41495c160cd29bda02991b4236d78268a40acd861955,accidentes_raw_dgt,2026-05-09 20:40:11
2019,Alicante,8,Jueves,8,Zona interurbana,Vía convencional,Colisión por alcance,Buen tiempo,Pleno día,1,0,0,1,2019-08-01,via convencional,colision por alcance,buen tiempo,pleno dia,zona interurbana,cad6a6cdd207df506aab2f1ad1dc92a50183459a1e323b1b7c5ffe6547d953d1,accidentes_raw_dgt,2026-05-09 20:40:11
2019,Alicante,9,Miércoles,7,Zona interurbana,Vía convencional,Otro tipo,Buen tiempo,Pleno día,2,0,0,2,2019-09-01,via convencional,otro tipo,buen tiempo,pleno dia,zona interurbana,9d01137ce69ff69a6677b8c7ffdaceda9b8101585fb27531d7621018dc3ccf33,accidentes_raw_dgt,2026-05-09 20:40:11
2019,Alicante,9,Martes,23,Zona interurbana,Vía convencional,Caída de motociclista,Buen tiempo,Se desconoce,1,0,0,1,2019-09-01,via convencional,caida de motociclista,buen tiempo,se desconoce,zona interurbana,624e35f6360fb202ba6b30190c8f57e641d12dc9348984126f4140ecc84a5fed,accidentes_raw_dgt,2026-05-09 20:40:11
2019,Alicante,10,Sábado,5,Zona interurbana,Vía convencional,Vuelco en calzada,Buen tiempo,Noche ilum. insuficiente,2,0,0,2,2019-10-01,via convencional,vuelco en calzada,buen tiempo,noche ilum. insuficiente,zona interurbana,125c53fdf1e771c91a9d21935173720f58903761b437c5e7afa8176872626199,accidentes_raw_dgt,2026-05-09 20:40:11
2019,Alicante,7,Lunes,19,Zona interurbana,Vía urbana,Colisión frontal,Buen tiempo,Pleno día,1,0,1,0,2019-07-01,via urbana,colision frontal,buen tiempo,pleno dia,zona interurbana,8da11e8a75ed23fccb69bdeb9b67c847e65ce746466f28758a3a7391d9104275,accidentes_raw_dgt,2026-05-09 20:40:11
2019,Alicante,11,Lunes,7,Zona interurbana,Vía convencional,Colisión múltiple,Buen tiempo,Pleno día,3,0,0,3,2019-11-01,via convencional,colision multiple,buen tiempo,pleno dia,zona interurbana,ed893e02d0d3b0c3e4af6e9323fc027f26601042869dfe909f84692d98a8cd39,accidentes_raw_dgt,2026-05-09 20:40:11
2019,Alicante,11,Lunes,8,Zona interurbana,Vía convencional,Colisión por alcance,Buen tiempo,Pleno día,1,0,0,1,2019-11-01,via convencional,colision por alcance,buen tiempo,pleno dia,zona interurbana,2ee8ae59b9c64a469ad161f26f90a16e0709aaf3f97f04e45aca5c265d473cc1,accidentes_raw_dgt,2026-05-09 20:40:11
2019,Alicante,11,Viernes,8,Zona interurbana,Vía convencional,Colisión múltiple,Buen tiempo,Pleno día,2,0,0,2,2019-11-01,via convencional,colision multiple,buen tiempo,pleno dia,zona interurbana,7811e7c165a37572a04b180fe14666cf22f1b60645e34084a020c9bf69161ba5,accidentes_raw_dgt,2026-05-09 20:40:11
2019,Alicante,11,Lunes,19,Zona interurbana,Vía convencional,Choque obstáculo calzada,Buen tiempo,Se desconoce,2,0,0,2,2019-11-01,via convencional,choque obstaculo calzada,buen tiempo,se desconoce,zona interurbana,184097a88a9b4ad9a7abe087636a8035186bd86eded231405bb996748a76c3bc,accidentes_raw_dgt,2026-05-09 20:40:11
2019,Alicante,12,Viernes,8,Zona interurbana,Vía convencional,Choque obstáculo calzada,Buen tiempo,Amanecer/Anochecer,1,0,0,1,2019-12-01,via convencional,choque obstaculo calzada,buen tiempo,amanecer/anochecer,zona interurbana,ab04a0144aaf727c42a6d5e058cb1e8cfa71b96dc1b057dc371ccc76dac00500,accidentes_raw_dgt,2026-05-09 20:40:11
2019,Alicante,1,Sábado,13,Zona interurbana,Calle,Colisión frontolateral,Buen tiempo,Pleno día,1,0,0,1,2019-01-01,calle,colision frontolateral,buen tiempo,pleno dia,zona interurbana,7db08657e1d436883b51a6385ab896e95b3ffc1a7e4591b644b0e8aa49360c97,accidentes_raw_dgt,2026-05-09 20:40:11
2019,Alicante,1,Miércoles,8,Travesía,Otro,Choque obstáculo lateral,Buen tiempo,Pleno día,1,0,0,1,2019-01-01,otro,choque obstaculo lateral,buen tiempo,pleno dia,travesia,7855619d06791afc38b411822f1f71d916a593bf22cdbf69c0f325ee70fe4f91,accidentes_raw_dgt,2026-05-09 20:40:11
2019,Alicante,4,Jueves,17,Zona interurbana,Vía urbana,Colisión frontal,Buen tiempo,Pleno día,2,0,0,2,2019-04-01,via urbana,colision frontal,buen tiempo,pleno dia,zona interurbana,3b37ef6a1be31e06efd2f3cfa7e70d2b25d95efec97e5b71503a95e249d13250,accidentes_raw_dgt,2026-05-09 20:40:11
2019,Alicante,6,Viernes,17,Zona interurbana,Vía urbana,Atropello a ciclista,Buen tiempo,Pleno día,2,0,0,2,2019-06-01,via urbana,atropello a ciclista,buen tiempo,pleno dia,zona interurbana,c6fab63609e8a0b0dad162a533ce5da4d8f4d40b652c8af06c6a542f4eba74b5,accidentes_raw_dgt,2026-05-09 20:40:11
2019,Alicante,6,Jueves,11,Zona interurbana,Camino vecinal,Colisión frontolateral,Buen tiempo,Pleno día,1,0,1,0,2019-06-01,camino vecinal,colision frontolateral,buen tiempo,pleno dia,zona interurbana,cdc670392ad038f0716f04f261f966881c536fa8529e970e19b9b8b86c373151,accidentes_raw_dgt,2026-05-09 20:40:11
2019,Alicante,7,Martes,16,Zona interurbana,Vía urbana,Colisión frontolateral,Buen tiempo,Pleno día,1,0,0,1,2019-07-01,via urbana,colision frontolateral,buen tiempo,pleno dia,zona interurbana,00603386e33146708372369b0529edc249360cc628a616bf5585c33937166e03,accidentes_raw_dgt,2026-05-09 20:40:11
2019,Alicante,3,Martes,9,Travesía,Otro,Colisión frontolateral,Buen tiempo,Pleno día,1,0,1,0,2019-03-01,otro,colision frontolateral,buen tiempo,pleno dia,travesia,7f489ad8915c281e41ae9affb4bdf12dd0b6746726632bb7301a6616ca7b04a0,accidentes_raw_dgt,2026-05-09 20:40:11
2019,Alicante,3,Miércoles,6,Travesía,Otro,Colisión frontolateral,Buen tiempo,Noche sin iluminación,3,0,0,3,2019-03-01,otro,colision frontolateral,buen tiempo,noche sin iluminacion,travesia,152bf02d1a3d3094d00cbce4933d5e38a402fa94ebad8c225e03fd98a3483441,accidentes_raw_dgt,2026-05-09 20:40:11
2019,Alicante,4,Sábado,13,Travesía,Otro,Colisión lateral,Buen tiempo,Pleno día,1,0,0,1,2019-04-01,otro,colision lateral,buen tiempo,pleno dia,travesia,137c149a3ed18d3a0ff3634e40d642a552bea18c6f6f27ce4ad988ee9c7ff5fa,accidentes_raw_dgt,2026-05-09 20:40:11
2019,Alicante,7,Lunes,7,Zona interurbana,Vía urbana,Colisión por alcance,Buen tiempo,Pleno día,1,0,0,1,2019-07-01,via urbana,colision por alcance,buen tiempo,pleno dia,zona interurbana,e74d21caffe16a058db26f79a53566d143b9f248285646be9ef0e5c29a7575c9,accidentes_raw_dgt,2026-05-09 20:40:11
2019,Alicante,5,Viernes,21,Travesía,Otro,Colisión frontolateral,Buen tiempo,Noche sin iluminación,2,0,0,2,2019-05-01,otro,colision frontolateral,buen tiempo,noche sin iluminacion,travesia,441df4958cb3d20cf97190ce30da5884b185e6e14cd805979b2d0f07b7907593,accidentes_raw_dgt,2026-05-09 20:40:11
2019,Alicante,6,Viernes,19,Travesía,Otro,Colisión frontolateral,Buen tiempo,Pleno día,1,0,0,1,2019-06-01,otro,colision frontolateral,buen tiempo,pleno dia,travesia,335f13ccec68fcb9de22e60226df2c64b192ca4440dfa503795714ce6d0730e3,accidentes_raw_dgt,2026-05-09 20:40:11
2019,Alicante,6,Jueves,20,Travesía,Otro,Se desconoce,Buen tiempo,Noche con iluminación,1,0,1,0,2019-06-01,otro,se desconoce,buen tiempo,noche con iluminacion,travesia,529faed5f67da7f6bbd6d69f20dfea73ec00d1dbe324dcc2ee4e9f197dcf0a61,accidentes_raw_dgt,2026-05-09 20:40:11
2019,Alicante,6,Sábado,20,Travesía,Otro,Choque obstáculo lateral,Buen tiempo,Amanecer/Anochecer,1,0,0,1,2019-06-01,otro,choque obstaculo lateral,buen tiempo,amanecer/anochecer,travesia,e1fe15b6ce5ddcc2725b40708ff51d576ac59715278d9e590e7ec23a37b360ed,accidentes_raw_dgt,2026-05-09 20:40:11
2019,Alicante,7,Lunes,9,Travesía,Otro,Salida vía izquierda,Buen tiempo,Pleno día,2,0,0,2,2019-07-01,otro,salida via izquierda,buen tiempo,pleno dia,travesia,0673c84a150ae556f1a43d32ad8f08fadb2690f7e25f8d1c9fe052bfd977d7d7,accidentes_raw_dgt,2026-05-09 20:40:11
2019,Alicante,10,Viernes,13,Travesía,Otro,Colisión frontolateral,Buen tiempo,Pleno día,1,0,0,1,2019-10-01,otro,colision frontolateral,buen tiempo,pleno dia,travesia,deb2676eeef1cf8fc35f1e58cd860a000ac231550a915589dc66159806fc4a4a,accidentes_raw_dgt,2026-05-09 20:40:11
2019,Alicante,10,Martes,22,Travesía,Otro,Animal en calzada,Buen tiempo,Noche sin iluminación,1,0,0,1,2019-10-01,otro,animal en calzada,buen tiempo,noche sin iluminacion,travesia,1e320cf3281868c2cd0cf78c688ebde71c6c03bc9a43d8e91cb962ccd83c2ab2,accidentes_raw_dgt,2026-05-09 20:40:11
2019,Alicante,11,Miércoles,15,Travesía,Otro,Colisión múltiple,Buen tiempo,Pleno día,3,0,0,3,2019-11-01,otro,colision multiple,buen tiempo,pleno dia,travesia,ea1241439855626c01371645bc680b1b0baac60d58e88f8cd72dd34cb8c164a1,accidentes_raw_dgt,2026-05-09 20:40:11
2019,Alicante,1,Miércoles,18,Zona interurbana,Camino vecinal,Colisión frontolateral,Buen tiempo,Noche sin iluminación,1,0,0,1,2019-01-01,camino vecinal,colision frontolateral,buen tiempo,noche sin iluminacion,zona interurbana,112b89e61925b93e267b8deecb2b1b02dbedd4e25003b9a1d17c6bf93a4b9e41,accidentes_raw_dgt,2026-05-09 20:40:11
2019,Alicante,1,Sábado,14,Zona interurbana,Camino vecinal,Se desconoce,Buen tiempo,Pleno día,1,0,0,1,2019-01-01,camino vecinal,se desconoce,buen tiempo,pleno dia,zona interurbana,e07aa27bdc1026c9e5b655bcc3f5a7fd5204aef393e743dbbf8e25159bd0c894,accidentes_raw_dgt,2026-05-09 20:40:11