AÑO,PROVINCIA,MES,DIA_SEMANA,HORA,ZONA,TIPO_VIA,TIPO_ACCIDENTE,CONDICION_METEO,CONDICION_ILUMINACION,TOTAL_VICTIMAS,FALLECIDOS_24H,HERIDOS_GRAVES,HERIDOS_LEVES,FECHA_ACCIDENTE,TIPO_VIA_NORM,TIPO_ACCIDENTE_NORM,CONDICION_METEO_NORM,CONDICION_ILUMINACION_NORM,ZONA_NORM,ID_ACCIDENTE_HASH,source_id,load_timestamp
2019,Alicante,1,Miércoles,22,Zona interurbana,Calle,Colisión frontolateral,Buen tiempo,Se desconoce,1,0,0,1,2019-01-01,calle,colision frontolateral,buen tiempo,se desconoce,zona interurbana,1df8153c919b047477c927efdecf3abbf565fa3d56e67477bb95b60ecee76fec,accidentes_raw_dgt,2026-05-09 20:40:11
2019,Alicante,1,Lunes,16,Zona interurbana,Camino vecinal,Colisión lateral,Buen tiempo,Pleno día,1,0,0,1,2019-01-01,camino vecinal,colision lateral,buen tiempo,pleno dia,zona interurbana,28d290d0750bd45328c08c0d967b990d7e4bd93047201301e6d9555a6632401e,accidentes_raw_dgt,2026-05-09 20:40:11
2019,Alicante,2,Jueves,19,Zona interurbana,Vía urbana,Colisión por alcance,Buen tiempo,Noche con iluminación,1,0,0,1,2019-02-01,via urbana,colision por alcance,buen tiempo,noche con iluminacion,zona interurbana,5edd8f8493edeb02d51f7912e9a0fd7a5a22ec3b97a394c4a0e837f27132e8ad,accidentes_raw_dgt,2026-05-09 20:40:11
2019,Alicante,2,Lunes,15,Zona interurbana,Vía urbana,Colisión por alcance,Lluvia,Pleno día,1,0,0,1,2019-02-01,via urbana,colision por alcance,lluvia,pleno dia,zona interurbana,1b6aaef482330b270a7194f9cd1c3383af3d6f8c1f89ba2d6221efc7038aa947,accidentes_raw_dgt,2026-05-09 20:40:11
2019,Alicante,2,Viernes,19,Zona interurbana,Autopista,Caída de ocupante,Buen tiempo,Amanecer/Anochecer,4,0,1,2,2019-02-01,autopista,caida de ocupante,buen tiempo,amanecer/anochecer,zona interurbana,65bba5fb79d7da91ae92183a56d4e2c1b326d04d4276c364de41f725ee779065,accidentes_raw_dgt,2026-05-09 20:40:11
2019,Alicante,2,Domingo,10,Zona interurbana,Vía urbana,Caída de motociclista,Buen tiempo,Pleno día,1,0,0,1,2019-02-01,via urbana,caida de motociclista,buen tiempo,pleno dia,zona interurbana,651f3931aac1c27183fcae71c7321f597f82dc8cbbb1a55bf9a1fa845ae1f3dc,accidentes_raw_dgt,2026-05-09 20:40:11
2019,Alicante,3,Sábado,12,Zona interurbana,Vía urbana,Colisión lateral,Buen tiempo,Pleno día,2,0,1,1,2019-03-01,via urbana,colision lateral,buen tiempo,pleno dia,zona interurbana,e8743787bbef7d5ffb65a3a13f7c51a90b3ce8b263b94b7bb3aeb7d35b7fa1ad,accidentes_raw_dgt,2026-05-09 20:40:11
2019,Alicante,2,Domingo,21,Travesía,Otro,Colisión frontolateral,Buen tiempo,Noche sin iluminación,1,0,0,1,2019-02-01,otro,colision frontolateral,buen tiempo,noche sin iluminacion,travesia,2a6a41cdfcbe78c1f94c27f244b17071896f60dc16d5cb3a75708d9cac85c3ff,accidentes_raw_dgt,2026-05-09 20:40:11
2019,Alicante,3,Martes,11,Zona interurbana,Camino vecinal,Colisión frontolateral,Lluvia,Pleno día,1,0,0,1,2019-03-01,camino vecinal,colision frontolateral,lluvia,pleno dia,zona interurbana,245d17b28d73e10c5c842b53af64338f46fb04a99773f82622a02198804e6dba,accidentes_raw_dgt,2026-05-09 20:40:11
2019,Alicante,3,Domingo,20,Zona interurbana,Calle,Colisión por alcance,Buen tiempo,Se desconoce,1,0,0,1,2019-03-01,calle,colision por alcance,buen tiempo,se desconoce,zona interurbana,52d38d8228b6aab3cf64c6013c1102f15a837a53c9fb8ac68fab4c906c4c09d2,accidentes_raw_dgt,2026-05-09 20:40:11
2019,Alicante,3,Lunes,22,Zona interurbana,Camino vecinal,Colisión frontolateral,Buen tiempo,Noche sin iluminación,1,0,0,1,2019-03-01,camino vecinal,colision frontolateral,buen tiempo,noche sin iluminacion,zona interurbana,af545f4ae604100bd0d8a196ab375b660b6138cbac76f308680934d84f30490b,accidentes_raw_dgt,2026-05-09 20:40:11
2019,Alicante,3,Lunes,19,Travesía,Otro,Salida vía izquierda,Buen tiempo,Noche sin iluminación,1,1,0,0,2019-03-01,otro,salida via izquierda,buen tiempo,noche sin iluminacion,travesia,6f55c275672e833ad1cbbd29477c274b1646330fc9dd166d15c8a5e22b00ec1e,accidentes_raw_dgt,2026-05-09 20:40:11
2019,Alicante,2,Sábado,23,Travesía,Otro,Choque obstáculo calzada,Buen tiempo,Noche sin iluminación,1,0,0,1,2019-02-01,otro,choque obstaculo calzada,buen tiempo,noche sin iluminacion,travesia,996aa130712ec702cd52895434f7e5c24e3f22340a0aca2e6c57d5b8780db301,accidentes_raw_dgt,2026-05-09 20:40:11
2019,Alicante,1,Viernes,9,Travesía,Otro,Choque obstáculo lateral,Buen tiempo,Pleno día,1,0,0,1,2019-01-01,otro,choque obstaculo lateral,buen tiempo,pleno dia,travesia,4d2b4fd054827a511593a8d98f315c0a530adae8e76e971fb9892f6a3d8ff320,accidentes_raw_dgt,2026-05-09 20:40:11
2019,Alicante,3,Viernes,7,Travesía,Otro,Colisión frontolateral,Buen tiempo,Amanecer/Anochecer,1,0,0,1,2019-03-01,otro,colision frontolateral,buen tiempo,amanecer/anochecer,travesia,0f49fbab7844029f4b03b40c29252414e52ffcc02c73689f0903518d5504036d,accidentes_raw_dgt,2026-05-09 20:40:11
2019,Alicante,3,Jueves,16,Travesía,Otro,Choque obstáculo lateral,Buen tiempo,Pleno día,1,0,0,1,2019-03-01,otro,choque obstaculo lateral,buen tiempo,pleno dia,travesia,58ff81fdb177eec8bcd902272c752266525e64391caf714a7e89d20688eff92f,accidentes_raw_dgt,2026-05-09 20:40:11
2019,Alicante,3,Miércoles,7,Zona interurbana,Vía urbana,Otro tipo,Granizo,Pleno día,1,0,0,1,2019-03-01,via urbana,otro tipo,granizo,pleno dia,zona interurbana,df9b3513da9664872bcf3bb785ac9ebb7edf43fb6c0d3b0759c4783034ccd682,accidentes_raw_dgt,2026-05-09 20:40:11
2019,Alicante,2,Domingo,16,Travesía,Otro,Choque obstáculo lateral,Buen tiempo,Pleno día,2,0,0,2,2019-02-01,otro,choque obstaculo lateral,buen tiempo,pleno dia,travesia,63138be046191a295af377d36045edaf7f201ca757b93f55864400225f147c19,accidentes_raw_dgt,2026-05-09 20:40:11
2019,Alicante,5,Martes,14,Zona interurbana,Vía urbana,Salida vía izquierda,Buen tiempo,Pleno día,1,0,0,1,2019-05-01,via urbana,salida via izquierda,buen tiempo,pleno dia,zona interurbana,83a0a0655c53f1f157b2695b6a30192c495c3440cacb3f5680de43e85b70f075,accidentes_raw_dgt,2026-05-09 20:40:11
2019,Alicante,6,Martes,9,Zona interurbana,Camino vecinal,Colisión frontolateral,Buen tiempo,Pleno día,1,0,0,1,2019-06-01,camino vecinal,colision frontolateral,buen tiempo,pleno dia,zona interurbana,e76a469e135c5a7434f2d7971c588d3cdf32d90ebb5ba15c810aaeb887899294,accidentes_raw_dgt,2026-05-09 20:40:11
2019,Alicante,6,Domingo,16,Zona interurbana,Vía urbana,Caída de motociclista,Lluvia,Pleno día,1,0,0,1,2019-06-01,via urbana,caida de motociclista,lluvia,pleno dia,zona interurbana,21bc59f909dc499bbc66fd6cd4ef1e015ecdb280b6e56ff5228c4f04f7e11340,accidentes_raw_dgt,2026-05-09 20:40:11
2019,Alicante,6,Viernes,18,Zona interurbana,Ramal/enlace,Se desconoce,Buen tiempo,Pleno día,1,0,0,1,2019-06-01,ramal/enlace,se desconoce,buen tiempo,pleno dia,zona interurbana,da853efbaaddae47e5be19f7872963f6fb1eb4e20a3ff07f79222c63142463a0,accidentes_raw_dgt,2026-05-09 20:40:11
2019,Alicante,6,Jueves,23,Zona interurbana,Vía urbana,Otro tipo,Buen tiempo,Se desconoce,1,0,0,1,2019-06-01,via urbana,otro tipo,buen tiempo,se desconoce,zona interurbana,25053d8329351921ce551010b96a48fa63231e827788389426785980f8321b26,accidentes_raw_dgt,2026-05-09 20:40:11
2019,Alicante,6,Domingo,7,Zona interurbana,Vía urbana,Colisión lateral,Buen tiempo,Pleno día,1,0,0,1,2019-06-01,via urbana,colision lateral,buen tiempo,pleno dia,zona interurbana,725300467c1440e53c813f531cd7f6b0624c383ecd5b3e455c7c329f58a50ea7,accidentes_raw_dgt,2026-05-09 20:40:11
2019,Alicante,7,Sábado,0,Zona interurbana,Vía convencional,Colisión lateral,Buen tiempo,Se desconoce,1,0,0,1,2019-07-01,via convencional,colision lateral,buen tiempo,se desconoce,zona interurbana,739dbef65f3b1e4117d7bdb2a76efa5b91943f8f26ab74a7c1cad9feb0324129,accidentes_raw_dgt,2026-05-09 20:40:11
2019,Alicante,7,Viernes,17,Zona interurbana,Vía urbana,Colisión por alcance,Buen tiempo,Pleno día,2,0,0,2,2019-07-01,via urbana,colision por alcance,buen tiempo,pleno dia,zona interurbana,77f2409b042ce010b9362d97c07e8885cfeee60bc18cbe3d975eacc63d67f863,accidentes_raw_dgt,2026-05-09 20:40:11
2019,Alicante,7,Sábado,16,Zona interurbana,Vía urbana,Animal en calzada,Buen tiempo,Pleno día,1,0,0,1,2019-07-01,via urbana,animal en calzada,buen tiempo,pleno dia,zona interurbana,7d2371aaf1df1dcb6d0614043748cef2e190b46734cd0b1c48ae6fd337217d6f,accidentes_raw_dgt,2026-05-09 20:40:11
2019,Alicante,8,Domingo,9,Zona interurbana,Camino vecinal,Animal en calzada,Lluvia,Pleno día,1,0,0,1,2019-08-01,camino vecinal,animal en calzada,lluvia,pleno dia,zona interurbana,7ab2883acc2a68419a8068d6d9fb84ad579db2b843772fb7ce480c0d11feff27,accidentes_raw_dgt,2026-05-09 20:40:11
2019,Alicante,8,Sábado,12,Zona interurbana,Vía urbana,Colisión frontolateral,Buen tiempo,Pleno día,1,0,0,1,2019-08-01,via urbana,colision frontolateral,buen tiempo,pleno dia,zona interurbana,ad361d0f210a313d7e192498661c9173c2e1afca56c15722f2979cbdc4e0e80c,accidentes_raw_dgt,2026-05-09 20:40:11
2019,Alicante,8,Jueves,14,Zona interurbana,Vía urbana,Caída de motociclista,Buen tiempo,Pleno día,1,0,1,0,2019-08-01,via urbana,caida de motociclista,buen tiempo,pleno dia,zona interurbana,982f632c9a223df334ee967712e301a83e6a2160e3c2b8d6176e4dcd501a5c57,accidentes_raw_dgt,2026-05-09 20:40:11
2019,Alicante,8,Domingo,18,Zona interurbana,Camino vecinal,Colisión por alcance,Buen tiempo,Pleno día,1,0,0,1,2019-08-01,camino vecinal,colision por alcance,buen tiempo,pleno dia,zona interurbana,7b6d57a3fcb869bbe04ac510dd183aa1f746e9b7c4f23a2018677289897d935f,accidentes_raw_dgt,2026-05-09 20:40:11
2019,Alicante,8,Sábado,13,Zona interurbana,Vía urbana,Choque obstáculo calzada,Buen tiempo,Pleno día,1,0,0,1,2019-08-01,via urbana,choque obstaculo calzada,buen tiempo,pleno dia,zona interurbana,2f619d680b998bca57ae0dd9fbcf26dd85269851c88155502051329380c484b8,accidentes_raw_dgt,2026-05-09 20:40:11
2019,Alicante,10,Lunes,14,Zona interurbana,Vía urbana,Atropello a ciclista,Granizo,Pleno día,1,0,0,1,2019-10-01,via urbana,atropello a ciclista,granizo,pleno dia,zona interurbana,28bbad4c3a502526118cc4d877150d4ab9686b56fb629fc674a9387cb0a9a7d8,accidentes_raw_dgt,2026-05-09 20:40:11
2019,Alicante,6,Sábado,20,Travesía,Otro,Colisión frontolateral,Buen tiempo,Amanecer/Anochecer,1,0,0,1,2019-06-01,otro,colision frontolateral,buen tiempo,amanecer/anochecer,travesia,a948b46c0f1890667de7b60fb490c573d60c647158f91193dd915afde693529c,accidentes_raw_dgt,2026-05-09 20:40:11
2019,Alicante,5,Viernes,11,Travesía,Otro,Choque obstáculo lateral,Buen tiempo,Pleno día,1,0,0,1,2019-05-01,otro,choque obstaculo lateral,buen tiempo,pleno dia,travesia,a6266efa66a73664d6f5c8d971863a81c72d1f2fd69497d56b34ae459ffac66c,accidentes_raw_dgt,2026-05-09 20:40:11
2019,Alicante,6,Martes,14,Travesía,Otro,Colisión frontolateral,Buen tiempo,Pleno día,1,0,0,1,2019-06-01,otro,colision frontolateral,buen tiempo,pleno dia,travesia,cb0baf00b13be62eafaff4a66c88c4fbd8b7f075ee613c5180ff44b9ca81b15a,accidentes_raw_dgt,2026-05-09 20:40:11
2019,Alicante,7,Sábado,4,Travesía,Otro,Colisión frontolateral,Buen tiempo,Noche sin iluminación,2,0,0,2,2019-07-01,otro,colision frontolateral,buen tiempo,noche sin iluminacion,travesia,e3680aff4c3e0fd6e49e1eddc36fd621bc3899c261a9f6deef3a66d3cc9c426c,accidentes_raw_dgt,2026-05-09 20:40:11
2019,Alicante,8,Viernes,14,Travesía,Otro,Colisión por alcance,Buen tiempo,Pleno día,1,0,0,1,2019-08-01,otro,colision por alcance,buen tiempo,pleno dia,travesia,19467c37dfdd09d246ea63ddac0bfa6c2f09a0211d3612f35458fdeb1fb75896,accidentes_raw_dgt,2026-05-09 20:40:11
2019,Alicante,10,Miércoles,11,Travesía,Otro,Choque obstáculo lateral,Buen tiempo,Pleno día,2,0,0,2,2019-10-01,otro,choque obstaculo lateral,buen tiempo,pleno dia,travesia,4809d1306cd4f438bdfbeed76fb13c0f55047f94f44d6bb94faf554af3c4075e,accidentes_raw_dgt,2026-05-09 20:40:11
2019,Alicante,11,Martes,19,Zona interurbana,Calle,Animal en calzada,Buen tiempo,Se desconoce,1,0,0,1,2019-11-01,calle,animal en calzada,buen tiempo,se desconoce,zona interurbana,cc49091e6a3fa59a5d4f8f9d4a420ff47d7bfaabae08f666fe5d698712b1d326,accidentes_raw_dgt,2026-05-09 20:40:11
2019,Alicante,11,Jueves,6,Zona interurbana,Vía urbana,Caída de ocupante,Buen tiempo,Se desconoce,1,0,0,1,2019-11-01,via urbana,caida de ocupante,buen tiempo,se desconoce,zona interurbana,15bb14fd69723b98e18f94a6afa6b609933d982fffaa80b109bf64dbdc507b98,accidentes_raw_dgt,2026-05-09 20:40:11
2019,Alicante,12,Miércoles,7,Zona interurbana,Vía urbana,Colisión frontolateral,Buen tiempo,Amanecer/Anochecer,1,0,0,1,2019-12-01,via urbana,colision frontolateral,buen tiempo,amanecer/anochecer,zona interurbana,5805921783d4f48c7ddacf69382814a769b81b318735bc11ea309b2fa4e5a47b,accidentes_raw_dgt,2026-05-09 20:40:11
2019,Alicante,12,Domingo,14,Zona interurbana,Vía urbana,Colisión lateral,Buen tiempo,Pleno día,1,0,0,1,2019-12-01,via urbana,colision lateral,buen tiempo,pleno dia,zona interurbana,7c80456012d9a93fbfd574ba3b0204b364d3e52c7370b8921f7fa69fd70bddfa,accidentes_raw_dgt,2026-05-09 20:40:11
2019,Alicante,12,Martes,8,Zona interurbana,Vía urbana,Colisión por alcance,Buen tiempo,Pleno día,2,0,0,2,2019-12-01,via urbana,colision por alcance,buen tiempo,pleno dia,zona interurbana,d4cd013f21bbf4b52c431691b7056337c35d0ad6fc7acc7084abc1039633618e,accidentes_raw_dgt,2026-05-09 20:40:11
2019,Alicante,12,Sábado,10,Zona interurbana,Camino vecinal,Colisión frontal,Buen tiempo,Pleno día,4,0,0,4,2019-12-01,camino vecinal,colision frontal,buen tiempo,pleno dia,zona interurbana,9955f4a562efd60e9e84fb2ae6530fd781f06724fad301713d2fdc262a2f635d,accidentes_raw_dgt,2026-05-09 20:40:11
2019,Alicante,6,Domingo,13,Zona interurbana,Vía urbana,Atropello a ciclista,Buen tiempo,Pleno día,1,0,0,1,2019-06-01,via urbana,atropello a ciclista,buen tiempo,pleno dia,zona interurbana,1bfca0e6bb66042418be4e11589130ef511625cb3599f88fea080ec700c8d720,accidentes_raw_dgt,2026-05-09 20:40:11
2019,Alicante,1,Martes,11,Zona interurbana,Vía convencional,Salida vía izquierda,Buen tiempo,Pleno día,1,0,0,1,2019-01-01,via convencional,salida via izquierda,buen tiempo,pleno dia,zona interurbana,8a915123f912f456066586707beff5fbfa334e6fe574122b0fbc2ced60140152,accidentes_raw_dgt,2026-05-09 20:40:11
2019,Alicante,1,Domingo,20,Zona interurbana,Camino vecinal,Colisión por alcance,Buen tiempo,Noche sin iluminación,1,0,0,1,2019-01-01,camino vecinal,colision por alcance,buen tiempo,noche sin iluminacion,zona interurbana,04ad14d9946a767eeb8811d45d809a17e09469aecd4ab9bed8f5fefda8f39cc0,accidentes_raw_dgt,2026-05-09 20:40:11
2019,Alicante,2,Viernes,10,Zona interurbana,Vía urbana,Colisión frontolateral,Granizo,Pleno día,1,0,0,1,2019-02-01,via urbana,colision frontolateral,granizo,pleno dia,zona interurbana,52d77984d95c7488ca0352141692368c1a2e1cc2fcd54dac736c6d77aa6dd46f,accidentes_raw_dgt,2026-05-09 20:40:11
2019,Alicante,1,Martes,10,Travesía,Otro,Colisión frontolateral,Buen tiempo,Pleno día,1,0,1,0,2019-01-01,otro,colision frontolateral,buen tiempo,pleno dia,travesia,eed67fb12c02e975f451409d05096f84703948b896945aac938eb172d56b74e4,accidentes_raw_dgt,2026-05-09 20:40:11
2019,Alicante,2,Miércoles,9,Zona interurbana,Vía convencional,Choque con bordillo,Buen tiempo,Pleno día,1,0,0,1,2019-02-01,via convencional,choque con bordillo,buen tiempo,pleno dia,zona interurbana,a6ca0feab05195caae7294bae59a81af5be0f2451607146b59dcab46251b32d3,accidentes_raw_dgt,2026-05-09 20:40:11
2019,Alicante,2,Jueves,17,Zona interurbana,Calle,Colisión frontolateral,Buen tiempo,Pleno día,2,0,0,2,2019-02-01,calle,colision frontolateral,buen tiempo,pleno dia,zona interurbana,572878043beff72a7ae455785619593dac4a462771c18335de2a49a010efbc47,accidentes_raw_dgt,2026-05-09 20:40:11
2019,Alicante,4,Sábado,19,Zona interurbana,Vía urbana,Se desconoce,Buen tiempo,Pleno día,2,0,0,2,2019-04-01,via urbana,se desconoce,buen tiempo,pleno dia,zona interurbana,939d830ab95583e58c2d0f43038ef57452d32d396cdedb36d73226d5837cbda4,accidentes_raw_dgt,2026-05-09 20:40:11
2019,Alicante,4,Jueves,13,Travesía,Otro,Colisión frontolateral,Lluvia,Pleno día,1,0,0,1,2019-04-01,otro,colision frontolateral,lluvia,pleno dia,travesia,33adbae8f83793cf6dd8fef7f2c6a6854b490c147751d9df988779a6cf5d7e39,accidentes_raw_dgt,2026-05-09 20:40:11
2019,Alicante,6,Sábado,15,Travesía,Otro,Colisión frontolateral,Buen tiempo,Pleno día,2,0,0,2,2019-06-01,otro,colision frontolateral,buen tiempo,pleno dia,travesia,c6b4c26e25da2dadec4164bd0a517057cfd5a1e873700a843ab37f4ef270d8ec,accidentes_raw_dgt,2026-05-09 20:40:11
2019,Alicante,7,Lunes,21,Travesía,Otro,Colisión frontolateral,Otro,Amanecer/Anochecer,2,0,0,2,2019-07-01,otro,colision frontolateral,otro,amanecer/anochecer,travesia,a3bc9e9e58099bc938efdff0435549ac49eba9726f84db63b7cd354b636e3d97,accidentes_raw_dgt,2026-05-09 20:40:11
2019,Alicante,7,Martes,20,Zona interurbana,Vía urbana,Salida vía izquierda,Buen tiempo,Pleno día,1,0,0,1,2019-07-01,via urbana,salida via izquierda,buen tiempo,pleno dia,zona interurbana,b5518d4f3fea8800f3907659c7090ef49402b5ba2943c303888cfd32d0e7a854,accidentes_raw_dgt,2026-05-09 20:40:11
2019,Alicante,8,Viernes,16,Zona interurbana,Vía convencional,Otro tipo,Buen tiempo,Pleno día,1,0,0,1,2019-08-01,via convencional,otro tipo,buen tiempo,pleno dia,zona interurbana,bef1552cfd69363c11d4cfc3377ce60e19cb38dc5b4a62b0eed5cf7387d3dc37,accidentes_raw_dgt,2026-05-09 20:40:11
2019,Alicante,8,Martes,20,Zona interurbana,Vía convencional,Caída de ocupante,Nieve,Amanecer/Anochecer,2,0,0,2,2019-08-01,via convencional,caida de ocupante,nieve,amanecer/anochecer,zona interurbana,a2de21b4327dde0e49ba866f91a615a2f0e354fc78a35729ea3e5d281b71ddd5,accidentes_raw_dgt,2026-05-09 20:40:11
2019,Alicante,7,Sábado,14,Travesía,Otro,Colisión frontolateral,Buen tiempo,Pleno día,1,0,0,1,2019-07-01,otro,colision frontolateral,buen tiempo,pleno dia,travesia,66849e29a8eb896b7e92bd83752a609d9b7106f7755561464df37c0bd9249781,accidentes_raw_dgt,2026-05-09 20:40:11
2019,Alicante,8,Domingo,11,Travesía,Otro,Colisión por alcance,Buen tiempo,Pleno día,2,0,0,2,2019-08-01,otro,colision por alcance,buen tiempo,pleno dia,travesia,8b34042b7a96b3ba94b27ad723ca8f57787eefbab2083b3098173c444aefbfdf,accidentes_raw_dgt,2026-05-09 20:40:11
2019,Alicante,9,Miércoles,15,Zona interurbana,Vía convencional,Salida vía izquierda,Buen tiempo,Pleno día,1,0,0,1,2019-09-01,via convencional,salida via izquierda,buen tiempo,pleno dia,zona interurbana,1d8090bacab301cac5ed2bc237426221f36ca6bf93d24ef808d0266d844dec64,accidentes_raw_dgt,2026-05-09 20:40:11
2019,Alicante,11,Sábado,1,Travesía,Otro,Objeto desprendido,Buen tiempo,Noche sin iluminación,1,0,1,0,2019-11-01,otro,objeto desprendido,buen tiempo,noche sin iluminacion,travesia,5021b003164daeb6fbbd78ab469885f614dad37fa1c3276e9e992b47274d0d36,accidentes_raw_dgt,2026-05-09 20:40:11
2019,Alicante,2,Viernes,2,Zona interurbana,Vía convencional,Choque obstáculo calzada,Buen tiempo,Se desconoce,3,1,1,0,2019-02-01,via convencional,choque obstaculo calzada,buen tiempo,se desconoce,zona interurbana,94de49d59371e3a9ae513697ab21ea897ea1515d034796e6fa57310f94755f37,accidentes_raw_dgt,2026-05-09 20:40:11
2019,Alicante,3,Martes,10,Zona interurbana,Vía convencional,Se desconoce,Buen tiempo,Pleno día,1,0,0,1,2019-03-01,via convencional,se desconoce,buen tiempo,pleno dia,zona interurbana,df6443e4bc9ed49587f8001e49bed8c6c0739e52b651522495a76ad6c46ec213,accidentes_raw_dgt,2026-05-09 20:40:11
2019,Alicante,2,Domingo,13,Zona interurbana,Vía urbana,Colisión lateral,Buen tiempo,Pleno día,3,0,0,3,2019-02-01,via urbana,colision lateral,buen tiempo,pleno dia,zona interurbana,d3c03b39626cf31bf23ff2c423ebdfdd8e52d4c690848bbe8819317502ab0f68,accidentes_raw_dgt,2026-05-09 20:40:11
2019,Alicante,3,Miércoles,8,Zona interurbana,Vía convencional,Colisión lateral,Buen tiempo,Pleno día,1,0,0,1,2019-03-01,via convencional,colision lateral,buen tiempo,pleno dia,zona interurbana,d9c1554894e1814476a38ef47b0e497bf6aceabd0c03494aebebd6a7b39a03e8,accidentes_raw_dgt,2026-05-09 20:40:11
2019,Alicante,4,Jueves,11,Zona interurbana,Vía urbana,Colisión por alcance,Lluvia,Pleno día,3,0,0,3,2019-04-01,via urbana,colision por alcance,lluvia,pleno dia,zona interurbana,2594fcb40fdfda369d05e69a7b24d91002da0573158bbb7dbe5893cab04bf964,accidentes_raw_dgt,2026-05-09 20:40:11
2019,Alicante,4,Martes,22,Zona interurbana,Camino vecinal,Salida vía izquierda,Nieve,Se desconoce,1,0,0,1,2019-04-01,camino vecinal,salida via izquierda,nieve,se desconoce,zona interurbana,86e83855c103c5adfcac5c40be23b69530a7619493076c9e16c6973a85d5be87,accidentes_raw_dgt,2026-05-09 20:40:11
2019,Alicante,4,Jueves,2,Zona interurbana,Vía urbana,Caída de ocupante,Buen tiempo,Se desconoce,3,0,0,3,2019-04-01,via urbana,caida de ocupante,buen tiempo,se desconoce,zona interurbana,66eba0f8578c53acb353d399405165153f066adaf9c6567bdd25b31fceb8a83e,accidentes_raw_dgt,2026-05-09 20:40:11
2019,Alicante,5,Sábado,21,Zona interurbana,Vía convencional,Otro tipo,Buen tiempo,Se desconoce,1,0,0,1,2019-05-01,via convencional,otro tipo,buen tiempo,se desconoce,zona interurbana,ac74ca8a7cddeb3c89b2ea19fb59e8bc9fbe112e5b98f21c6b89eb3e3aaec9e7,accidentes_raw_dgt,2026-05-09 20:40:11
2019,Alicante,5,Sábado,17,Zona interurbana,Vía urbana,Salida vía izquierda,Buen tiempo,Pleno día,1,0,0,1,2019-05-01,via urbana,salida via izquierda,buen tiempo,pleno dia,zona interurbana,73e91e1664210c0b54718b68073d1b7b4d7f9661383f792013fd50d23c12c0c1,accidentes_raw_dgt,2026-05-09 20:40:11
2019,Alicante,5,Domingo,11,Zona interurbana,Vía urbana,Caída de motociclista,Buen tiempo,Pleno día,1,0,0,1,2019-05-01,via urbana,caida de motociclista,buen tiempo,pleno dia,zona interurbana,704c308726bba7728adb3b46c38660ce6c2554bb9979fe1841db1430b0985957,accidentes_raw_dgt,2026-05-09 20:40:11
2019,Alicante,1,Lunes,13,Travesía,Otro,Choque obstáculo lateral,Buen tiempo,Pleno día,1,0,1,0,2019-01-01,otro,choque obstaculo lateral,buen tiempo,pleno dia,travesia,40d2273d85cf40f02a8c58897bef007ef95fe86e40191f80a608e35e015f8b88,accidentes_raw_dgt,2026-05-09 20:40:11
2019,Alicante,8,Viernes,19,Zona interurbana,Vía urbana,Choque obstáculo mediana,Buen tiempo,Pleno día,2,0,0,2,2019-08-01,via urbana,choque obstaculo mediana,buen tiempo,pleno dia,zona interurbana,cd2d7b379cbdcdfd8260c5c2abea8c1513ab4df25816a92aada1e953cae28aeb,accidentes_raw_dgt,2026-05-09 20:40:11
2019,Alicante,8,Jueves,7,Zona interurbana,Vía urbana,Colisión frontolateral,Buen tiempo,Pleno día,1,0,0,1,2019-08-01,via urbana,colision frontolateral,buen tiempo,pleno dia,zona interurbana,120e52d7b556d767ec36cded815be09600165124a3913d4586e374056f1d2f9b,accidentes_raw_dgt,2026-05-09 20:40:11
2019,Alicante,8,Miércoles,12,Zona interurbana,Calle,Caída de ocupante,Buen tiempo,Pleno día,1,0,0,1,2019-08-01,calle,caida de ocupante,buen tiempo,pleno dia,zona interurbana,10acb87b3040f4e177781ce677d7b30554cb20e93e2bbb1470b0e944fb63faf2,accidentes_raw_dgt,2026-05-09 20:40:11
2019,Alicante,8,Miércoles,16,Zona interurbana,Vía convencional,Colisión por alcance,Buen tiempo,Pleno día,2,0,0,2,2019-08-01,via convencional,colision por alcance,buen tiempo,pleno dia,zona interurbana,2e27bb07e506e9824ae32f9b0e2b52278c203f35cdfd04bad872f45fa4831a1d,accidentes_raw_dgt,2026-05-09 20:40:11
2019,Alicante,8,Jueves,20,Zona interurbana,Vía urbana,Atropello a ciclista,Buen tiempo,Amanecer/Anochecer,1,0,0,1,2019-08-01,via urbana,atropello a ciclista,buen tiempo,amanecer/anochecer,zona interurbana,9931f287c490c56245bbf2e049ff20408f52e6488244a887b089bf5a5e3ed4b2,accidentes_raw_dgt,2026-05-09 20:40:11
2019,Alicante,2,Jueves,11,Travesía,Otro,Colisión frontolateral,Buen tiempo,Pleno día,1,0,0,1,2019-02-01,otro,colision frontolateral,buen tiempo,pleno dia,travesia,d6d6981499b6b17b625d31e43933392511961e2bc1074f03f44771fbe3efbb04,accidentes_raw_dgt,2026-05-09 20:40:11