AÑO,PROVINCIA,MES,DIA_SEMANA,HORA,ZONA,TIPO_VIA,TIPO_ACCIDENTE,CONDICION_METEO,CONDICION_ILUMINACION,TOTAL_VICTIMAS,FALLECIDOS_24H,HERIDOS_GRAVES,HERIDOS_LEVES,FECHA_ACCIDENTE,TIPO_VIA_NORM,TIPO_ACCIDENTE_NORM,CONDICION_METEO_NORM,CONDICION_ILUMINACION_NORM,ZONA_NORM,ID_ACCIDENTE_HASH,source_id,load_timestamp
2019,Alicante,9,Sábado,23,Zona interurbana,Camino vecinal,Caída de motociclista,Buen tiempo,Noche sin iluminación,1,0,0,1,2019-09-01,camino vecinal,caida de motociclista,buen tiempo,noche sin iluminacion,zona interurbana,c9666ca719574009eb5b15de8d6c787fbe92a3eade0e1c47b01971cbb7ee5082,accidentes_raw_dgt,2026-05-09 20:40:11
2019,Alicante,2,Viernes,19,Travesía,Otro,Colisión frontolateral,Buen tiempo,Noche sin iluminación,1,0,0,1,2019-02-01,otro,colision frontolateral,buen tiempo,noche sin iluminacion,travesia,9468c114afc20220a94486b82cf437e63a9707c5fb0cb26ec56a8da173762573,accidentes_raw_dgt,2026-05-09 20:40:11
2019,Alicante,2,Miércoles,20,Travesía,Otro,Choque obstáculo lateral,Buen tiempo,Noche sin iluminación,1,0,0,1,2019-02-01,otro,choque obstaculo lateral,buen tiempo,noche sin iluminacion,travesia,4989b0404949f8540be4bf35a0d74b1323d65918e0b11d2753d384baaee38b73,accidentes_raw_dgt,2026-05-09 20:40:11
2019,Alicante,8,Martes,18,Zona interurbana,Vía urbana,Colisión frontal,Buen tiempo,Pleno día,2,0,1,1,2019-08-01,via urbana,colision frontal,buen tiempo,pleno dia,zona interurbana,462c4f578d53de69a828855490a93e391e82158a7af78735621a6dec0f66533d,accidentes_raw_dgt,2026-05-09 20:40:11
2019,Alicante,3,Domingo,4,Travesía,Otro,Colisión múltiple,Buen tiempo,Noche sin iluminación,1,0,0,1,2019-03-01,otro,colision multiple,buen tiempo,noche sin iluminacion,travesia,d4458781cf4f969f67ac4a4f2b90c03eb6de87538664d15f7a6e15f3b34e3e24,accidentes_raw_dgt,2026-05-09 20:40:11
2019,Alicante,10,Viernes,18,Zona interurbana,Vía urbana,Se desconoce,Buen tiempo,Pleno día,1,0,0,1,2019-10-01,via urbana,se desconoce,buen tiempo,pleno dia,zona interurbana,3b9b21ac4770d6a10a27b9bfbab70888491187668f3eaa475abec6ea04c82eec,accidentes_raw_dgt,2026-05-09 20:40:11
2019,Alicante,11,Sábado,15,Zona interurbana,Vía convencional,Salida vía izquierda,Buen tiempo,Pleno día,2,0,0,2,2019-11-01,via convencional,salida via izquierda,buen tiempo,pleno dia,zona interurbana,b52b378cbef9d95e5b93148ce26a9cad0a6a39f79ad910697521eb9d2d58ab7a,accidentes_raw_dgt,2026-05-09 20:40:11
2019,Alicante,12,Martes,16,Zona interurbana,Vía convencional,Se desconoce,Granizo,Pleno día,1,0,0,1,2019-12-01,via convencional,se desconoce,granizo,pleno dia,zona interurbana,00b8f2fdf1fbd1d01c27daf50e1a0b0329c0ebdf20ea0721a8a7fb1ec2b07953,accidentes_raw_dgt,2026-05-09 20:40:11
2019,Alicante,2,Miércoles,18,Zona interurbana,Vía urbana,Colisión frontolateral,Buen tiempo,Noche sin iluminación,1,0,0,1,2019-02-01,via urbana,colision frontolateral,buen tiempo,noche sin iluminacion,zona interurbana,050fac337331bbe89445ea091074cc3ac2bbabd78ed965ad53a8506116cf2f07,accidentes_raw_dgt,2026-05-09 20:40:11
2019,Alicante,3,Jueves,10,Zona interurbana,Vía urbana,Colisión múltiple,Buen tiempo,Pleno día,1,0,0,1,2019-03-01,via urbana,colision multiple,buen tiempo,pleno dia,zona interurbana,2bb1c90302bea6044d9075a8181b2d9bead6c3f1050c8955480a91af077ae399,accidentes_raw_dgt,2026-05-09 20:40:11
2019,Alicante,3,Martes,17,Zona interurbana,Vía urbana,Atropello a ciclista,Buen tiempo,Pleno día,1,0,0,1,2019-03-01,via urbana,atropello a ciclista,buen tiempo,pleno dia,zona interurbana,dc893e6af0316b06f6d959648524c165bc4682c432034021d140e49cd9e688a6,accidentes_raw_dgt,2026-05-09 20:40:11
2019,Alicante,3,Viernes,12,Zona interurbana,Vía urbana,Colisión frontolateral,Buen tiempo,Pleno día,1,0,0,1,2019-03-01,via urbana,colision frontolateral,buen tiempo,pleno dia,zona interurbana,c83f8ce24dcd4c2b07e79c60dbdb70595a586652efcf3df107113cde0cb5148e,accidentes_raw_dgt,2026-05-09 20:40:11
2019,Alicante,4,Sábado,20,Zona interurbana,Vía urbana,Atropello a peatón,Granizo,Noche sin iluminación,1,0,0,1,2019-04-01,via urbana,atropello a peaton,granizo,noche sin iluminacion,zona interurbana,37df889efd442031f8614eb1e10ddbd95909b115c2f6c8e750fe2a6b3c074f54,accidentes_raw_dgt,2026-05-09 20:40:11
2019,Alicante,5,Domingo,13,Zona interurbana,Vía urbana,Animal en calzada,Buen tiempo,Pleno día,1,0,0,1,2019-05-01,via urbana,animal en calzada,buen tiempo,pleno dia,zona interurbana,00039a15178b11924de22fd1a02f6efb00d8af33c171a6b67614871e8d6012da,accidentes_raw_dgt,2026-05-09 20:40:11
2019,Alicante,5,Lunes,9,Zona interurbana,Camino vecinal,Colisión frontolateral,Buen tiempo,Pleno día,1,0,0,1,2019-05-01,camino vecinal,colision frontolateral,buen tiempo,pleno dia,zona interurbana,dd6103b473273ecdbf0446eb7e22d5e3397e03f2e275379e4427a36cfc6e87e6,accidentes_raw_dgt,2026-05-09 20:40:11
2019,Alicante,6,Lunes,9,Zona interurbana,Vía urbana,Choque obstáculo lateral,Buen tiempo,Pleno día,1,0,0,1,2019-06-01,via urbana,choque obstaculo lateral,buen tiempo,pleno dia,zona interurbana,ec04d0809913c908feb2a8ce5de62a20ceae8dba74041ce0909898883271bcdb,accidentes_raw_dgt,2026-05-09 20:40:11
2019,Alicante,7,Lunes,0,Zona interurbana,Vía urbana,Choque con bordillo,Buen tiempo,Se desconoce,2,0,0,2,2019-07-01,via urbana,choque con bordillo,buen tiempo,se desconoce,zona interurbana,3cb25825a619415e255ae83eb0cd9c26684de310fb3c377ac289362e043affe7,accidentes_raw_dgt,2026-05-09 20:40:11
2019,Alicante,7,Domingo,2,Zona interurbana,Vía urbana,Se desconoce,Buen tiempo,Noche sin iluminación,1,0,0,1,2019-07-01,via urbana,se desconoce,buen tiempo,noche sin iluminacion,zona interurbana,831e6bd92db10f33cc722fcf70cf44a0567c7945950b649eae8cc3c32903c3bd,accidentes_raw_dgt,2026-05-09 20:40:11
2019,Alicante,7,Miércoles,0,Zona interurbana,Camino vecinal,Se desconoce,Buen tiempo,Noche sin iluminación,1,0,0,1,2019-07-01,camino vecinal,se desconoce,buen tiempo,noche sin iluminacion,zona interurbana,026916bfa9ab8dbe602a934f51c63ac5cbf3ec2bd5a9f59d5374ee7631cdcf4f,accidentes_raw_dgt,2026-05-09 20:40:11
2019,Alicante,7,Miércoles,10,Zona interurbana,Camino vecinal,Colisión múltiple,Buen tiempo,Pleno día,1,0,0,1,2019-07-01,camino vecinal,colision multiple,buen tiempo,pleno dia,zona interurbana,44a91994cce74ed24439b1d8cf44ed556e9cc9497e62f64efa04a3503aecd793,accidentes_raw_dgt,2026-05-09 20:40:11
2019,Alicante,8,Miércoles,19,Zona interurbana,Vía urbana,Colisión por alcance,Buen tiempo,Pleno día,2,0,0,2,2019-08-01,via urbana,colision por alcance,buen tiempo,pleno dia,zona interurbana,81aacf180df34c201f6a2e365d48ff3e2881985e51514703f1938e2901318a52,accidentes_raw_dgt,2026-05-09 20:40:11
2019,Alicante,8,Sábado,3,Zona interurbana,Vía urbana,Atropello a ciclista,Buen tiempo,Noche sin iluminación,1,0,0,1,2019-08-01,via urbana,atropello a ciclista,buen tiempo,noche sin iluminacion,zona interurbana,d41fcbf17a8ad37c94904e1d454ed0414d70e49ddc103114496e24101ba98d4f,accidentes_raw_dgt,2026-05-09 20:40:11
2019,Alicante,8,Viernes,8,Zona interurbana,Vía urbana,Choque obstáculo calzada,Buen tiempo,Pleno día,1,0,0,1,2019-08-01,via urbana,choque obstaculo calzada,buen tiempo,pleno dia,zona interurbana,933b7d8e3c4f07686e7273808220e9977439f7181df6c559ec15dcfe4efda282,accidentes_raw_dgt,2026-05-09 20:40:11
2019,Alicante,9,Lunes,17,Zona interurbana,Vía urbana,Colisión frontolateral,Buen tiempo,Pleno día,1,0,0,1,2019-09-01,via urbana,colision frontolateral,buen tiempo,pleno dia,zona interurbana,6678394ac11e55af26acead9f6a318a95caabdfba3f00e237d469108d1021fc0,accidentes_raw_dgt,2026-05-09 20:40:11
2019,Alicante,9,Domingo,1,Zona interurbana,Camino vecinal,Caída de motociclista,Buen tiempo,Noche sin iluminación,1,0,0,1,2019-09-01,camino vecinal,caida de motociclista,buen tiempo,noche sin iluminacion,zona interurbana,487e4a2ed2f8e9b2ef2445df65f01cf4012d1dfd759eabcd19ddc70760a5a707,accidentes_raw_dgt,2026-05-09 20:40:11
2019,Alicante,10,Lunes,14,Zona interurbana,Vía urbana,Otro tipo,Granizo,Pleno día,1,0,0,1,2019-10-01,via urbana,otro tipo,granizo,pleno dia,zona interurbana,62fe739825059f3098bcdba9e0ee2d62b18c24b8bb98dbb385551e9a04526b3c,accidentes_raw_dgt,2026-05-09 20:40:11
2019,Alicante,11,Miércoles,12,Zona interurbana,Vía urbana,Colisión frontolateral,Buen tiempo,Pleno día,1,0,0,1,2019-11-01,via urbana,colision frontolateral,buen tiempo,pleno dia,zona interurbana,283f3aceea5cb2cbd51a2f0c66905752e51882cf977eee1bf9dc2eca500934db,accidentes_raw_dgt,2026-05-09 20:40:11
2019,Alicante,4,Martes,10,Travesía,Otro,Objeto desprendido,Buen tiempo,Pleno día,1,0,0,1,2019-04-01,otro,objeto desprendido,buen tiempo,pleno dia,travesia,aaa33494ff99c63dc886c7428074b7eeab29bc647c225bef81e283a10f30f25e,accidentes_raw_dgt,2026-05-09 20:40:11
2019,Alicante,7,Jueves,14,Zona urbana,Vía urbana,Colisión frontolateral,Buen tiempo,Pleno día,1,0,0,1,2019-07-01,via urbana,colision frontolateral,buen tiempo,pleno dia,zona urbana,8d3e3fa0a4294fb5cad57fdf7a0f7321b2e4d56abc4eb72a7db012e9f7d7e7fb,accidentes_raw_dgt,2026-05-09 20:40:11
2019,Alicante,5,Miércoles,13,Travesía,Otro,Colisión frontolateral,Buen tiempo,Pleno día,1,0,0,1,2019-05-01,otro,colision frontolateral,buen tiempo,pleno dia,travesia,dc4aa707636ec734bb22a822b62592c85c668c511f10e98da810420c8d5d2181,accidentes_raw_dgt,2026-05-09 20:40:11
2019,Alicante,12,Lunes,18,Zona interurbana,Vía urbana,Colisión frontolateral,Buen tiempo,Noche sin iluminación,1,0,0,1,2019-12-01,via urbana,colision frontolateral,buen tiempo,noche sin iluminacion,zona interurbana,ae705b6c2f40c6668a32a6169263128c213a269983ca0ee47630483fa1ad93b3,accidentes_raw_dgt,2026-05-09 20:40:11
2019,Alicante,12,Miércoles,22,Zona interurbana,Vía urbana,Colisión frontolateral,Buen tiempo,Noche sin iluminación,1,0,0,1,2019-12-01,via urbana,colision frontolateral,buen tiempo,noche sin iluminacion,zona interurbana,0ab77c56eece2d243991cd79f20b57b925149890f7ba5dccda54fbe2a71c8b7e,accidentes_raw_dgt,2026-05-09 20:40:11
2019,Alicante,12,Sábado,20,Zona interurbana,Vía urbana,Colisión frontolateral,Buen tiempo,Noche sin iluminación,1,0,0,1,2019-12-01,via urbana,colision frontolateral,buen tiempo,noche sin iluminacion,zona interurbana,3fd388b5f0aea188259f583480d8ed5d023ee42c1c6f156e66cfd9d90c755af4,accidentes_raw_dgt,2026-05-09 20:40:11
2019,Alicante,12,Domingo,11,Zona interurbana,Vía urbana,Atropello a ciclista,Buen tiempo,Pleno día,1,0,0,1,2019-12-01,via urbana,atropello a ciclista,buen tiempo,pleno dia,zona interurbana,f77a10661490143caf84d7672d2f43b1337d9930df3fbcacfe67c1d8c71ba5af,accidentes_raw_dgt,2026-05-09 20:40:11
2019,Alicante,12,Martes,13,Zona interurbana,Vía urbana,Colisión por alcance,Buen tiempo,Pleno día,1,0,0,1,2019-12-01,via urbana,colision por alcance,buen tiempo,pleno dia,zona interurbana,bda2e18e9c4f23dfbcbade3caf9d5e86ba36bd53a29344b94407e44326a0507a,accidentes_raw_dgt,2026-05-09 20:40:11
2019,Alicante,2,Jueves,13,Zona interurbana,Vía urbana,Caída de ocupante,Buen tiempo,Pleno día,1,0,0,1,2019-02-01,via urbana,caida de ocupante,buen tiempo,pleno dia,zona interurbana,a2c2bc574f1171703f07c2a44eb792452f9f9354666d866a420da17d5bf4f020,accidentes_raw_dgt,2026-05-09 20:40:11
2019,Alicante,4,Sábado,11,Zona interurbana,Vía urbana,Choque obstáculo calzada,Lluvia,Pleno día,1,0,0,1,2019-04-01,via urbana,choque obstaculo calzada,lluvia,pleno dia,zona interurbana,1a07445d8dc4a4af05888d37539e19e4925681f51f324f7427d1bc8029aaf24d,accidentes_raw_dgt,2026-05-09 20:40:11
2019,Alicante,6,Domingo,13,Zona interurbana,Ramal/enlace,Atropello a peatón,Buen tiempo,Pleno día,1,1,0,0,2019-06-01,ramal/enlace,atropello a peaton,buen tiempo,pleno dia,zona interurbana,d44ce374513f092daa6ca4583d2c6f4c2549735b54b30183beed8a78da1e4eb8,accidentes_raw_dgt,2026-05-09 20:40:11
2019,Alicante,6,Sábado,12,Zona interurbana,Autopista,Colisión múltiple,Buen tiempo,Pleno día,4,0,0,4,2019-06-01,autopista,colision multiple,buen tiempo,pleno dia,zona interurbana,34835db382b8c78f1a7c6823b2f8c2dd0b8d2ad9811034b0c895b5885ca882a3,accidentes_raw_dgt,2026-05-09 20:40:11
2019,Alicante,7,Viernes,16,Zona interurbana,Vía urbana,Colisión por alcance,Buen tiempo,Pleno día,2,0,0,2,2019-07-01,via urbana,colision por alcance,buen tiempo,pleno dia,zona interurbana,70fd140a7871d7e07936b4c21cfdbedf67e980905e8b0cac724353a1286bd660,accidentes_raw_dgt,2026-05-09 20:40:11
2019,Alicante,12,Domingo,14,Zona interurbana,Vía urbana,Colisión por alcance,Buen tiempo,Pleno día,2,0,0,2,2019-12-01,via urbana,colision por alcance,buen tiempo,pleno dia,zona interurbana,0663ba1a18227e9b2b3260379dcd706b0047e88eca8eab005685ac56db94ca9a,accidentes_raw_dgt,2026-05-09 20:40:11
2019,Alicante,1,Viernes,20,Zona interurbana,Vía urbana,Se desconoce,Buen tiempo,Se desconoce,1,0,0,1,2019-01-01,via urbana,se desconoce,buen tiempo,se desconoce,zona interurbana,76a23395000b22f2e62a3d76ea317f6f85146298d5cc04dd7c827129eff56fb5,accidentes_raw_dgt,2026-05-09 20:40:11
2019,Alicante,2,Lunes,3,Zona interurbana,Vía urbana,Caída de ocupante,Buen tiempo,Noche sin iluminación,1,0,0,1,2019-02-01,via urbana,caida de ocupante,buen tiempo,noche sin iluminacion,zona interurbana,989e93d58ab9eaa370ffa8acbc96af71be2a7af61bf34922f6700a896f8455f5,accidentes_raw_dgt,2026-05-09 20:40:11
2019,Alicante,8,Sábado,23,Zona interurbana,Vía urbana,Colisión frontal,Buen tiempo,Se desconoce,4,0,0,4,2019-08-01,via urbana,colision frontal,buen tiempo,se desconoce,zona interurbana,90b8243fdbf5e03d85ff2a105242ab4be7bf44f5d7699c2cb648068c36237d48,accidentes_raw_dgt,2026-05-09 20:40:11
2019,Alicante,11,Sábado,10,Zona interurbana,Vía urbana,Colisión frontolateral,Buen tiempo,Pleno día,1,0,0,1,2019-11-01,via urbana,colision frontolateral,buen tiempo,pleno dia,zona interurbana,09a0dcb0bb26cd0c32ac0bb6b0d76dc68e7c3df0edd9a8093019d1ddc54113ab,accidentes_raw_dgt,2026-05-09 20:40:11
2019,Alicante,7,Sábado,11,Zona interurbana,Vía urbana,Atropello a peatón,Buen tiempo,Pleno día,1,0,0,1,2019-07-01,via urbana,atropello a peaton,buen tiempo,pleno dia,zona interurbana,8259110dd5b2c9064c67fd237613e655a7b3e6a5a0fe48a0edee3e729a1dd07c,accidentes_raw_dgt,2026-05-09 20:40:11
2019,Alicante,7,Jueves,12,Zona interurbana,Vía urbana,Colisión múltiple,Buen tiempo,Pleno día,2,0,0,2,2019-07-01,via urbana,colision multiple,buen tiempo,pleno dia,zona interurbana,25e16cbd45433fc6878ceb8f4337dd5a79111fcc13aa7fecdb4525607f63171d,accidentes_raw_dgt,2026-05-09 20:40:11
2019,Alicante,8,Viernes,19,Zona interurbana,Vía urbana,Colisión frontolateral,Buen tiempo,Pleno día,3,0,0,3,2019-08-01,via urbana,colision frontolateral,buen tiempo,pleno dia,zona interurbana,fc0acc74b0ae025e2e0e1ff42d3d56d838073996715b84d3b900b6a3f011fccf,accidentes_raw_dgt,2026-05-09 20:40:11
2019,Alicante,10,Domingo,10,Zona interurbana,Vía urbana,Colisión frontolateral,Buen tiempo,Pleno día,1,0,1,0,2019-10-01,via urbana,colision frontolateral,buen tiempo,pleno dia,zona interurbana,9fed0cec52a189e77e418dd123d61e03eaffbdf3910deccbd746b8c91804ca71,accidentes_raw_dgt,2026-05-09 20:40:11
2019,Alicante,1,Miércoles,11,Zona interurbana,Vía urbana,Objeto desprendido,Buen tiempo,Pleno día,1,0,0,1,2019-01-01,via urbana,objeto desprendido,buen tiempo,pleno dia,zona interurbana,7c67342e1dc9889faf6c446e6f499f60b0dbbcba8d86c795ba1a038eaaaea388,accidentes_raw_dgt,2026-05-09 20:40:11
2019,Alicante,1,Martes,13,Zona interurbana,Vía urbana,Colisión frontal,Buen tiempo,Pleno día,3,0,0,3,2019-01-01,via urbana,colision frontal,buen tiempo,pleno dia,zona interurbana,9385aabddf6b3fe60d2955cb9303e9354b775e8fab2f95cb72ecf3553c64633a,accidentes_raw_dgt,2026-05-09 20:40:11
2019,Alicante,1,Domingo,16,Zona interurbana,Vía urbana,Colisión lateral,Buen tiempo,Pleno día,2,0,0,2,2019-01-01,via urbana,colision lateral,buen tiempo,pleno dia,zona interurbana,ac2151d8aa26b5784551edad3b8ffdaf126a08a8f4ae57db2fc94e01b5443860,accidentes_raw_dgt,2026-05-09 20:40:11
2019,Alicante,1,Sábado,7,Zona interurbana,Travesía,Colisión frontal,Buen tiempo,Se desconoce,2,0,0,2,2019-01-01,travesia,colision frontal,buen tiempo,se desconoce,zona interurbana,9e40f86360ba8c10c865546e324f0c4c3028101e30b46193c84c3d2843108596,accidentes_raw_dgt,2026-05-09 20:40:11
2019,Alicante,1,Miércoles,13,Zona interurbana,Vía urbana,Colisión por alcance,Buen tiempo,Pleno día,1,0,0,1,2019-01-01,via urbana,colision por alcance,buen tiempo,pleno dia,zona interurbana,c0db1a8f10c8b6a2c1f6602fbc0fdee74874b0ddc0865e0b4807793ad2aee49d,accidentes_raw_dgt,2026-05-09 20:40:11
2019,Alicante,1,Jueves,13,Travesía,Otro,Colisión por alcance,Buen tiempo,Pleno día,1,0,0,1,2019-01-01,otro,colision por alcance,buen tiempo,pleno dia,travesia,6ab2c7d137d32c3a3a1340df265a6e84445e66009338f71b378c99168c29c74a,accidentes_raw_dgt,2026-05-09 20:40:11
2019,Alicante,1,Domingo,1,Zona interurbana,Vía urbana,Choque obstáculo lateral,Buen tiempo,Noche sin iluminación,1,0,0,1,2019-01-01,via urbana,choque obstaculo lateral,buen tiempo,noche sin iluminacion,zona interurbana,7bf0aff635f4212516cecabff325481c9a992fc4d7dc9876bf73d265c9cf3fca,accidentes_raw_dgt,2026-05-09 20:40:11
2019,Alicante,1,Lunes,14,Travesía,Otro,Colisión por alcance,Buen tiempo,Pleno día,1,0,0,1,2019-01-01,otro,colision por alcance,buen tiempo,pleno dia,travesia,e9627bf1367d542b0df6de2a21e1178948013fe55c691fe91c6e1c015cdbc6b9,accidentes_raw_dgt,2026-05-09 20:40:11
2019,Alicante,1,Viernes,15,Zona interurbana,Vía urbana,Colisión frontolateral,Buen tiempo,Pleno día,1,0,0,1,2019-01-01,via urbana,colision frontolateral,buen tiempo,pleno dia,zona interurbana,2ca9f63bb06128cdda3ab45ebc7033656c2495bbb82308afee8faad496048390,accidentes_raw_dgt,2026-05-09 20:40:11
2019,Alicante,1,Lunes,9,Zona interurbana,Vía urbana,Colisión frontolateral,Buen tiempo,Pleno día,1,0,0,1,2019-01-01,via urbana,colision frontolateral,buen tiempo,pleno dia,zona interurbana,62f4d89dd319a4e7788a88a37913e1295e46b25ba49d6741be302ff6fe0b6baf,accidentes_raw_dgt,2026-05-09 20:40:11
2019,Alicante,2,Viernes,8,Zona interurbana,Vía urbana,Colisión frontolateral,Buen tiempo,Pleno día,1,0,0,1,2019-02-01,via urbana,colision frontolateral,buen tiempo,pleno dia,zona interurbana,261dc1c0fb9cb6c53150e58672b100eb36b95d24badac50b6a5599bbcb51b967,accidentes_raw_dgt,2026-05-09 20:40:11
2019,Alicante,2,Viernes,11,Zona interurbana,Vía urbana,Colisión por alcance,Buen tiempo,Pleno día,1,0,0,1,2019-02-01,via urbana,colision por alcance,buen tiempo,pleno dia,zona interurbana,85206f3cbda6e943771fb3f86ddbb7e6036293db2dc0aad16b22acca5cbf85e7,accidentes_raw_dgt,2026-05-09 20:40:11
2019,Alicante,2,Sábado,14,Zona interurbana,Vía urbana,Colisión frontolateral,Buen tiempo,Pleno día,3,0,0,3,2019-02-01,via urbana,colision frontolateral,buen tiempo,pleno dia,zona interurbana,7b215942732210e4b0f640a2f030039703adceccf29170c44059fa6d65d3ef3c,accidentes_raw_dgt,2026-05-09 20:40:11
2019,Alicante,2,Domingo,11,Zona interurbana,Calle,Colisión frontolateral,Buen tiempo,Pleno día,1,0,0,1,2019-02-01,calle,colision frontolateral,buen tiempo,pleno dia,zona interurbana,8c4071232533475e3d9e67eea949082bde41fa032ebb4a38d6b85c69fbd3237b,accidentes_raw_dgt,2026-05-09 20:40:11
2019,Alicante,2,Domingo,12,Zona interurbana,Vía urbana,Caída de motociclista,Buen tiempo,Pleno día,1,0,0,1,2019-02-01,via urbana,caida de motociclista,buen tiempo,pleno dia,zona interurbana,02141810795aab0ec079efd12dab0579c39695cbd7598c93ead45180f7f5d2ad,accidentes_raw_dgt,2026-05-09 20:40:11
2019,Alicante,2,Lunes,10,Travesía,Otro,Colisión por alcance,Buen tiempo,Pleno día,1,0,0,1,2019-02-01,otro,colision por alcance,buen tiempo,pleno dia,travesia,360acfeb7e54baf53a9cd55dcbd317a0693e1349963cbe2a9c7195220720b39b,accidentes_raw_dgt,2026-05-09 20:40:11
2019,Alicante,2,Miércoles,7,Zona interurbana,Vía urbana,Colisión por alcance,Buen tiempo,Amanecer/Anochecer,1,0,0,1,2019-02-01,via urbana,colision por alcance,buen tiempo,amanecer/anochecer,zona interurbana,9062e072934c6ed36832696a4ceb50ad5ee2334068a53ead17327c05af026dac,accidentes_raw_dgt,2026-05-09 20:40:11
2019,Alicante,2,Martes,11,Travesía,Otro,Colisión lateral,Buen tiempo,Pleno día,1,0,0,1,2019-02-01,otro,colision lateral,buen tiempo,pleno dia,travesia,023998ba5a1bc02b63305e16857a12bf24eca81e9c98adcc1aa9eed586cda294,accidentes_raw_dgt,2026-05-09 20:40:11
2019,Alicante,2,Jueves,9,Zona interurbana,Vía urbana,Colisión por alcance,Buen tiempo,Pleno día,1,0,0,1,2019-02-01,via urbana,colision por alcance,buen tiempo,pleno dia,zona interurbana,2fbf317387d52ebc9838265c45838977ed49681ed17cd8f0542a7d963958ca55,accidentes_raw_dgt,2026-05-09 20:40:11
2019,Alicante,3,Viernes,18,Zona interurbana,Vía urbana,Caída de ocupante,Buen tiempo,Pleno día,1,0,0,1,2019-03-01,via urbana,caida de ocupante,buen tiempo,pleno dia,zona interurbana,670b08a8750893e8ba690b1b11f3138c9c6935977a68486854a0a518ce4156ce,accidentes_raw_dgt,2026-05-09 20:40:11
2019,Alicante,3,Sábado,17,Zona interurbana,Vía urbana,Caída de ocupante,Buen tiempo,Pleno día,1,0,0,1,2019-03-01,via urbana,caida de ocupante,buen tiempo,pleno dia,zona interurbana,8f2514413bc5af0acba8e2722b84d5a0bdc0cedfb13e75147b8c127a9e545fdb,accidentes_raw_dgt,2026-05-09 20:40:11
2019,Alicante,3,Domingo,14,Zona interurbana,Vía urbana,Caída de ocupante,Buen tiempo,Pleno día,1,0,0,1,2019-03-01,via urbana,caida de ocupante,buen tiempo,pleno dia,zona interurbana,7768e375a15e957a64adf43f42e9c54666a035ab58596e198a4a497bb17d65e8,accidentes_raw_dgt,2026-05-09 20:40:11
2019,Alicante,3,Sábado,15,Zona interurbana,Vía urbana,Colisión frontolateral,Buen tiempo,Pleno día,1,0,0,1,2019-03-01,via urbana,colision frontolateral,buen tiempo,pleno dia,zona interurbana,4978f72a379aaa535c5bc1dbbadeb26807e3e821ed16889b498f8eb7274ce1a4,accidentes_raw_dgt,2026-05-09 20:40:11
2019,Alicante,3,Sábado,23,Zona interurbana,Vía urbana,Colisión frontolateral,Buen tiempo,Noche sin iluminación,1,0,0,1,2019-03-01,via urbana,colision frontolateral,buen tiempo,noche sin iluminacion,zona interurbana,0670783b46c5906cf84d0501e8a44dc5a1e446dad06a4b2f443d54242cb78054,accidentes_raw_dgt,2026-05-09 20:40:11
2019,Alicante,3,Miércoles,12,Zona interurbana,Vía urbana,Colisión lateral,Buen tiempo,Pleno día,1,0,0,1,2019-03-01,via urbana,colision lateral,buen tiempo,pleno dia,zona interurbana,c3574b9db63ba8ec6762cf68917051aa9fae4fe4c1e312a4497807509ded1e89,accidentes_raw_dgt,2026-05-09 20:40:11
2019,Alicante,3,Viernes,9,Zona interurbana,Vía convencional,Colisión múltiple,Buen tiempo,Pleno día,4,0,0,4,2019-03-01,via convencional,colision multiple,buen tiempo,pleno dia,zona interurbana,05d126b39f766147681fb81cf3c0369ebe37f5926abc5f8b75caff5933dc8910,accidentes_raw_dgt,2026-05-09 20:40:11
2019,Alicante,2,Miércoles,19,Travesía,Otro,Choque obstáculo calzada,Buen tiempo,Noche sin iluminación,1,0,0,1,2019-02-01,otro,choque obstaculo calzada,buen tiempo,noche sin iluminacion,travesia,6c31b2667fffcb270c77ce79f56f417c7d17bbb0c1dd4fd16a86661a74ffcd69,accidentes_raw_dgt,2026-05-09 20:40:11
2019,Alicante,3,Sábado,18,Travesía,Otro,Colisión frontolateral,Buen tiempo,Pleno día,2,0,0,2,2019-03-01,otro,colision frontolateral,buen tiempo,pleno dia,travesia,0175a63483d6f94f13ad4a9dcbc364d27e494cf4421f2c76e3a5b96c312965ad,accidentes_raw_dgt,2026-05-09 20:40:11
2019,Alicante,3,Jueves,12,Travesía,Otro,Atropello a ciclista,Buen tiempo,Pleno día,1,0,0,1,2019-03-01,otro,atropello a ciclista,buen tiempo,pleno dia,travesia,72abacb094771a0a64a5494730ee84e4628681cfcc6523bff0bc6ebf7c5a5a10,accidentes_raw_dgt,2026-05-09 20:40:11