AÑO,PROVINCIA,MES,DIA_SEMANA,HORA,ZONA,TIPO_VIA,TIPO_ACCIDENTE,CONDICION_METEO,CONDICION_ILUMINACION,TOTAL_VICTIMAS,FALLECIDOS_24H,HERIDOS_GRAVES,HERIDOS_LEVES,FECHA_ACCIDENTE,TIPO_VIA_NORM,TIPO_ACCIDENTE_NORM,CONDICION_METEO_NORM,CONDICION_ILUMINACION_NORM,ZONA_NORM,ID_ACCIDENTE_HASH,source_id,load_timestamp
2019,Alicante,3,Miércoles,23,Zona interurbana,Vía urbana,Salida vía izquierda,Buen tiempo,Noche sin iluminación,1,0,0,1,2019-03-01,via urbana,salida via izquierda,buen tiempo,noche sin iluminacion,zona interurbana,770c3cbf77615a1d94f88d0f9ed148823de46e4518a3f290fec2859e85b501ef,accidentes_raw_dgt,2026-05-09 20:40:11
2019,Alicante,3,Viernes,12,Travesía,Otro,Colisión frontolateral,Buen tiempo,Pleno día,1,0,0,1,2019-03-01,otro,colision frontolateral,buen tiempo,pleno dia,travesia,44db4e7dd7d675378fce1f9272c0fe44d428b75eb16101d53b88155a39d4aaf8,accidentes_raw_dgt,2026-05-09 20:40:11
2019,Alicante,4,Martes,6,Zona interurbana,Vía convencional,Colisión lateral,Lluvia,Se desconoce,1,0,0,1,2019-04-01,via convencional,colision lateral,lluvia,se desconoce,zona interurbana,7a00c776e0af1135c9b8397dd66f449e84466d3772d14301b110576ff7461116,accidentes_raw_dgt,2026-05-09 20:40:11
2019,Alicante,4,Martes,13,Zona interurbana,Vía urbana,Colisión por alcance,Buen tiempo,Pleno día,1,0,0,1,2019-04-01,via urbana,colision por alcance,buen tiempo,pleno dia,zona interurbana,21872bbd9f73229aeb3f6583bb4e014c0cbe773560fbc6061780fc3aa95f4d27,accidentes_raw_dgt,2026-05-09 20:40:11
2019,Alicante,4,Miércoles,20,Zona interurbana,Vía urbana,Colisión por alcance,Buen tiempo,Amanecer/Anochecer,4,0,0,4,2019-04-01,via urbana,colision por alcance,buen tiempo,amanecer/anochecer,zona interurbana,998c225a0b7bc4a581e8d523567f7e23f66cf7861d0c5ecdef8acb0c911ae880,accidentes_raw_dgt,2026-05-09 20:40:11
2019,Alicante,3,Viernes,16,Travesía,Otro,Animal en calzada,Buen tiempo,Pleno día,1,0,0,1,2019-03-01,otro,animal en calzada,buen tiempo,pleno dia,travesia,8fbd1be8db88aa70417a0dd5e4e4aa232f660426412e218d3b56a42d0a931552,accidentes_raw_dgt,2026-05-09 20:40:11
2019,Alicante,3,Sábado,16,Travesía,Otro,Colisión frontolateral,Buen tiempo,Pleno día,4,0,0,4,2019-03-01,otro,colision frontolateral,buen tiempo,pleno dia,travesia,f12c70c1cdb1ce6be18ec462018023f60a118aec959ab3893465674554ed4e40,accidentes_raw_dgt,2026-05-09 20:40:11
2019,Alicante,3,Sábado,20,Travesía,Otro,Choque obstáculo lateral,Buen tiempo,Noche sin iluminación,1,0,0,1,2019-03-01,otro,choque obstaculo lateral,buen tiempo,noche sin iluminacion,travesia,d90e299c21eb42f1608f941b55b93795b40419266102314a89fa1de9a06db541,accidentes_raw_dgt,2026-05-09 20:40:11
2019,Alicante,4,Lunes,11,Travesía,Otro,Colisión por alcance,Lluvia,Pleno día,1,0,0,1,2019-04-01,otro,colision por alcance,lluvia,pleno dia,travesia,7af919df0d6f22df8001d40828308d06e7a8369d7cf672e324e3fd956d5ee0a8,accidentes_raw_dgt,2026-05-09 20:40:11
2019,Alicante,4,Martes,14,Zona interurbana,Autopista,Colisión lateral,Buen tiempo,Pleno día,1,0,0,1,2019-04-01,autopista,colision lateral,buen tiempo,pleno dia,zona interurbana,92e83f839fb4f758f3c19098f41487071737f67a8afb64cfaddaa942ac1c2b68,accidentes_raw_dgt,2026-05-09 20:40:11
2019,Alicante,4,Viernes,18,Zona interurbana,Vía urbana,Caída de motociclista,Buen tiempo,Pleno día,1,0,0,1,2019-04-01,via urbana,caida de motociclista,buen tiempo,pleno dia,zona interurbana,aaf68675c4bea5600c273f6d4371e8d1b9f383a6dd96db30d628cf77dd91c09c,accidentes_raw_dgt,2026-05-09 20:40:11
2019,Alicante,4,Viernes,17,Zona interurbana,Vía urbana,Colisión por alcance,Buen tiempo,Pleno día,2,0,0,2,2019-04-01,via urbana,colision por alcance,buen tiempo,pleno dia,zona interurbana,ace104f589733dc0c6223e59215cc747140836715fac2fdcf0644ddf37205454,accidentes_raw_dgt,2026-05-09 20:40:11
2019,Alicante,4,Martes,16,Zona interurbana,Vía urbana,Atropello a peatón,Buen tiempo,Pleno día,1,0,0,1,2019-04-01,via urbana,atropello a peaton,buen tiempo,pleno dia,zona interurbana,ec995be98212e07c844614f0994071e307adb749eacc116129ceb39dc4a2c4d1,accidentes_raw_dgt,2026-05-09 20:40:11
2019,Alicante,4,Sábado,13,Travesía,Otro,Colisión frontolateral,Buen tiempo,Pleno día,1,0,0,1,2019-04-01,otro,colision frontolateral,buen tiempo,pleno dia,travesia,0df59fd6c41cadd2220fd09fcd4d5979b7f64c572d9625a29489f2a6fdd34ecb,accidentes_raw_dgt,2026-05-09 20:40:11
2019,Alicante,4,Sábado,21,Zona interurbana,Vía convencional,Colisión múltiple,Lluvia,Se desconoce,3,0,0,3,2019-04-01,via convencional,colision multiple,lluvia,se desconoce,zona interurbana,95a10e2b95576e134613d842c4e1081e82fb0dabeb2fd932d21520f95450df73,accidentes_raw_dgt,2026-05-09 20:40:11
2019,Alicante,3,Miércoles,11,Travesía,Otro,Colisión por alcance,Buen tiempo,Pleno día,1,0,0,1,2019-03-01,otro,colision por alcance,buen tiempo,pleno dia,travesia,6581e4cbb8c4fb1607907df4896a80e709182fb9bfa0175333ea2615dba3a28b,accidentes_raw_dgt,2026-05-09 20:40:11
2019,Alicante,2,Jueves,11,Zona interurbana,Vía urbana,Colisión por alcance,Buen tiempo,Pleno día,2,0,0,2,2019-02-01,via urbana,colision por alcance,buen tiempo,pleno dia,zona interurbana,5aec607067fc57eaf4c95c33a46354e1bff200215cf716145e9f9ee6eb5c0936,accidentes_raw_dgt,2026-05-09 20:40:11
2019,Alicante,3,Lunes,20,Travesía,Otro,Colisión por alcance,Buen tiempo,Noche sin iluminación,2,0,0,2,2019-03-01,otro,colision por alcance,buen tiempo,noche sin iluminacion,travesia,6c97aad35e1926d26189e8cecc601729963e279143285c19e0d329b3c319c173,accidentes_raw_dgt,2026-05-09 20:40:11
2019,Alicante,3,Jueves,10,Travesía,Otro,Colisión por alcance,Buen tiempo,Pleno día,1,0,0,1,2019-03-01,otro,colision por alcance,buen tiempo,pleno dia,travesia,975d3bdc01c9385bb50c411595070f50daeddce9f9cb298dcff33e1d8e2152fb,accidentes_raw_dgt,2026-05-09 20:40:11
2019,Alicante,3,Martes,8,Travesía,Otro,Choque obstáculo lateral,Buen tiempo,Pleno día,2,0,0,2,2019-03-01,otro,choque obstaculo lateral,buen tiempo,pleno dia,travesia,7119d5d9637ddeeb0c762b40bb5aafa12e4a818f33a91d29c3a00a6aebdab088,accidentes_raw_dgt,2026-05-09 20:40:11
2019,Alicante,3,Miércoles,19,Travesía,Otro,Colisión frontolateral,Buen tiempo,Noche sin iluminación,1,0,0,1,2019-03-01,otro,colision frontolateral,buen tiempo,noche sin iluminacion,travesia,45d1bf544943b021e561523370fcb4b73bf8c67de1b68a3ec825fb28144ff434,accidentes_raw_dgt,2026-05-09 20:40:11
2019,Alicante,3,Martes,18,Travesía,Otro,Se desconoce,Buen tiempo,Pleno día,1,0,0,1,2019-03-01,otro,se desconoce,buen tiempo,pleno dia,travesia,93a83415c3624846b5920876ce765fe06053f0c2c4d3511eec2c81f2e3951262,accidentes_raw_dgt,2026-05-09 20:40:11
2019,Alicante,5,Domingo,5,Zona interurbana,Vía urbana,Otro tipo,Buen tiempo,Se desconoce,1,0,0,1,2019-05-01,via urbana,otro tipo,buen tiempo,se desconoce,zona interurbana,3644cb1007be9e1b14ab1654c02bf01c49b8155f64bca5089dd2ec8fd6942004,accidentes_raw_dgt,2026-05-09 20:40:11
2019,Alicante,4,Sábado,6,Zona interurbana,Vía urbana,Otro tipo,Buen tiempo,Se desconoce,1,0,0,1,2019-04-01,via urbana,otro tipo,buen tiempo,se desconoce,zona interurbana,afc1690a331258665aedb77f2d1c3f3a36031fe710c1f106d968ccd837fad572,accidentes_raw_dgt,2026-05-09 20:40:11
2019,Alicante,5,Viernes,17,Zona interurbana,Camino vecinal,Colisión frontolateral,Buen tiempo,Pleno día,1,0,0,1,2019-05-01,camino vecinal,colision frontolateral,buen tiempo,pleno dia,zona interurbana,2b44d508c4848ffc66d88d587f32828446af8f411949ad47dc4aa10ad9efe5a9,accidentes_raw_dgt,2026-05-09 20:40:11
2019,Alicante,5,Sábado,7,Zona interurbana,Vía urbana,Colisión frontolateral,Buen tiempo,Pleno día,1,0,0,1,2019-05-01,via urbana,colision frontolateral,buen tiempo,pleno dia,zona interurbana,2c80c314a06d8420bb22af474b6ac8763c65d15826169997804240f7f34eb3dd,accidentes_raw_dgt,2026-05-09 20:40:11
2019,Alicante,5,Lunes,10,Zona interurbana,Vía urbana,Colisión lateral,Buen tiempo,Pleno día,1,0,0,1,2019-05-01,via urbana,colision lateral,buen tiempo,pleno dia,zona interurbana,33b66ae561a759b8589d97dcea4dd859c39ed50dc2b5419a7e8aad1ace8e103f,accidentes_raw_dgt,2026-05-09 20:40:11
2019,Alicante,5,Lunes,10,Travesía,Otro,Choque obstáculo calzada,Buen tiempo,Pleno día,2,0,0,2,2019-05-01,otro,choque obstaculo calzada,buen tiempo,pleno dia,travesia,8b088301586d31d3fe9dbe4ea1fedc235e2e1b447b6e864da564d0b2a1f02ed5,accidentes_raw_dgt,2026-05-09 20:40:11
2019,Alicante,3,Sábado,16,Zona urbana,Camino vecinal,Choque obstáculo calzada,Buen tiempo,Pleno día,2,0,0,2,2019-03-01,camino vecinal,choque obstaculo calzada,buen tiempo,pleno dia,zona urbana,66c2d265640dfd6d1a951603179386593a9548af0da8a7515add75b64c120a87,accidentes_raw_dgt,2026-05-09 20:40:11
2019,Alicante,4,Jueves,12,Zona interurbana,Vía urbana,Colisión frontolateral,Buen tiempo,Pleno día,1,0,1,0,2019-04-01,via urbana,colision frontolateral,buen tiempo,pleno dia,zona interurbana,b1390a8dc4b5d29bbb2e1458c31cf867049316cc6e5dac08fc0bd61676af4017,accidentes_raw_dgt,2026-05-09 20:40:11
2019,Alicante,3,Martes,12,Travesía,Otro urbano,Choque obstáculo lateral,Buen tiempo,Pleno día,1,0,0,1,2019-03-01,otro urbano,choque obstaculo lateral,buen tiempo,pleno dia,travesia,d30f062eab20ace79ee14158eeb0303d545c61db4c77b0d0769198ca516524a0,accidentes_raw_dgt,2026-05-09 20:40:11
2019,Alicante,3,Jueves,10,Travesía,Otro,Colisión por alcance,Buen tiempo,Pleno día,1,0,0,1,2019-03-01,otro,colision por alcance,buen tiempo,pleno dia,travesia,0ebd1723f1447c10eec45446f1e18af51a2eb32104d6da4bbbfde7c39d4b790d,accidentes_raw_dgt,2026-05-09 20:40:11
2019,Alicante,3,Viernes,22,Travesía,Otro,Colisión frontolateral,Buen tiempo,Noche sin iluminación,2,0,0,2,2019-03-01,otro,colision frontolateral,buen tiempo,noche sin iluminacion,travesia,29abebdeaec524b5b1f40c7bc86cc046020ea42150496404382dea6a5a71c2f3,accidentes_raw_dgt,2026-05-09 20:40:11
2019,Alicante,4,Viernes,19,Zona interurbana,Vía urbana,Colisión por alcance,Buen tiempo,Pleno día,1,0,0,1,2019-04-01,via urbana,colision por alcance,buen tiempo,pleno dia,zona interurbana,8551d2e9f9ca656d502ce08c32df9e90a902698086d33773dcfd83360ceff25c,accidentes_raw_dgt,2026-05-09 20:40:11
2019,Alicante,4,Viernes,7,Travesía,Otro,Colisión lateral,Buen tiempo,Pleno día,1,0,0,1,2019-04-01,otro,colision lateral,buen tiempo,pleno dia,travesia,1db2269b74d1467affbdc195494b9b6094e222f07d0bc3295fedbf151983aa2b,accidentes_raw_dgt,2026-05-09 20:40:11
2019,Alicante,4,Lunes,16,Travesía,Otro,Colisión frontolateral,Buen tiempo,Pleno día,4,0,0,4,2019-04-01,otro,colision frontolateral,buen tiempo,pleno dia,travesia,d6c29d5bb1162b7b0a771992e6c62b023b1d24333dd8eae5b8e127de4727a597,accidentes_raw_dgt,2026-05-09 20:40:11
2019,Alicante,3,Lunes,9,Zona interurbana,Vía urbana,Colisión por alcance,Buen tiempo,Pleno día,1,0,0,1,2019-03-01,via urbana,colision por alcance,buen tiempo,pleno dia,zona interurbana,cf8a6f1162e2758636254f6d02106289a71f60e2eef5db70ac6c0e5fb7378c9d,accidentes_raw_dgt,2026-05-09 20:40:11
2019,Alicante,5,Lunes,14,Zona interurbana,Vía urbana,Colisión frontolateral,Buen tiempo,Pleno día,1,0,0,1,2019-05-01,via urbana,colision frontolateral,buen tiempo,pleno dia,zona interurbana,cf6f8c91b5f482ba77b3fcd9c9bf838523fd29af79dd635f81ddf2c7f0cf4f0c,accidentes_raw_dgt,2026-05-09 20:40:11
2019,Alicante,5,Lunes,20,Zona interurbana,Vía urbana,Colisión frontolateral,Buen tiempo,Amanecer/Anochecer,1,0,0,1,2019-05-01,via urbana,colision frontolateral,buen tiempo,amanecer/anochecer,zona interurbana,0c9e88b28d11dc49eda1f68c00181561385ff046750ebb0c800a5c70413524ec,accidentes_raw_dgt,2026-05-09 20:40:11
2019,Alicante,5,Sábado,22,Zona interurbana,Camino vecinal,Choque obstáculo lateral,Buen tiempo,Noche sin iluminación,1,0,0,1,2019-05-01,camino vecinal,choque obstaculo lateral,buen tiempo,noche sin iluminacion,zona interurbana,f021014960c5f61b68f18f5ec06e3d02982b069f2230cc120b6ca3061868d6e2,accidentes_raw_dgt,2026-05-09 20:40:11
2019,Alicante,5,Miércoles,16,Zona interurbana,Vía urbana,Se desconoce,Buen tiempo,Pleno día,1,0,0,1,2019-05-01,via urbana,se desconoce,buen tiempo,pleno dia,zona interurbana,35041ec21b0be43fcc811118982e23e71df122c6732578cd8e7e1339890a97cf,accidentes_raw_dgt,2026-05-09 20:40:11
2019,Alicante,5,Jueves,8,Travesía,Otro,Colisión lateral,Buen tiempo,Pleno día,1,0,0,1,2019-05-01,otro,colision lateral,buen tiempo,pleno dia,travesia,df8e9474900ccac9652f0995e0b2868c8231e2aae5833ac5894d209ab706391c,accidentes_raw_dgt,2026-05-09 20:40:11
2019,Alicante,5,Viernes,9,Travesía,Otro,Colisión lateral,Buen tiempo,Pleno día,1,0,0,1,2019-05-01,otro,colision lateral,buen tiempo,pleno dia,travesia,30e2fdaa7748f8af49b4725199b69e939dc835bd2e4f37d40924da88132161f1,accidentes_raw_dgt,2026-05-09 20:40:11
2019,Alicante,5,Domingo,12,Zona interurbana,Vía convencional,Atropello a peatón,Buen tiempo,Pleno día,3,0,0,3,2019-05-01,via convencional,atropello a peaton,buen tiempo,pleno dia,zona interurbana,66d0af18b66f5630cdb662ba54c992d34cf38bdb51601f52c5740a7846d11e90,accidentes_raw_dgt,2026-05-09 20:40:11
2019,Alicante,5,Viernes,20,Travesía,Otro,Colisión frontolateral,Nieve,Pleno día,2,0,0,2,2019-05-01,otro,colision frontolateral,nieve,pleno dia,travesia,f72b71f2cf7221d17e8e7dcb23ba1aebadee8813fb843860fa6894b9c658269c,accidentes_raw_dgt,2026-05-09 20:40:11
2019,Alicante,5,Martes,15,Travesía,Otro,Colisión frontolateral,Buen tiempo,Pleno día,1,0,0,1,2019-05-01,otro,colision frontolateral,buen tiempo,pleno dia,travesia,c94b98f609241fd9bbc1c646586af456746d334a71087066c77e00e9004db134,accidentes_raw_dgt,2026-05-09 20:40:11
2019,Alicante,5,Lunes,15,Travesía,Otro,Colisión por alcance,Buen tiempo,Pleno día,4,0,0,4,2019-05-01,otro,colision por alcance,buen tiempo,pleno dia,travesia,a08c5cfffde5bb7d1d03a68762066e08f83f39ac5c7c9e971ec482b014fec12a,accidentes_raw_dgt,2026-05-09 20:40:11
2019,Alicante,5,Martes,14,Zona interurbana,Calle,Colisión frontal,Buen tiempo,Pleno día,1,0,0,1,2019-05-01,calle,colision frontal,buen tiempo,pleno dia,zona interurbana,295c4d1595596d3980b290fe876449463b8b87397cd13414fd6209a7ffe26eea,accidentes_raw_dgt,2026-05-09 20:40:11
2019,Alicante,5,Martes,17,Travesía,Otro,Colisión por alcance,Buen tiempo,Pleno día,1,0,0,1,2019-05-01,otro,colision por alcance,buen tiempo,pleno dia,travesia,2358a16af9f6bd7cb611da9798294dcbae110ae52e455e03e7b06a3d07336b21,accidentes_raw_dgt,2026-05-09 20:40:11
2019,Alicante,5,Jueves,15,Zona interurbana,Vía urbana,Colisión por alcance,Buen tiempo,Pleno día,2,0,0,2,2019-05-01,via urbana,colision por alcance,buen tiempo,pleno dia,zona interurbana,5cadc087c21ab8db4db191bec813a5a06bd5d841ad46c49ac64955217dbd8143,accidentes_raw_dgt,2026-05-09 20:40:11
2019,Alicante,5,Martes,7,Travesía,Otro,Colisión frontolateral,Lluvia,Amanecer/Anochecer,2,0,0,2,2019-05-01,otro,colision frontolateral,lluvia,amanecer/anochecer,travesia,8d7c658f9476ff2c201e41df6fb6ae0b82528a5b19a6b9f3bae83fd7bdb87b75,accidentes_raw_dgt,2026-05-09 20:40:11
2019,Alicante,5,Miércoles,15,Travesía,Otro,Choque obstáculo lateral,Buen tiempo,Pleno día,1,0,1,0,2019-05-01,otro,choque obstaculo lateral,buen tiempo,pleno dia,travesia,60025bddd666bade2a76b480419c0ccbc3327827fe1ace4ac8e036b23a8ace62,accidentes_raw_dgt,2026-05-09 20:40:11
2019,Alicante,6,Jueves,18,Zona interurbana,Vía convencional,Colisión por alcance,Buen tiempo,Pleno día,1,0,0,1,2019-06-01,via convencional,colision por alcance,buen tiempo,pleno dia,zona interurbana,c5d2467e828528e31affef9f8f5f6513322364dea524afd5b5ccb2bf0bfdc525,accidentes_raw_dgt,2026-05-09 20:40:11
2019,Alicante,6,Sábado,13,Travesía,Otro,Colisión por alcance,Buen tiempo,Pleno día,1,0,0,1,2019-06-01,otro,colision por alcance,buen tiempo,pleno dia,travesia,c4fc2f43eaa0527ac86e1801ce5736aaf92af648d450cbbf4cca98c368682eb6,accidentes_raw_dgt,2026-05-09 20:40:11
2019,Alicante,4,Sábado,20,Travesía,Calle peatonal,Colisión frontolateral,Buen tiempo,Noche sin iluminación,2,0,0,2,2019-04-01,calle peatonal,colision frontolateral,buen tiempo,noche sin iluminacion,travesia,bc20a2aa08022b0ac9cc09039c57de9500b8498918e3b15d01e8a409d5b04e71,accidentes_raw_dgt,2026-05-09 20:40:11
2019,Alicante,5,Viernes,13,Travesía,Otro,Colisión por alcance,Buen tiempo,Pleno día,1,0,0,1,2019-05-01,otro,colision por alcance,buen tiempo,pleno dia,travesia,e0b1056a9c77fe9a336eeb778f1a858c80f53c3deff2e11a727923d4a4d495a9,accidentes_raw_dgt,2026-05-09 20:40:11
2019,Alicante,5,Miércoles,14,Zona urbana,Vía urbana,Salida vía izquierda,Buen tiempo,Pleno día,1,0,0,1,2019-05-01,via urbana,salida via izquierda,buen tiempo,pleno dia,zona urbana,a0dd3f78692a0c106558b52322181d3f48fe94b057f90163e491606b70d16fde,accidentes_raw_dgt,2026-05-09 20:40:11
2019,Alicante,5,Miércoles,10,Travesía,Otro,Choque obstáculo lateral,Buen tiempo,Pleno día,1,0,0,1,2019-05-01,otro,choque obstaculo lateral,buen tiempo,pleno dia,travesia,0c38972c44d623312ef30267d7ab2769ea74513d8a3a31eb77d8eda8860402d0,accidentes_raw_dgt,2026-05-09 20:40:11
2019,Alicante,5,Sábado,14,Travesía,Otro urbano,Choque obstáculo calzada,Buen tiempo,Pleno día,1,0,0,1,2019-05-01,otro urbano,choque obstaculo calzada,buen tiempo,pleno dia,travesia,e9cfd9f31e4566c22dac0ec2a45735bf1ff4297f00cf954582c6eeba6ee95c46,accidentes_raw_dgt,2026-05-09 20:40:11
2019,Alicante,6,Domingo,18,Zona interurbana,Camino vecinal,Colisión frontolateral,Buen tiempo,Pleno día,2,0,0,2,2019-06-01,camino vecinal,colision frontolateral,buen tiempo,pleno dia,zona interurbana,7328f9713cf2421aed7685680e2b799ea64dedf2e76f82f1017d8bc8f80a992f,accidentes_raw_dgt,2026-05-09 20:40:11
2019,Alicante,6,Miércoles,15,Zona interurbana,Vía urbana,Colisión por alcance,Buen tiempo,Pleno día,1,0,0,1,2019-06-01,via urbana,colision por alcance,buen tiempo,pleno dia,zona interurbana,8c41f91584580db5832d489858acd624fe578c3f55ab5093c385e2e13998303c,accidentes_raw_dgt,2026-05-09 20:40:11
2019,Alicante,5,Domingo,0,Travesía,Otro,Colisión lateral,Buen tiempo,Noche sin iluminación,2,0,0,2,2019-05-01,otro,colision lateral,buen tiempo,noche sin iluminacion,travesia,89e2768c8763bd3057f12526944d3aa7cc04abac00c7048faa59475bb82f0cc1,accidentes_raw_dgt,2026-05-09 20:40:11
2019,Alicante,5,Miércoles,10,Zona urbana,Vía urbana,Colisión por alcance,Buen tiempo,Pleno día,1,0,0,1,2019-05-01,via urbana,colision por alcance,buen tiempo,pleno dia,zona urbana,432d5fe6d67c66875e3746c661577a2ab9c607b91004e9b9ee8f8c7ae7b8e48b,accidentes_raw_dgt,2026-05-09 20:40:11
2019,Alicante,6,Lunes,13,Travesía,Otro,Colisión frontal,Buen tiempo,Pleno día,1,0,0,1,2019-06-01,otro,colision frontal,buen tiempo,pleno dia,travesia,6c8147fcd46e3da4c46309bae98ecfa7415cd5992ca8260f9eaada4cd6c6481a,accidentes_raw_dgt,2026-05-09 20:40:11
2019,Alicante,6,Sábado,21,Travesía,Otro,Choque obstáculo lateral,Buen tiempo,Noche con iluminación,1,0,0,1,2019-06-01,otro,choque obstaculo lateral,buen tiempo,noche con iluminacion,travesia,3d3390390ee9ab65d0fdf25c718e649ea6277e0cbafef327f1c03234a3d2662b,accidentes_raw_dgt,2026-05-09 20:40:11
2019,Alicante,6,Sábado,16,Zona interurbana,Vía urbana,Atropello a ciclista,Buen tiempo,Pleno día,1,0,0,1,2019-06-01,via urbana,atropello a ciclista,buen tiempo,pleno dia,zona interurbana,f6c55a0ce33fc2c9a85ffc75cbfb46df9a1e64cad7e2d99af14f833a384700dd,accidentes_raw_dgt,2026-05-09 20:40:11
2019,Alicante,6,Sábado,7,Zona interurbana,Vía urbana,Colisión por alcance,Buen tiempo,Pleno día,1,0,1,0,2019-06-01,via urbana,colision por alcance,buen tiempo,pleno dia,zona interurbana,ca7aa52051ff3da031ffd7311496ddb8f206fabf8300a8d6dfa464a335792865,accidentes_raw_dgt,2026-05-09 20:40:11
2019,Alicante,6,Jueves,20,Zona urbana,Vía urbana,Colisión por alcance,Buen tiempo,Pleno día,1,0,0,1,2019-06-01,via urbana,colision por alcance,buen tiempo,pleno dia,zona urbana,66414f7e5ee5fb427208e6bad68d74d4032d120299b14d7a93706ca9d0f71930,accidentes_raw_dgt,2026-05-09 20:40:11
2019,Alicante,6,Miércoles,20,Travesía,Otro,Colisión frontolateral,Buen tiempo,Pleno día,1,0,0,1,2019-06-01,otro,colision frontolateral,buen tiempo,pleno dia,travesia,ed514b59abaa8dfd8ccce4a71bdba2435df2a6613c98ff9f8a3a265f3b27baf3,accidentes_raw_dgt,2026-05-09 20:40:11
2019,Alicante,6,Miércoles,8,Travesía,Otro,Colisión frontolateral,Buen tiempo,Pleno día,1,0,0,1,2019-06-01,otro,colision frontolateral,buen tiempo,pleno dia,travesia,6938d183432da8aedcd41519a0eb59425373a48776aa79eeab41e7f1b7a9cf73,accidentes_raw_dgt,2026-05-09 20:40:11
2019,Alicante,6,Jueves,10,Zona interurbana,Vía de servicio,Animal en calzada,Buen tiempo,Pleno día,1,0,0,1,2019-06-01,via de servicio,animal en calzada,buen tiempo,pleno dia,zona interurbana,71c4994de8c7229a52e3604ac09bf401fd541139f7f93116f64859048e5b40ea,accidentes_raw_dgt,2026-05-09 20:40:11
2019,Alicante,6,Sábado,20,Zona interurbana,Vía urbana,Colisión frontal,Buen tiempo,Pleno día,4,0,1,0,2019-06-01,via urbana,colision frontal,buen tiempo,pleno dia,zona interurbana,17402467b764a01585e1d5a55ea74769f652cd0537d69a3aec3b6c609ccb5e01,accidentes_raw_dgt,2026-05-09 20:40:11
2019,Alicante,6,Martes,14,Zona interurbana,Vía urbana,Colisión por alcance,Buen tiempo,Pleno día,2,0,0,2,2019-06-01,via urbana,colision por alcance,buen tiempo,pleno dia,zona interurbana,8bd05bcba665530f6c213fee5c8b6aec2d1862e8586f2dc52679d2f2aa1d0e24,accidentes_raw_dgt,2026-05-09 20:40:11
2019,Alicante,6,Miércoles,21,Zona interurbana,Vía urbana,Caída de ocupante,Buen tiempo,Pleno día,1,0,1,0,2019-06-01,via urbana,caida de ocupante,buen tiempo,pleno dia,zona interurbana,89c6d52042f5a614bbd7f9da593dfb42f102ca8421cf233859ac925156b22f97,accidentes_raw_dgt,2026-05-09 20:40:11
2019,Alicante,6,Domingo,1,Travesía,Otro,Choque obstáculo lateral,Buen tiempo,Noche sin iluminación,2,0,0,2,2019-06-01,otro,choque obstaculo lateral,buen tiempo,noche sin iluminacion,travesia,31a7410194e6697906367e112964cf00da7b16d8ea7ef87cddb6396f2a1f1711,accidentes_raw_dgt,2026-05-09 20:40:11
2019,Alicante,6,Jueves,20,Travesía,Otro,Colisión por alcance,Buen tiempo,Amanecer/Anochecer,1,0,0,1,2019-06-01,otro,colision por alcance,buen tiempo,amanecer/anochecer,travesia,3ca74779bdf0f0ba587f6a5dd2714505248a84002b1aeda3e63646fe0ed4b4fe,accidentes_raw_dgt,2026-05-09 20:40:11
2019,Alicante,6,Martes,17,Travesía,Otro,Colisión lateral,Buen tiempo,Pleno día,1,0,0,1,2019-06-01,otro,colision lateral,buen tiempo,pleno dia,travesia,45d823d25b097fa8b7dfd0abaf70c0dcd896ded3720f4e1d3196f6c39308cd8d,accidentes_raw_dgt,2026-05-09 20:40:11
2019,Alicante,6,Jueves,14,Travesía,Otro,Colisión lateral,Buen tiempo,Pleno día,1,0,0,1,2019-06-01,otro,colision lateral,buen tiempo,pleno dia,travesia,a4f5499a612299fec8bf2d61eccb5274753c93c1d5c8b7b0bfd953b2fe910ba3,accidentes_raw_dgt,2026-05-09 20:40:11
2019,Alicante,6,Viernes,23,Travesía,Otro,Colisión frontolateral,Buen tiempo,Noche con iluminación,3,0,1,2,2019-06-01,otro,colision frontolateral,buen tiempo,noche con iluminacion,travesia,1e5790d44c91a990669eb57bb90d3bfb3151ec797df07e7ad244129f4de89165,accidentes_raw_dgt,2026-05-09 20:40:11
2019,Alicante,6,Sábado,10,Travesía,Otro,Colisión por alcance,Buen tiempo,Pleno día,1,0,0,1,2019-06-01,otro,colision por alcance,buen tiempo,pleno dia,travesia,502f2d22a8424ae4791e0009d8d29e62036fd4e4f9476d4b4293affa8877c3e4,accidentes_raw_dgt,2026-05-09 20:40:11
2019,Alicante,6,Martes,18,Travesía,Otro,Choque obstáculo lateral,Buen tiempo,Pleno día,1,0,1,0,2019-06-01,otro,choque obstaculo lateral,buen tiempo,pleno dia,travesia,5450f0a658b52a4b3ecc517d84581bdffb2df2d5245de45bb9c8e78c4418f675,accidentes_raw_dgt,2026-05-09 20:40:11
2019,Alicante,6,Miércoles,8,Travesía,Otro,Salida vía izquierda,Buen tiempo,Pleno día,1,0,0,1,2019-06-01,otro,salida via izquierda,buen tiempo,pleno dia,travesia,5b382a8191264f074a52522a8ac069380c4268fbd3e64fe22f8e12ffeb2a80de,accidentes_raw_dgt,2026-05-09 20:40:11