AÑO,PROVINCIA,MES,DIA_SEMANA,HORA,ZONA,TIPO_VIA,TIPO_ACCIDENTE,CONDICION_METEO,CONDICION_ILUMINACION,TOTAL_VICTIMAS,FALLECIDOS_24H,HERIDOS_GRAVES,HERIDOS_LEVES,FECHA_ACCIDENTE,TIPO_VIA_NORM,TIPO_ACCIDENTE_NORM,CONDICION_METEO_NORM,CONDICION_ILUMINACION_NORM,ZONA_NORM,ID_ACCIDENTE_HASH,source_id,load_timestamp
2019,Alicante,6,Domingo,2,Zona urbana,Vía urbana,Se desconoce,Buen tiempo,Noche sin iluminación,1,0,0,1,2019-06-01,via urbana,se desconoce,buen tiempo,noche sin iluminacion,zona urbana,7d6095eca00e93bd0c9cb8a1e44d64add19d521ce0f37877ff72bd48bc33d21c,accidentes_raw_dgt,2026-05-09 20:40:11
2019,Alicante,7,Lunes,13,Travesía,Otro,Colisión por alcance,Buen tiempo,Pleno día,1,0,0,1,2019-07-01,otro,colision por alcance,buen tiempo,pleno dia,travesia,2f8ef9d7bbd2a6126f69e4a3728b19ae77f3d14327e33dd7b003be1d8c2df895,accidentes_raw_dgt,2026-05-09 20:40:11
2019,Alicante,7,Jueves,17,Zona interurbana,Vía urbana,Caída de motociclista,Buen tiempo,Pleno día,1,0,1,0,2019-07-01,via urbana,caida de motociclista,buen tiempo,pleno dia,zona interurbana,408a880c854efce7b187df7599e3c8899576675878f69fe7de21a085c99cbf84,accidentes_raw_dgt,2026-05-09 20:40:11
2019,Alicante,7,Martes,12,Zona interurbana,Vía urbana,Colisión por alcance,Buen tiempo,Pleno día,1,0,0,1,2019-07-01,via urbana,colision por alcance,buen tiempo,pleno dia,zona interurbana,e59adbcd3a4cbeaf58e92a3a1543b256f629fa89c05e668a433115d95f957f30,accidentes_raw_dgt,2026-05-09 20:40:11
2019,Alicante,7,Martes,11,Travesía,Otro,Colisión lateral,Buen tiempo,Pleno día,1,1,0,0,2019-07-01,otro,colision lateral,buen tiempo,pleno dia,travesia,c69d3e1929d4c616eb8a90ad1a889a46480502bb008131844a5aa4beb4adb6fe,accidentes_raw_dgt,2026-05-09 20:40:11
2019,Alicante,7,Jueves,13,Travesía,Otro,Colisión por alcance,Buen tiempo,Pleno día,1,0,0,1,2019-07-01,otro,colision por alcance,buen tiempo,pleno dia,travesia,c69f0baaa1af7cebe9998a386323206afb0bc08a19eea74253299e75dc5556e6,accidentes_raw_dgt,2026-05-09 20:40:11
2019,Alicante,7,Sábado,22,Zona interurbana,Vía urbana,Salida vía izquierda,Buen tiempo,Se desconoce,1,0,0,1,2019-07-01,via urbana,salida via izquierda,buen tiempo,se desconoce,zona interurbana,c630fa554a3327d2a262e8705178781847b4d64a421fb94362214e718c4fb578,accidentes_raw_dgt,2026-05-09 20:40:11
2019,Alicante,7,Martes,14,Zona interurbana,Vía convencional,Colisión por alcance,Buen tiempo,Pleno día,1,0,0,1,2019-07-01,via convencional,colision por alcance,buen tiempo,pleno dia,zona interurbana,49fb5ac23fa3ccfe6ae3adc8e49609264564ddb80d24b12af28a46cd56a75a29,accidentes_raw_dgt,2026-05-09 20:40:11
2019,Alicante,7,Viernes,18,Zona interurbana,Vía urbana,Colisión por alcance,Buen tiempo,Pleno día,1,0,0,1,2019-07-01,via urbana,colision por alcance,buen tiempo,pleno dia,zona interurbana,2c73b3b9ed664a184cdb7540ade48401629b9ec9a5cbda0ae946043957913bd4,accidentes_raw_dgt,2026-05-09 20:40:11
2019,Alicante,7,Jueves,18,Zona interurbana,Vía urbana,Colisión lateral,Buen tiempo,Pleno día,4,0,0,4,2019-07-01,via urbana,colision lateral,buen tiempo,pleno dia,zona interurbana,275a8cd33ae587d9de70cb22551adc61ab551eb040971030404623e6ae3b953f,accidentes_raw_dgt,2026-05-09 20:40:11
2019,Alicante,7,Lunes,9,Zona interurbana,Vía urbana,Caída de ocupante,Buen tiempo,Pleno día,1,0,0,1,2019-07-01,via urbana,caida de ocupante,buen tiempo,pleno dia,zona interurbana,f3a075fa8dff3448949028b452b69067c07a3068938bc33543b031188e3ba06b,accidentes_raw_dgt,2026-05-09 20:40:11
2019,Alicante,7,Sábado,11,Zona interurbana,Vía urbana,Colisión por alcance,Buen tiempo,Pleno día,1,0,0,1,2019-07-01,via urbana,colision por alcance,buen tiempo,pleno dia,zona interurbana,6219b932485fb6275fcf5f657b9148dc67b9e1137bb7b6e9d9d2461dc4b50863,accidentes_raw_dgt,2026-05-09 20:40:11
2019,Alicante,7,Jueves,13,Travesía,Otro,Caída de motociclista,Buen tiempo,Pleno día,1,0,0,1,2019-07-01,otro,caida de motociclista,buen tiempo,pleno dia,travesia,7e08ff98fa58f10914025d59b0cf8487ac3aed1c0932bdf6db10367eeeee12a2,accidentes_raw_dgt,2026-05-09 20:40:11
2019,Alicante,7,Miércoles,11,Zona interurbana,Vía convencional,Colisión múltiple,Buen tiempo,Pleno día,1,0,0,1,2019-07-01,via convencional,colision multiple,buen tiempo,pleno dia,zona interurbana,528b0f3da89facc67ed8e768c09172db38862e5133ec94197299ff4b8471f241,accidentes_raw_dgt,2026-05-09 20:40:11
2019,Alicante,7,Domingo,13,Zona interurbana,Vía urbana,Choque obstáculo mediana,Buen tiempo,Pleno día,2,0,0,2,2019-07-01,via urbana,choque obstaculo mediana,buen tiempo,pleno dia,zona interurbana,b0c71dc912263c36812f2ae847ce911bd0a2df1c68c33e85851cf6cc15b351e0,accidentes_raw_dgt,2026-05-09 20:40:11
2019,Alicante,8,Sábado,11,Zona interurbana,Vía urbana,Caída de ocupante,Buen tiempo,Pleno día,1,0,0,1,2019-08-01,via urbana,caida de ocupante,buen tiempo,pleno dia,zona interurbana,91969e505d012cfef2edf56b4920ac7f55dcc41282d4b3c4bd96a5e2ec110c1b,accidentes_raw_dgt,2026-05-09 20:40:11
2019,Alicante,8,Lunes,1,Zona interurbana,Autovía,Se desconoce,Buen tiempo,Se desconoce,4,0,0,4,2019-08-01,autovia,se desconoce,buen tiempo,se desconoce,zona interurbana,ae1f31e1ba28b07bde594969df8f0121931f39f7e83c632ab974ee5fe1c78245,accidentes_raw_dgt,2026-05-09 20:40:11
2019,Alicante,8,Jueves,20,Zona interurbana,Vía urbana,Caída de ocupante,Buen tiempo,Pleno día,2,0,0,2,2019-08-01,via urbana,caida de ocupante,buen tiempo,pleno dia,zona interurbana,38a0ddf1476fb458ee1b46a68ddaea1e63a4b316a04393face769ab3f644896b,accidentes_raw_dgt,2026-05-09 20:40:11
2019,Alicante,8,Jueves,18,Travesía,Otro,Se desconoce,Buen tiempo,Pleno día,1,0,0,1,2019-08-01,otro,se desconoce,buen tiempo,pleno dia,travesia,d8de98b4e1b98ee108c2ec7b23c6323f5a50115f17c9031540316f93ea3b05bc,accidentes_raw_dgt,2026-05-09 20:40:11
2019,Alicante,8,Lunes,7,Travesía,Otro,Animal en calzada,Lluvia,Noche con iluminación,1,0,0,1,2019-08-01,otro,animal en calzada,lluvia,noche con iluminacion,travesia,515429533e455c34fb18f1a9f48fedaa53c79bad6f4e427ef1a1c3e8fbab001f,accidentes_raw_dgt,2026-05-09 20:40:11
2019,Alicante,8,Miércoles,23,Travesía,Otro urbano,Caída de ocupante,Buen tiempo,Se desconoce,4,0,0,4,2019-08-01,otro urbano,caida de ocupante,buen tiempo,se desconoce,travesia,d54f809b260c113249010badffefde4bf0565be9603ad6de383864d8c83b1bcf,accidentes_raw_dgt,2026-05-09 20:40:11
2019,Alicante,8,Domingo,18,Travesía,Otro,Colisión frontolateral,Buen tiempo,Pleno día,3,0,0,3,2019-08-01,otro,colision frontolateral,buen tiempo,pleno dia,travesia,a17802b02abd0aa1e317f45fd98e9a2cb5dd880988c24c29c20f09eb616988b2,accidentes_raw_dgt,2026-05-09 20:40:11
2019,Alicante,8,Martes,7,Zona interurbana,Vía convencional,Colisión lateral,Buen tiempo,Amanecer/Anochecer,1,0,0,1,2019-08-01,via convencional,colision lateral,buen tiempo,amanecer/anochecer,zona interurbana,390797e1f0b8f216b8ec90293637ad63f2c66da4f6a90d0ce4d22c7596205af3,accidentes_raw_dgt,2026-05-09 20:40:11
2019,Alicante,8,Jueves,22,Zona interurbana,Vía urbana,Colisión lateral,Buen tiempo,Noche sin iluminación,1,0,0,1,2019-08-01,via urbana,colision lateral,buen tiempo,noche sin iluminacion,zona interurbana,b9b1195fd5b5620d9b67b2b7157ea132230afb387ca5e6159a34811691656b6d,accidentes_raw_dgt,2026-05-09 20:40:11
2019,Alicante,8,Miércoles,10,Travesía,Otro,Choque obstáculo lateral,Buen tiempo,Pleno día,1,0,0,1,2019-08-01,otro,choque obstaculo lateral,buen tiempo,pleno dia,travesia,c2bebd7cefa36811429977fb9b07b73df5af8475bb8692311939664408102546,accidentes_raw_dgt,2026-05-09 20:40:11
2019,Alicante,9,Martes,18,Zona interurbana,Vía urbana,Animal en calzada,Lluvia,Pleno día,1,0,0,1,2019-09-01,via urbana,animal en calzada,lluvia,pleno dia,zona interurbana,a5b06020eb2ea3afd80df8d51f01884e9fce9d1af9b5c6b36afe84c8f560d136,accidentes_raw_dgt,2026-05-09 20:40:11
2019,Alicante,9,Miércoles,15,Zona interurbana,Vía urbana,Colisión múltiple,Buen tiempo,Pleno día,2,0,0,2,2019-09-01,via urbana,colision multiple,buen tiempo,pleno dia,zona interurbana,034989d64798cc03c27eaab833b32673c60be15134660e56e1f81a1ec43ee7b1,accidentes_raw_dgt,2026-05-09 20:40:11
2019,Alicante,9,Lunes,19,Zona interurbana,Vía urbana,Colisión por alcance,Buen tiempo,Amanecer/Anochecer,1,0,0,1,2019-09-01,via urbana,colision por alcance,buen tiempo,amanecer/anochecer,zona interurbana,fe0bae021682b307e3f1d1d28fcfeaaf0fd5eca5d853dbd2688254253fa564bc,accidentes_raw_dgt,2026-05-09 20:40:11
2019,Alicante,9,Jueves,8,Zona interurbana,Vía urbana,Colisión por alcance,Buen tiempo,Amanecer/Anochecer,1,0,0,1,2019-09-01,via urbana,colision por alcance,buen tiempo,amanecer/anochecer,zona interurbana,a41c69a6d5128334125cd9908ee11ea6534d544e14d4810f04fcfe763460d175,accidentes_raw_dgt,2026-05-09 20:40:11
2019,Alicante,9,Jueves,18,Travesía,Otro,Colisión lateral,Buen tiempo,Pleno día,1,0,0,1,2019-09-01,otro,colision lateral,buen tiempo,pleno dia,travesia,6f9a9c5aa19fd6b8df701efada561641087ded4367b881926edb16cdd8f2ed7a,accidentes_raw_dgt,2026-05-09 20:40:11
2019,Alicante,9,Viernes,17,Travesía,Otro,Colisión lateral,Buen tiempo,Pleno día,1,0,0,1,2019-09-01,otro,colision lateral,buen tiempo,pleno dia,travesia,24ed3fa31a50402dc751c033074f08dd636f59697b3c62ff179017ea588ebb72,accidentes_raw_dgt,2026-05-09 20:40:11
2019,Alicante,9,Sábado,17,Zona interurbana,Vía urbana,Se desconoce,Buen tiempo,Pleno día,2,0,0,2,2019-09-01,via urbana,se desconoce,buen tiempo,pleno dia,zona interurbana,52c5a260883bb90127eec9cdbac2f9e726dc8ad2a6543d20685eec4ebf7f76bc,accidentes_raw_dgt,2026-05-09 20:40:11
2019,Alicante,9,Jueves,20,Travesía,Otro,Colisión por alcance,Buen tiempo,Noche sin iluminación,1,0,0,1,2019-09-01,otro,colision por alcance,buen tiempo,noche sin iluminacion,travesia,460143e6473f0614a14d7265357cf0b504c78ef4f81ccae0dd6f42ae4452317d,accidentes_raw_dgt,2026-05-09 20:40:11
2019,Alicante,10,Viernes,11,Zona interurbana,Camino vecinal,Colisión frontolateral,Buen tiempo,Pleno día,1,0,0,1,2019-10-01,camino vecinal,colision frontolateral,buen tiempo,pleno dia,zona interurbana,6b99c4e299729b67bb442109733c8736f194633018fe2b28881d42fa02147615,accidentes_raw_dgt,2026-05-09 20:40:11
2019,Alicante,10,Viernes,21,Travesía,Otro,Colisión por alcance,Buen tiempo,Noche sin iluminación,2,0,0,2,2019-10-01,otro,colision por alcance,buen tiempo,noche sin iluminacion,travesia,9b2bcad14d76c8c031980720f6f725c9e35aad6dfe0bda25a9d1fb0fd808546f,accidentes_raw_dgt,2026-05-09 20:40:11
2019,Alicante,10,Jueves,17,Zona interurbana,Travesía,Colisión frontolateral,Buen tiempo,Pleno día,1,0,0,1,2019-10-01,travesia,colision frontolateral,buen tiempo,pleno dia,zona interurbana,c5012fb6613af70843ddfcb539fc9f11708ec2e6d80d831fce9e3556a2da38c9,accidentes_raw_dgt,2026-05-09 20:40:11
2019,Alicante,10,Lunes,5,Zona interurbana,Vía urbana,Caída de ocupante,Buen tiempo,Se desconoce,1,0,1,0,2019-10-01,via urbana,caida de ocupante,buen tiempo,se desconoce,zona interurbana,14cf3f00fb27765fade2e994331d3757b51a5e0cef35b4ef3c16ce52ae23b434,accidentes_raw_dgt,2026-05-09 20:40:11
2019,Alicante,10,Domingo,9,Zona interurbana,Vía urbana,Animal en calzada,Buen tiempo,Pleno día,1,0,0,1,2019-10-01,via urbana,animal en calzada,buen tiempo,pleno dia,zona interurbana,879b3d231a662e8d14869352ef82cb660c48c44e7aebe5730a626be4aa23d681,accidentes_raw_dgt,2026-05-09 20:40:11
2019,Alicante,10,Jueves,18,Zona interurbana,Vía convencional,Colisión por alcance,Buen tiempo,Pleno día,1,0,0,1,2019-10-01,via convencional,colision por alcance,buen tiempo,pleno dia,zona interurbana,f77030293f52196bb4655d18cf6f3472dfb04a856e0a0f07c8bd658a89396d9d,accidentes_raw_dgt,2026-05-09 20:40:11
2019,Alicante,10,Lunes,9,Travesía,Otro,Colisión por alcance,Buen tiempo,Pleno día,3,0,0,3,2019-10-01,otro,colision por alcance,buen tiempo,pleno dia,travesia,f7cb9b960a2452c5c73e470e88eadbc2f4f1639d35bde895a7307dd350496580,accidentes_raw_dgt,2026-05-09 20:40:11
2019,Alicante,10,Jueves,13,Zona interurbana,Vía urbana,Colisión múltiple,Buen tiempo,Pleno día,1,0,0,1,2019-10-01,via urbana,colision multiple,buen tiempo,pleno dia,zona interurbana,7421ff69b2a0f7c0a619d8d42166bd8e073362f99c8ff088ec019eac858f2312,accidentes_raw_dgt,2026-05-09 20:40:11
2019,Alicante,10,Miércoles,9,Zona interurbana,Camino vecinal,Colisión por alcance,Buen tiempo,Pleno día,2,0,0,2,2019-10-01,camino vecinal,colision por alcance,buen tiempo,pleno dia,zona interurbana,8d6906944de869776836690859de9bb9ff8d82fd11b7c126992277df414b1f8b,accidentes_raw_dgt,2026-05-09 20:40:11
2019,Alicante,9,Domingo,7,Zona interurbana,Vía urbana,Salida vía izquierda,Buen tiempo,Noche con iluminación,1,0,0,1,2019-09-01,via urbana,salida via izquierda,buen tiempo,noche con iluminacion,zona interurbana,71300a607803afff20dbf578af63c845836ef7495a4df16424749f078994a9ac,accidentes_raw_dgt,2026-05-09 20:40:11
2019,Alicante,11,Lunes,17,Travesía,Otro,Choque obstáculo lateral,Buen tiempo,Pleno día,1,0,0,1,2019-11-01,otro,choque obstaculo lateral,buen tiempo,pleno dia,travesia,08ff39839627d6e1619e05b005f41c51face303bfb6fcd9e8f2f281f3317450b,accidentes_raw_dgt,2026-05-09 20:40:11
2019,Alicante,11,Lunes,0,Zona interurbana,Vía urbana,Otro tipo,Buen tiempo,Noche sin iluminación,1,0,0,1,2019-11-01,via urbana,otro tipo,buen tiempo,noche sin iluminacion,zona interurbana,03340dc42c4919ce6019ae44c24f3997ccd529f7af6f7f516c015338f14631cd,accidentes_raw_dgt,2026-05-09 20:40:11
2019,Alicante,11,Miércoles,14,Zona interurbana,Vía urbana,Colisión por alcance,Buen tiempo,Pleno día,1,0,0,1,2019-11-01,via urbana,colision por alcance,buen tiempo,pleno dia,zona interurbana,32948fbafc29b36f18c4a96e5d1bd2789d2232f3f56a2abc1287c5f770fccfa1,accidentes_raw_dgt,2026-05-09 20:40:11
2019,Alicante,11,Miércoles,11,Zona interurbana,Vía urbana,Colisión lateral,Buen tiempo,Pleno día,2,0,0,2,2019-11-01,via urbana,colision lateral,buen tiempo,pleno dia,zona interurbana,61f1658abb2793093fd8a1afabc600dad20001526baa94496f618226c27fb21a,accidentes_raw_dgt,2026-05-09 20:40:11
2019,Alicante,10,Viernes,22,Travesía,Otro,Colisión lateral,Buen tiempo,Noche sin iluminación,2,0,0,2,2019-10-01,otro,colision lateral,buen tiempo,noche sin iluminacion,travesia,bf1889006d18a1b40d0791c50436d7eaa119bb3456e3f6300c17127ae10e7715,accidentes_raw_dgt,2026-05-09 20:40:11
2019,Alicante,10,Lunes,8,Travesía,Otro,Colisión lateral,Buen tiempo,Pleno día,3,0,0,3,2019-10-01,otro,colision lateral,buen tiempo,pleno dia,travesia,ba6d3b2e12a6de2426d151b13f552326edce715923e5ef4124e2a6096797a843,accidentes_raw_dgt,2026-05-09 20:40:11
2019,Alicante,10,Lunes,17,Travesía,Otro,Choque obstáculo lateral,Buen tiempo,Amanecer/Anochecer,1,0,0,1,2019-10-01,otro,choque obstaculo lateral,buen tiempo,amanecer/anochecer,travesia,283a20d16f41d32c5fa41d82ef1b8f062ffff3c9412b34a174e9da8667528854,accidentes_raw_dgt,2026-05-09 20:40:11
2019,Alicante,10,Martes,21,Travesía,Otro urbano,Atropello a ciclista,Buen tiempo,Noche sin iluminación,1,0,0,1,2019-10-01,otro urbano,atropello a ciclista,buen tiempo,noche sin iluminacion,travesia,c096d44ca5d254a444de9a3b21cefaa4fb84e61facddc1dcf0fac59521bc0de4,accidentes_raw_dgt,2026-05-09 20:40:11
2019,Alicante,11,Jueves,20,Travesía,Otro,Colisión por alcance,Buen tiempo,Noche sin iluminación,1,0,0,1,2019-11-01,otro,colision por alcance,buen tiempo,noche sin iluminacion,travesia,3b769fd26d07b8daae2f586daa432b2bda32faa9f8faf5029b97e642d9cd03a5,accidentes_raw_dgt,2026-05-09 20:40:11
2019,Alicante,11,Jueves,14,Travesía,Otro,Se desconoce,Lluvia,Pleno día,1,0,0,1,2019-11-01,otro,se desconoce,lluvia,pleno dia,travesia,ca4812488ca6357f8d687e2cb7083980d03d25648e75b12593899d04231512ee,accidentes_raw_dgt,2026-05-09 20:40:11
2019,Alicante,11,Miércoles,8,Zona interurbana,Vía convencional,Colisión múltiple,Buen tiempo,Pleno día,2,0,0,2,2019-11-01,via convencional,colision multiple,buen tiempo,pleno dia,zona interurbana,93495fae156b676965a8fb31a17936bb0ddce8cde3fd738a9575b4b494805af1,accidentes_raw_dgt,2026-05-09 20:40:11
2019,Alicante,11,Domingo,14,Zona interurbana,Vía urbana,Salida vía izquierda,Buen tiempo,Pleno día,1,0,1,0,2019-11-01,via urbana,salida via izquierda,buen tiempo,pleno dia,zona interurbana,b0f40e2bace115cb1a24e26ac4759cf7ab9ed0466a54f9ce7742a1b6da3c77b7,accidentes_raw_dgt,2026-05-09 20:40:11
2019,Alicante,11,Domingo,8,Zona interurbana,Autovía,Objeto desprendido,Buen tiempo,Pleno día,1,0,0,1,2019-11-01,autovia,objeto desprendido,buen tiempo,pleno dia,zona interurbana,bbc0ac0c3f912b406dd80245ace6ad0568567ceec29ee4ac204a60c5aeb18379,accidentes_raw_dgt,2026-05-09 20:40:11
2019,Alicante,11,Viernes,15,Travesía,Otro,Colisión por alcance,Granizo,Pleno día,1,0,0,1,2019-11-01,otro,colision por alcance,granizo,pleno dia,travesia,395a0b5c728744975f60f6143e910ca783569ea90c069ca6a6a352ac72732f53,accidentes_raw_dgt,2026-05-09 20:40:11
2019,Alicante,11,Sábado,19,Zona interurbana,Vía convencional,Colisión frontal,Buen tiempo,Se desconoce,4,0,0,4,2019-11-01,via convencional,colision frontal,buen tiempo,se desconoce,zona interurbana,2e86d55251d6498c920d16ad838f97057382f5d281c0f341d31a3e228f29842a,accidentes_raw_dgt,2026-05-09 20:40:11
2019,Alicante,12,Domingo,20,Zona interurbana,Vía urbana,Salida vía izquierda,Buen tiempo,Pleno día,1,0,0,1,2019-12-01,via urbana,salida via izquierda,buen tiempo,pleno dia,zona interurbana,d9cf8835e2a75f03b59e0371aacb3cdf2b71e0a471dc478742987f366cabeccc,accidentes_raw_dgt,2026-05-09 20:40:11
2019,Alicante,12,Miércoles,10,Zona interurbana,Vía urbana,Colisión frontal,Lluvia,Pleno día,1,0,0,1,2019-12-01,via urbana,colision frontal,lluvia,pleno dia,zona interurbana,0460e16ca6b4917a18d4420d031c13730bb1da5f7586e53751974d8ec90c0bbf,accidentes_raw_dgt,2026-05-09 20:40:11
2019,Alicante,12,Domingo,5,Zona interurbana,Vía urbana,Caída de ocupante,Buen tiempo,Noche sin iluminación,1,0,1,0,2019-12-01,via urbana,caida de ocupante,buen tiempo,noche sin iluminacion,zona interurbana,13105809c5b30ef11331cc0b62b71c70623c0353e7c32de4cf1d6d589bf3f286,accidentes_raw_dgt,2026-05-09 20:40:11
2019,Alicante,11,Martes,10,Travesía,Otro,Animal en calzada,Buen tiempo,Pleno día,1,0,0,1,2019-11-01,otro,animal en calzada,buen tiempo,pleno dia,travesia,0b2e1b2d340ab4d647b4de4c437673bc4d3d41a64a728f58acb782991eced7af,accidentes_raw_dgt,2026-05-09 20:40:11
2019,Alicante,12,Lunes,6,Zona interurbana,Vía urbana,Choque obstáculo lateral,Buen tiempo,Se desconoce,1,1,0,0,2019-12-01,via urbana,choque obstaculo lateral,buen tiempo,se desconoce,zona interurbana,0692208777c2771a3f0e009dcba2eb609419db8fd920e4b7a5e056ba76c8bdf1,accidentes_raw_dgt,2026-05-09 20:40:11
2019,Alicante,12,Lunes,10,Zona interurbana,Travesía,Colisión frontolateral,Lluvia,Pleno día,1,0,0,1,2019-12-01,travesia,colision frontolateral,lluvia,pleno dia,zona interurbana,51e197d549d75965d0ad6aefd98d474c53347f196d303ee9d311be2a0608e2b9,accidentes_raw_dgt,2026-05-09 20:40:11
2019,Alicante,12,Domingo,9,Zona interurbana,Camino vecinal,Colisión por alcance,Buen tiempo,Pleno día,1,0,1,0,2019-12-01,camino vecinal,colision por alcance,buen tiempo,pleno dia,zona interurbana,05ee8853268c69ba66c3a1c5433545b27e1e55ec8cc6d473a2b6a170a0820063,accidentes_raw_dgt,2026-05-09 20:40:11
2019,Alicante,12,Viernes,16,Zona interurbana,Vía urbana,Colisión frontal,Granizo,Pleno día,3,0,0,3,2019-12-01,via urbana,colision frontal,granizo,pleno dia,zona interurbana,4b923f871476df9f163ac0fd253b027b7f3c24bd6213572b2376bec0f0b734cf,accidentes_raw_dgt,2026-05-09 20:40:11
2019,Alicante,12,Miércoles,9,Zona interurbana,Vía urbana,Colisión frontolateral,Buen tiempo,Pleno día,2,0,0,2,2019-12-01,via urbana,colision frontolateral,buen tiempo,pleno dia,zona interurbana,a1a5242f44256747fe18479d5ef1d57b4e829ea337c3c40b649dbe446d3f4b48,accidentes_raw_dgt,2026-05-09 20:40:11
2019,Alicante,12,Martes,16,Zona interurbana,Vía urbana,Atropello a ciclista,Buen tiempo,Pleno día,2,0,0,2,2019-12-01,via urbana,atropello a ciclista,buen tiempo,pleno dia,zona interurbana,f23784f17468ea72b2dd3fd4e4faecb40ccdd24f39584fcd283c391d4faf87c8,accidentes_raw_dgt,2026-05-09 20:40:11
2019,Alicante,2,Sábado,5,Zona interurbana,Camino vecinal,Choque obstáculo mediana,Buen tiempo,Se desconoce,1,1,0,0,2019-02-01,camino vecinal,choque obstaculo mediana,buen tiempo,se desconoce,zona interurbana,ae6ce4a7288056e4f2dfd479b43b97726ada94d848f72352cd963082fb0cefae,accidentes_raw_dgt,2026-05-09 20:40:11
2019,Alicante,12,Domingo,9,Zona interurbana,Vía urbana,Caída de motociclista,Buen tiempo,Pleno día,1,0,0,1,2019-12-01,via urbana,caida de motociclista,buen tiempo,pleno dia,zona interurbana,2e3ed35f801fbf17f0c92ed509ca439306540648c53a2f0aad62ffac980b24b0,accidentes_raw_dgt,2026-05-09 20:40:11
2019,Alicante,1,Jueves,14,Zona interurbana,Vía urbana,Colisión frontolateral,Buen tiempo,Pleno día,2,0,1,1,2019-01-01,via urbana,colision frontolateral,buen tiempo,pleno dia,zona interurbana,756a6524cdb2d4eaad13228bd69d6266ffbb77c78e7f3cfde29e2667f38d3a2d,accidentes_raw_dgt,2026-05-09 20:40:11
2019,Alicante,3,Viernes,22,Zona interurbana,Vía urbana,Atropello a ciclista,Buen tiempo,Se desconoce,1,0,0,1,2019-03-01,via urbana,atropello a ciclista,buen tiempo,se desconoce,zona interurbana,5d38d5f6a62353b6afff5d41fe170aa7e6c1eb33eb5fd8fa2cf4ba004b0a9640,accidentes_raw_dgt,2026-05-09 20:40:11
2019,Alicante,4,Jueves,13,Travesía,Otro,Choque obstáculo lateral,Buen tiempo,Pleno día,1,0,0,1,2019-04-01,otro,choque obstaculo lateral,buen tiempo,pleno dia,travesia,6c80d62adb987e5e76d58ca5a7db8123070fb85ae923df31a487c9720777ab4f,accidentes_raw_dgt,2026-05-09 20:40:11
2019,Alicante,4,Domingo,19,Travesía,Otro,Colisión lateral,Buen tiempo,Amanecer/Anochecer,2,0,0,2,2019-04-01,otro,colision lateral,buen tiempo,amanecer/anochecer,travesia,f1d7fa1b12bf72b9714f63a9dffc1b7eb7a64860d10c1ab533a89decce42c9e3,accidentes_raw_dgt,2026-05-09 20:40:11
2019,Alicante,6,Domingo,15,Travesía,Otro,Colisión frontolateral,Buen tiempo,Pleno día,1,0,0,1,2019-06-01,otro,colision frontolateral,buen tiempo,pleno dia,travesia,35eb479ee85628b90d5a96b71227f5a5aafce3f4b113b2ce54885a2631b59a24,accidentes_raw_dgt,2026-05-09 20:40:11
2019,Alicante,6,Viernes,12,Zona interurbana,Vía urbana,Colisión múltiple,Buen tiempo,Pleno día,2,0,0,2,2019-06-01,via urbana,colision multiple,buen tiempo,pleno dia,zona interurbana,a7d2a606c6ce4168f1f88c3b11afb70472841708b221f666323e68a95c91c173,accidentes_raw_dgt,2026-05-09 20:40:11
2019,Alicante,6,Domingo,11,Zona interurbana,Vía urbana,Colisión frontolateral,Buen tiempo,Pleno día,3,0,0,3,2019-06-01,via urbana,colision frontolateral,buen tiempo,pleno dia,zona interurbana,3f703336ec8defe456094ba812c7be890b6b42288a6321f7b98cdac2e37daf8f,accidentes_raw_dgt,2026-05-09 20:40:11
2019,Alicante,7,Martes,6,Zona interurbana,Vía urbana,Choque con bordillo,Buen tiempo,Pleno día,1,0,0,1,2019-07-01,via urbana,choque con bordillo,buen tiempo,pleno dia,zona interurbana,e3aa235a10ec0805c90255cf4ad18d5af9ce5ab7c39a35dc1426518eb72a0f29,accidentes_raw_dgt,2026-05-09 20:40:11
2019,Alicante,7,Martes,20,Travesía,Otro,Colisión por alcance,Buen tiempo,Pleno día,1,0,0,1,2019-07-01,otro,colision por alcance,buen tiempo,pleno dia,travesia,ce7c2e96341731fc6c799449319f6ee4a921c2ac0cb8afcfd043084bb9c95c77,accidentes_raw_dgt,2026-05-09 20:40:11
2019,Alicante,7,Domingo,12,Travesía,Otro,Colisión lateral,Buen tiempo,Pleno día,1,0,0,1,2019-07-01,otro,colision lateral,buen tiempo,pleno dia,travesia,17d30b9a2e6f98d38269afa72c4b1b8b0a2dd9447beda595a0ef903238eeeee3,accidentes_raw_dgt,2026-05-09 20:40:11