AÑO,PROVINCIA,MES,DIA_SEMANA,HORA,ZONA,TIPO_VIA,TIPO_ACCIDENTE,CONDICION_METEO,CONDICION_ILUMINACION,TOTAL_VICTIMAS,FALLECIDOS_24H,HERIDOS_GRAVES,HERIDOS_LEVES,FECHA_ACCIDENTE,TIPO_VIA_NORM,TIPO_ACCIDENTE_NORM,CONDICION_METEO_NORM,CONDICION_ILUMINACION_NORM,ZONA_NORM,ID_ACCIDENTE_HASH,source_id,load_timestamp
2019,Alicante,8,Jueves,20,Travesía,Otro,Choque obstáculo mediana,Buen tiempo,Pleno día,2,0,0,2,2019-08-01,otro,choque obstaculo mediana,buen tiempo,pleno dia,travesia,86d3ce8c4f7dcd366860afbe68d7e69738b0ede0433b93f1bcca1115d5f91048,accidentes_raw_dgt,2026-05-09 20:40:11
2019,Alicante,10,Lunes,20,Travesía,Otro,Choque obstáculo lateral,Lluvia,Noche sin iluminación,1,0,0,1,2019-10-01,otro,choque obstaculo lateral,lluvia,noche sin iluminacion,travesia,85f72074abb94327414d7ec5268cd757c6066772e23e2fd0265c7e2b33b42768,accidentes_raw_dgt,2026-05-09 20:40:11
2019,Alicante,12,Lunes,21,Zona interurbana,Vía urbana,Caída de motociclista,Buen tiempo,Se desconoce,1,0,0,1,2019-12-01,via urbana,caida de motociclista,buen tiempo,se desconoce,zona interurbana,327d4637793ef4b06b2b8ad2e15baa945a812a59d7fbdf70fe2b5d4d8eee75b7,accidentes_raw_dgt,2026-05-09 20:40:11
2019,Alicante,12,Jueves,2,Travesía,Otro,Animal en calzada,Buen tiempo,Noche sin iluminación,1,0,0,1,2019-12-01,otro,animal en calzada,buen tiempo,noche sin iluminacion,travesia,5c3d91e81ae5415769fcf2fd11947852b168f13b4af38348888df2f7f8a5f971,accidentes_raw_dgt,2026-05-09 20:40:11
2019,Alicante,1,Jueves,11,Zona interurbana,Vía urbana,Se desconoce,Buen tiempo,Pleno día,1,1,0,0,2019-01-01,via urbana,se desconoce,buen tiempo,pleno dia,zona interurbana,3eaeaacc5acf161a37900f2839ed7c8a800e4a3626d3d80d0880ea0725396ffc,accidentes_raw_dgt,2026-05-09 20:40:11
2019,Alicante,2,Viernes,12,Zona interurbana,Vía urbana,Colisión lateral,Lluvia,Pleno día,1,0,0,1,2019-02-01,via urbana,colision lateral,lluvia,pleno dia,zona interurbana,c8a2bd870c139655422e9db05212b9d51abfbb1ccb29e58a35c90a963adcea06,accidentes_raw_dgt,2026-05-09 20:40:11
2019,Alicante,3,Domingo,11,Zona interurbana,Vía urbana,Animal en calzada,Buen tiempo,Pleno día,1,0,0,1,2019-03-01,via urbana,animal en calzada,buen tiempo,pleno dia,zona interurbana,e41e141d6715f7ad908572c7bd9284d89e8a12d7ecd8ea925858984dd39bde22,accidentes_raw_dgt,2026-05-09 20:40:11
2019,Alicante,7,Lunes,17,Zona interurbana,Vía urbana,Colisión frontal,Buen tiempo,Pleno día,1,0,0,1,2019-07-01,via urbana,colision frontal,buen tiempo,pleno dia,zona interurbana,01ba9d7ab5112ec9ec9a570d13dac64010bfc179927edf24a047005b4996cad5,accidentes_raw_dgt,2026-05-09 20:40:11
2019,Alicante,2,Miércoles,10,Travesía,Otro,Choque obstáculo lateral,Buen tiempo,Pleno día,1,0,0,1,2019-02-01,otro,choque obstaculo lateral,buen tiempo,pleno dia,travesia,2a2005a19dd5b0c0484102245c4131e5a650506891b747eed63725d04a17802c,accidentes_raw_dgt,2026-05-09 20:40:11
2019,Alicante,5,Martes,18,Travesía,Otro,Choque obstáculo lateral,Buen tiempo,Pleno día,1,0,0,1,2019-05-01,otro,choque obstaculo lateral,buen tiempo,pleno dia,travesia,83ba9bed955097efa40a36628f564bf8785a3c55fd2b7b795b76d25f0bd701a4,accidentes_raw_dgt,2026-05-09 20:40:11
2019,Alicante,5,Jueves,10,Travesía,Otro,Colisión frontolateral,Buen tiempo,Pleno día,1,0,0,1,2019-05-01,otro,colision frontolateral,buen tiempo,pleno dia,travesia,0228374d12ee995cdeff8e25d819990f80d40c8773321fafe4ce1572c7df29af,accidentes_raw_dgt,2026-05-09 20:40:11
2019,Alicante,7,Viernes,9,Travesía,Otro,Colisión frontolateral,Buen tiempo,Pleno día,2,0,0,2,2019-07-01,otro,colision frontolateral,buen tiempo,pleno dia,travesia,f6fea6270cfdd57f77ab1281acfdaa10c55586e8e855d5b86a3fd01a8b7ce61c,accidentes_raw_dgt,2026-05-09 20:40:11
2019,Alicante,8,Jueves,17,Travesía,Otro,Colisión frontolateral,Buen tiempo,Pleno día,1,0,0,1,2019-08-01,otro,colision frontolateral,buen tiempo,pleno dia,travesia,35548a435e631dc5ee6a4500328da635e617fc5754522d288e036a42385be591,accidentes_raw_dgt,2026-05-09 20:40:11
2019,Alicante,9,Lunes,18,Travesía,Otro,Colisión frontal,Buen tiempo,Pleno día,1,0,1,0,2019-09-01,otro,colision frontal,buen tiempo,pleno dia,travesia,dc57c1fc055e30ee9433484d646a5b2c537a0688cdab5cc964e96475381ac877,accidentes_raw_dgt,2026-05-09 20:40:11
2019,Alicante,10,Lunes,1,Zona interurbana,Vía urbana,Atropello a ciclista,Buen tiempo,Noche sin iluminación,1,0,0,1,2019-10-01,via urbana,atropello a ciclista,buen tiempo,noche sin iluminacion,zona interurbana,5cd53812071ab9bb11d121c95340307fe75d04222839546224893f3119291805,accidentes_raw_dgt,2026-05-09 20:40:11
2019,Alicante,10,Martes,13,Travesía,Otro,Choque obstáculo lateral,Buen tiempo,Pleno día,1,0,0,1,2019-10-01,otro,choque obstaculo lateral,buen tiempo,pleno dia,travesia,c31e589ace36ee9cfb1bf87798468cadf2bab6ad95c7865bf2b91c9df8397154,accidentes_raw_dgt,2026-05-09 20:40:11
2019,Alicante,12,Sábado,15,Zona interurbana,Vía urbana,Colisión frontal,Buen tiempo,Pleno día,2,0,1,1,2019-12-01,via urbana,colision frontal,buen tiempo,pleno dia,zona interurbana,af864b0a4f77d494f9de07e663407f1138ec8a0a2d0296c400eee94bbbf5b4c0,accidentes_raw_dgt,2026-05-09 20:40:11
2019,Alicante,12,Domingo,9,Zona interurbana,Vía urbana,Choque obstáculo mediana,Buen tiempo,Pleno día,1,0,0,1,2019-12-01,via urbana,choque obstaculo mediana,buen tiempo,pleno dia,zona interurbana,9eedf493e4d1273296de30e558bd8e042de8dbe7160ef6677c69c5c35bd1bd60,accidentes_raw_dgt,2026-05-09 20:40:11
2019,Alicante,9,Sábado,14,Zona interurbana,Vía urbana,Colisión por alcance,Lluvia,Pleno día,1,0,0,1,2019-09-01,via urbana,colision por alcance,lluvia,pleno dia,zona interurbana,5d7be92de977a8c5aa4c1b042087b234c024c8cf1820362e5587b660bca6a8c3,accidentes_raw_dgt,2026-05-09 20:40:11
2019,Alicante,1,Martes,18,Zona interurbana,Vía convencional,Atropello a ciclista,Buen tiempo,Amanecer/Anochecer,1,0,0,1,2019-01-01,via convencional,atropello a ciclista,buen tiempo,amanecer/anochecer,zona interurbana,3caffc05c7f0e2906e518b7c96b1a3bab9ae1ed894b83d31ca651e93a0b19a15,accidentes_raw_dgt,2026-05-09 20:40:11
2019,Alicante,1,Martes,19,Zona interurbana,Vía convencional,Colisión múltiple,Buen tiempo,Se desconoce,4,0,0,4,2019-01-01,via convencional,colision multiple,buen tiempo,se desconoce,zona interurbana,359bc49a0d31df4a0421ab1527a596b516dd320a156dc48104734bcc1f626ed3,accidentes_raw_dgt,2026-05-09 20:40:11
2019,Alicante,1,Viernes,19,Travesía,Otro,Colisión frontolateral,Buen tiempo,Noche sin iluminación,1,0,0,1,2019-01-01,otro,colision frontolateral,buen tiempo,noche sin iluminacion,travesia,741f514bbddf7310b4d0fe0dea7f062941dd67b8090b66d2bcf6bc621bbd2021,accidentes_raw_dgt,2026-05-09 20:40:11
2019,Alicante,1,Lunes,16,Travesía,Otro,Choque obstáculo lateral,Buen tiempo,Pleno día,1,0,0,1,2019-01-01,otro,choque obstaculo lateral,buen tiempo,pleno dia,travesia,af8637ccf1fe693c254b44327672cf7589e3c8556de8ccceffd368c2f313e2ee,accidentes_raw_dgt,2026-05-09 20:40:11
2019,Alicante,1,Martes,11,Travesía,Otro,Choque obstáculo lateral,Buen tiempo,Pleno día,1,0,0,1,2019-01-01,otro,choque obstaculo lateral,buen tiempo,pleno dia,travesia,2a783f5db09827a7268061e9301367008827e2b835a233fab7395c1221c1cc3c,accidentes_raw_dgt,2026-05-09 20:40:11
2019,Alicante,1,Sábado,20,Travesía,Otro,Colisión por alcance,Lluvia,Noche sin iluminación,1,0,0,1,2019-01-01,otro,colision por alcance,lluvia,noche sin iluminacion,travesia,b023673aa0a8e8090f7c351fb6cb1559837648fa0190685ab6543d241a67b1c9,accidentes_raw_dgt,2026-05-09 20:40:11
2019,Alicante,2,Martes,17,Travesía,Otro,Colisión por alcance,Buen tiempo,Pleno día,2,0,0,2,2019-02-01,otro,colision por alcance,buen tiempo,pleno dia,travesia,8f1d857513c617aa479c66f399c8b9c509d7c76aba96a82fc4f2b96b807605c3,accidentes_raw_dgt,2026-05-09 20:40:11
2019,Alicante,2,Domingo,14,Travesía,Otro,Colisión por alcance,Buen tiempo,Pleno día,1,0,0,1,2019-02-01,otro,colision por alcance,buen tiempo,pleno dia,travesia,5bba8f46cdedf6b4877758cbcc8aefda2445281d82d8aecc9fe7810f524c476a,accidentes_raw_dgt,2026-05-09 20:40:11
2019,Alicante,2,Martes,13,Travesía,Otro,Colisión frontolateral,Buen tiempo,Pleno día,1,0,0,1,2019-02-01,otro,colision frontolateral,buen tiempo,pleno dia,travesia,2f9fdc64dc67313294ece417fa8006f8e78044a0ec1a55440f768c9252e13159,accidentes_raw_dgt,2026-05-09 20:40:11
2019,Alicante,2,Sábado,15,Zona interurbana,Vía convencional,Atropello a ciclista,Buen tiempo,Pleno día,1,0,0,1,2019-02-01,via convencional,atropello a ciclista,buen tiempo,pleno dia,zona interurbana,a06d4d440ba33ef1b053269761468037628424f5cf2ccf3a2004463c94fadac1,accidentes_raw_dgt,2026-05-09 20:40:11
2019,Alicante,3,Lunes,15,Zona interurbana,Vía convencional,Choque con bordillo,Buen tiempo,Pleno día,2,0,0,2,2019-03-01,via convencional,choque con bordillo,buen tiempo,pleno dia,zona interurbana,5c760dfcec68a462a5ae2638f534798fdeff11b849b6ad97d2adf4ad28c7906b,accidentes_raw_dgt,2026-05-09 20:40:11
2019,Alicante,3,Jueves,21,Travesía,Otro,Colisión lateral,Buen tiempo,Noche sin iluminación,1,0,0,1,2019-03-01,otro,colision lateral,buen tiempo,noche sin iluminacion,travesia,6903260f1db7eaa21285c528a83de6a64fe847318174b67fb3bcac932b84f3cc,accidentes_raw_dgt,2026-05-09 20:40:11
2019,Alicante,3,Lunes,22,Travesía,Otro,Objeto desprendido,Buen tiempo,Noche sin iluminación,1,0,0,1,2019-03-01,otro,objeto desprendido,buen tiempo,noche sin iluminacion,travesia,f71cbfce4cd7b26781662e4a8f0230be3ce4690449091c3b6d905518dc02f872,accidentes_raw_dgt,2026-05-09 20:40:11
2019,Alicante,3,Lunes,17,Travesía,Otro,Choque obstáculo lateral,Buen tiempo,Pleno día,1,0,0,1,2019-03-01,otro,choque obstaculo lateral,buen tiempo,pleno dia,travesia,bb4895391bddaadead1c9015d8c4df4806458cd7901f221b5c6b92b8cfa9297a,accidentes_raw_dgt,2026-05-09 20:40:11
2019,Alicante,3,Martes,20,Zona interurbana,Vía convencional,Colisión por alcance,Buen tiempo,Se desconoce,1,0,0,1,2019-03-01,via convencional,colision por alcance,buen tiempo,se desconoce,zona interurbana,678f2f24525785e9460d8f8599e6006f0187765f6285842f4e8ff74f772ea803,accidentes_raw_dgt,2026-05-09 20:40:11
2019,Alicante,3,Viernes,21,Travesía,Otro,Choque obstáculo lateral,Buen tiempo,Noche sin iluminación,1,0,0,1,2019-03-01,otro,choque obstaculo lateral,buen tiempo,noche sin iluminacion,travesia,0f33e04ac3b3762d50f9530393b85019c1d935777def125e9ac56fcea8622c1f,accidentes_raw_dgt,2026-05-09 20:40:11
2019,Alicante,4,Lunes,20,Travesía,Otro,Choque obstáculo lateral,Granizo,Noche sin iluminación,1,0,0,1,2019-04-01,otro,choque obstaculo lateral,granizo,noche sin iluminacion,travesia,5fa0d20413793e73d01d056a299cdb9576e982df7a4f4267bb3ecdc2f8f1bedd,accidentes_raw_dgt,2026-05-09 20:40:11
2019,Alicante,4,Jueves,10,Travesía,Otro,Colisión frontolateral,Buen tiempo,Pleno día,1,0,0,1,2019-04-01,otro,colision frontolateral,buen tiempo,pleno dia,travesia,55f5054a626756a78ad0e40d61c7c06eeb999c306b65cc6647c23629b1721b06,accidentes_raw_dgt,2026-05-09 20:40:11
2019,Alicante,4,Miércoles,18,Travesía,Otro,Colisión lateral,Buen tiempo,Pleno día,1,0,0,1,2019-04-01,otro,colision lateral,buen tiempo,pleno dia,travesia,75d93dbee6612095e770f8637eb239773d8808839f30ce883315bcf7f17e9f30,accidentes_raw_dgt,2026-05-09 20:40:11
2019,Alicante,5,Miércoles,20,Zona interurbana,Calle,Caída de ocupante,Buen tiempo,Pleno día,1,0,0,1,2019-05-01,calle,caida de ocupante,buen tiempo,pleno dia,zona interurbana,7f80e6caa06901e1173b174d213cd3341725b057108bda4013575b566ca5b211,accidentes_raw_dgt,2026-05-09 20:40:11
2019,Alicante,4,Lunes,11,Travesía,Otro,Colisión lateral,Buen tiempo,Pleno día,1,0,0,1,2019-04-01,otro,colision lateral,buen tiempo,pleno dia,travesia,09ee3cc383c1332d7485a13ebd9e6c8c6aee19a34bc7869132d1b6cfd0c935fb,accidentes_raw_dgt,2026-05-09 20:40:11
2019,Alicante,6,Domingo,12,Zona interurbana,Vía convencional,Salida vía izquierda,Buen tiempo,Pleno día,1,0,1,0,2019-06-01,via convencional,salida via izquierda,buen tiempo,pleno dia,zona interurbana,d82e950a6d46a5846afae57c4f69ae3a40c08de1c258b11839e6587b90511e42,accidentes_raw_dgt,2026-05-09 20:40:11
2019,Alicante,6,Lunes,9,Zona interurbana,Vía convencional,Colisión frontolateral,Buen tiempo,Pleno día,1,0,0,1,2019-06-01,via convencional,colision frontolateral,buen tiempo,pleno dia,zona interurbana,e5ee439ab912548d4578ddf1f558e4a6b04ed7704198a1d727c6a4d2c463c18a,accidentes_raw_dgt,2026-05-09 20:40:11
2019,Alicante,6,Miércoles,12,Zona interurbana,Vía convencional,Otro tipo,Buen tiempo,Pleno día,1,0,0,1,2019-06-01,via convencional,otro tipo,buen tiempo,pleno dia,zona interurbana,80082211411078acc456c746c2ca7b2325c7d2bf37fe8b725d5b2b20aab4856f,accidentes_raw_dgt,2026-05-09 20:40:11
2019,Alicante,6,Domingo,22,Zona interurbana,Vía convencional,Otro tipo,Buen tiempo,Noche ilum. insuficiente,1,0,0,1,2019-06-01,via convencional,otro tipo,buen tiempo,noche ilum. insuficiente,zona interurbana,0aab5e232c5075e40f14b75f753d9c42ed4c8c8e8f1cc562f2e9f5da1cd101d3,accidentes_raw_dgt,2026-05-09 20:40:11
2019,Alicante,7,Martes,15,Zona interurbana,Travesía,Se desconoce,Buen tiempo,Pleno día,1,0,1,0,2019-07-01,travesia,se desconoce,buen tiempo,pleno dia,zona interurbana,b281e0d9a45943ce360bbadff434f309df1e8e86b98e0bca5924fa583673abb6,accidentes_raw_dgt,2026-05-09 20:40:11
2019,Alicante,7,Lunes,9,Zona interurbana,Vía convencional,Colisión por alcance,Buen tiempo,Pleno día,2,0,0,2,2019-07-01,via convencional,colision por alcance,buen tiempo,pleno dia,zona interurbana,88ae1c300a05edcd2ee68ee34088f339c32a288617ae71666c09ed0cb161c7e7,accidentes_raw_dgt,2026-05-09 20:40:11
2019,Alicante,8,Viernes,20,Zona interurbana,Vía convencional,Caída de motociclista,Buen tiempo,Noche sin iluminación,2,0,0,2,2019-08-01,via convencional,caida de motociclista,buen tiempo,noche sin iluminacion,zona interurbana,0f7afb8f94e54a80bfa3e9ba07d875ac4d23dccac94c90f84adcf22ad277825a,accidentes_raw_dgt,2026-05-09 20:40:11
2019,Alicante,5,Viernes,8,Travesía,Otro,Choque obstáculo lateral,Buen tiempo,Pleno día,1,0,0,1,2019-05-01,otro,choque obstaculo lateral,buen tiempo,pleno dia,travesia,96e85c9fe31daf26d74faceff076d32912c482a3c2b66a1d5c9584e99453382c,accidentes_raw_dgt,2026-05-09 20:40:11
2019,Alicante,4,Lunes,13,Travesía,Otro,Colisión lateral,Buen tiempo,Pleno día,1,0,0,1,2019-04-01,otro,colision lateral,buen tiempo,pleno dia,travesia,03f65a290e11d78647e557030042d74d268521768c4a1648264a1b38047a4b37,accidentes_raw_dgt,2026-05-09 20:40:11
2019,Alicante,9,Jueves,22,Zona interurbana,Vía convencional,Otro tipo,Granizo,Se desconoce,1,0,0,1,2019-09-01,via convencional,otro tipo,granizo,se desconoce,zona interurbana,5c2e13bb6c475cb7e036f736084779651b362b6b9c95b4376e3cfe4550edb6a1,accidentes_raw_dgt,2026-05-09 20:40:11
2019,Alicante,9,Martes,21,Zona interurbana,Vía convencional,Colisión lateral,Buen tiempo,Se desconoce,2,0,0,2,2019-09-01,via convencional,colision lateral,buen tiempo,se desconoce,zona interurbana,e70a396cdf3eea9df71179a4b709ee24f3b22ea2a438d30f4c1ce33f6f07cc2a,accidentes_raw_dgt,2026-05-09 20:40:11
2019,Alicante,5,Martes,17,Travesía,Otro,Colisión lateral,Buen tiempo,Pleno día,2,0,0,2,2019-05-01,otro,colision lateral,buen tiempo,pleno dia,travesia,0beca2a0d29301bbb02495f50696e73486ee5f67649a4d9d9629b5cdf8cde3e6,accidentes_raw_dgt,2026-05-09 20:40:11
2019,Alicante,10,Sábado,22,Zona interurbana,Ramal/enlace,Colisión por alcance,Buen tiempo,Se desconoce,1,0,0,1,2019-10-01,ramal/enlace,colision por alcance,buen tiempo,se desconoce,zona interurbana,8664f0d168799ba7eb959cb75d0c173af2e4b197b40468b725460bb5d34c9d5f,accidentes_raw_dgt,2026-05-09 20:40:11
2019,Alicante,6,Miércoles,12,Travesía,Otro,Colisión por alcance,Buen tiempo,Pleno día,1,0,0,1,2019-06-01,otro,colision por alcance,buen tiempo,pleno dia,travesia,945ff8d08865c1e62ddda2a22ead7d614c64bed6971b4f58677204b4c7579623,accidentes_raw_dgt,2026-05-09 20:40:11
2019,Alicante,11,Viernes,18,Zona interurbana,Vía convencional,Colisión por alcance,Buen tiempo,Se desconoce,3,0,0,3,2019-11-01,via convencional,colision por alcance,buen tiempo,se desconoce,zona interurbana,1b0c00bf165404fa5094c355307e06c588e373cf322e11eb693c8864e9d19dc9,accidentes_raw_dgt,2026-05-09 20:40:11
2019,Alicante,11,Lunes,21,Zona interurbana,Vía convencional,Se desconoce,Buen tiempo,Noche ilum. insuficiente,1,0,0,1,2019-11-01,via convencional,se desconoce,buen tiempo,noche ilum. insuficiente,zona interurbana,9bef177e56e3474837430f83eff96e0e99b1e0e1d363deb699aabe318501a205,accidentes_raw_dgt,2026-05-09 20:40:11
2019,Alicante,11,Viernes,19,Travesía,Otro,Choque obstáculo lateral,Buen tiempo,Noche con iluminación,1,0,0,1,2019-11-01,otro,choque obstaculo lateral,buen tiempo,noche con iluminacion,travesia,c260c3bbf884e315f715f00bc052c8f78f1e00fc5c961d039da3d0766711e596,accidentes_raw_dgt,2026-05-09 20:40:11
2019,Alicante,11,Sábado,10,Travesía,Otro,Choque obstáculo lateral,Buen tiempo,Pleno día,1,0,0,1,2019-11-01,otro,choque obstaculo lateral,buen tiempo,pleno dia,travesia,9cd129f891c52ec5e398bb70d3289954935a42d882e9739eb01e925d51980c4a,accidentes_raw_dgt,2026-05-09 20:40:11
2019,Alicante,6,Jueves,13,Travesía,Otro,Colisión por alcance,Buen tiempo,Pleno día,1,0,0,1,2019-06-01,otro,colision por alcance,buen tiempo,pleno dia,travesia,df139c403530c4631019ea4dddc177425e11b05ba63825e24362e3144d2e27f7,accidentes_raw_dgt,2026-05-09 20:40:11
2019,Alicante,6,Viernes,9,Travesía,Otro,Colisión lateral,Buen tiempo,Pleno día,1,0,0,1,2019-06-01,otro,colision lateral,buen tiempo,pleno dia,travesia,defaef0cc4def073f69784dbadfaebe9249ff7c8a7e2c704e2017ea80a0ccd8e,accidentes_raw_dgt,2026-05-09 20:40:11
2019,Alicante,6,Viernes,13,Travesía,Otro,Colisión lateral,Buen tiempo,Pleno día,2,0,0,2,2019-06-01,otro,colision lateral,buen tiempo,pleno dia,travesia,162fda1c3929b763e2d86af726d2bffe63c88d66c327b6eb9bd69d6042c8aefb,accidentes_raw_dgt,2026-05-09 20:40:11
2019,Alicante,4,Sábado,11,Travesía,Otro,Colisión frontolateral,Buen tiempo,Pleno día,1,0,0,1,2019-04-01,otro,colision frontolateral,buen tiempo,pleno dia,travesia,a0b44327f2e6365b10c0eddd538cd7142fcbf8f30bfe0517f313a248eb939b2d,accidentes_raw_dgt,2026-05-09 20:40:11
2019,Alicante,7,Miércoles,20,Travesía,Otro,Objeto desprendido,Buen tiempo,Pleno día,1,0,0,1,2019-07-01,otro,objeto desprendido,buen tiempo,pleno dia,travesia,f0eab88acf23e27842103370ed4fd13441881e47fe9e004ac4e52864978c55da,accidentes_raw_dgt,2026-05-09 20:40:11
2019,Alicante,7,Martes,8,Travesía,Otro,Colisión frontal,Buen tiempo,Pleno día,1,0,0,1,2019-07-01,otro,colision frontal,buen tiempo,pleno dia,travesia,b46d9a5ffd6812352725057a2748a857567bcc00656ffc482c1a0b2d5ec5640c,accidentes_raw_dgt,2026-05-09 20:40:11
2019,Alicante,7,Sábado,14,Travesía,Otro,Colisión por alcance,Buen tiempo,Pleno día,1,0,0,1,2019-07-01,otro,colision por alcance,buen tiempo,pleno dia,travesia,68d1bf5ebb2ae4c6e1a5a19520b246c4ae28ed1f79df0acc9d307989b55b36a2,accidentes_raw_dgt,2026-05-09 20:40:11
2019,Alicante,8,Sábado,15,Travesía,Otro,Choque obstáculo lateral,Buen tiempo,Pleno día,1,0,0,1,2019-08-01,otro,choque obstaculo lateral,buen tiempo,pleno dia,travesia,6686fc4c74906865248b0f2fcf5c246709215eda68cab15f8a70bb2e63f5bf7d,accidentes_raw_dgt,2026-05-09 20:40:11
2019,Alicante,11,Viernes,13,Travesía,Otro,Colisión lateral,Buen tiempo,Pleno día,1,0,0,1,2019-11-01,otro,colision lateral,buen tiempo,pleno dia,travesia,c62b377fa3d3a0f4430624e410aef2064d26bdfc94047cb17f8e27ece02a1947,accidentes_raw_dgt,2026-05-09 20:40:11
2019,Alicante,9,Martes,14,Travesía,Otro,Choque obstáculo lateral,Buen tiempo,Pleno día,1,0,0,1,2019-09-01,otro,choque obstaculo lateral,buen tiempo,pleno dia,travesia,cd24330a96de3b7876b448f608da39b473db3d6b1a4ced76f3d70f1b0b6d1423,accidentes_raw_dgt,2026-05-09 20:40:11
2019,Alicante,9,Miércoles,10,Travesía,Otro,Colisión lateral,Buen tiempo,Pleno día,1,0,0,1,2019-09-01,otro,colision lateral,buen tiempo,pleno dia,travesia,b74b161d6ec2fc6b53456bc66dd86970454302033f0a809f6289ce79070da5ce,accidentes_raw_dgt,2026-05-09 20:40:11
2019,Alicante,9,Sábado,22,Travesía,Otro,Colisión lateral,Buen tiempo,Pleno día,1,0,0,1,2019-09-01,otro,colision lateral,buen tiempo,pleno dia,travesia,b782385fafdd20c39cbaeab6019e47cabec79e5da40fa6be5001198808132e28,accidentes_raw_dgt,2026-05-09 20:40:11
2019,Alicante,10,Martes,19,Travesía,Otro,Caída de motociclista,Buen tiempo,Pleno día,2,0,0,2,2019-10-01,otro,caida de motociclista,buen tiempo,pleno dia,travesia,84d5d511604a52af969027f7263390a3d8b1e351d13ab720a1d99d98a2cea341,accidentes_raw_dgt,2026-05-09 20:40:11
2019,Alicante,5,Viernes,22,Travesía,Otro,Choque obstáculo lateral,Buen tiempo,Noche con iluminación,1,0,0,1,2019-05-01,otro,choque obstaculo lateral,buen tiempo,noche con iluminacion,travesia,b1eaff1b4d8e1425aa1bc7ba12ef12c60a93741f9deac32f7c36e09f82238e87,accidentes_raw_dgt,2026-05-09 20:40:11
2019,Alicante,5,Miércoles,9,Travesía,Otro,Colisión por alcance,Buen tiempo,Pleno día,2,0,0,2,2019-05-01,otro,colision por alcance,buen tiempo,pleno dia,travesia,bcbbc9eada524a09e5e5fc8d8c2ef291578291e3e0df5f98e6b898357032afae,accidentes_raw_dgt,2026-05-09 20:40:11
2019,Alicante,5,Jueves,17,Travesía,Otro,Animal en calzada,Buen tiempo,Pleno día,1,0,0,1,2019-05-01,otro,animal en calzada,buen tiempo,pleno dia,travesia,b3119b7d9c76fa0da12e6579bd0e6de9a094875ae19bf1a069bb854b79ab842d,accidentes_raw_dgt,2026-05-09 20:40:11
2019,Alicante,5,Viernes,13,Travesía,Otro,Colisión por alcance,Buen tiempo,Pleno día,3,0,0,3,2019-05-01,otro,colision por alcance,buen tiempo,pleno dia,travesia,57e8be94618ed55010bb400ccde05971a2b7d0d67ebb3c099893e60d05c68c56,accidentes_raw_dgt,2026-05-09 20:40:11
2019,Alicante,10,Miércoles,7,Travesía,Otro,Colisión lateral,Buen tiempo,Pleno día,1,0,0,1,2019-10-01,otro,colision lateral,buen tiempo,pleno dia,travesia,896b4b3c39f75c06d7099f72026aa421afe571d2084709d9d54cc0be7178c57b,accidentes_raw_dgt,2026-05-09 20:40:11
2019,Alicante,6,Viernes,18,Travesía,Otro,Colisión frontolateral,Buen tiempo,Pleno día,1,0,0,1,2019-06-01,otro,colision frontolateral,buen tiempo,pleno dia,travesia,9cfc3099e52f8b317373c57ee166e11408ab50fcf301294081bbac6ea50aa2b8,accidentes_raw_dgt,2026-05-09 20:40:11
2019,Alicante,8,Sábado,1,Travesía,Otro,Colisión frontolateral,Buen tiempo,Noche con iluminación,1,0,0,1,2019-08-01,otro,colision frontolateral,buen tiempo,noche con iluminacion,travesia,9c67d3b75b1e8364898454889940f9cb70b4022532d0aaaf1f1d979504b149f4,accidentes_raw_dgt,2026-05-09 20:40:11
2019,Alicante,10,Miércoles,19,Travesía,Otro,Colisión lateral,Buen tiempo,Pleno día,1,0,0,1,2019-10-01,otro,colision lateral,buen tiempo,pleno dia,travesia,1cac2e47c58f84d0b8e14488f603520925b12f39da03df3462547d4256263b1c,accidentes_raw_dgt,2026-05-09 20:40:11
2019,Alicante,9,Sábado,20,Travesía,Otro,Objeto desprendido,Buen tiempo,Noche con iluminación,1,0,0,1,2019-09-01,otro,objeto desprendido,buen tiempo,noche con iluminacion,travesia,bc7d252a3b416a053fc485b7593a2526b02a5f8d2b31bd67c7c9adc45ed8127c,accidentes_raw_dgt,2026-05-09 20:40:11
2019,Alicante,8,Lunes,19,Travesía,Otro,Colisión frontolateral,Buen tiempo,Amanecer/Anochecer,1,0,0,1,2019-08-01,otro,colision frontolateral,buen tiempo,amanecer/anochecer,travesia,eb8d5bc3554e7390fda4bc1d68a383efc2fe5900b01677cf1f9725d7705da464,accidentes_raw_dgt,2026-05-09 20:40:11
2019,Alicante,10,Viernes,22,Travesía,Otro,Colisión lateral,Buen tiempo,Pleno día,1,0,0,1,2019-10-01,otro,colision lateral,buen tiempo,pleno dia,travesia,6621ead3c9ec19dfbd65ca799cc387320c1f22ac0c6b3beaae9de7ef190668c4,accidentes_raw_dgt,2026-05-09 20:40:11
2019,Alicante,10,Miércoles,23,Travesía,Otro,Colisión lateral,Buen tiempo,Noche ilum. insuficiente,2,0,0,2,2019-10-01,otro,colision lateral,buen tiempo,noche ilum. insuficiente,travesia,7c2355534ecc3a59cd73d88e363d9be9f597807c5229b4daaf8e9f719dfa8b42,accidentes_raw_dgt,2026-05-09 20:40:11