AÑO,PROVINCIA,MES,DIA_SEMANA,HORA,ZONA,TIPO_VIA,TIPO_ACCIDENTE,CONDICION_METEO,CONDICION_ILUMINACION,TOTAL_VICTIMAS,FALLECIDOS_24H,HERIDOS_GRAVES,HERIDOS_LEVES,FECHA_ACCIDENTE,TIPO_VIA_NORM,TIPO_ACCIDENTE_NORM,CONDICION_METEO_NORM,CONDICION_ILUMINACION_NORM,ZONA_NORM,ID_ACCIDENTE_HASH,source_id,load_timestamp
2019,Alicante,10,Jueves,10,Travesía,Otro,Colisión por alcance,Buen tiempo,Pleno día,1,0,0,1,2019-10-01,otro,colision por alcance,buen tiempo,pleno dia,travesia,2a5f03ab4dc52c455d0a336a7dacdef3cf39faf519b4de2ad8b8595d663a9c43,accidentes_raw_dgt,2026-05-09 20:40:11
2019,Alicante,11,Martes,20,Travesía,Otro,Colisión lateral,Buen tiempo,Noche sin iluminación,1,0,0,1,2019-11-01,otro,colision lateral,buen tiempo,noche sin iluminacion,travesia,63d5537f693522a872828c0e1856b57581ce8da83c12e51fdf91acea864221fa,accidentes_raw_dgt,2026-05-09 20:40:11
2019,Alicante,4,Miércoles,21,Zona interurbana,Vía urbana,Choque con bordillo,Buen tiempo,Se desconoce,1,0,0,1,2019-04-01,via urbana,choque con bordillo,buen tiempo,se desconoce,zona interurbana,5366ec7df49331f43da1f43fedc75ce2b333ccc2b39fd9aca07abbfee570112b,accidentes_raw_dgt,2026-05-09 20:40:11
2019,Alicante,5,Miércoles,19,Zona interurbana,Vía urbana,Se desconoce,Buen tiempo,Pleno día,1,0,0,1,2019-05-01,via urbana,se desconoce,buen tiempo,pleno dia,zona interurbana,a1ec6a90e80323bd3541f374b193be80c59ba72ee38f7b0779729b735f47f45c,accidentes_raw_dgt,2026-05-09 20:40:11
2019,Alicante,6,Lunes,19,Zona interurbana,Vía urbana,Colisión por alcance,Buen tiempo,Pleno día,1,0,1,0,2019-06-01,via urbana,colision por alcance,buen tiempo,pleno dia,zona interurbana,0baee19b37f1990636ab5815a9ca64e65a5fd4e5eee69b244aad87cf8e316346,accidentes_raw_dgt,2026-05-09 20:40:11
2019,Alicante,7,Miércoles,18,Zona interurbana,Vía urbana,Caída de ocupante,Buen tiempo,Pleno día,1,0,0,1,2019-07-01,via urbana,caida de ocupante,buen tiempo,pleno dia,zona interurbana,24a47a476d5cbb0d00f5c33a6820e22ed99c1308b1e9679c0407148b4e93dcdb,accidentes_raw_dgt,2026-05-09 20:40:11
2019,Alicante,8,Viernes,4,Zona interurbana,Vía urbana,Otro tipo,Buen tiempo,Noche sin iluminación,1,0,0,1,2019-08-01,via urbana,otro tipo,buen tiempo,noche sin iluminacion,zona interurbana,f8a789591ad8dac092a4fb7f4c75569fb7bd9dcd6ff98f4898d4f9cfb1f06fb5,accidentes_raw_dgt,2026-05-09 20:40:11
2019,Alicante,9,Viernes,21,Zona interurbana,Vía urbana,Atropello a ciclista,Lluvia,Se desconoce,1,0,0,1,2019-09-01,via urbana,atropello a ciclista,lluvia,se desconoce,zona interurbana,6aea7c4f81ebe6ea46c5e0de47faddefcc7a800985763b446d8506e0e21ab402,accidentes_raw_dgt,2026-05-09 20:40:11
2019,Alicante,4,Jueves,16,Zona interurbana,Vía urbana,Salida vía izquierda,Granizo,Pleno día,1,0,0,1,2019-04-01,via urbana,salida via izquierda,granizo,pleno dia,zona interurbana,c5883875beb9a0c9eec33ff6767c5b4c24fa9750095c14221ed888d4736649bb,accidentes_raw_dgt,2026-05-09 20:40:11
2019,Alicante,5,Sábado,9,Zona interurbana,Vía urbana,Caída de motociclista,Lluvia,Pleno día,1,0,0,1,2019-05-01,via urbana,caida de motociclista,lluvia,pleno dia,zona interurbana,1787881c10bfe7224ce57ec04c89a556e5396446d5e51e0990ffe0e633f93a1a,accidentes_raw_dgt,2026-05-09 20:40:11
2019,Alicante,6,Viernes,17,Zona interurbana,Vía urbana,Colisión frontolateral,Buen tiempo,Pleno día,1,0,0,1,2019-06-01,via urbana,colision frontolateral,buen tiempo,pleno dia,zona interurbana,6a6a93367e7d0023a00c4020a01c8e317b38bb4ce988adeb099fdb08fff5f4d0,accidentes_raw_dgt,2026-05-09 20:40:11
2019,Alicante,6,Viernes,19,Zona interurbana,Vía urbana,Caída de motociclista,Buen tiempo,Pleno día,1,0,0,1,2019-06-01,via urbana,caida de motociclista,buen tiempo,pleno dia,zona interurbana,0f96adffa837c67a62f79ecb57de876fb25e5004307b4c8dd0d2aa99692328ab,accidentes_raw_dgt,2026-05-09 20:40:11
2019,Alicante,6,Martes,11,Zona interurbana,Vía urbana,Animal en calzada,Buen tiempo,Pleno día,1,0,0,1,2019-06-01,via urbana,animal en calzada,buen tiempo,pleno dia,zona interurbana,32ea22f4c85ee1a97079b18d2bc8b47ffb8dd190ded6323903a82dc177607637,accidentes_raw_dgt,2026-05-09 20:40:11
2019,Alicante,8,Lunes,11,Zona interurbana,Vía urbana,Atropello a ciclista,Buen tiempo,Pleno día,1,0,0,1,2019-08-01,via urbana,atropello a ciclista,buen tiempo,pleno dia,zona interurbana,be63eccb7b3825f0859ad5293b877aaf3c4e936377dd8234b0ec7ef8b043d6ef,accidentes_raw_dgt,2026-05-09 20:40:11
2019,Alicante,8,Lunes,11,Zona interurbana,Vía urbana,Animal en calzada,Buen tiempo,Pleno día,1,0,0,1,2019-08-01,via urbana,animal en calzada,buen tiempo,pleno dia,zona interurbana,98eb1f769cc46eb269ebbc76ebc73b6b2e212782ac2dc85d00ad839b8aaf6eed,accidentes_raw_dgt,2026-05-09 20:40:11
2019,Alicante,11,Domingo,18,Zona interurbana,Vía urbana,Caída de motociclista,Buen tiempo,Se desconoce,1,0,1,0,2019-11-01,via urbana,caida de motociclista,buen tiempo,se desconoce,zona interurbana,015287fce017a7b874a7466be0d7e0423a7068b9cf19c4d7fa299d35128c7e05,accidentes_raw_dgt,2026-05-09 20:40:11
2019,Alicante,12,Domingo,0,Zona interurbana,Vía urbana,Animal en calzada,Buen tiempo,Se desconoce,1,0,0,1,2019-12-01,via urbana,animal en calzada,buen tiempo,se desconoce,zona interurbana,a626f7bb500b77a8e7893c4456d57ced25e2bc32ac838ab9ea4ad6fa5090fe83,accidentes_raw_dgt,2026-05-09 20:40:11
2019,Alicante,2,Jueves,15,Zona interurbana,Calle,Salida vía izquierda,Buen tiempo,Pleno día,1,0,1,0,2019-02-01,calle,salida via izquierda,buen tiempo,pleno dia,zona interurbana,04db56ea3df5beb6ea813aa0dc0f653b27ee8bcc02b08a0fa15880b1bebcf4f9,accidentes_raw_dgt,2026-05-09 20:40:11
2019,Alicante,6,Miércoles,12,Zona interurbana,Vía urbana,Colisión frontolateral,Buen tiempo,Pleno día,1,0,0,1,2019-06-01,via urbana,colision frontolateral,buen tiempo,pleno dia,zona interurbana,cfbe919472e0e3f4a62e65f39eb3674c5df4b9446df5493ca4a71c39f848a028,accidentes_raw_dgt,2026-05-09 20:40:11
2019,Alicante,10,Jueves,18,Zona interurbana,Vía urbana,Otro tipo,Buen tiempo,Pleno día,2,0,0,2,2019-10-01,via urbana,otro tipo,buen tiempo,pleno dia,zona interurbana,5c7d9080a7a635fe5f5c65d3608d16736770590f7bdad8a357d2aedd7a64f1ef,accidentes_raw_dgt,2026-05-09 20:40:11
2019,Alicante,2,Viernes,6,Zona interurbana,Vía urbana,Colisión frontolateral,Buen tiempo,Noche sin iluminación,1,0,0,1,2019-02-01,via urbana,colision frontolateral,buen tiempo,noche sin iluminacion,zona interurbana,973ec83cacf8d2af9a0fe39e80f72fb6d42fc030d301944c778b7b712ec50a45,accidentes_raw_dgt,2026-05-09 20:40:11
2019,Alicante,2,Martes,7,Zona interurbana,Vía urbana,Choque obstáculo lateral,Buen tiempo,Amanecer/Anochecer,1,0,0,1,2019-02-01,via urbana,choque obstaculo lateral,buen tiempo,amanecer/anochecer,zona interurbana,ac216dbb3b7e01be2db19ae0108dc8ae75791183e4779d15d237144d5ed269e0,accidentes_raw_dgt,2026-05-09 20:40:11
2019,Alicante,3,Lunes,20,Zona interurbana,Vía convencional,Colisión frontolateral,Buen tiempo,Noche ilum. insuficiente,2,0,0,2,2019-03-01,via convencional,colision frontolateral,buen tiempo,noche ilum. insuficiente,zona interurbana,5bca1fc5f27e6d49017d2084b4f760431616e8b37f53134b9020c2add3b316a7,accidentes_raw_dgt,2026-05-09 20:40:11
2019,Alicante,3,Domingo,10,Travesía,Otro,Colisión frontolateral,Buen tiempo,Pleno día,1,0,0,1,2019-03-01,otro,colision frontolateral,buen tiempo,pleno dia,travesia,e41bb15d9efcd5aac9e9b586b6014ca03b39a953d7684e9c4db92e0b2df6a1ae,accidentes_raw_dgt,2026-05-09 20:40:11
2019,Alicante,1,Martes,8,Travesía,Otro,Colisión múltiple,Buen tiempo,Pleno día,1,0,0,1,2019-01-01,otro,colision multiple,buen tiempo,pleno dia,travesia,55ecc32900707ba179693f66530c7f13df361aecbba2ad5b8d136135b615a3ef,accidentes_raw_dgt,2026-05-09 20:40:11
2019,Alicante,3,Martes,12,Travesía,Otro,Caída de motociclista,Buen tiempo,Pleno día,1,0,0,1,2019-03-01,otro,caida de motociclista,buen tiempo,pleno dia,travesia,dac455b49f7330b2b4d5a44422a05c82b14ab9ddee5ca223e44d6386180c469d,accidentes_raw_dgt,2026-05-09 20:40:11
2019,Alicante,1,Sábado,12,Travesía,Otro,Choque obstáculo lateral,Buen tiempo,Pleno día,1,0,0,1,2019-01-01,otro,choque obstaculo lateral,buen tiempo,pleno dia,travesia,023735e650550f29e18bd9731b1f0d44b6442e5d66c511b07959cf0f9b367176,accidentes_raw_dgt,2026-05-09 20:40:11
2019,Alicante,4,Martes,19,Travesía,Otro,Choque obstáculo lateral,Buen tiempo,Pleno día,1,0,1,0,2019-04-01,otro,choque obstaculo lateral,buen tiempo,pleno dia,travesia,6505018e628e94fcd85877ac636382ed136d7e5eebd51a84f833d114300e14b9,accidentes_raw_dgt,2026-05-09 20:40:11
2019,Alicante,5,Miércoles,17,Zona interurbana,Vía urbana,Colisión por alcance,Buen tiempo,Pleno día,3,0,0,3,2019-05-01,via urbana,colision por alcance,buen tiempo,pleno dia,zona interurbana,2a890496afdbf5776269743d9c1dfc558697c9518c98e25fcc4751089e44ffc4,accidentes_raw_dgt,2026-05-09 20:40:11
2019,Alicante,5,Lunes,20,Travesía,Otro,Colisión frontolateral,Buen tiempo,Amanecer/Anochecer,1,0,0,1,2019-05-01,otro,colision frontolateral,buen tiempo,amanecer/anochecer,travesia,9c77e9b370cd78276725d841fd4cd2ba6a4722eece9f6091e0cfbd6596cf063a,accidentes_raw_dgt,2026-05-09 20:40:11
2019,Alicante,6,Sábado,2,Travesía,Otro,Colisión lateral,Buen tiempo,Noche sin iluminación,1,0,0,1,2019-06-01,otro,colision lateral,buen tiempo,noche sin iluminacion,travesia,979d26d3a739d909d5a2d358068f1f3fe1364dc888883e5eaae71d57c745c827,accidentes_raw_dgt,2026-05-09 20:40:11
2019,Alicante,6,Lunes,20,Travesía,Otro,Colisión lateral,Buen tiempo,Pleno día,1,0,0,1,2019-06-01,otro,colision lateral,buen tiempo,pleno dia,travesia,9e12d26cd7b91b7cafe4248ecdc7dc0828ea00d0a16beb68704a923be8b3ca04,accidentes_raw_dgt,2026-05-09 20:40:11
2019,Alicante,6,Domingo,1,Travesía,Otro,Colisión frontolateral,Buen tiempo,Noche sin iluminación,3,0,0,3,2019-06-01,otro,colision frontolateral,buen tiempo,noche sin iluminacion,travesia,7ca01a22d3f94bb2d4b98b5d710a470c770dba2876812c5f95552cf1b3299ac1,accidentes_raw_dgt,2026-05-09 20:40:11
2019,Alicante,8,Viernes,20,Travesía,Otro,Colisión lateral,Buen tiempo,Pleno día,3,0,0,3,2019-08-01,otro,colision lateral,buen tiempo,pleno dia,travesia,24adc577f04dabaf52371516a97de7ef30b5e05e5a02bcbec36498cfb4a867bb,accidentes_raw_dgt,2026-05-09 20:40:11
2019,Alicante,10,Martes,8,Zona interurbana,Vía urbana,Colisión por alcance,Granizo,Noche con iluminación,4,0,0,4,2019-10-01,via urbana,colision por alcance,granizo,noche con iluminacion,zona interurbana,ea3aaf091973f968b8b71970d68a98fb8632f4122e966fcabcc10e34ec093296,accidentes_raw_dgt,2026-05-09 20:40:11
2019,Alicante,11,Lunes,22,Travesía,Otro,Choque obstáculo calzada,Buen tiempo,Noche sin iluminación,1,0,0,1,2019-11-01,otro,choque obstaculo calzada,buen tiempo,noche sin iluminacion,travesia,cb5032bdf83455a4b5776a4a701628bbad3c98193247fe2a798d6deaf4340e87,accidentes_raw_dgt,2026-05-09 20:40:11
2019,Alicante,4,Domingo,11,Zona interurbana,Vía urbana,Colisión por alcance,Buen tiempo,Pleno día,1,0,0,1,2019-04-01,via urbana,colision por alcance,buen tiempo,pleno dia,zona interurbana,b003ffe3e5657009f984640507e7857562c7e876ff1144eb696ae1a1a4a908bc,accidentes_raw_dgt,2026-05-09 20:40:11
2019,Alicante,11,Sábado,13,Zona interurbana,Vía urbana,Caída de motociclista,Buen tiempo,Pleno día,1,0,1,0,2019-11-01,via urbana,caida de motociclista,buen tiempo,pleno dia,zona interurbana,d2ee474d84892ab06ec1878284d2e7034dd3e8072c2cb689527d6706e7137264,accidentes_raw_dgt,2026-05-09 20:40:11
2019,Alicante,1,Jueves,14,Zona interurbana,Vía urbana,Atropello a ciclista,Buen tiempo,Pleno día,1,0,0,1,2019-01-01,via urbana,atropello a ciclista,buen tiempo,pleno dia,zona interurbana,11bec72dc466196d94e2a84d10af5680c8ba0cc75ff7137b9f06fd06020b1593,accidentes_raw_dgt,2026-05-09 20:40:11
2019,Alicante,2,Miércoles,10,Zona interurbana,Camino vecinal,Colisión por alcance,Buen tiempo,Pleno día,1,0,0,1,2019-02-01,camino vecinal,colision por alcance,buen tiempo,pleno dia,zona interurbana,ed042e51f6834de1fbf9c990d47a8baea76f3827bae2d6a2aa36b10844551d7f,accidentes_raw_dgt,2026-05-09 20:40:11
2019,Alicante,3,Miércoles,18,Zona interurbana,Vía urbana,Choque obstáculo calzada,Buen tiempo,Pleno día,1,0,0,1,2019-03-01,via urbana,choque obstaculo calzada,buen tiempo,pleno dia,zona interurbana,c7e92bac8729cf4c3b5d686b2592262c363afdfc5fcf24c5a46dfc5b3b97a15f,accidentes_raw_dgt,2026-05-09 20:40:11
2019,Alicante,4,Domingo,18,Zona interurbana,Vía urbana,Caída de motociclista,Buen tiempo,Pleno día,1,0,0,1,2019-04-01,via urbana,caida de motociclista,buen tiempo,pleno dia,zona interurbana,d7d0742c3e1330208497fd4a7bbf4280e6c756beb903d411d92b5c09013ce5c3,accidentes_raw_dgt,2026-05-09 20:40:11
2019,Alicante,4,Lunes,10,Zona interurbana,Vía urbana,Colisión por alcance,Lluvia,Pleno día,2,0,0,2,2019-04-01,via urbana,colision por alcance,lluvia,pleno dia,zona interurbana,b4e332c8047ed1034b9fb7f8949ea346b05462404754ebbbf6a9d3902caa4483,accidentes_raw_dgt,2026-05-09 20:40:11
2019,Alicante,5,Miércoles,13,Zona interurbana,Autovía,Otro tipo,Buen tiempo,Pleno día,1,0,0,1,2019-05-01,autovia,otro tipo,buen tiempo,pleno dia,zona interurbana,69dfd503ee88723b101532ab74b6b29d23cc66ee7ddd36e6e7698188c44cbcd0,accidentes_raw_dgt,2026-05-09 20:40:11
2019,Alicante,6,Martes,9,Zona interurbana,Autovía,Colisión por alcance,Buen tiempo,Pleno día,1,0,0,1,2019-06-01,autovia,colision por alcance,buen tiempo,pleno dia,zona interurbana,452b4dcb2c2a4d9373c4062556ceabe53274185bfd927cda5e8011d1c2ea3cb5,accidentes_raw_dgt,2026-05-09 20:40:11
2019,Alicante,6,Lunes,16,Zona interurbana,Vía urbana,Colisión frontolateral,Buen tiempo,Pleno día,1,0,0,1,2019-06-01,via urbana,colision frontolateral,buen tiempo,pleno dia,zona interurbana,318c731917609d7f276fd198b928596360758b0afc5ec9e224022a2fa1403cc0,accidentes_raw_dgt,2026-05-09 20:40:11
2019,Alicante,6,Viernes,13,Zona interurbana,Vía urbana,Caída de motociclista,Buen tiempo,Pleno día,1,0,0,1,2019-06-01,via urbana,caida de motociclista,buen tiempo,pleno dia,zona interurbana,1c37f887fe791582bffd7aaa53fed08a44965b2a4ca45a04e3359dbb5a011fa6,accidentes_raw_dgt,2026-05-09 20:40:11
2019,Alicante,7,Martes,15,Zona interurbana,Vía urbana,Vuelco en calzada,Buen tiempo,Pleno día,3,0,0,3,2019-07-01,via urbana,vuelco en calzada,buen tiempo,pleno dia,zona interurbana,ef501c2555ae9e3de6e23ae39393d64dac510d6d681ba6c1a8536ae15bfee1c6,accidentes_raw_dgt,2026-05-09 20:40:11
2019,Alicante,7,Jueves,14,Zona interurbana,Vía urbana,Atropello a ciclista,Buen tiempo,Pleno día,4,0,0,4,2019-07-01,via urbana,atropello a ciclista,buen tiempo,pleno dia,zona interurbana,7e5b72c6fcb592801b313e09238321734c863536946a46642c855bb9ca6a1e87,accidentes_raw_dgt,2026-05-09 20:40:11
2019,Alicante,8,Lunes,7,Zona interurbana,Vía urbana,Colisión por alcance,Buen tiempo,Pleno día,1,0,0,1,2019-08-01,via urbana,colision por alcance,buen tiempo,pleno dia,zona interurbana,94c8e9960b7d3483d72f0e5badceac0ccec5430131c58e4bc101c9e779931b14,accidentes_raw_dgt,2026-05-09 20:40:11
2019,Alicante,9,Martes,10,Zona interurbana,Vía urbana,Choque obstáculo lateral,Buen tiempo,Pleno día,1,0,0,1,2019-09-01,via urbana,choque obstaculo lateral,buen tiempo,pleno dia,zona interurbana,b1ba03e17d6a0d5b4623ca170db9e6d2d0c19e9cfc2ad3f24b25236548591fac,accidentes_raw_dgt,2026-05-09 20:40:11
2019,Alicante,9,Lunes,18,Zona interurbana,Calle,Colisión frontal,Buen tiempo,Pleno día,4,0,0,4,2019-09-01,calle,colision frontal,buen tiempo,pleno dia,zona interurbana,a353004563dc8967a3e41eb509b5c33625dbe809ab598e34afc3f23f7d326101,accidentes_raw_dgt,2026-05-09 20:40:11
2019,Alicante,11,Jueves,15,Zona interurbana,Vía urbana,Animal en calzada,Granizo,Pleno día,1,0,0,1,2019-11-01,via urbana,animal en calzada,granizo,pleno dia,zona interurbana,5fdd3001da5553239a23e3f0220482a2485550882c47f7ce71b46afcc0d5f374,accidentes_raw_dgt,2026-05-09 20:40:11
2019,Alicante,11,Miércoles,8,Zona interurbana,Camino vecinal,Colisión frontolateral,Buen tiempo,Pleno día,1,0,0,1,2019-11-01,camino vecinal,colision frontolateral,buen tiempo,pleno dia,zona interurbana,043b901f48c813cfb6c1bb34ff866f0f73e2690a8181de6121a0278f31b6253d,accidentes_raw_dgt,2026-05-09 20:40:11
2019,Alicante,11,Martes,12,Zona interurbana,Travesía,Colisión frontal,Buen tiempo,Pleno día,1,0,0,1,2019-11-01,travesia,colision frontal,buen tiempo,pleno dia,zona interurbana,ad22a3652ec7b8d64c62a250c778e72288593d43308dc9cb218aac56a20b1736,accidentes_raw_dgt,2026-05-09 20:40:11
2019,Alicante,12,Jueves,15,Zona interurbana,Vía urbana,Colisión frontolateral,Lluvia,Pleno día,1,0,0,1,2019-12-01,via urbana,colision frontolateral,lluvia,pleno dia,zona interurbana,08a05c4b716c9953e044cf7b424d2d6f4f58486d5b8a5a10e61f458f842e9acc,accidentes_raw_dgt,2026-05-09 20:40:11
2019,Alicante,5,Lunes,14,Zona interurbana,Travesía,Colisión frontal,Buen tiempo,Pleno día,2,0,0,2,2019-05-01,travesia,colision frontal,buen tiempo,pleno dia,zona interurbana,f7bb120e80490b714177ebaeff95174a418361c9755298461be85ae2367a6edc,accidentes_raw_dgt,2026-05-09 20:40:11
2019,Alicante,6,Sábado,0,Zona interurbana,Vía urbana,Colisión por alcance,Buen tiempo,Noche sin iluminación,1,0,1,0,2019-06-01,via urbana,colision por alcance,buen tiempo,noche sin iluminacion,zona interurbana,b090147020e033534635010c4f7eb6fc270d44e5df67ea9e744a8087df9ca106,accidentes_raw_dgt,2026-05-09 20:40:11
2019,Alicante,10,Lunes,15,Zona interurbana,Vía urbana,Colisión frontal,Buen tiempo,Pleno día,1,0,0,1,2019-10-01,via urbana,colision frontal,buen tiempo,pleno dia,zona interurbana,b0efc797ea75795a4fc4d408463c70b8900e59baf58a91b6fa9761ec77e1681c,accidentes_raw_dgt,2026-05-09 20:40:11
2019,Alicante,11,Viernes,18,Zona interurbana,Camino vecinal,Colisión frontolateral,Buen tiempo,Pleno día,1,0,0,1,2019-11-01,camino vecinal,colision frontolateral,buen tiempo,pleno dia,zona interurbana,c2b6e1f87f1fb289ff787dc16e5a3a06dd1c19c7d70590ecef159b231607ef5f,accidentes_raw_dgt,2026-05-09 20:40:11
2019,Alicante,4,Lunes,23,Zona interurbana,Vía urbana,Otro tipo,Lluvia,Se desconoce,1,0,0,1,2019-04-01,via urbana,otro tipo,lluvia,se desconoce,zona interurbana,43871a4ea259ce408e919860279fa4f7af23f0000303064f8e692fb6317ca397,accidentes_raw_dgt,2026-05-09 20:40:11
2019,Alicante,2,Martes,23,Zona interurbana,Vía urbana,Colisión por alcance,Buen tiempo,Se desconoce,4,0,0,4,2019-02-01,via urbana,colision por alcance,buen tiempo,se desconoce,zona interurbana,d49030599e25e8522a2eac92f91f6e7bff2e56c9af06f879671a5166242d9a32,accidentes_raw_dgt,2026-05-09 20:40:11
2019,Alicante,4,Miércoles,17,Zona interurbana,Vía urbana,Objeto desprendido,Buen tiempo,Pleno día,1,0,0,1,2019-04-01,via urbana,objeto desprendido,buen tiempo,pleno dia,zona interurbana,ec351e24af73a8d6f9c6ac57fa77be9f24ae014b24a259a6ad708fca1b6605ab,accidentes_raw_dgt,2026-05-09 20:40:11
2019,Alicante,2,Miércoles,1,Zona interurbana,Vía urbana,Otro tipo,Buen tiempo,Se desconoce,1,0,0,1,2019-02-01,via urbana,otro tipo,buen tiempo,se desconoce,zona interurbana,817fbc1c4386fe2dcc2993b009d5f76fa9acd8a0f4aa601e513b632392c4d428,accidentes_raw_dgt,2026-05-09 20:40:11
2019,Alicante,2,Jueves,14,Zona interurbana,Camino vecinal,Colisión lateral,Buen tiempo,Pleno día,1,0,1,0,2019-02-01,camino vecinal,colision lateral,buen tiempo,pleno dia,zona interurbana,5b2b722628c243e02f367c322afd67ff4ef00628ebee6428c429adae17eb7965,accidentes_raw_dgt,2026-05-09 20:40:11
2019,Alicante,3,Sábado,9,Zona interurbana,Vía urbana,Colisión por alcance,Buen tiempo,Pleno día,1,1,0,0,2019-03-01,via urbana,colision por alcance,buen tiempo,pleno dia,zona interurbana,1c8a1600842cc2a0dba6151022cbd9ce73db6759f401ce004694b34e0ca6c964,accidentes_raw_dgt,2026-05-09 20:40:11
2019,Alicante,3,Viernes,9,Zona interurbana,Vía urbana,Colisión frontolateral,Buen tiempo,Pleno día,1,0,0,1,2019-03-01,via urbana,colision frontolateral,buen tiempo,pleno dia,zona interurbana,019209346a558b1c8b5baf5de9361fd4bc1005639927025e404b2fc49fe0a9d4,accidentes_raw_dgt,2026-05-09 20:40:11
2019,Alicante,5,Martes,12,Zona interurbana,Vía de servicio,Colisión por alcance,Buen tiempo,Pleno día,1,0,0,1,2019-05-01,via de servicio,colision por alcance,buen tiempo,pleno dia,zona interurbana,cfc30c6ec0237d3c822138d697d7e7736a1fefdf88066a670e7ffc17fe671084,accidentes_raw_dgt,2026-05-09 20:40:11
2019,Alicante,6,Lunes,23,Zona interurbana,Vía urbana,Animal en calzada,Buen tiempo,Noche ilum. insuficiente,2,0,0,2,2019-06-01,via urbana,animal en calzada,buen tiempo,noche ilum. insuficiente,zona interurbana,0f179fbfd346fdd67b2f7276afcef7e3b617e71e86088ae47bc5cec86d9e5594,accidentes_raw_dgt,2026-05-09 20:40:11
2019,Alicante,7,Jueves,9,Zona interurbana,Vía urbana,Colisión lateral,Buen tiempo,Pleno día,1,0,0,1,2019-07-01,via urbana,colision lateral,buen tiempo,pleno dia,zona interurbana,46529058fd79c8efd16e6cdbc27343dc54bebe609a5202158a61168dc6f676bb,accidentes_raw_dgt,2026-05-09 20:40:11
2019,Alicante,10,Jueves,23,Zona interurbana,Vía urbana,Colisión frontal,Buen tiempo,Se desconoce,2,0,0,2,2019-10-01,via urbana,colision frontal,buen tiempo,se desconoce,zona interurbana,75b3f6e9fc184a9e03ff5529f113b6990f8ea7960bb26dafe62b032eac661f92,accidentes_raw_dgt,2026-05-09 20:40:11
2019,Alicante,10,Miércoles,18,Zona interurbana,Vía urbana,Colisión por alcance,Buen tiempo,Pleno día,2,0,0,2,2019-10-01,via urbana,colision por alcance,buen tiempo,pleno dia,zona interurbana,346f05a48032ec2d7b1c7eb248654175cba8b58c611c01aff5a6673a1fe0a7cd,accidentes_raw_dgt,2026-05-09 20:40:11
2019,Alicante,12,Martes,12,Zona interurbana,Vía urbana,Colisión frontolateral,Granizo,Pleno día,1,0,0,1,2019-12-01,via urbana,colision frontolateral,granizo,pleno dia,zona interurbana,4d060695333ebeab7858603cf885cc39db454783188392853f36803834550a4e,accidentes_raw_dgt,2026-05-09 20:40:11
2019,Alicante,4,Jueves,10,Travesía,Travesía,Otro tipo,Buen tiempo,Pleno día,1,0,0,1,2019-04-01,travesia,otro tipo,buen tiempo,pleno dia,travesia,794e2215c74dbbe4c734f52d1f3f638cd9a3fe687d5c56a2c511a1640e8c9604,accidentes_raw_dgt,2026-05-09 20:40:11
2019,Alicante,3,Miércoles,14,Travesía,Otro,Colisión frontolateral,Buen tiempo,Pleno día,1,0,0,1,2019-03-01,otro,colision frontolateral,buen tiempo,pleno dia,travesia,3e8085d7a382a645678556aba5d78411e27a0df639c0f4c15fabe3b6460198c3,accidentes_raw_dgt,2026-05-09 20:40:11
2019,Alicante,2,Domingo,2,Zona interurbana,Camino vecinal,Colisión por alcance,Buen tiempo,Noche sin iluminación,1,0,0,1,2019-02-01,camino vecinal,colision por alcance,buen tiempo,noche sin iluminacion,zona interurbana,26792840bd3b3b04f5d3192a5981e8fc3231adf6853f9d4fd2145ec2c25e46a6,accidentes_raw_dgt,2026-05-09 20:40:11
2019,Alicante,3,Martes,10,Zona interurbana,Ramal/enlace,Choque obstáculo lateral,Lluvia,Pleno día,1,0,0,1,2019-03-01,ramal/enlace,choque obstaculo lateral,lluvia,pleno dia,zona interurbana,5193cb34662513f05b1cc8e408a89bbf738f18ad7922cf08818c23c92226fe82,accidentes_raw_dgt,2026-05-09 20:40:11
2019,Alicante,5,Martes,22,Travesía,Otro,Choque obstáculo calzada,Buen tiempo,Noche sin iluminación,1,0,0,1,2019-05-01,otro,choque obstaculo calzada,buen tiempo,noche sin iluminacion,travesia,5050b689091595363d9f6e5ee240e13a965ec6a53e5d32ea6054b5bc07821a35,accidentes_raw_dgt,2026-05-09 20:40:11
2019,Alicante,4,Miércoles,22,Travesía,Otro,Colisión frontolateral,Otro,Noche sin iluminación,1,0,0,1,2019-04-01,otro,colision frontolateral,otro,noche sin iluminacion,travesia,d9878c9ba883f523150e654f7d9cc727297d9e6e9aac58c7470fb74b4cbf5248,accidentes_raw_dgt,2026-05-09 20:40:11