AÑO,PROVINCIA,MES,DIA_SEMANA,HORA,ZONA,TIPO_VIA,TIPO_ACCIDENTE,CONDICION_METEO,CONDICION_ILUMINACION,TOTAL_VICTIMAS,FALLECIDOS_24H,HERIDOS_GRAVES,HERIDOS_LEVES,FECHA_ACCIDENTE,TIPO_VIA_NORM,TIPO_ACCIDENTE_NORM,CONDICION_METEO_NORM,CONDICION_ILUMINACION_NORM,ZONA_NORM,ID_ACCIDENTE_HASH,source_id,load_timestamp
2019,Alicante,5,Jueves,9,Travesía,Otro,Choque obstáculo lateral,Buen tiempo,Pleno día,2,0,0,2,2019-05-01,otro,choque obstaculo lateral,buen tiempo,pleno dia,travesia,b5e7b0e5f7d0943095d90ae051680ea2098536a35550586a3b6fbea8d8fded6b,accidentes_raw_dgt,2026-05-09 20:40:11
2019,Alicante,5,Sábado,8,Travesía,Otro,Colisión por alcance,Buen tiempo,Pleno día,3,0,0,3,2019-05-01,otro,colision por alcance,buen tiempo,pleno dia,travesia,7e607909fd879bbc20d8fd5bdd9320cb2fee95e312e51983d062aba2c0e3da52,accidentes_raw_dgt,2026-05-09 20:40:11
2019,Alicante,5,Sábado,12,Zona interurbana,Vía urbana,Animal en calzada,Buen tiempo,Pleno día,1,0,0,1,2019-05-01,via urbana,animal en calzada,buen tiempo,pleno dia,zona interurbana,58421036b7fbb6e307418f2297a463f0f1eab241bd435c642b6d6d873283f797,accidentes_raw_dgt,2026-05-09 20:40:11
2019,Alicante,7,Miércoles,9,Travesía,Otro,Caída de motociclista,Buen tiempo,Pleno día,1,0,0,1,2019-07-01,otro,caida de motociclista,buen tiempo,pleno dia,travesia,d2572ef3561449939bbcfb2fa6ed0fa21b00a2362b271e73280d8f97ee2c02a7,accidentes_raw_dgt,2026-05-09 20:40:11
2019,Alicante,7,Lunes,9,Travesía,Otro,Colisión lateral,Buen tiempo,Pleno día,2,0,0,2,2019-07-01,otro,colision lateral,buen tiempo,pleno dia,travesia,65fa795e579dafef5f3d216799719eed32f1d4c21bce563c59202e12119d63a3,accidentes_raw_dgt,2026-05-09 20:40:11
2019,Alicante,7,Viernes,10,Zona interurbana,Ramal/enlace,Animal en calzada,Buen tiempo,Pleno día,1,0,0,1,2019-07-01,ramal/enlace,animal en calzada,buen tiempo,pleno dia,zona interurbana,ac3d60f67cb8e0f43595e1875fb4566f43ecb54427a1057345c4024533c17992,accidentes_raw_dgt,2026-05-09 20:40:11
2019,Alicante,4,Domingo,15,Travesía,Otro,Animal en calzada,Buen tiempo,Pleno día,1,0,0,1,2019-04-01,otro,animal en calzada,buen tiempo,pleno dia,travesia,85ffd4a387c732615fb2ac3cb28b40836ebca574c8aa9a59f301a11e60ec8ba9,accidentes_raw_dgt,2026-05-09 20:40:11
2019,Alicante,3,Sábado,21,Travesía,Otro,Colisión frontolateral,Buen tiempo,Noche sin iluminación,2,0,1,1,2019-03-01,otro,colision frontolateral,buen tiempo,noche sin iluminacion,travesia,e523840da72451cfef9b26935e4ebc63be329cf094c7f2a020374d525e305b82,accidentes_raw_dgt,2026-05-09 20:40:11
2019,Alicante,4,Sábado,23,Travesía,Otro,Colisión múltiple,Buen tiempo,Noche sin iluminación,4,0,0,4,2019-04-01,otro,colision multiple,buen tiempo,noche sin iluminacion,travesia,54a9075c64e82a300d2a7ddbad5d23b29714f544ac3acfc91536afdd595d488b,accidentes_raw_dgt,2026-05-09 20:40:11
2019,Alicante,8,Jueves,12,Travesía,Otro,Choque obstáculo lateral,Buen tiempo,Pleno día,1,0,1,0,2019-08-01,otro,choque obstaculo lateral,buen tiempo,pleno dia,travesia,2559813bc6529f6938ba78a2fc60a6b4e8ccdc67cd41a2c4acf159a14304ce0c,accidentes_raw_dgt,2026-05-09 20:40:11
2019,Alicante,7,Lunes,18,Travesía,Otro,Colisión frontal,Buen tiempo,Pleno día,1,0,0,1,2019-07-01,otro,colision frontal,buen tiempo,pleno dia,travesia,01ab41be9955d2aa3036ec058f5279077d4e669442f9780aaf261c390fc33d92,accidentes_raw_dgt,2026-05-09 20:40:11
2019,Alicante,10,Martes,13,Travesía,Otro,Colisión lateral,Buen tiempo,Pleno día,1,0,0,1,2019-10-01,otro,colision lateral,buen tiempo,pleno dia,travesia,27cc37a6a2d561984b0d2fc120c9408732757384d6ca323e07a53d371699ab0b,accidentes_raw_dgt,2026-05-09 20:40:11
2019,Alicante,10,Jueves,9,Travesía,Otro,Colisión lateral,Buen tiempo,Pleno día,1,0,0,1,2019-10-01,otro,colision lateral,buen tiempo,pleno dia,travesia,3e8b992727316255783e31fad4598511ffddc5be806d9b6607024b9c743f77ff,accidentes_raw_dgt,2026-05-09 20:40:11
2019,Alicante,11,Miércoles,19,Zona interurbana,Camino vecinal,Animal en calzada,Buen tiempo,Noche sin iluminación,1,0,0,1,2019-11-01,camino vecinal,animal en calzada,buen tiempo,noche sin iluminacion,zona interurbana,cc557d460799c2767859f18e50650b4e98f1d10f4f1aa92cec28222dc0e911a2,accidentes_raw_dgt,2026-05-09 20:40:11
2019,Alicante,11,Lunes,12,Travesía,Otro,Colisión lateral,Buen tiempo,Pleno día,2,0,0,2,2019-11-01,otro,colision lateral,buen tiempo,pleno dia,travesia,bfeb4fe71a02b5c02749e057c8976f950c89d1be3f33d6fe51340e9ae97ddb38,accidentes_raw_dgt,2026-05-09 20:40:11
2019,Alicante,2,Miércoles,18,Zona interurbana,Calle,Animal en calzada,Buen tiempo,Pleno día,1,0,0,1,2019-02-01,calle,animal en calzada,buen tiempo,pleno dia,zona interurbana,7e9ce5ed46ef9348fd41a0285de984557d5efb0d87acdf2edcedc4cabdb2be07,accidentes_raw_dgt,2026-05-09 20:40:11
2019,Alicante,2,Lunes,19,Zona interurbana,Vía urbana,Colisión frontolateral,Buen tiempo,Noche sin iluminación,1,0,0,1,2019-02-01,via urbana,colision frontolateral,buen tiempo,noche sin iluminacion,zona interurbana,df4aa3c96e0fe9b034f93372c4463a74149c33575626bdfcb30aec32d0a7f58c,accidentes_raw_dgt,2026-05-09 20:40:11
2019,Alicante,3,Domingo,16,Zona interurbana,Vía urbana,Caída de motociclista,Buen tiempo,Pleno día,1,0,0,1,2019-03-01,via urbana,caida de motociclista,buen tiempo,pleno dia,zona interurbana,c3b109c7b1e3166e66534af6e523467c76570ef32d0fa8cf52c0d2fe97719d7e,accidentes_raw_dgt,2026-05-09 20:40:11
2019,Alicante,4,Viernes,20,Zona interurbana,Calle,Colisión frontolateral,Buen tiempo,Pleno día,1,0,0,1,2019-04-01,calle,colision frontolateral,buen tiempo,pleno dia,zona interurbana,b411746bdf09bde7f1fe70ddc8fa57241a0cb79d14d6e9c27e598635ca7dae4d,accidentes_raw_dgt,2026-05-09 20:40:11
2019,Alicante,5,Jueves,4,Zona interurbana,Autovía,Salida vía izquierda,Buen tiempo,Se desconoce,1,0,0,1,2019-05-01,autovia,salida via izquierda,buen tiempo,se desconoce,zona interurbana,775988758f13f17d20e083ed112c78ad3b62be322f501d4a61ca174a704be1a7,accidentes_raw_dgt,2026-05-09 20:40:11
2019,Alicante,5,Viernes,19,Zona interurbana,Vía urbana,Caída de motociclista,Otro,Noche con iluminación,2,0,0,2,2019-05-01,via urbana,caida de motociclista,otro,noche con iluminacion,zona interurbana,3df9083769048a26f9dc22b01e05b712e7f738b670708de1d7bbde56a4875aef,accidentes_raw_dgt,2026-05-09 20:40:11
2019,Alicante,6,Miércoles,8,Zona interurbana,Vía urbana,Colisión frontal,Buen tiempo,Pleno día,1,0,0,1,2019-06-01,via urbana,colision frontal,buen tiempo,pleno dia,zona interurbana,672947e34836142f3baf1fd3771264641da5ed17bf0514f3115a7ddf1e874ce8,accidentes_raw_dgt,2026-05-09 20:40:11
2019,Alicante,6,Martes,10,Zona interurbana,Vía urbana,Colisión por alcance,Buen tiempo,Pleno día,3,0,0,3,2019-06-01,via urbana,colision por alcance,buen tiempo,pleno dia,zona interurbana,f14e5d1984c9b8d75fa57ccdfbbda927a6a7fd5b02248ae949db7bc14e846f2b,accidentes_raw_dgt,2026-05-09 20:40:11
2019,Alicante,6,Jueves,19,Zona interurbana,Vía urbana,Colisión frontal,Buen tiempo,Pleno día,2,0,0,2,2019-06-01,via urbana,colision frontal,buen tiempo,pleno dia,zona interurbana,b35b03ac338d2ad7aefa7f39e2ccf16264f65654ea1aed633e0f2bbcbab1a7ad,accidentes_raw_dgt,2026-05-09 20:40:11
2019,Alicante,7,Martes,12,Zona interurbana,Vía urbana,Colisión lateral,Buen tiempo,Pleno día,1,0,0,1,2019-07-01,via urbana,colision lateral,buen tiempo,pleno dia,zona interurbana,826aaa9db20b9fae1e6f9a1e79607e0f119d0908edefe7210981749507d82c0b,accidentes_raw_dgt,2026-05-09 20:40:11
2019,Alicante,8,Jueves,4,Zona interurbana,Vía urbana,Otro tipo,Buen tiempo,Se desconoce,1,0,0,1,2019-08-01,via urbana,otro tipo,buen tiempo,se desconoce,zona interurbana,77b108f25becb7b98010b95f82b43773f8034c34b460b85ced81f170cc7b44a6,accidentes_raw_dgt,2026-05-09 20:40:11
2019,Alicante,9,Viernes,15,Zona interurbana,Calle,Colisión por alcance,Buen tiempo,Pleno día,1,0,0,1,2019-09-01,calle,colision por alcance,buen tiempo,pleno dia,zona interurbana,cbfb88946b86a506b3fe929406925a3122561acfd665a891785128b4ea4c5ca4,accidentes_raw_dgt,2026-05-09 20:40:11
2019,Alicante,10,Domingo,7,Zona interurbana,Vía urbana,Colisión frontal,Lluvia,Amanecer/Anochecer,2,0,0,2,2019-10-01,via urbana,colision frontal,lluvia,amanecer/anochecer,zona interurbana,9fc7ef2c7100149c53ca373e5f4a8cdeb1df6a787bf4e01dab583875c89d6c7f,accidentes_raw_dgt,2026-05-09 20:40:11
2019,Alicante,11,Martes,17,Zona interurbana,Vía urbana,Colisión por alcance,Buen tiempo,Se desconoce,4,0,0,4,2019-11-01,via urbana,colision por alcance,buen tiempo,se desconoce,zona interurbana,7cd788de2f5fa0134bd705bf3fcb45ea9ff54c5f0e804526c128ed32ec37917d,accidentes_raw_dgt,2026-05-09 20:40:11
2019,Alicante,12,Jueves,13,Zona interurbana,Vía urbana,Colisión frontal,Buen tiempo,Pleno día,2,0,0,2,2019-12-01,via urbana,colision frontal,buen tiempo,pleno dia,zona interurbana,880c2fc00805b3104264d490baf0090788b267e456c6d9f50aeca7e330b427b0,accidentes_raw_dgt,2026-05-09 20:40:11
2019,Alicante,12,Viernes,14,Zona interurbana,Vía urbana,Colisión frontolateral,Granizo,Pleno día,1,0,0,1,2019-12-01,via urbana,colision frontolateral,granizo,pleno dia,zona interurbana,bfc57feb2cbcfaf1c2f54172ff49665bbe60629e9cc1494b7a77a7b2baff3743,accidentes_raw_dgt,2026-05-09 20:40:11
2019,Alicante,9,Viernes,22,Travesía,Otro,Choque obstáculo lateral,Buen tiempo,Noche sin iluminación,2,0,0,2,2019-09-01,otro,choque obstaculo lateral,buen tiempo,noche sin iluminacion,travesia,2a99104da82a5f1b5d6276f77b66c91d5f376cbcfed4e4eca1c4d4600122d1dc,accidentes_raw_dgt,2026-05-09 20:40:11
2019,Alicante,1,Jueves,18,Travesía,Otro,Choque obstáculo lateral,Buen tiempo,Pleno día,1,0,0,1,2019-01-01,otro,choque obstaculo lateral,buen tiempo,pleno dia,travesia,c30d2c58c630f9e4e5a303cfe36cf2d7fd66a1189a5e45daba5a62fc65902580,accidentes_raw_dgt,2026-05-09 20:40:11
2019,Alicante,1,Jueves,23,Travesía,Otro,Colisión lateral,Buen tiempo,Noche sin iluminación,2,0,0,2,2019-01-01,otro,colision lateral,buen tiempo,noche sin iluminacion,travesia,959d6171b513d01400dc5aee3526ad23f8e5781d9903bf263f847f37c44cd594,accidentes_raw_dgt,2026-05-09 20:40:11
2019,Alicante,2,Domingo,18,Zona interurbana,Vía urbana,Colisión múltiple,Buen tiempo,Amanecer/Anochecer,3,1,1,1,2019-02-01,via urbana,colision multiple,buen tiempo,amanecer/anochecer,zona interurbana,96c56127d5ff132709622ca8baa85cd3c5e7aac98c38a5652a12f6e979d78a6d,accidentes_raw_dgt,2026-05-09 20:40:11
2019,Alicante,2,Miércoles,9,Travesía,Otro,Objeto desprendido,Buen tiempo,Pleno día,1,0,0,1,2019-02-01,otro,objeto desprendido,buen tiempo,pleno dia,travesia,b9f981eeaf8b2eedda380ca152099a4e1661f4032e3732ffba70c75d865224f7,accidentes_raw_dgt,2026-05-09 20:40:11
2019,Alicante,2,Viernes,8,Zona interurbana,Vía urbana,Colisión frontal,Buen tiempo,Pleno día,1,0,0,1,2019-02-01,via urbana,colision frontal,buen tiempo,pleno dia,zona interurbana,7c87b3a3ff2703959a1a08be75b89c96176b2e72f2f5c35638ab024515a90d4e,accidentes_raw_dgt,2026-05-09 20:40:11
2019,Alicante,3,Jueves,9,Travesía,Otro,Choque obstáculo lateral,Buen tiempo,Pleno día,1,0,0,1,2019-03-01,otro,choque obstaculo lateral,buen tiempo,pleno dia,travesia,34a1f239090ea33fc9f6458e3d49c41b1dba5bdfafe7fcc0aa33a384cec9c79d,accidentes_raw_dgt,2026-05-09 20:40:11
2019,Alicante,3,Martes,8,Zona interurbana,Camino vecinal,Colisión por alcance,Buen tiempo,Pleno día,1,0,0,1,2019-03-01,camino vecinal,colision por alcance,buen tiempo,pleno dia,zona interurbana,f9a75ecb0e5e127ed6917a563840dd2a33d661d385f9808f0547d188883a01d1,accidentes_raw_dgt,2026-05-09 20:40:11
2019,Alicante,3,Sábado,12,Zona interurbana,Vía urbana,Colisión por alcance,Buen tiempo,Pleno día,2,0,0,2,2019-03-01,via urbana,colision por alcance,buen tiempo,pleno dia,zona interurbana,02eb0fab1eaae6e083cf98bf4df565ef80b8a4655af5c772cecb356c447521b4,accidentes_raw_dgt,2026-05-09 20:40:11
2019,Alicante,2,Martes,11,Travesía,Otro,Colisión lateral,Buen tiempo,Pleno día,1,0,1,0,2019-02-01,otro,colision lateral,buen tiempo,pleno dia,travesia,7e7ef09ddc7fee2f2e6f36389bd87aa103ae2fec1163ff1c9415ac15f9569c7f,accidentes_raw_dgt,2026-05-09 20:40:11
2019,Alicante,3,Viernes,12,Travesía,Otro,Animal en calzada,Buen tiempo,Pleno día,1,0,1,0,2019-03-01,otro,animal en calzada,buen tiempo,pleno dia,travesia,c7f1134cc95fd6534aedb2b5d51cce72cab771ffe0d5dfd8986d45a4c452b8b7,accidentes_raw_dgt,2026-05-09 20:40:11
2019,Alicante,3,Martes,11,Travesía,Otro,Choque obstáculo lateral,Buen tiempo,Pleno día,1,0,1,0,2019-03-01,otro,choque obstaculo lateral,buen tiempo,pleno dia,travesia,045784691835debe9fb834873a41b59b7c5a3764f899852d8f92cbce3035522b,accidentes_raw_dgt,2026-05-09 20:40:11
2019,Alicante,4,Jueves,8,Zona interurbana,Vía urbana,Colisión frontolateral,Buen tiempo,Pleno día,1,0,0,1,2019-04-01,via urbana,colision frontolateral,buen tiempo,pleno dia,zona interurbana,98968c513b70a24d01d5a131d65fa92bdc8c02f4f2d87832267b3fbd00b43104,accidentes_raw_dgt,2026-05-09 20:40:11
2019,Alicante,4,Miércoles,12,Zona interurbana,Camino vecinal,Colisión por alcance,Buen tiempo,Pleno día,1,0,1,0,2019-04-01,camino vecinal,colision por alcance,buen tiempo,pleno dia,zona interurbana,99d344d4dba211c90671a24e7e9c78997852d0e1ded16c250539142881f254e1,accidentes_raw_dgt,2026-05-09 20:40:11
2019,Alicante,4,Viernes,11,Travesía,Otro,Colisión por alcance,Buen tiempo,Pleno día,1,0,0,1,2019-04-01,otro,colision por alcance,buen tiempo,pleno dia,travesia,26c6954bc8571ca570c8182b1b5e1daf731196a00120f8137ce78c19171636db,accidentes_raw_dgt,2026-05-09 20:40:11
2019,Alicante,5,Jueves,11,Zona interurbana,Vía urbana,Colisión por alcance,Buen tiempo,Pleno día,1,0,0,1,2019-05-01,via urbana,colision por alcance,buen tiempo,pleno dia,zona interurbana,3283dafb666d9fddf1528ddb508c89766eee03b63ad2ce8217b1670479030a9f,accidentes_raw_dgt,2026-05-09 20:40:11
2019,Alicante,5,Martes,23,Travesía,Otro,Animal en calzada,Buen tiempo,Noche sin iluminación,1,0,1,0,2019-05-01,otro,animal en calzada,buen tiempo,noche sin iluminacion,travesia,76457445f89ab8f65a006035798f504e8eaf206a8ff4f8de53d6fab0677498b2,accidentes_raw_dgt,2026-05-09 20:40:11
2019,Alicante,5,Jueves,22,Zona interurbana,Camino vecinal,Animal en calzada,Buen tiempo,Noche sin iluminación,1,0,0,1,2019-05-01,camino vecinal,animal en calzada,buen tiempo,noche sin iluminacion,zona interurbana,634bce1b71598aee213035a6cc63d3f879d11a8cb7ce4f93651b4266f7873035,accidentes_raw_dgt,2026-05-09 20:40:11
2019,Alicante,6,Jueves,8,Travesía,Otro,Colisión frontolateral,Buen tiempo,Pleno día,1,0,0,1,2019-06-01,otro,colision frontolateral,buen tiempo,pleno dia,travesia,b55184dec351ac66077c7a41b0bab64e34b7619517ab46b3d93b6f4a9c981888,accidentes_raw_dgt,2026-05-09 20:40:11
2019,Alicante,6,Jueves,18,Zona interurbana,Camino vecinal,Colisión frontolateral,Buen tiempo,Pleno día,1,0,0,1,2019-06-01,camino vecinal,colision frontolateral,buen tiempo,pleno dia,zona interurbana,5a3d4457e7db434d8328d4dada5f7772ee30eae55749998fb82513095f9d4427,accidentes_raw_dgt,2026-05-09 20:40:11
2019,Alicante,6,Jueves,11,Zona interurbana,Vía urbana,Colisión múltiple,Buen tiempo,Pleno día,1,0,0,1,2019-06-01,via urbana,colision multiple,buen tiempo,pleno dia,zona interurbana,2478b5cdde898af6ad0d268fed2485ec42b63add9b159770b287e7396b71088c,accidentes_raw_dgt,2026-05-09 20:40:11
2019,Alicante,6,Lunes,11,Travesía,Otro,Objeto desprendido,Buen tiempo,Pleno día,1,0,0,1,2019-06-01,otro,objeto desprendido,buen tiempo,pleno dia,travesia,d0a1a4303127ab458c5212bb80b85265da4affc0cc3e4341a04f2716bb76899c,accidentes_raw_dgt,2026-05-09 20:40:11
2019,Alicante,6,Sábado,22,Zona interurbana,Vía urbana,Colisión lateral,Buen tiempo,Se desconoce,4,0,0,4,2019-06-01,via urbana,colision lateral,buen tiempo,se desconoce,zona interurbana,9705cc6128a60cc22581217b715750a6053b2ddda67cc3af7e14803b27cf0c1f,accidentes_raw_dgt,2026-05-09 20:40:11
2019,Alicante,5,Jueves,9,Travesía,Otro,Choque obstáculo lateral,Buen tiempo,Pleno día,1,0,0,1,2019-05-01,otro,choque obstaculo lateral,buen tiempo,pleno dia,travesia,007d45c89dfb5b1a7436620f9a146a9042eb6cbe23dda547da5dee1a56c941da,accidentes_raw_dgt,2026-05-09 20:40:11
2019,Alicante,6,Martes,15,Zona interurbana,Vía urbana,Colisión por alcance,Buen tiempo,Pleno día,1,0,0,1,2019-06-01,via urbana,colision por alcance,buen tiempo,pleno dia,zona interurbana,6c769f97eeacbed55d9c55d1953b27a6393ae9b60569821c9126ff9ecebd3c28,accidentes_raw_dgt,2026-05-09 20:40:11
2019,Alicante,7,Lunes,10,Travesía,Otro,Caída de motociclista,Granizo,Pleno día,1,0,0,1,2019-07-01,otro,caida de motociclista,granizo,pleno dia,travesia,705249ef258f93186ff58b67ef8850abadf517c984928c11feea1ee7ec3bc6f8,accidentes_raw_dgt,2026-05-09 20:40:11
2019,Alicante,7,Jueves,16,Zona interurbana,Vía urbana,Colisión por alcance,Buen tiempo,Pleno día,2,0,0,2,2019-07-01,via urbana,colision por alcance,buen tiempo,pleno dia,zona interurbana,55184832e55ea6b71676237031861fcebb0e7ccdad6e19ce27c652c3d0bc71ed,accidentes_raw_dgt,2026-05-09 20:40:11
2019,Alicante,7,Lunes,15,Zona interurbana,Vía urbana,Colisión frontal,Buen tiempo,Pleno día,4,0,1,2,2019-07-01,via urbana,colision frontal,buen tiempo,pleno dia,zona interurbana,7d625ebadbd0059ad4201204a1fc2cf31787bbe46df03270f60b22cf45455b02,accidentes_raw_dgt,2026-05-09 20:40:11
2019,Alicante,7,Viernes,9,Travesía,Otro,Colisión frontal,Buen tiempo,Pleno día,1,0,1,0,2019-07-01,otro,colision frontal,buen tiempo,pleno dia,travesia,68d6d6acae8db4b9ab8f2e3e95d913c84dcba07be43dbd11720d949bee2a9a05,accidentes_raw_dgt,2026-05-09 20:40:11
2019,Alicante,7,Sábado,12,Zona interurbana,Vía urbana,Colisión frontolateral,Buen tiempo,Pleno día,1,0,0,1,2019-07-01,via urbana,colision frontolateral,buen tiempo,pleno dia,zona interurbana,3533044dca88ad659c719c0a8e2436296eba39c4a86cebef55128ddbcc1b9faf,accidentes_raw_dgt,2026-05-09 20:40:11
2019,Alicante,6,Lunes,10,Travesía,Otro,Choque obstáculo lateral,Buen tiempo,Pleno día,1,0,0,1,2019-06-01,otro,choque obstaculo lateral,buen tiempo,pleno dia,travesia,d0ab3354a660b3abcb7829c7636981ddc8ce4a68c943947081ff8399f063f786,accidentes_raw_dgt,2026-05-09 20:40:11
2019,Alicante,7,Domingo,15,Zona interurbana,Vía urbana,Colisión por alcance,Buen tiempo,Pleno día,1,0,0,1,2019-07-01,via urbana,colision por alcance,buen tiempo,pleno dia,zona interurbana,514e830391320b3aa28e6df60a9a7951a603d8418e948c42da2f4305af9121f7,accidentes_raw_dgt,2026-05-09 20:40:11
2019,Alicante,8,Martes,8,Zona interurbana,Vía urbana,Colisión frontolateral,Buen tiempo,Pleno día,1,0,0,1,2019-08-01,via urbana,colision frontolateral,buen tiempo,pleno dia,zona interurbana,3052c83f1a40e0c48bceb166e667b16a0b0e4a5e924229dc3babf3b9da425a71,accidentes_raw_dgt,2026-05-09 20:40:11
2019,Alicante,8,Jueves,8,Travesía,Otro,Objeto desprendido,Buen tiempo,Pleno día,1,0,0,1,2019-08-01,otro,objeto desprendido,buen tiempo,pleno dia,travesia,7dfca4be5858c0a14c3e33acfc800bec840f190bfb4c66fc40951a5ae088cd51,accidentes_raw_dgt,2026-05-09 20:40:11
2019,Alicante,8,Lunes,8,Zona interurbana,Vía urbana,Colisión frontolateral,Buen tiempo,Pleno día,1,0,0,1,2019-08-01,via urbana,colision frontolateral,buen tiempo,pleno dia,zona interurbana,8f7f63fd3b611035f1aa34d64a39f9f3823712a0a4aa868b99ee5dea12d990da,accidentes_raw_dgt,2026-05-09 20:40:11
2019,Alicante,8,Viernes,20,Zona interurbana,Vía urbana,Colisión por alcance,Buen tiempo,Pleno día,3,0,0,3,2019-08-01,via urbana,colision por alcance,buen tiempo,pleno dia,zona interurbana,3d4ba0dbe63a11bc53e7b5b5c6f0d558669989548dbe4287d8f9cea54427c58c,accidentes_raw_dgt,2026-05-09 20:40:11
2019,Alicante,8,Lunes,9,Zona interurbana,Vía urbana,Colisión frontolateral,Lluvia,Pleno día,2,0,0,2,2019-08-01,via urbana,colision frontolateral,lluvia,pleno dia,zona interurbana,fee4ab8f26b871371c83e1e55a23b096be6552eb1774319c851e716308ad9302,accidentes_raw_dgt,2026-05-09 20:40:11
2019,Alicante,8,Jueves,19,Zona interurbana,Vía urbana,Colisión múltiple,Buen tiempo,Pleno día,1,0,0,1,2019-08-01,via urbana,colision multiple,buen tiempo,pleno dia,zona interurbana,eb8bff7a00ba4c11dd9b5d08d6d96bea2b409ab393229a6d8dfbeba9b7c4174a,accidentes_raw_dgt,2026-05-09 20:40:11
2019,Alicante,8,Lunes,9,Travesía,Otro,Colisión por alcance,Buen tiempo,Pleno día,1,0,0,1,2019-08-01,otro,colision por alcance,buen tiempo,pleno dia,travesia,00629d85f8558597cdbaaac85734637131aaa1ed49dc063dc73c2ad497affb97,accidentes_raw_dgt,2026-05-09 20:40:11
2019,Alicante,9,Martes,9,Travesía,Otro,Colisión lateral,Buen tiempo,Pleno día,1,0,0,1,2019-09-01,otro,colision lateral,buen tiempo,pleno dia,travesia,be87fcc57797f6239f88630a7817111d7750b36f662b95b7d094a3b98692cdaa,accidentes_raw_dgt,2026-05-09 20:40:11
2019,Alicante,9,Miércoles,11,Travesía,Otro,Colisión lateral,Buen tiempo,Pleno día,3,0,0,3,2019-09-01,otro,colision lateral,buen tiempo,pleno dia,travesia,9ff0419d067b9543723a84442a661f91ec958fbf09cb0c1fd62acd4b68855dbd,accidentes_raw_dgt,2026-05-09 20:40:11
2019,Alicante,10,Martes,21,Travesía,Otro urbano,Choque obstáculo lateral,Buen tiempo,Noche sin iluminación,1,0,0,1,2019-10-01,otro urbano,choque obstaculo lateral,buen tiempo,noche sin iluminacion,travesia,f766456ab1966f4b9c028e70359665b449d0fdaf55da737d43f2b2315bd277ec,accidentes_raw_dgt,2026-05-09 20:40:11
2019,Alicante,10,Viernes,21,Zona interurbana,Vía urbana,Colisión frontolateral,Buen tiempo,Noche sin iluminación,2,0,0,2,2019-10-01,via urbana,colision frontolateral,buen tiempo,noche sin iluminacion,zona interurbana,1afc50560ae4c6f49a38e10441181bb585ddb88e44b88ec76248defe2e6b1c04,accidentes_raw_dgt,2026-05-09 20:40:11
2019,Alicante,11,Lunes,8,Zona interurbana,Vía urbana,Colisión múltiple,Buen tiempo,Pleno día,4,0,0,4,2019-11-01,via urbana,colision multiple,buen tiempo,pleno dia,zona interurbana,8b926d75599a618e21f1341318e66517be26e18cc7496783d2b59758c1333be8,accidentes_raw_dgt,2026-05-09 20:40:11
2019,Alicante,11,Viernes,14,Zona interurbana,Vía urbana,Colisión frontolateral,Buen tiempo,Pleno día,1,0,0,1,2019-11-01,via urbana,colision frontolateral,buen tiempo,pleno dia,zona interurbana,95807b29ae7ff1c03c14d0267e98e409936df46dbf7b8764329fbd90773c9a01,accidentes_raw_dgt,2026-05-09 20:40:11
2019,Alicante,11,Jueves,10,Zona interurbana,Vía urbana,Colisión por alcance,Buen tiempo,Pleno día,1,0,0,1,2019-11-01,via urbana,colision por alcance,buen tiempo,pleno dia,zona interurbana,cae3f2d4f75f1834c9fbd1d2a0c7a67ae6d7cf14caf6505e649c547f52265147,accidentes_raw_dgt,2026-05-09 20:40:11
2019,Alicante,11,Domingo,11,Travesía,Otro,Colisión lateral,Buen tiempo,Pleno día,1,0,0,1,2019-11-01,otro,colision lateral,buen tiempo,pleno dia,travesia,efbcc6e235db0bb4ee5503f6b0fd9ff7c45e935efe567961e023cca71eb0c73c,accidentes_raw_dgt,2026-05-09 20:40:11
2019,Alicante,8,Jueves,17,Travesía,Otro,Colisión frontolateral,Buen tiempo,Pleno día,1,0,0,1,2019-08-01,otro,colision frontolateral,buen tiempo,pleno dia,travesia,69898c7bb333c6ad353c482fcc8f9603ededb2760f3f055096b25fe6dff69e38,accidentes_raw_dgt,2026-05-09 20:40:11
2019,Alicante,11,Sábado,10,Zona interurbana,Vía urbana,Colisión frontal,Buen tiempo,Pleno día,1,0,0,1,2019-11-01,via urbana,colision frontal,buen tiempo,pleno dia,zona interurbana,354948ef61d10149fa91ad1bf6a8676f94e7d6f2b0f7d1920797b8fbe56b3c81,accidentes_raw_dgt,2026-05-09 20:40:11
2019,Alicante,12,Domingo,12,Zona interurbana,Vía urbana,Colisión por alcance,Buen tiempo,Pleno día,1,0,0,1,2019-12-01,via urbana,colision por alcance,buen tiempo,pleno dia,zona interurbana,d5c4f67a138cbcbcf840e8f78ce5280fc4f07beaf61c725ef109c8da727c3fd4,accidentes_raw_dgt,2026-05-09 20:40:11
2019,Alicante,12,Domingo,19,Zona interurbana,Vía urbana,Colisión frontolateral,Buen tiempo,Noche ilum. insuficiente,1,0,1,0,2019-12-01,via urbana,colision frontolateral,buen tiempo,noche ilum. insuficiente,zona interurbana,0f9c6877b9e900ca618d7c2bf5a4218bd6a7e9fe40496bfea19e0f38245fff0c,accidentes_raw_dgt,2026-05-09 20:40:11