AÑO,PROVINCIA,MES,DIA_SEMANA,HORA,ZONA,TIPO_VIA,TIPO_ACCIDENTE,CONDICION_METEO,CONDICION_ILUMINACION,TOTAL_VICTIMAS,FALLECIDOS_24H,HERIDOS_GRAVES,HERIDOS_LEVES,FECHA_ACCIDENTE,TIPO_VIA_NORM,TIPO_ACCIDENTE_NORM,CONDICION_METEO_NORM,CONDICION_ILUMINACION_NORM,ZONA_NORM,ID_ACCIDENTE_HASH,source_id,load_timestamp
2019,Alicante,1,Viernes,17,Zona interurbana,Vía convencional,Colisión por alcance,Buen tiempo,Pleno día,2,0,0,2,2019-01-01,via convencional,colision por alcance,buen tiempo,pleno dia,zona interurbana,081c68229e69ec1a2bef4d4690440f158baf36beac58225d1b12b3e0563aee62,accidentes_raw_dgt,2026-05-09 20:40:11
2019,Alicante,1,Martes,13,Zona interurbana,Vía convencional,Salida vía izquierda,Lluvia,Pleno día,1,0,0,1,2019-01-01,via convencional,salida via izquierda,lluvia,pleno dia,zona interurbana,550b182719f37fc1561f1a4ee6c2fafbb2b244b2eeeb28b36ae724d8285992bf,accidentes_raw_dgt,2026-05-09 20:40:11
2019,Alicante,2,Sábado,13,Travesía,Otro,Colisión por alcance,Buen tiempo,Pleno día,1,0,0,1,2019-02-01,otro,colision por alcance,buen tiempo,pleno dia,travesia,a80fa91d5d26d02cf702f84f0bfa6caf12bca0d6a1daa5ea342ad9e28e9cd6b9,accidentes_raw_dgt,2026-05-09 20:40:11
2019,Alicante,3,Sábado,11,Zona interurbana,Vía urbana,Animal en calzada,Buen tiempo,Pleno día,1,0,0,1,2019-03-01,via urbana,animal en calzada,buen tiempo,pleno dia,zona interurbana,fbdf4ba3e18f62312eae725044ddee5a3600a20b0795240f375bd6cc22d2c974,accidentes_raw_dgt,2026-05-09 20:40:11
2019,Alicante,2,Lunes,14,Travesía,Otro,Colisión frontolateral,Buen tiempo,Pleno día,4,0,1,4,2019-02-01,otro,colision frontolateral,buen tiempo,pleno dia,travesia,50202bdf2944d9bb8c63b2656cb0d337f2c13d4d7e69e8ba862fa491b2d82d0d,accidentes_raw_dgt,2026-05-09 20:40:11
2019,Alicante,3,Lunes,11,Zona interurbana,Vía convencional,Colisión por alcance,Buen tiempo,Pleno día,2,0,1,1,2019-03-01,via convencional,colision por alcance,buen tiempo,pleno dia,zona interurbana,808b0748b38c67a2d886c5151742fe781829e5b17a0177f4820f369cece1831e,accidentes_raw_dgt,2026-05-09 20:40:11
2019,Alicante,3,Viernes,6,Travesía,Otro,Colisión frontolateral,Buen tiempo,Noche con iluminación,1,0,0,1,2019-03-01,otro,colision frontolateral,buen tiempo,noche con iluminacion,travesia,5765dac074bd446d1635f06198868434ca02fd4325786cf123543754d832de74,accidentes_raw_dgt,2026-05-09 20:40:11
2019,Alicante,2,Jueves,8,Travesía,Otro,Colisión frontolateral,Buen tiempo,Pleno día,1,0,0,1,2019-02-01,otro,colision frontolateral,buen tiempo,pleno dia,travesia,1f58dbec71994620de8abe61e744f76da60667b7b277ed4bead710a4b8e31ad0,accidentes_raw_dgt,2026-05-09 20:40:11
2019,Alicante,5,Sábado,15,Zona interurbana,Vía urbana,Atropello a ciclista,Buen tiempo,Pleno día,2,0,0,2,2019-05-01,via urbana,atropello a ciclista,buen tiempo,pleno dia,zona interurbana,059f5e543bd484b00e235edc5083558c59d45706bd99c14422bda8868c6c6f90,accidentes_raw_dgt,2026-05-09 20:40:11
2019,Alicante,5,Lunes,15,Zona interurbana,Vía convencional,Colisión por alcance,Buen tiempo,Pleno día,1,0,0,1,2019-05-01,via convencional,colision por alcance,buen tiempo,pleno dia,zona interurbana,71b3af35d9d53d24e7462177da41b8acd5e2ef4afc333dd9272cb2ab8743b3db,accidentes_raw_dgt,2026-05-09 20:40:11
2019,Alicante,5,Lunes,13,Travesía,Otro,Colisión frontolateral,Buen tiempo,Pleno día,1,0,1,0,2019-05-01,otro,colision frontolateral,buen tiempo,pleno dia,travesia,abd285e8b11e18cabfd30d577f062a57460dd64616e90187e84cb7126467d4ff,accidentes_raw_dgt,2026-05-09 20:40:11
2019,Alicante,5,Miércoles,18,Zona interurbana,Vía convencional,Colisión por alcance,Buen tiempo,Pleno día,1,0,0,1,2019-05-01,via convencional,colision por alcance,buen tiempo,pleno dia,zona interurbana,481d60bc802f51580e81af5dc1c0534d6eb255fcbb82bdaf646e8549b7cce4f3,accidentes_raw_dgt,2026-05-09 20:40:11
2019,Alicante,5,Lunes,9,Travesía,Otro,Colisión por alcance,Buen tiempo,Pleno día,1,0,0,1,2019-05-01,otro,colision por alcance,buen tiempo,pleno dia,travesia,aac67e6564d6a0ffb29dd6579c2fabc1e02467db95cb2a472a36d7a576d75df8,accidentes_raw_dgt,2026-05-09 20:40:11
2019,Alicante,4,Domingo,17,Zona interurbana,Travesía,Colisión lateral,Buen tiempo,Pleno día,2,0,0,2,2019-04-01,travesia,colision lateral,buen tiempo,pleno dia,zona interurbana,1115fd804c8295496031826e0c1b061d9155b0d4ca002ba167221074ad132f34,accidentes_raw_dgt,2026-05-09 20:40:11
2019,Alicante,5,Lunes,8,Travesía,Otro,Choque obstáculo lateral,Buen tiempo,Pleno día,1,0,0,1,2019-05-01,otro,choque obstaculo lateral,buen tiempo,pleno dia,travesia,0ba896169af5b24dcc877d78f0c3feaf9c9c7f0ca2ef6248f19de437dfc2b003,accidentes_raw_dgt,2026-05-09 20:40:11
2019,Alicante,3,Lunes,9,Travesía,Otro,Colisión frontolateral,Buen tiempo,Pleno día,1,0,0,1,2019-03-01,otro,colision frontolateral,buen tiempo,pleno dia,travesia,a31497a11dc922de61ce242e0f0b2d050f173145c1bf2e68c8721619bd79ba3c,accidentes_raw_dgt,2026-05-09 20:40:11
2019,Alicante,7,Lunes,17,Zona interurbana,Vía urbana,Otro tipo,Buen tiempo,Pleno día,1,0,0,1,2019-07-01,via urbana,otro tipo,buen tiempo,pleno dia,zona interurbana,1fdc5156dff53e1ed8febfd0bfdfeedba271cde3e7bae67acd44e715a1badc78,accidentes_raw_dgt,2026-05-09 20:40:11
2019,Alicante,7,Viernes,18,Zona interurbana,Vía convencional,Colisión por alcance,Buen tiempo,Pleno día,1,0,0,1,2019-07-01,via convencional,colision por alcance,buen tiempo,pleno dia,zona interurbana,aa35818bff67437abfd17097ecc3e59b1b15498eb7027d7a02ccbb850ef43c95,accidentes_raw_dgt,2026-05-09 20:40:11
2019,Alicante,9,Lunes,16,Zona interurbana,Vía convencional,Colisión por alcance,Buen tiempo,Pleno día,1,0,0,1,2019-09-01,via convencional,colision por alcance,buen tiempo,pleno dia,zona interurbana,a21177bddb8e09742bb52e184f776db01d0e669bd9a2fada72cfe8f005c528c1,accidentes_raw_dgt,2026-05-09 20:40:11
2019,Alicante,10,Sábado,10,Zona interurbana,Travesía,Colisión por alcance,Buen tiempo,Pleno día,3,0,0,3,2019-10-01,travesia,colision por alcance,buen tiempo,pleno dia,zona interurbana,c25b5a63510f96f2e0a23a2a0f19671b85e79b7e395c8c92ea7a1b5f4530b58d,accidentes_raw_dgt,2026-05-09 20:40:11
2019,Alicante,10,Miércoles,18,Zona interurbana,Camino vecinal,Colisión por alcance,Buen tiempo,Pleno día,1,0,0,1,2019-10-01,camino vecinal,colision por alcance,buen tiempo,pleno dia,zona interurbana,c5f9eb390a108b4859979e6b4356f30d03f48d8d836596fc8b09ab8307ef03f0,accidentes_raw_dgt,2026-05-09 20:40:11
2019,Alicante,11,Viernes,15,Zona interurbana,Camino vecinal,Colisión por alcance,Lluvia,Pleno día,1,0,0,1,2019-11-01,camino vecinal,colision por alcance,lluvia,pleno dia,zona interurbana,54acfadf2c86190a1db8e2ac5d0506ae66dd3fe794068e87c6df53fc5370fc31,accidentes_raw_dgt,2026-05-09 20:40:11
2019,Alicante,12,Martes,20,Zona interurbana,Vía convencional,Colisión por alcance,Granizo,Se desconoce,1,0,0,1,2019-12-01,via convencional,colision por alcance,granizo,se desconoce,zona interurbana,b6351211106fc1fc6b1b3d6f6a4dcf92227e1231271227b3f58539fbb9a71711,accidentes_raw_dgt,2026-05-09 20:40:11
2019,Alicante,12,Jueves,9,Zona interurbana,Vía convencional,Colisión lateral,Buen tiempo,Pleno día,1,0,0,1,2019-12-01,via convencional,colision lateral,buen tiempo,pleno dia,zona interurbana,f0f92eb79cec3fad7e7ad71ccfff43a904058162827b274830c05ffc6ec501fb,accidentes_raw_dgt,2026-05-09 20:40:11
2019,Alicante,2,Miércoles,13,Zona interurbana,Vía convencional,Colisión por alcance,Buen tiempo,Pleno día,1,0,0,1,2019-02-01,via convencional,colision por alcance,buen tiempo,pleno dia,zona interurbana,133806ca086fa756e78e210c0aca10be245bd2f8ad9544cb599e355020bbd59b,accidentes_raw_dgt,2026-05-09 20:40:11
2019,Alicante,2,Miércoles,6,Zona interurbana,Vía convencional,Caída de motociclista,Lluvia,Amanecer/Anochecer,4,0,0,4,2019-02-01,via convencional,caida de motociclista,lluvia,amanecer/anochecer,zona interurbana,3c365ff931ecb0e3c0f00231793fe32151463bfcc31a4fdf4eb0a5942f5b1ddb,accidentes_raw_dgt,2026-05-09 20:40:11
2019,Alicante,3,Lunes,19,Travesía,Otro,Colisión frontolateral,Otro,Amanecer/Anochecer,1,0,1,0,2019-03-01,otro,colision frontolateral,otro,amanecer/anochecer,travesia,8296f1f76b7d679cfb8dad201c219da6fd4ea5b4c8f0a6b62f7f8a29dae61910,accidentes_raw_dgt,2026-05-09 20:40:11
2019,Alicante,3,Miércoles,17,Travesía,Otro,Colisión frontolateral,Buen tiempo,Pleno día,1,0,0,1,2019-03-01,otro,colision frontolateral,buen tiempo,pleno dia,travesia,aafee1a675603cc425b2f1798cba53f2489066cd54c54fa3fa07c081b5082659,accidentes_raw_dgt,2026-05-09 20:40:11
2019,Alicante,4,Domingo,13,Zona interurbana,Vía convencional,Colisión lateral,Buen tiempo,Pleno día,2,0,0,2,2019-04-01,via convencional,colision lateral,buen tiempo,pleno dia,zona interurbana,164ac2402a315348ddab8fb794bcb2a0a9adcae53fb9a70ee15ae6a224acbaa6,accidentes_raw_dgt,2026-05-09 20:40:11
2019,Alicante,5,Sábado,21,Zona interurbana,Travesía,Colisión frontal,Buen tiempo,Se desconoce,3,0,0,3,2019-05-01,travesia,colision frontal,buen tiempo,se desconoce,zona interurbana,a07cf27590e57bf851029cada1b752019189ba52defb3e43401887fcb2489b5e,accidentes_raw_dgt,2026-05-09 20:40:11
2019,Alicante,5,Miércoles,11,Zona interurbana,Vía urbana,Colisión lateral,Buen tiempo,Pleno día,1,0,0,1,2019-05-01,via urbana,colision lateral,buen tiempo,pleno dia,zona interurbana,eb51765053fdd178d1430759c3c3c71d388eae337cfde43f62f4320a454ff9f9,accidentes_raw_dgt,2026-05-09 20:40:11
2019,Alicante,7,Viernes,17,Zona interurbana,Calle,Colisión frontal,Buen tiempo,Pleno día,1,0,0,1,2019-07-01,calle,colision frontal,buen tiempo,pleno dia,zona interurbana,956ed71cc6e09d5b8c2933d16fc17170da1f3b0429084a7f4039b02f241e1c8a,accidentes_raw_dgt,2026-05-09 20:40:11
2019,Alicante,7,Domingo,13,Travesía,Otro,Colisión frontolateral,Buen tiempo,Pleno día,1,0,0,1,2019-07-01,otro,colision frontolateral,buen tiempo,pleno dia,travesia,37a12a55b2d08d1247aa38c070d559dc8a271d510a79cb31b5fb0a0512ee961e,accidentes_raw_dgt,2026-05-09 20:40:11
2019,Alicante,7,Domingo,19,Travesía,Otro,Animal en calzada,Otro,Pleno día,1,0,0,1,2019-07-01,otro,animal en calzada,otro,pleno dia,travesia,8d2efba45f136abdd6d9548ca3be7df0542bb39e5c0aadba883e191d1c54712b,accidentes_raw_dgt,2026-05-09 20:40:11
2019,Alicante,8,Sábado,5,Zona interurbana,Vía convencional,Se desconoce,Buen tiempo,Noche ilum. insuficiente,1,0,0,1,2019-08-01,via convencional,se desconoce,buen tiempo,noche ilum. insuficiente,zona interurbana,1f61c05e5a94a1995a4dbaf9e3b9280190246279d7d9a0f229b16627fe15845a,accidentes_raw_dgt,2026-05-09 20:40:11
2019,Alicante,11,Sábado,4,Zona interurbana,Vía convencional,Atropello a ciclista,Buen tiempo,Se desconoce,1,0,0,1,2019-11-01,via convencional,atropello a ciclista,buen tiempo,se desconoce,zona interurbana,af58873a6f4884dad1c1853d23e402b2f46a4c51a2c66b30a7467456ea6b2d81,accidentes_raw_dgt,2026-05-09 20:40:11
2019,Alicante,11,Sábado,16,Zona interurbana,Vía convencional,Atropello a ciclista,Lluvia,Pleno día,2,0,0,2,2019-11-01,via convencional,atropello a ciclista,lluvia,pleno dia,zona interurbana,1f74494f923e9bf4bedc9968f0418824c2b298bd83009812a45e547f6733ac7b,accidentes_raw_dgt,2026-05-09 20:40:11
2019,Alicante,12,Miércoles,12,Travesía,Otro urbano,Choque con bordillo,Buen tiempo,Pleno día,1,0,0,1,2019-12-01,otro urbano,choque con bordillo,buen tiempo,pleno dia,travesia,e0058e47da8c0ae9152febe44ddc7e5b5284fbd3069f1b21ce90797d9050e48a,accidentes_raw_dgt,2026-05-09 20:40:11
2019,Alicante,12,Domingo,2,Zona interurbana,Vía convencional,Colisión lateral,Buen tiempo,Se desconoce,2,0,0,2,2019-12-01,via convencional,colision lateral,buen tiempo,se desconoce,zona interurbana,fc70db0a12d574a3a3b2331e5b1b77f1f7d4086daebbf8521c8e6892cbd0abce,accidentes_raw_dgt,2026-05-09 20:40:11
2019,Alicante,12,Lunes,20,Zona interurbana,Vía urbana,Caída de ocupante,Buen tiempo,Se desconoce,1,0,0,1,2019-12-01,via urbana,caida de ocupante,buen tiempo,se desconoce,zona interurbana,ab86fe44dea15e7a6b438f741aa208f079d55f626f5c471c999b2ed78b37bd6a,accidentes_raw_dgt,2026-05-09 20:40:11
2019,Alicante,1,Sábado,16,Zona interurbana,Vía urbana,Colisión lateral,Buen tiempo,Pleno día,1,0,0,1,2019-01-01,via urbana,colision lateral,buen tiempo,pleno dia,zona interurbana,fbc1f6898b3fd1d2d806fcb944fe535ff5f4a1d973d8ef218558dd2e9ae526a3,accidentes_raw_dgt,2026-05-09 20:40:11
2019,Alicante,3,Domingo,15,Zona interurbana,Vía urbana,Caída de ocupante,Buen tiempo,Pleno día,1,0,0,1,2019-03-01,via urbana,caida de ocupante,buen tiempo,pleno dia,zona interurbana,938243a1748decb6ce56d72bcfeb3cf9aa2a90b4a24c6a0e7614f424976843a6,accidentes_raw_dgt,2026-05-09 20:40:11
2019,Alicante,8,Domingo,12,Zona interurbana,Vía urbana,Otro tipo,Buen tiempo,Pleno día,1,0,0,1,2019-08-01,via urbana,otro tipo,buen tiempo,pleno dia,zona interurbana,cbaa265082e8b5348b139f51aad4fb1bd60f2a55e66cc027a8d6d0cde19a7155,accidentes_raw_dgt,2026-05-09 20:40:11
2019,Alicante,9,Miércoles,15,Zona interurbana,Vía urbana,Animal en calzada,Buen tiempo,Pleno día,1,0,0,1,2019-09-01,via urbana,animal en calzada,buen tiempo,pleno dia,zona interurbana,c9f5614c4fb86da8a8ba1c0fc8d69b50fbfbed5b72194af8ac1f76461c022ceb,accidentes_raw_dgt,2026-05-09 20:40:11
2019,Alicante,11,Sábado,16,Zona interurbana,Vía urbana,Choque obstáculo lateral,Buen tiempo,Pleno día,1,0,1,0,2019-11-01,via urbana,choque obstaculo lateral,buen tiempo,pleno dia,zona interurbana,2a3b858f52f7682689e5a2d201d861682f52cab93f7b67c75ff1d9648f79ceb3,accidentes_raw_dgt,2026-05-09 20:40:11
2019,Alicante,12,Lunes,12,Zona interurbana,Vía urbana,Animal en calzada,Buen tiempo,Pleno día,1,0,0,1,2019-12-01,via urbana,animal en calzada,buen tiempo,pleno dia,zona interurbana,a4aab274a57a4958eb0c359af632e550aaedf542e1a623a67db83476d4afce0b,accidentes_raw_dgt,2026-05-09 20:40:11
2019,Alicante,1,Domingo,11,Zona interurbana,Vía urbana,Se desconoce,Lluvia,Pleno día,1,0,1,0,2019-01-01,via urbana,se desconoce,lluvia,pleno dia,zona interurbana,84bdcd156603935b711cccd5a7c44b59a475e44429ab0f8a27ec18e175817436,accidentes_raw_dgt,2026-05-09 20:40:11
2019,Alicante,7,Miércoles,10,Zona interurbana,Vía urbana,Colisión por alcance,Buen tiempo,Pleno día,1,0,0,1,2019-07-01,via urbana,colision por alcance,buen tiempo,pleno dia,zona interurbana,b3658670d2a52e2c9af9900e5c34acaae4009113569447616ce7932ba67496d7,accidentes_raw_dgt,2026-05-09 20:40:11
2019,Alicante,8,Miércoles,14,Zona interurbana,Vía urbana,Colisión frontal,Buen tiempo,Pleno día,1,1,0,0,2019-08-01,via urbana,colision frontal,buen tiempo,pleno dia,zona interurbana,18cb37e2865113e634048f340e90e5e54070036f3085b4c66eba9200d49ff8a8,accidentes_raw_dgt,2026-05-09 20:40:11
2019,Alicante,8,Lunes,2,Zona interurbana,Calle,Caída de ocupante,Buen tiempo,Noche ilum. insuficiente,1,0,0,1,2019-08-01,calle,caida de ocupante,buen tiempo,noche ilum. insuficiente,zona interurbana,b480ebaca8524fee45f03a0694a21718070ce2b575d0a0ba6e2c81865736fafa,accidentes_raw_dgt,2026-05-09 20:40:11
2019,Alicante,8,Jueves,15,Zona interurbana,Vía urbana,Se desconoce,Buen tiempo,Pleno día,2,0,0,2,2019-08-01,via urbana,se desconoce,buen tiempo,pleno dia,zona interurbana,41ef109e70a58a12aa884a2719d7be88497d7b1b378950dab1c53b9227f4f4ad,accidentes_raw_dgt,2026-05-09 20:40:11
2019,Alicante,10,Viernes,23,Zona interurbana,Vía urbana,Colisión por alcance,Buen tiempo,Se desconoce,1,0,0,1,2019-10-01,via urbana,colision por alcance,buen tiempo,se desconoce,zona interurbana,c3aba2c5aaffce50be3662ad24ec9694498884a348fe759e98cd1406b1904e82,accidentes_raw_dgt,2026-05-09 20:40:11
2019,Alicante,10,Domingo,17,Zona interurbana,Vía urbana,Colisión frontolateral,Buen tiempo,Amanecer/Anochecer,2,0,0,2,2019-10-01,via urbana,colision frontolateral,buen tiempo,amanecer/anochecer,zona interurbana,2a31dee3cd372662b4b6e4859f945590ef9f55230c86a70ce59cb05d693fd7cb,accidentes_raw_dgt,2026-05-09 20:40:11
2019,Alicante,10,Miércoles,14,Zona interurbana,Vía urbana,Colisión frontolateral,Buen tiempo,Pleno día,1,0,0,1,2019-10-01,via urbana,colision frontolateral,buen tiempo,pleno dia,zona interurbana,b57d0618b4bcdc1c1520a55b6a34937f402c8e084589476d29283764f70cfb56,accidentes_raw_dgt,2026-05-09 20:40:11
2019,Alicante,11,Sábado,12,Zona interurbana,Calle,Colisión frontal,Buen tiempo,Pleno día,1,1,0,0,2019-11-01,calle,colision frontal,buen tiempo,pleno dia,zona interurbana,aae49ea590f262f6ac48c5b7ced9469d00f15c4c398533e0ff28c8cb590a4c64,accidentes_raw_dgt,2026-05-09 20:40:11
2019,Alicante,12,Viernes,18,Zona interurbana,Vía urbana,Caída de motociclista,Buen tiempo,Se desconoce,1,0,0,1,2019-12-01,via urbana,caida de motociclista,buen tiempo,se desconoce,zona interurbana,98c94daf4e5bd960b6189641a0aa2a161304529a4057f77f0c9bdfb6b9c66d98,accidentes_raw_dgt,2026-05-09 20:40:11
2019,Alicante,5,Miércoles,20,Zona interurbana,Vía convencional,Salida vía izquierda,Buen tiempo,Amanecer/Anochecer,1,0,0,1,2019-05-01,via convencional,salida via izquierda,buen tiempo,amanecer/anochecer,zona interurbana,23e2c21019bd22649075958f75d16fbf4d72454f93afcd839eb27675e4359f2a,accidentes_raw_dgt,2026-05-09 20:40:11
2019,Alicante,7,Domingo,22,Zona interurbana,Vía urbana,Colisión frontal,Buen tiempo,Se desconoce,3,0,1,2,2019-07-01,via urbana,colision frontal,buen tiempo,se desconoce,zona interurbana,15255f94f98f709cbe42458dc4c35c919e750ab2487397eecf71d4da502a04d5,accidentes_raw_dgt,2026-05-09 20:40:11
2019,Alicante,9,Lunes,18,Zona interurbana,Vía urbana,Animal en calzada,Buen tiempo,Pleno día,1,0,0,1,2019-09-01,via urbana,animal en calzada,buen tiempo,pleno dia,zona interurbana,25616f4178f09f6e156042a6eb249280d54d5b1f5331209732b5a9b2a1fae5f7,accidentes_raw_dgt,2026-05-09 20:40:11
2019,Alicante,9,Sábado,19,Zona interurbana,Vía convencional,Otro tipo,Buen tiempo,Pleno día,2,0,0,2,2019-09-01,via convencional,otro tipo,buen tiempo,pleno dia,zona interurbana,95d4362bd3cd4315d0bbe38dfa5d7fb8f0aed5f1a31d98d510907279194e3000,accidentes_raw_dgt,2026-05-09 20:40:11
2019,Alicante,11,Martes,15,Zona interurbana,Vía urbana,Atropello a peatón,Buen tiempo,Pleno día,1,0,0,1,2019-11-01,via urbana,atropello a peaton,buen tiempo,pleno dia,zona interurbana,690b51acbaa9c5edc85fe19ffa764a760eb91126f8c133b2b496243540450eaa,accidentes_raw_dgt,2026-05-09 20:40:11
2019,Alicante,12,Sábado,7,Zona interurbana,Vía convencional,Colisión frontal,Buen tiempo,Se desconoce,4,2,0,2,2019-12-01,via convencional,colision frontal,buen tiempo,se desconoce,zona interurbana,0fe1ddab30b57543f93af4a3e2d7fc229d676a28e5ee4deb2a4825d177356b76,accidentes_raw_dgt,2026-05-09 20:40:11
2019,Alicante,12,Sábado,5,Zona interurbana,Vía urbana,Salida vía izquierda,Buen tiempo,Se desconoce,1,0,0,1,2019-12-01,via urbana,salida via izquierda,buen tiempo,se desconoce,zona interurbana,da45ecf1bf77a6207d38295b402cecd99e6d6c8671792a5d525d2e001424996f,accidentes_raw_dgt,2026-05-09 20:40:11
2019,Alicante,3,Martes,13,Zona interurbana,Vía urbana,Animal en calzada,Buen tiempo,Pleno día,1,0,1,0,2019-03-01,via urbana,animal en calzada,buen tiempo,pleno dia,zona interurbana,24d884a9e09adde4f514f5a943fab24526fea745b2b8c8ef2581f405a1e648a9,accidentes_raw_dgt,2026-05-09 20:40:11
2019,Alicante,8,Miércoles,10,Zona interurbana,Vía urbana,Caída de motociclista,Buen tiempo,Pleno día,1,0,0,1,2019-08-01,via urbana,caida de motociclista,buen tiempo,pleno dia,zona interurbana,bdf27cc797d40a3b96e45913422ad961f80891145524b854ca2928ad1655efc4,accidentes_raw_dgt,2026-05-09 20:40:11
2019,Alicante,8,Jueves,12,Zona interurbana,Otro urbano,Colisión frontolateral,Buen tiempo,Pleno día,1,0,0,1,2019-08-01,otro urbano,colision frontolateral,buen tiempo,pleno dia,zona interurbana,256d98e9ee3e3c805f6c14e35721899d409c68cc3693c54778ea3f036febafd0,accidentes_raw_dgt,2026-05-09 20:40:11
2019,Alicante,11,Sábado,12,Zona interurbana,Vía urbana,Otro tipo,Lluvia,Pleno día,1,0,0,1,2019-11-01,via urbana,otro tipo,lluvia,pleno dia,zona interurbana,a77bd5e6de66e9e1a2bfbe08f0eea5988e69e7c2b4044587c57ab1e053a7dacf,accidentes_raw_dgt,2026-05-09 20:40:11
2019,Alicante,11,Domingo,10,Zona interurbana,Vía urbana,Otro tipo,Buen tiempo,Pleno día,1,0,0,1,2019-11-01,via urbana,otro tipo,buen tiempo,pleno dia,zona interurbana,b39c1d3efa910e962e3b55e8997370f0d6bd55c2b2d1795c402b61d625b6a8da,accidentes_raw_dgt,2026-05-09 20:40:11
2019,Alicante,1,Miércoles,19,Travesía,Otro,Choque obstáculo lateral,Buen tiempo,Noche sin iluminación,1,1,0,0,2019-01-01,otro,choque obstaculo lateral,buen tiempo,noche sin iluminacion,travesia,b03fe167cb5990717dfb19877150d4a4c5f6e4805b4ad99098a6cc0cbfe83f8a,accidentes_raw_dgt,2026-05-09 20:40:11
2019,Alicante,1,Lunes,19,Zona interurbana,Camino vecinal,Choque obstáculo calzada,Buen tiempo,Se desconoce,3,0,0,3,2019-01-01,camino vecinal,choque obstaculo calzada,buen tiempo,se desconoce,zona interurbana,b874ed7f13a09e5b8e0c6f1d33189f5ca701b3ecbd24a745dd8dba9b5d32504d,accidentes_raw_dgt,2026-05-09 20:40:11
2019,Alicante,1,Miércoles,8,Zona interurbana,Vía urbana,Colisión frontal,Buen tiempo,Pleno día,4,0,0,4,2019-01-01,via urbana,colision frontal,buen tiempo,pleno dia,zona interurbana,9c27727c109abd005defbcac1ab6f1a69a3f858144024969816b65c00f89ed18,accidentes_raw_dgt,2026-05-09 20:40:11
2019,Alicante,1,Viernes,1,Travesía,Otro,Se desconoce,Buen tiempo,Noche sin iluminación,1,0,0,1,2019-01-01,otro,se desconoce,buen tiempo,noche sin iluminacion,travesia,43851f52f306b05b9702ad44cd3ab93107887761724e863eccc64a5e1bc8ae12,accidentes_raw_dgt,2026-05-09 20:40:11
2019,Alicante,1,Domingo,13,Travesía,Otro,Colisión por alcance,Buen tiempo,Pleno día,1,0,0,1,2019-01-01,otro,colision por alcance,buen tiempo,pleno dia,travesia,f0f131c311ca28a0075e103fd4011d37859bd53c46b90c92aec859c578994ac3,accidentes_raw_dgt,2026-05-09 20:40:11
2019,Alicante,1,Miércoles,11,Travesía,Otro,Colisión frontolateral,Buen tiempo,Pleno día,2,0,0,2,2019-01-01,otro,colision frontolateral,buen tiempo,pleno dia,travesia,7a04507a06765b6605c071e78d9ee0e39275a3812126a7d05713e8155c4b4fa4,accidentes_raw_dgt,2026-05-09 20:40:11
2019,Alicante,1,Viernes,8,Travesía,Otro,Colisión frontolateral,Buen tiempo,Pleno día,1,0,0,1,2019-01-01,otro,colision frontolateral,buen tiempo,pleno dia,travesia,fadb90c1c496f050cefd944c8b563eb41fd49d0446dcde257a16d311d5b2a81e,accidentes_raw_dgt,2026-05-09 20:40:11
2019,Alicante,1,Lunes,8,Travesía,Otro,Choque obstáculo lateral,Buen tiempo,Pleno día,1,0,0,1,2019-01-01,otro,choque obstaculo lateral,buen tiempo,pleno dia,travesia,5f9e5489871b8a643366eefcee6b3089c6ad317b93a202af8eb9c53cb44a5202,accidentes_raw_dgt,2026-05-09 20:40:11
2019,Alicante,1,Miércoles,20,Travesía,Otro,Colisión frontal,Buen tiempo,Noche sin iluminación,1,0,0,1,2019-01-01,otro,colision frontal,buen tiempo,noche sin iluminacion,travesia,3b96b9d2dc7cd7d338d73571d7c46eefe383955e4427d8a2079f4c41b374d988,accidentes_raw_dgt,2026-05-09 20:40:11
2019,Alicante,2,Viernes,14,Zona interurbana,Vía urbana,Colisión por alcance,Lluvia,Pleno día,2,0,0,2,2019-02-01,via urbana,colision por alcance,lluvia,pleno dia,zona interurbana,d6acb3c1a79e57bcc03d976cb4d98f56edccd4cf426392e8cd4b01b965ab808b,accidentes_raw_dgt,2026-05-09 20:40:11
2019,Alicante,2,Lunes,19,Zona interurbana,Camino vecinal,Colisión por alcance,Buen tiempo,Noche sin iluminación,3,0,0,3,2019-02-01,camino vecinal,colision por alcance,buen tiempo,noche sin iluminacion,zona interurbana,ecdf40652aebdf50b736bd5f8e8c4c7b905583c9fae09404af66bf87da0237c4,accidentes_raw_dgt,2026-05-09 20:40:11
2019,Alicante,3,Lunes,17,Zona interurbana,Vía urbana,Colisión por alcance,Buen tiempo,Pleno día,1,0,0,1,2019-03-01,via urbana,colision por alcance,buen tiempo,pleno dia,zona interurbana,de83c8c1ab866148371b00e8e562bfb7b6de32104a2979788eba4982b9fe340e,accidentes_raw_dgt,2026-05-09 20:40:11