AÑO,PROVINCIA,MES,DIA_SEMANA,HORA,ZONA,TIPO_VIA,TIPO_ACCIDENTE,CONDICION_METEO,CONDICION_ILUMINACION,TOTAL_VICTIMAS,FALLECIDOS_24H,HERIDOS_GRAVES,HERIDOS_LEVES,FECHA_ACCIDENTE,TIPO_VIA_NORM,TIPO_ACCIDENTE_NORM,CONDICION_METEO_NORM,CONDICION_ILUMINACION_NORM,ZONA_NORM,ID_ACCIDENTE_HASH,source_id,load_timestamp
2019,Alicante,3,Jueves,12,Zona interurbana,Camino vecinal,Choque obstáculo calzada,Buen tiempo,Pleno día,1,0,1,0,2019-03-01,camino vecinal,choque obstaculo calzada,buen tiempo,pleno dia,zona interurbana,545fae2efd81862725c43a539e2936f33f9f58f1ccf1478825d1b40a2e1df200,accidentes_raw_dgt,2026-05-09 20:40:11
2019,Alicante,3,Jueves,9,Zona interurbana,Vía urbana,Se desconoce,Buen tiempo,Pleno día,1,0,0,1,2019-03-01,via urbana,se desconoce,buen tiempo,pleno dia,zona interurbana,2e311bdd3398de229dfc25107ce4c394f3680e178ac920ebeaa8a8fe658a7860,accidentes_raw_dgt,2026-05-09 20:40:11
2019,Alicante,1,Martes,10,Travesía,Otro,Choque obstáculo lateral,Buen tiempo,Pleno día,1,0,0,1,2019-01-01,otro,choque obstaculo lateral,buen tiempo,pleno dia,travesia,f723386d3487b4a2dab0c775fb5dc403460417fba98906052c345fd1029433e5,accidentes_raw_dgt,2026-05-09 20:40:11
2019,Alicante,1,Sábado,16,Travesía,Otro,Colisión frontolateral,Buen tiempo,Pleno día,1,0,0,1,2019-01-01,otro,colision frontolateral,buen tiempo,pleno dia,travesia,b06fa6f096dd29d013610f5e94f9c698ecc16807f9214f8e5f65dad993fb43f3,accidentes_raw_dgt,2026-05-09 20:40:11
2019,Alicante,1,Martes,13,Travesía,Otro,Colisión por alcance,Buen tiempo,Pleno día,1,0,0,1,2019-01-01,otro,colision por alcance,buen tiempo,pleno dia,travesia,123a999feadac2aaa0d52784bfa7dd84b1f2ead3493e5a125277b511b063a970,accidentes_raw_dgt,2026-05-09 20:40:11
2019,Alicante,1,Viernes,14,Travesía,Otro,Choque obstáculo lateral,Buen tiempo,Pleno día,1,0,0,1,2019-01-01,otro,choque obstaculo lateral,buen tiempo,pleno dia,travesia,ec8b19be39eb32ee923d4945f3d051320c8654747102aefc23da8d56cd4012d4,accidentes_raw_dgt,2026-05-09 20:40:11
2019,Alicante,1,Domingo,13,Travesía,Otro,Salida vía izquierda,Buen tiempo,Pleno día,2,0,0,2,2019-01-01,otro,salida via izquierda,buen tiempo,pleno dia,travesia,d4e2501734145318e12b209000cf646434ff9d3fae8bc9302dba2d7ce01f3073,accidentes_raw_dgt,2026-05-09 20:40:11
2019,Alicante,2,Lunes,22,Travesía,Otro,Choque obstáculo lateral,Buen tiempo,Noche sin iluminación,1,0,0,1,2019-02-01,otro,choque obstaculo lateral,buen tiempo,noche sin iluminacion,travesia,892cdff2d3d3f6194ac634088c7bc31a0569f86c24229df97fa5c381f2e35712,accidentes_raw_dgt,2026-05-09 20:40:11
2019,Alicante,2,Miércoles,14,Travesía,Otro,Choque obstáculo calzada,Buen tiempo,Pleno día,2,0,0,2,2019-02-01,otro,choque obstaculo calzada,buen tiempo,pleno dia,travesia,fd36d80fe16f0daad18e6cecdef36628667562afc9599540b005c7cb3310f838,accidentes_raw_dgt,2026-05-09 20:40:11
2019,Alicante,2,Miércoles,18,Travesía,Otro,Colisión frontolateral,Buen tiempo,Amanecer/Anochecer,1,0,0,1,2019-02-01,otro,colision frontolateral,buen tiempo,amanecer/anochecer,travesia,c13b38201136ca382e1deed469e8884dd12bf529309a9e18dfb70f0d6587f9cb,accidentes_raw_dgt,2026-05-09 20:40:11
2019,Alicante,2,Jueves,8,Travesía,Otro,Colisión frontolateral,Buen tiempo,Amanecer/Anochecer,1,0,0,1,2019-02-01,otro,colision frontolateral,buen tiempo,amanecer/anochecer,travesia,c43804ea600ae2f14eb2655c7dc5dec29c866b5811f39d4c053426567f5f259c,accidentes_raw_dgt,2026-05-09 20:40:11
2019,Alicante,2,Miércoles,13,Travesía,Otro,Colisión frontolateral,Buen tiempo,Pleno día,1,0,0,1,2019-02-01,otro,colision frontolateral,buen tiempo,pleno dia,travesia,a2730bca63eff58682d6bfca28d39fa7862c99e0340413cba489ce86d989a4d1,accidentes_raw_dgt,2026-05-09 20:40:11
2019,Alicante,2,Sábado,16,Travesía,Otro,Colisión frontolateral,Buen tiempo,Pleno día,2,0,0,2,2019-02-01,otro,colision frontolateral,buen tiempo,pleno dia,travesia,b7d7b92afabba5625431bca1c7e84fc608e34210ffbc3b406962facaaec1dda4,accidentes_raw_dgt,2026-05-09 20:40:11
2019,Alicante,2,Lunes,20,Travesía,Otro,Choque obstáculo lateral,Buen tiempo,Noche sin iluminación,1,0,0,1,2019-02-01,otro,choque obstaculo lateral,buen tiempo,noche sin iluminacion,travesia,9b6dc42334a8c2bb7c4854e7bb73cf68fbc2e31ff4e1e7d1aa861e087bcccca0,accidentes_raw_dgt,2026-05-09 20:40:11
2019,Alicante,2,Miércoles,17,Travesía,Otro,Salida vía izquierda,Buen tiempo,Pleno día,1,0,0,1,2019-02-01,otro,salida via izquierda,buen tiempo,pleno dia,travesia,f6641c06da157a04f1499bb365f2db910517cff068c821217ec1838e93db5e7a,accidentes_raw_dgt,2026-05-09 20:40:11
2019,Alicante,2,Sábado,10,Travesía,Otro,Colisión frontolateral,Buen tiempo,Pleno día,4,0,0,4,2019-02-01,otro,colision frontolateral,buen tiempo,pleno dia,travesia,44512bcbfd6b5f9855fa928cb6615a6c8041d6ed678b56fb310518ff4dbebade,accidentes_raw_dgt,2026-05-09 20:40:11
2019,Alicante,4,Miércoles,10,Zona interurbana,Camino vecinal,Colisión frontolateral,Buen tiempo,Pleno día,1,0,0,1,2019-04-01,camino vecinal,colision frontolateral,buen tiempo,pleno dia,zona interurbana,be5220c4102d65865bde1ef9740d3d2093a02192e5773c56f23e27d917f17958,accidentes_raw_dgt,2026-05-09 20:40:11
2019,Alicante,3,Domingo,17,Zona interurbana,Vía urbana,Caída de motociclista,Granizo,Pleno día,1,0,0,1,2019-03-01,via urbana,caida de motociclista,granizo,pleno dia,zona interurbana,28de56db50a1c9310f4eb478927dcc471f90a95c5d2c0eac1a3eb6f278987a29,accidentes_raw_dgt,2026-05-09 20:40:11
2019,Alicante,4,Lunes,9,Zona interurbana,Vía urbana,Colisión lateral,Buen tiempo,Pleno día,1,0,0,1,2019-04-01,via urbana,colision lateral,buen tiempo,pleno dia,zona interurbana,b68f7a167ad7b17c4e9279f74fb9310d9a3bbeddafd871c7f1373c34c0f20ca6,accidentes_raw_dgt,2026-05-09 20:40:11
2019,Alicante,4,Martes,8,Zona interurbana,Vía urbana,Caída de motociclista,Buen tiempo,Pleno día,1,0,0,1,2019-04-01,via urbana,caida de motociclista,buen tiempo,pleno dia,zona interurbana,2a4dec7808a09075723ebab25387412bf5a2746a4a2b84c998027013c1f78014,accidentes_raw_dgt,2026-05-09 20:40:11
2019,Alicante,4,Jueves,12,Zona interurbana,Vía urbana,Colisión por alcance,Buen tiempo,Pleno día,1,0,0,1,2019-04-01,via urbana,colision por alcance,buen tiempo,pleno dia,zona interurbana,e4ac7c04eba2bb01b47a439a523bf1b6b27b5f668721e794d23faef730620b42,accidentes_raw_dgt,2026-05-09 20:40:11
2019,Alicante,4,Lunes,14,Zona interurbana,Vía urbana,Atropello a peatón,Buen tiempo,Pleno día,1,0,0,1,2019-04-01,via urbana,atropello a peaton,buen tiempo,pleno dia,zona interurbana,f6563999cf206aa7c0113c3378785452f0950c37bf22742c5b8cf79ac3d2e2fb,accidentes_raw_dgt,2026-05-09 20:40:11
2019,Alicante,4,Miércoles,14,Zona interurbana,Vía urbana,Colisión múltiple,Buen tiempo,Pleno día,2,0,0,2,2019-04-01,via urbana,colision multiple,buen tiempo,pleno dia,zona interurbana,2d9ca3096035d24abac234ad67a7200f1be924fa5908ef4ca2ebcbed8bf07bab,accidentes_raw_dgt,2026-05-09 20:40:11
2019,Alicante,5,Viernes,13,Zona interurbana,Vía urbana,Colisión por alcance,Buen tiempo,Pleno día,1,0,0,1,2019-05-01,via urbana,colision por alcance,buen tiempo,pleno dia,zona interurbana,7ac35f30c3aa2997fc8d3c577a49b6353588c1bc426045ae7d44044953549551,accidentes_raw_dgt,2026-05-09 20:40:11
2019,Alicante,5,Jueves,8,Zona interurbana,Vía urbana,Colisión por alcance,Buen tiempo,Pleno día,3,0,0,3,2019-05-01,via urbana,colision por alcance,buen tiempo,pleno dia,zona interurbana,12004090b1c7195a8f5ede93bb833971dc49054a35918c64586f7f1127ab22cf,accidentes_raw_dgt,2026-05-09 20:40:11
2019,Alicante,5,Martes,9,Zona interurbana,Vía urbana,Colisión frontolateral,Buen tiempo,Pleno día,1,0,0,1,2019-05-01,via urbana,colision frontolateral,buen tiempo,pleno dia,zona interurbana,625a9c770505e881e9288f09e2099d60025ed5fc470649bc97aa7e40a1f67e13,accidentes_raw_dgt,2026-05-09 20:40:11
2019,Alicante,5,Lunes,20,Zona interurbana,Vía urbana,Otro tipo,Buen tiempo,Pleno día,1,0,0,1,2019-05-01,via urbana,otro tipo,buen tiempo,pleno dia,zona interurbana,0c4d6bf3265be8b2d1fb8b985782b838fb5485844ca52fed0d80464be4328ce2,accidentes_raw_dgt,2026-05-09 20:40:11
2019,Alicante,5,Miércoles,11,Zona interurbana,Vía urbana,Colisión por alcance,Buen tiempo,Pleno día,4,0,0,4,2019-05-01,via urbana,colision por alcance,buen tiempo,pleno dia,zona interurbana,c864021c8f2bf3ad3d713c75125a7da8d3f10712d9e633f49f681af79b41146b,accidentes_raw_dgt,2026-05-09 20:40:11
2019,Alicante,5,Lunes,1,Zona interurbana,Vía urbana,Otro tipo,Buen tiempo,Se desconoce,1,0,1,0,2019-05-01,via urbana,otro tipo,buen tiempo,se desconoce,zona interurbana,74e595547095f3b0baf08a8587147685d4c1ff52cac4b1cacb0b56123ac79af1,accidentes_raw_dgt,2026-05-09 20:40:11
2019,Alicante,6,Lunes,15,Zona interurbana,Vía urbana,Colisión por alcance,Buen tiempo,Pleno día,2,0,0,2,2019-06-01,via urbana,colision por alcance,buen tiempo,pleno dia,zona interurbana,28789a01958becdb8f9c4359d30b212017e6b864a91c88d62a921801d05024c5,accidentes_raw_dgt,2026-05-09 20:40:11
2019,Alicante,6,Martes,19,Zona interurbana,Vía urbana,Colisión múltiple,Buen tiempo,Pleno día,2,0,0,2,2019-06-01,via urbana,colision multiple,buen tiempo,pleno dia,zona interurbana,3c74149664dcf7405b75f5203454f1ced1ea3487f2f4c3cc3fed064613cdeaae,accidentes_raw_dgt,2026-05-09 20:40:11
2019,Alicante,7,Martes,15,Zona interurbana,Vía urbana,Colisión por alcance,Buen tiempo,Pleno día,1,1,0,0,2019-07-01,via urbana,colision por alcance,buen tiempo,pleno dia,zona interurbana,08f88745513481cad0adf1ae0b225d6167ec690c2bc6d38558cb8ae399ce3bdb,accidentes_raw_dgt,2026-05-09 20:40:11
2019,Alicante,7,Martes,14,Zona interurbana,Vía urbana,Colisión por alcance,Buen tiempo,Pleno día,1,0,0,1,2019-07-01,via urbana,colision por alcance,buen tiempo,pleno dia,zona interurbana,b914d613c73fdf0799fee7084089c159b41636d61254f83a347f2c651eb1efa0,accidentes_raw_dgt,2026-05-09 20:40:11
2019,Alicante,7,Jueves,21,Zona interurbana,Vía urbana,Colisión lateral,Buen tiempo,Noche sin iluminación,3,0,0,3,2019-07-01,via urbana,colision lateral,buen tiempo,noche sin iluminacion,zona interurbana,7ec7bbd3677bee60f1e0c58b2967299b9985afad73acfde38966d76f30cc4f88,accidentes_raw_dgt,2026-05-09 20:40:11
2019,Alicante,7,Miércoles,8,Zona interurbana,Camino vecinal,Colisión frontolateral,Buen tiempo,Pleno día,1,0,0,1,2019-07-01,camino vecinal,colision frontolateral,buen tiempo,pleno dia,zona interurbana,89c1baf80810ed35b8cc4ab4bb30da6136d5ad7d4c0442988ed519e0dd68fc5e,accidentes_raw_dgt,2026-05-09 20:40:11
2019,Alicante,7,Viernes,19,Zona interurbana,Camino vecinal,Colisión por alcance,Buen tiempo,Pleno día,3,0,0,3,2019-07-01,camino vecinal,colision por alcance,buen tiempo,pleno dia,zona interurbana,6a0a323dee59cd417b5071ea2a375702d16a9c40afe1f72ac8bf5d605b7c2c9d,accidentes_raw_dgt,2026-05-09 20:40:11
2019,Alicante,7,Domingo,7,Zona interurbana,Vía urbana,Colisión frontolateral,Buen tiempo,Pleno día,1,0,0,1,2019-07-01,via urbana,colision frontolateral,buen tiempo,pleno dia,zona interurbana,d81c15506dffe8152eec8216c52eb7b7524fa7dc78010196d3e71c489f75001d,accidentes_raw_dgt,2026-05-09 20:40:11
2019,Alicante,8,Miércoles,21,Zona interurbana,Vía urbana,Colisión por alcance,Lluvia,Noche sin iluminación,2,0,0,2,2019-08-01,via urbana,colision por alcance,lluvia,noche sin iluminacion,zona interurbana,ef98552e86cf708b5dd4818acf9c9c6537c65fd2ee957bdd5ab7b2d0b165eb32,accidentes_raw_dgt,2026-05-09 20:40:11
2019,Alicante,8,Miércoles,16,Zona interurbana,Vía urbana,Se desconoce,Buen tiempo,Pleno día,1,0,0,1,2019-08-01,via urbana,se desconoce,buen tiempo,pleno dia,zona interurbana,e428a291b4cc64ad5a76caa402f5ad45cfd5ebf4ab25a4fb7cc55abd60c8eaa0,accidentes_raw_dgt,2026-05-09 20:40:11
2019,Alicante,8,Domingo,18,Zona interurbana,Vía urbana,Colisión múltiple,Buen tiempo,Pleno día,2,0,0,2,2019-08-01,via urbana,colision multiple,buen tiempo,pleno dia,zona interurbana,190510626ea606a4d5e2dbb4136665d8b6a65cdaaaec3ffd7050310533643d1d,accidentes_raw_dgt,2026-05-09 20:40:11
2019,Alicante,8,Martes,10,Zona interurbana,Vía urbana,Choque obstáculo lateral,Buen tiempo,Pleno día,1,1,0,0,2019-08-01,via urbana,choque obstaculo lateral,buen tiempo,pleno dia,zona interurbana,a24cc8ec4a0372f4ee302b06ab294d0d4b642a48421e3ae09aac66681398c31e,accidentes_raw_dgt,2026-05-09 20:40:11
2019,Alicante,8,Sábado,13,Zona interurbana,Vía de servicio,Animal en calzada,Buen tiempo,Pleno día,1,0,0,1,2019-08-01,via de servicio,animal en calzada,buen tiempo,pleno dia,zona interurbana,36a02b1565e32306fd78dab5b7052e6404d92d23ccda8d6d3e72f464b7374239,accidentes_raw_dgt,2026-05-09 20:40:11
2019,Alicante,9,Martes,14,Zona interurbana,Camino vecinal,Colisión múltiple,Buen tiempo,Pleno día,1,0,0,1,2019-09-01,camino vecinal,colision multiple,buen tiempo,pleno dia,zona interurbana,41667f6e2629360aecaf00b20f8732e3310417ebd54b24981ad43a6456e164bc,accidentes_raw_dgt,2026-05-09 20:40:11
2019,Alicante,9,Lunes,10,Zona interurbana,Vía urbana,Colisión frontal,Buen tiempo,Pleno día,2,0,0,2,2019-09-01,via urbana,colision frontal,buen tiempo,pleno dia,zona interurbana,52144ce705561eb2770a85f804ff8822982c060fcb31964a7a3441c1cd4a5649,accidentes_raw_dgt,2026-05-09 20:40:11
2019,Alicante,9,Martes,15,Zona interurbana,Vía urbana,Colisión múltiple,Buen tiempo,Pleno día,1,0,0,1,2019-09-01,via urbana,colision multiple,buen tiempo,pleno dia,zona interurbana,931d2d38860931328dabaf84e10d271d4f804783af43ecd645012db21f10b251,accidentes_raw_dgt,2026-05-09 20:40:11
2019,Alicante,9,Jueves,22,Zona interurbana,Vía urbana,Colisión frontolateral,Buen tiempo,Noche sin iluminación,1,0,0,1,2019-09-01,via urbana,colision frontolateral,buen tiempo,noche sin iluminacion,zona interurbana,f0ce886ca0b36db682c1050bc041f5cf132ee50351caa4ecfa115e4288c6d6b0,accidentes_raw_dgt,2026-05-09 20:40:11
2019,Alicante,10,Miércoles,20,Zona interurbana,Camino vecinal,Otro tipo,Buen tiempo,Se desconoce,1,0,0,1,2019-10-01,camino vecinal,otro tipo,buen tiempo,se desconoce,zona interurbana,1593a32a7527834ce61f217da68cf28f6e52dbc96b1b5ab9faa21a23e7bb5e24,accidentes_raw_dgt,2026-05-09 20:40:11
2019,Alicante,10,Jueves,17,Zona interurbana,Vía urbana,Colisión por alcance,Buen tiempo,Pleno día,4,0,0,4,2019-10-01,via urbana,colision por alcance,buen tiempo,pleno dia,zona interurbana,bba155c5f227c6e52a8b2707a13e817137cbac50806b4822f99bbf0778c3f8fd,accidentes_raw_dgt,2026-05-09 20:40:11
2019,Alicante,11,Martes,19,Zona interurbana,Vía urbana,Colisión por alcance,Buen tiempo,Noche sin iluminación,1,0,0,1,2019-11-01,via urbana,colision por alcance,buen tiempo,noche sin iluminacion,zona interurbana,7f424708103a507cc1b091eca49dae3f57164ebccc27302847c579d05f85fbf9,accidentes_raw_dgt,2026-05-09 20:40:11
2019,Alicante,11,Sábado,19,Zona interurbana,Vía urbana,Colisión frontolateral,Buen tiempo,Se desconoce,1,0,0,1,2019-11-01,via urbana,colision frontolateral,buen tiempo,se desconoce,zona interurbana,ea4284b8fb98fd27ea50da86f101ebfb99543b9c525c02a8b92020cf631a1995,accidentes_raw_dgt,2026-05-09 20:40:11
2019,Alicante,11,Viernes,18,Zona interurbana,Camino vecinal,Choque obstáculo lateral,Buen tiempo,Noche sin iluminación,1,0,1,0,2019-11-01,camino vecinal,choque obstaculo lateral,buen tiempo,noche sin iluminacion,zona interurbana,b2ca4c32632ea0aed838cbd24b30911f556f126a33f75f844f675fe391389532,accidentes_raw_dgt,2026-05-09 20:40:11
2019,Alicante,3,Domingo,16,Travesía,Otro,Se desconoce,Buen tiempo,Pleno día,1,0,0,1,2019-03-01,otro,se desconoce,buen tiempo,pleno dia,travesia,eb2be95b2461aa3eade55ce250f7be79d3f064a6486967926acb5d4810edd63c,accidentes_raw_dgt,2026-05-09 20:40:11
2019,Alicante,4,Martes,18,Travesía,Otro,Colisión frontolateral,Buen tiempo,Pleno día,2,0,0,2,2019-04-01,otro,colision frontolateral,buen tiempo,pleno dia,travesia,34079c88ce637a0eb2931302db38e3dc0a958a40ad83553069e20a8579fa6691,accidentes_raw_dgt,2026-05-09 20:40:11
2019,Alicante,5,Viernes,17,Travesía,Otro,Colisión por alcance,Buen tiempo,Pleno día,1,0,0,1,2019-05-01,otro,colision por alcance,buen tiempo,pleno dia,travesia,b45b7246ed2a1e2197de5b08281b35a16d5be26274f250f326d25eb322b9bef5,accidentes_raw_dgt,2026-05-09 20:40:11
2019,Alicante,5,Jueves,21,Travesía,Otro,Colisión frontolateral,Buen tiempo,Noche sin iluminación,1,0,0,1,2019-05-01,otro,colision frontolateral,buen tiempo,noche sin iluminacion,travesia,f476ef220e571593579ae60582fe52a888309b21d4a01cf1cd56a14084d9db27,accidentes_raw_dgt,2026-05-09 20:40:11
2019,Alicante,5,Sábado,21,Travesía,Otro,Colisión frontolateral,Buen tiempo,Noche sin iluminación,2,0,0,2,2019-05-01,otro,colision frontolateral,buen tiempo,noche sin iluminacion,travesia,f0e6a61a0b0037aa12879a3ba580a7b84ef77cd5a8a39f1832589d6390b7fa66,accidentes_raw_dgt,2026-05-09 20:40:11
2019,Alicante,5,Lunes,10,Travesía,Otro,Colisión frontolateral,Buen tiempo,Pleno día,1,0,0,1,2019-05-01,otro,colision frontolateral,buen tiempo,pleno dia,travesia,15811bd57b46d0025f3a839bb785419c90f4f22518025a487979085da2c6a189,accidentes_raw_dgt,2026-05-09 20:40:11
2019,Alicante,5,Miércoles,7,Travesía,Otro,Choque obstáculo lateral,Buen tiempo,Amanecer/Anochecer,1,0,0,1,2019-05-01,otro,choque obstaculo lateral,buen tiempo,amanecer/anochecer,travesia,60cafa03272449d4129f58adaa38cc9604e1d4c9c74362084ac4fac09b4d6f0d,accidentes_raw_dgt,2026-05-09 20:40:11
2019,Alicante,5,Viernes,12,Travesía,Otro,Se desconoce,Buen tiempo,Pleno día,1,0,0,1,2019-05-01,otro,se desconoce,buen tiempo,pleno dia,travesia,0315b4020af3eccab7706679580ac87a710d82970733b8719e70af9b57e7b9e6,accidentes_raw_dgt,2026-05-09 20:40:11
2019,Alicante,5,Sábado,12,Travesía,Otro,Colisión frontolateral,Buen tiempo,Pleno día,1,0,0,1,2019-05-01,otro,colision frontolateral,buen tiempo,pleno dia,travesia,4bf983753a3d8b68554e38787e662d05f499a9032edff2c300e17ac9d7b566b1,accidentes_raw_dgt,2026-05-09 20:40:11
2019,Alicante,5,Sábado,22,Travesía,Otro,Choque obstáculo lateral,Buen tiempo,Noche sin iluminación,1,0,0,1,2019-05-01,otro,choque obstaculo lateral,buen tiempo,noche sin iluminacion,travesia,d6b905bd0b0fdb7bb999d9fc4cac64fafc566755ad2801448bf652febd869610,accidentes_raw_dgt,2026-05-09 20:40:11
2019,Alicante,5,Lunes,12,Travesía,Otro,Colisión frontolateral,Buen tiempo,Pleno día,1,0,0,1,2019-05-01,otro,colision frontolateral,buen tiempo,pleno dia,travesia,fff81139a7dd8a3a48f462347a5611b8e0b84258237d5d3d8c95204f3bb6e3f0,accidentes_raw_dgt,2026-05-09 20:40:11
2019,Alicante,5,Jueves,17,Travesía,Otro,Colisión frontolateral,Buen tiempo,Pleno día,1,0,0,1,2019-05-01,otro,colision frontolateral,buen tiempo,pleno dia,travesia,32e0398ac75050fcd3a5eafe039e112e21f2525174a9cc59547284a1d9433a40,accidentes_raw_dgt,2026-05-09 20:40:11
2019,Alicante,5,Martes,12,Travesía,Otro,Colisión frontolateral,Buen tiempo,Pleno día,4,0,0,4,2019-05-01,otro,colision frontolateral,buen tiempo,pleno dia,travesia,b9102e884eb1d49c328fbaa4b130e043a74a8749e573a4b6c68aa875f2e5e9e8,accidentes_raw_dgt,2026-05-09 20:40:11
2019,Alicante,5,Viernes,9,Travesía,Otro,Colisión frontolateral,Buen tiempo,Pleno día,1,0,0,1,2019-05-01,otro,colision frontolateral,buen tiempo,pleno dia,travesia,28b51b9809bf29259b60ea6c65ba866c148e19c46aa9353fafe4b5d3b58cf6e5,accidentes_raw_dgt,2026-05-09 20:40:11
2019,Alicante,5,Viernes,16,Travesía,Otro,Colisión frontolateral,Buen tiempo,Pleno día,1,0,0,1,2019-05-01,otro,colision frontolateral,buen tiempo,pleno dia,travesia,727a25d0f92f6ff003501c8b8814da9125baf12a8930a2c86607370a92e18adf,accidentes_raw_dgt,2026-05-09 20:40:11
2019,Alicante,6,Domingo,14,Travesía,Otro,Se desconoce,Buen tiempo,Pleno día,2,0,0,2,2019-06-01,otro,se desconoce,buen tiempo,pleno dia,travesia,3bc098c10285bf1e6e0c956a60dfe2ad4fe360aaa50e2f2d99584e27ec1b12b7,accidentes_raw_dgt,2026-05-09 20:40:11
2019,Alicante,6,Domingo,17,Travesía,Otro,Colisión frontolateral,Buen tiempo,Pleno día,2,0,0,2,2019-06-01,otro,colision frontolateral,buen tiempo,pleno dia,travesia,6103eaafbedc45c707252162c622c99d1377566a56c55db8fb029270f33d2374,accidentes_raw_dgt,2026-05-09 20:40:11
2019,Alicante,6,Domingo,16,Travesía,Otro,Colisión frontolateral,Buen tiempo,Pleno día,2,0,0,2,2019-06-01,otro,colision frontolateral,buen tiempo,pleno dia,travesia,20de50c5e5cbd4d4110ad1933c7f7d9e1de584fa17a3d161b0710798dd79b439,accidentes_raw_dgt,2026-05-09 20:40:11
2019,Alicante,6,Martes,1,Travesía,Otro,Colisión frontolateral,Buen tiempo,Noche sin iluminación,2,0,0,2,2019-06-01,otro,colision frontolateral,buen tiempo,noche sin iluminacion,travesia,bfe9c3c5714f2f370608330e63f3c515344594b2c79c2656931d853b17146e71,accidentes_raw_dgt,2026-05-09 20:40:11
2019,Alicante,6,Miércoles,14,Travesía,Otro,Colisión frontolateral,Buen tiempo,Pleno día,2,0,0,2,2019-06-01,otro,colision frontolateral,buen tiempo,pleno dia,travesia,357c08aaae039838b09aeb5b1ea24dfdc71e482d1c3f6746c6b12e8fa8c5fd50,accidentes_raw_dgt,2026-05-09 20:40:11
2019,Alicante,6,Jueves,18,Travesía,Otro,Choque obstáculo lateral,Buen tiempo,Pleno día,1,0,0,1,2019-06-01,otro,choque obstaculo lateral,buen tiempo,pleno dia,travesia,8b0f03858cd08f401a7ffc4e119bc12bff1e50cacb1328ec913f506598720c0a,accidentes_raw_dgt,2026-05-09 20:40:11
2019,Alicante,6,Sábado,19,Travesía,Otro,Colisión lateral,Buen tiempo,Amanecer/Anochecer,2,0,0,2,2019-06-01,otro,colision lateral,buen tiempo,amanecer/anochecer,travesia,9cf876e274c8bbc32e1ad874ee32f4d7c10c9a3f14a77931ea1f27acedad9d09,accidentes_raw_dgt,2026-05-09 20:40:11
2019,Alicante,6,Lunes,9,Zona interurbana,Vía urbana,Animal en calzada,Buen tiempo,Pleno día,1,0,0,1,2019-06-01,via urbana,animal en calzada,buen tiempo,pleno dia,zona interurbana,df3c5a3eab925a314bfab4065c357c33cefff08fe1e4bd9fd470ed94500a37aa,accidentes_raw_dgt,2026-05-09 20:40:11
2019,Alicante,6,Martes,0,Travesía,Otro,Caída de motociclista,Buen tiempo,Noche sin iluminación,1,0,0,1,2019-06-01,otro,caida de motociclista,buen tiempo,noche sin iluminacion,travesia,5ad0732245eb48b78a407845318a37a8d3205589914d1cad33d898fd43d8283d,accidentes_raw_dgt,2026-05-09 20:40:11
2019,Alicante,6,Miércoles,12,Travesía,Otro,Colisión lateral,Buen tiempo,Pleno día,1,0,0,1,2019-06-01,otro,colision lateral,buen tiempo,pleno dia,travesia,485419d81203cab12d4ca99c7f567f62b0c54ca876dcd3b9e6fce67862fa668d,accidentes_raw_dgt,2026-05-09 20:40:11
2019,Alicante,6,Viernes,19,Travesía,Otro,Colisión frontal,Buen tiempo,Amanecer/Anochecer,1,0,0,1,2019-06-01,otro,colision frontal,buen tiempo,amanecer/anochecer,travesia,d6f9272a493a018a93c71b36fa51b25a971881d9a13b3fe23fdb9309c60a8b4a,accidentes_raw_dgt,2026-05-09 20:40:11
2019,Alicante,6,Domingo,15,Travesía,Otro,Choque obstáculo lateral,Buen tiempo,Pleno día,1,0,0,1,2019-06-01,otro,choque obstaculo lateral,buen tiempo,pleno dia,travesia,2a0a5f36a397d7ef63edd9962270a19ee9220e9752f53093fb8161ac7ec4c133,accidentes_raw_dgt,2026-05-09 20:40:11
2019,Alicante,11,Domingo,20,Zona interurbana,Camino vecinal,Choque obstáculo lateral,Buen tiempo,Noche sin iluminación,2,0,1,0,2019-11-01,camino vecinal,choque obstaculo lateral,buen tiempo,noche sin iluminacion,zona interurbana,cf7dee3443a859943d9ecf558fe5cf260f9acb4150b5d18d8b2e04be1cc3ca54,accidentes_raw_dgt,2026-05-09 20:40:11
2019,Alicante,11,Martes,14,Zona interurbana,Camino vecinal,Colisión frontolateral,Buen tiempo,Pleno día,1,0,0,1,2019-11-01,camino vecinal,colision frontolateral,buen tiempo,pleno dia,zona interurbana,cea1f4fe80650694ba7c091535a1310003f8eca812c75d72e5d8043d23ee5068,accidentes_raw_dgt,2026-05-09 20:40:11