AÑO,PROVINCIA,MES,DIA_SEMANA,HORA,ZONA,TIPO_VIA,TIPO_ACCIDENTE,CONDICION_METEO,CONDICION_ILUMINACION,TOTAL_VICTIMAS,FALLECIDOS_24H,HERIDOS_GRAVES,HERIDOS_LEVES,FECHA_ACCIDENTE,TIPO_VIA_NORM,TIPO_ACCIDENTE_NORM,CONDICION_METEO_NORM,CONDICION_ILUMINACION_NORM,ZONA_NORM,ID_ACCIDENTE_HASH,source_id,load_timestamp
2019,Alicante,6,Domingo,20,Travesía,Otro,Colisión lateral,Buen tiempo,Amanecer/Anochecer,1,0,0,1,2019-06-01,otro,colision lateral,buen tiempo,amanecer/anochecer,travesia,7ddb44478c5fe21a66e7bfe6594e37ad8cc2a5913ec3261a3bda69db8790c92c,accidentes_raw_dgt,2026-05-09 20:40:11
2019,Alicante,7,Domingo,10,Travesía,Otro,Colisión frontolateral,Buen tiempo,Pleno día,1,0,0,1,2019-07-01,otro,colision frontolateral,buen tiempo,pleno dia,travesia,5243263d41cab9e1cbdcf5a638902b4ca036661f51cc76c33d466852cdec166b,accidentes_raw_dgt,2026-05-09 20:40:11
2019,Alicante,7,Lunes,20,Travesía,Otro,Colisión frontal,Buen tiempo,Amanecer/Anochecer,1,0,0,1,2019-07-01,otro,colision frontal,buen tiempo,amanecer/anochecer,travesia,173deaaf2f52bf79f028106fdbb995142cd7d77fc8b15cfa2a82d93c13f76f3c,accidentes_raw_dgt,2026-05-09 20:40:11
2019,Alicante,5,Miércoles,18,Travesía,Otro,Choque obstáculo lateral,Buen tiempo,Amanecer/Anochecer,1,0,0,1,2019-05-01,otro,choque obstaculo lateral,buen tiempo,amanecer/anochecer,travesia,d39e33ac6a35ca572877c43674ef7e014d2f3387b84fd577b9e6f3357132b1ae,accidentes_raw_dgt,2026-05-09 20:40:11
2019,Alicante,7,Sábado,1,Travesía,Otro,Colisión frontolateral,Buen tiempo,Noche sin iluminación,1,0,0,1,2019-07-01,otro,colision frontolateral,buen tiempo,noche sin iluminacion,travesia,4c92b97852bfee9020336fd71929b50c7ca9fc7180ed2f647f925af7b844ed1b,accidentes_raw_dgt,2026-05-09 20:40:11
2019,Alicante,7,Sábado,4,Travesía,Otro,Colisión lateral,Buen tiempo,Noche sin iluminación,2,0,0,2,2019-07-01,otro,colision lateral,buen tiempo,noche sin iluminacion,travesia,d5358ec522f20c55c089c1c659977c1528566c9c9428ae56f7c415d1158ecbf9,accidentes_raw_dgt,2026-05-09 20:40:11
2019,Alicante,7,Martes,20,Travesía,Otro,Colisión frontolateral,Buen tiempo,Amanecer/Anochecer,1,0,0,1,2019-07-01,otro,colision frontolateral,buen tiempo,amanecer/anochecer,travesia,f99b90e11b1e5221e17404a4053b15a327d726be2b5d433016e7e84b9c0d4fe5,accidentes_raw_dgt,2026-05-09 20:40:11
2019,Alicante,7,Viernes,9,Travesía,Otro,Colisión frontolateral,Buen tiempo,Pleno día,1,0,0,1,2019-07-01,otro,colision frontolateral,buen tiempo,pleno dia,travesia,0b94cd5e95afb17f118c0ed090fa2621bae55c692e2f7b13948c7d805985974e,accidentes_raw_dgt,2026-05-09 20:40:11
2019,Alicante,7,Miércoles,11,Travesía,Otro,Colisión frontolateral,Buen tiempo,Pleno día,1,0,0,1,2019-07-01,otro,colision frontolateral,buen tiempo,pleno dia,travesia,8ca1c1cf209e917138ebf0abb7def4540c27e996b25da99b978f3657bed9ea17,accidentes_raw_dgt,2026-05-09 20:40:11
2019,Alicante,7,Jueves,10,Travesía,Otro,Colisión por alcance,Buen tiempo,Pleno día,4,0,0,4,2019-07-01,otro,colision por alcance,buen tiempo,pleno dia,travesia,864e30ed8784e9cd8adca9764fb524791ccd9d36e6d2a31067369a5173b6eb25,accidentes_raw_dgt,2026-05-09 20:40:11
2019,Alicante,7,Jueves,10,Travesía,Otro,Choque obstáculo lateral,Buen tiempo,Pleno día,1,0,0,1,2019-07-01,otro,choque obstaculo lateral,buen tiempo,pleno dia,travesia,35edaef5199e008dbc05235dec38c950243c3db4f353f865d24722d8ff959e77,accidentes_raw_dgt,2026-05-09 20:40:11
2019,Alicante,7,Martes,2,Travesía,Otro,Salida vía izquierda,Buen tiempo,Noche sin iluminación,2,0,0,2,2019-07-01,otro,salida via izquierda,buen tiempo,noche sin iluminacion,travesia,f69b0e3717c397d562c3d2a419895ef63413a5ba0636da66ac2039fbd70fd211,accidentes_raw_dgt,2026-05-09 20:40:11
2019,Alicante,8,Viernes,9,Travesía,Otro,Colisión por alcance,Buen tiempo,Pleno día,1,0,0,1,2019-08-01,otro,colision por alcance,buen tiempo,pleno dia,travesia,0252656a94fd2e920b5d3eb4ba1bbb903af8091c9da4efff6886eaf43b09fe80,accidentes_raw_dgt,2026-05-09 20:40:11
2019,Alicante,8,Sábado,14,Travesía,Otro,Colisión por alcance,Buen tiempo,Pleno día,1,0,0,1,2019-08-01,otro,colision por alcance,buen tiempo,pleno dia,travesia,a62699c162816b54c117677cdca8c99c68c4554e25fde9e8bf9278897c7d53ca,accidentes_raw_dgt,2026-05-09 20:40:11
2019,Alicante,8,Domingo,18,Travesía,Otro,Colisión frontolateral,Buen tiempo,Pleno día,1,0,0,1,2019-08-01,otro,colision frontolateral,buen tiempo,pleno dia,travesia,a138ab3bd14d1133a8dfc665d1f840382c0e76ecbdc44a00130198c329888dde,accidentes_raw_dgt,2026-05-09 20:40:11
2019,Alicante,8,Viernes,23,Zona interurbana,Vía urbana,Colisión frontolateral,Buen tiempo,Noche sin iluminación,1,0,0,1,2019-08-01,via urbana,colision frontolateral,buen tiempo,noche sin iluminacion,zona interurbana,b45048bf83d0e17f9499d615d94c94b7eb72c7925a32a6eadbf56b7e0181833a,accidentes_raw_dgt,2026-05-09 20:40:11
2019,Alicante,7,Viernes,22,Travesía,Otro,Salida vía izquierda,Buen tiempo,Noche sin iluminación,4,0,0,4,2019-07-01,otro,salida via izquierda,buen tiempo,noche sin iluminacion,travesia,a778f7d3184ddb36132dbf673480577582a0da25483264c4bdf2f156bf75ab94,accidentes_raw_dgt,2026-05-09 20:40:11
2019,Alicante,8,Viernes,0,Travesía,Otro,Colisión frontolateral,Buen tiempo,Noche sin iluminación,4,0,0,4,2019-08-01,otro,colision frontolateral,buen tiempo,noche sin iluminacion,travesia,878993918fc2c41684ca7c581870134b012d504e4bd7d2313b6a3634ab41cc07,accidentes_raw_dgt,2026-05-09 20:40:11
2019,Alicante,8,Martes,23,Travesía,Otro,Choque obstáculo lateral,Buen tiempo,Noche sin iluminación,1,0,0,1,2019-08-01,otro,choque obstaculo lateral,buen tiempo,noche sin iluminacion,travesia,dc727ebc0766b63dc7f10e9e393f53b9083ebf41295af66f51c1a62470d8abe5,accidentes_raw_dgt,2026-05-09 20:40:11
2019,Alicante,8,Miércoles,7,Travesía,Otro,Colisión frontolateral,Buen tiempo,Amanecer/Anochecer,1,0,0,1,2019-08-01,otro,colision frontolateral,buen tiempo,amanecer/anochecer,travesia,13138993ff1ce9cbc0b4fe4a89d405ced13f06ce3baf40e52590d1ca073e71d6,accidentes_raw_dgt,2026-05-09 20:40:11
2019,Alicante,8,Viernes,20,Travesía,Otro,Salida vía izquierda,Buen tiempo,Pleno día,1,0,0,1,2019-08-01,otro,salida via izquierda,buen tiempo,pleno dia,travesia,1ce7bdf71376bafe03ac77bdbc692d33f8f5a92927186880c72729b96c03f9e4,accidentes_raw_dgt,2026-05-09 20:40:11
2019,Alicante,8,Domingo,22,Travesía,Otro,Choque obstáculo lateral,Buen tiempo,Noche sin iluminación,1,0,0,1,2019-08-01,otro,choque obstaculo lateral,buen tiempo,noche sin iluminacion,travesia,6317984746f7082680fb3ce0ea4fc5f9ae37a06491010084a784ee8568021e23,accidentes_raw_dgt,2026-05-09 20:40:11
2019,Alicante,8,Lunes,1,Travesía,Otro,Salida vía izquierda,Buen tiempo,Noche sin iluminación,2,0,0,2,2019-08-01,otro,salida via izquierda,buen tiempo,noche sin iluminacion,travesia,ee7f28fec27a3a9095984b0b7169b77d04aab54acc57489b042ba3b1f396269d,accidentes_raw_dgt,2026-05-09 20:40:11
2019,Alicante,8,Lunes,20,Travesía,Otro,Animal en calzada,Buen tiempo,Pleno día,1,0,0,1,2019-08-01,otro,animal en calzada,buen tiempo,pleno dia,travesia,9622b0acb1ca5edc038756090dae77be83af8557450a8066be9c2e358b7f8985,accidentes_raw_dgt,2026-05-09 20:40:11
2019,Alicante,11,Sábado,7,Zona interurbana,Vía urbana,Caída de motociclista,Buen tiempo,Se desconoce,1,0,0,1,2019-11-01,via urbana,caida de motociclista,buen tiempo,se desconoce,zona interurbana,907cfead4ffffecf13563feb58ede0575d16f76865433d6512ae07853e815a3c,accidentes_raw_dgt,2026-05-09 20:40:11
2019,Alicante,8,Martes,16,Travesía,Otro,Se desconoce,Buen tiempo,Pleno día,1,0,0,1,2019-08-01,otro,se desconoce,buen tiempo,pleno dia,travesia,bcb2c2ec064c43eec72ccbd52b3ed7e8744f322cba90b524052902ed3bcfb750,accidentes_raw_dgt,2026-05-09 20:40:11
2019,Alicante,8,Viernes,19,Travesía,Otro,Choque obstáculo lateral,Buen tiempo,Amanecer/Anochecer,2,0,0,2,2019-08-01,otro,choque obstaculo lateral,buen tiempo,amanecer/anochecer,travesia,cc28d893176b8cd8875730d1fe25151723d643debede6e093f742befdcf1ff0f,accidentes_raw_dgt,2026-05-09 20:40:11
2019,Alicante,8,Sábado,23,Travesía,Otro,Colisión frontolateral,Buen tiempo,Noche sin iluminación,2,0,0,2,2019-08-01,otro,colision frontolateral,buen tiempo,noche sin iluminacion,travesia,87b4d74dba97358a6bbea512d3804442b7e9765e4e4b1ee8811a30ccd4dfabde,accidentes_raw_dgt,2026-05-09 20:40:11
2019,Alicante,8,Sábado,19,Travesía,Otro,Choque obstáculo lateral,Buen tiempo,Pleno día,1,0,0,1,2019-08-01,otro,choque obstaculo lateral,buen tiempo,pleno dia,travesia,bcdc35b056897c2743a1371bc4bc1652e8a1c2b7b6fc7c65788bb412b6a0bf52,accidentes_raw_dgt,2026-05-09 20:40:11
2019,Alicante,8,Domingo,17,Travesía,Otro,Choque obstáculo lateral,Buen tiempo,Pleno día,2,0,0,2,2019-08-01,otro,choque obstaculo lateral,buen tiempo,pleno dia,travesia,f12e915e8907cebcf3b0dc930f64c574387d8ccdf72f05f32884f450744028ed,accidentes_raw_dgt,2026-05-09 20:40:11
2019,Alicante,8,Lunes,11,Travesía,Otro,Choque obstáculo lateral,Buen tiempo,Pleno día,2,0,0,2,2019-08-01,otro,choque obstaculo lateral,buen tiempo,pleno dia,travesia,7ef4694c838dc3db5176c6531eeb3f9290e229b4ed08f83100c809fbc1ee7b73,accidentes_raw_dgt,2026-05-09 20:40:11
2019,Alicante,8,Miércoles,16,Travesía,Otro,Colisión frontolateral,Buen tiempo,Pleno día,1,0,0,1,2019-08-01,otro,colision frontolateral,buen tiempo,pleno dia,travesia,320c68a7652ebd0afd027fd6d07517f8b5341ac23f6fce03259f9a0f65114b7b,accidentes_raw_dgt,2026-05-09 20:40:11
2019,Alicante,8,Miércoles,12,Travesía,Otro,Colisión por alcance,Buen tiempo,Pleno día,1,0,0,1,2019-08-01,otro,colision por alcance,buen tiempo,pleno dia,travesia,390b199c873dd8377f300c58385924eb1684577bea11dda540aa6f7fd95d946d,accidentes_raw_dgt,2026-05-09 20:40:11
2019,Alicante,8,Lunes,21,Travesía,Otro,Colisión frontolateral,Buen tiempo,Noche sin iluminación,1,0,0,1,2019-08-01,otro,colision frontolateral,buen tiempo,noche sin iluminacion,travesia,1ae2f3fe573bcfcb1768eaf43bcdd5468287b5be04f84907b1e75dbaa5636c24,accidentes_raw_dgt,2026-05-09 20:40:11
2019,Alicante,8,Jueves,14,Travesía,Otro,Animal en calzada,Buen tiempo,Pleno día,1,0,0,1,2019-08-01,otro,animal en calzada,buen tiempo,pleno dia,travesia,fc8cf0cb7ee532304dc5f62ff63b096168f1f39744cf4016870ec775dcf8421f,accidentes_raw_dgt,2026-05-09 20:40:11
2019,Alicante,8,Domingo,22,Travesía,Otro,Colisión frontolateral,Buen tiempo,Noche sin iluminación,1,0,0,1,2019-08-01,otro,colision frontolateral,buen tiempo,noche sin iluminacion,travesia,5c85d9ebda50d13495e01e843a97b0544735e6ab51a166356668a6e1100b03e4,accidentes_raw_dgt,2026-05-09 20:40:11
2019,Alicante,9,Viernes,20,Travesía,Otro,Colisión lateral,Buen tiempo,Pleno día,1,0,0,1,2019-09-01,otro,colision lateral,buen tiempo,pleno dia,travesia,8ca3a07a1bd9c2c44c917fc34a3189a7f5548d8cd8e3845cec562f758113c2cf,accidentes_raw_dgt,2026-05-09 20:40:11
2019,Alicante,9,Sábado,9,Travesía,Otro,Colisión frontolateral,Buen tiempo,Pleno día,1,0,0,1,2019-09-01,otro,colision frontolateral,buen tiempo,pleno dia,travesia,f66939aed19dcd4556a21e58313aee4cdb41d392066cb014f760b99d89a642e1,accidentes_raw_dgt,2026-05-09 20:40:11
2019,Alicante,9,Jueves,12,Travesía,Otro,Choque obstáculo lateral,Buen tiempo,Pleno día,1,0,0,1,2019-09-01,otro,choque obstaculo lateral,buen tiempo,pleno dia,travesia,5ce5695fc14e630233142f44e024932b1ba2875cc3ee9650ebdfb2a27b1ef810,accidentes_raw_dgt,2026-05-09 20:40:11
2019,Alicante,9,Viernes,20,Travesía,Otro,Colisión frontolateral,Buen tiempo,Amanecer/Anochecer,1,0,0,1,2019-09-01,otro,colision frontolateral,buen tiempo,amanecer/anochecer,travesia,02858890babfa9bddcfa62e2b92b23e139afb3b53d0c3ed970676e1a201829da,accidentes_raw_dgt,2026-05-09 20:40:11
2019,Alicante,9,Sábado,19,Travesía,Otro,Colisión frontolateral,Buen tiempo,Pleno día,1,0,0,1,2019-09-01,otro,colision frontolateral,buen tiempo,pleno dia,travesia,eb1633fa9519afd7441649b638b0b3f5ccc674204c3355fa0e470d1a37a09294,accidentes_raw_dgt,2026-05-09 20:40:11
2019,Alicante,9,Domingo,19,Travesía,Otro,Colisión frontolateral,Buen tiempo,Amanecer/Anochecer,1,0,0,1,2019-09-01,otro,colision frontolateral,buen tiempo,amanecer/anochecer,travesia,4a147f223b0bb73bc4b50d456afb6063e6cbb0d28fd09e9844ef76475429362a,accidentes_raw_dgt,2026-05-09 20:40:11
2019,Alicante,9,Lunes,16,Travesía,Otro,Choque obstáculo lateral,Buen tiempo,Pleno día,1,0,0,1,2019-09-01,otro,choque obstaculo lateral,buen tiempo,pleno dia,travesia,0d4a81d212f55a147b93d76d087644f05c9ccd15d7e39bcad9197cae707be224,accidentes_raw_dgt,2026-05-09 20:40:11
2019,Alicante,9,Viernes,19,Travesía,Otro,Colisión por alcance,Buen tiempo,Amanecer/Anochecer,1,0,0,1,2019-09-01,otro,colision por alcance,buen tiempo,amanecer/anochecer,travesia,803919e93ccac91d25f0614940750b883c5ae8ce328d104e4466adb6ab463d14,accidentes_raw_dgt,2026-05-09 20:40:11
2019,Alicante,9,Lunes,19,Travesía,Otro,Choque obstáculo lateral,Buen tiempo,Amanecer/Anochecer,1,0,0,1,2019-09-01,otro,choque obstaculo lateral,buen tiempo,amanecer/anochecer,travesia,b3c3b62c4e9797a9abb3858f351532f9c7dedfdf5f18cc7bdaac0ab89f7e8138,accidentes_raw_dgt,2026-05-09 20:40:11
2019,Alicante,10,Sábado,13,Travesía,Otro,Salida vía izquierda,Buen tiempo,Pleno día,2,0,0,2,2019-10-01,otro,salida via izquierda,buen tiempo,pleno dia,travesia,3900e2a1012f330abc08d90dff351d447847cabaed0149185e8269a350a079ae,accidentes_raw_dgt,2026-05-09 20:40:11
2019,Alicante,10,Martes,15,Travesía,Otro,Choque obstáculo lateral,Buen tiempo,Pleno día,1,0,0,1,2019-10-01,otro,choque obstaculo lateral,buen tiempo,pleno dia,travesia,b8a137cb2c0a7f90827dc03b78395624d32d7dc701b6e094a8bc5d8940723752,accidentes_raw_dgt,2026-05-09 20:40:11
2019,Alicante,10,Lunes,12,Travesía,Otro,Colisión frontolateral,Buen tiempo,Pleno día,1,0,0,1,2019-10-01,otro,colision frontolateral,buen tiempo,pleno dia,travesia,94acb90928ab3cde68a191a7b8b9f8904bf1c0c3465a12ca452c1d377c65d439,accidentes_raw_dgt,2026-05-09 20:40:11
2019,Alicante,10,Lunes,22,Travesía,Otro,Colisión frontolateral,Buen tiempo,Noche sin iluminación,1,0,0,1,2019-10-01,otro,colision frontolateral,buen tiempo,noche sin iluminacion,travesia,9347c0c9a9a77d1df666d472577afdf194993199ff30713910b6766b2bd71aa8,accidentes_raw_dgt,2026-05-09 20:40:11
2019,Alicante,11,Lunes,18,Travesía,Otro,Colisión por alcance,Buen tiempo,Noche sin iluminación,1,0,0,1,2019-11-01,otro,colision por alcance,buen tiempo,noche sin iluminacion,travesia,3c4dcf6dfc899bd68a7f7961e7ca5a61d2d71d500f9785ddb8d0cbdbb431bcfb,accidentes_raw_dgt,2026-05-09 20:40:11
2019,Alicante,11,Jueves,14,Travesía,Otro,Choque obstáculo lateral,Buen tiempo,Pleno día,1,0,0,1,2019-11-01,otro,choque obstaculo lateral,buen tiempo,pleno dia,travesia,6a2383b4296f4b0c48883a3f8aae3522274d6237932f14f712aac12d057ce048,accidentes_raw_dgt,2026-05-09 20:40:11
2019,Alicante,11,Lunes,8,Travesía,Otro,Caída de motociclista,Buen tiempo,Pleno día,1,0,0,1,2019-11-01,otro,caida de motociclista,buen tiempo,pleno dia,travesia,ecd50d3a4d8daad2bd5951c25fe9678c2d018532b3a43047442e8a7416766cee,accidentes_raw_dgt,2026-05-09 20:40:11
2019,Alicante,11,Lunes,1,Travesía,Otro,Caída de motociclista,Buen tiempo,Noche sin iluminación,1,0,0,1,2019-11-01,otro,caida de motociclista,buen tiempo,noche sin iluminacion,travesia,b8e5918871d490fedab8e3b8de116e80b2cdd5c5b3027d927853cea5b279d19d,accidentes_raw_dgt,2026-05-09 20:40:11
2019,Alicante,11,Miércoles,7,Travesía,Otro,Colisión frontolateral,Buen tiempo,Amanecer/Anochecer,1,0,0,1,2019-11-01,otro,colision frontolateral,buen tiempo,amanecer/anochecer,travesia,49a57aab5a13e0550685844e50e34a6a7f89e0b71af533f02050ed40ffdc74ab,accidentes_raw_dgt,2026-05-09 20:40:11
2019,Alicante,11,Lunes,17,Travesía,Otro,Colisión lateral,Buen tiempo,Pleno día,1,0,0,1,2019-11-01,otro,colision lateral,buen tiempo,pleno dia,travesia,b711ed9bc1eae835271290b5bfd60db028eb157e97b71d177bf9864b4ae31d46,accidentes_raw_dgt,2026-05-09 20:40:11
2019,Alicante,11,Viernes,9,Travesía,Otro,Choque obstáculo lateral,Buen tiempo,Pleno día,1,0,0,1,2019-11-01,otro,choque obstaculo lateral,buen tiempo,pleno dia,travesia,2f4d707285019a3128e47af6065e7f94c99ad5f67e8dbb2331195e19f280a9dc,accidentes_raw_dgt,2026-05-09 20:40:11
2019,Alicante,11,Domingo,18,Travesía,Otro,Se desconoce,Buen tiempo,Noche con iluminación,1,0,0,1,2019-11-01,otro,se desconoce,buen tiempo,noche con iluminacion,travesia,c8bcb9ad923c65e1fba3cb3ebe2d6389f73b86ad0f1f4fdc958162bc492d11e1,accidentes_raw_dgt,2026-05-09 20:40:11
2019,Alicante,11,Miércoles,22,Travesía,Otro,Colisión frontolateral,Buen tiempo,Noche sin iluminación,2,0,0,2,2019-11-01,otro,colision frontolateral,buen tiempo,noche sin iluminacion,travesia,fe2592b42a727e977f055947385b709cc82b16b9a87f88c6abf3900d65d0cdc3,accidentes_raw_dgt,2026-05-09 20:40:11
2019,Alicante,1,Lunes,19,Travesía,Otro,Colisión frontolateral,Buen tiempo,Amanecer/Anochecer,1,0,0,1,2019-01-01,otro,colision frontolateral,buen tiempo,amanecer/anochecer,travesia,83390968e32ea5211b69f7dc34e11e1fd4826d0154deaa666d7c40ccf1fd698d,accidentes_raw_dgt,2026-05-09 20:40:11
2019,Alicante,2,Miércoles,17,Travesía,Otro,Colisión frontolateral,Buen tiempo,Pleno día,2,0,1,1,2019-02-01,otro,colision frontolateral,buen tiempo,pleno dia,travesia,cfef26c8661f948f2c2a72ffa8e0eb07cf77bddd884b175a2c6d77fad8a5be64,accidentes_raw_dgt,2026-05-09 20:40:11
2019,Alicante,3,Jueves,18,Travesía,Otro,Salida vía izquierda,Buen tiempo,Amanecer/Anochecer,1,0,0,1,2019-03-01,otro,salida via izquierda,buen tiempo,amanecer/anochecer,travesia,34847964b077f2b990d462d3c92caf3d6522012582e8f5ca03669204447bae8d,accidentes_raw_dgt,2026-05-09 20:40:11
2019,Alicante,3,Viernes,14,Travesía,Otro,Colisión por alcance,Buen tiempo,Pleno día,2,0,0,2,2019-03-01,otro,colision por alcance,buen tiempo,pleno dia,travesia,7ca26aafbfe189a20d2fed657ddcca8aa31581ee6838b90289c4faa4dd23fef8,accidentes_raw_dgt,2026-05-09 20:40:11
2019,Alicante,11,Miércoles,21,Travesía,Otro,Otro tipo,Buen tiempo,Noche sin iluminación,2,0,0,2,2019-11-01,otro,otro tipo,buen tiempo,noche sin iluminacion,travesia,cd2ed2d000e7d0e9826f8fa11e7910a8893afad851bd0f1dc1f845f032d654b6,accidentes_raw_dgt,2026-05-09 20:40:11
2019,Alicante,11,Jueves,15,Travesía,Otro,Choque obstáculo lateral,Buen tiempo,Pleno día,1,0,0,1,2019-11-01,otro,choque obstaculo lateral,buen tiempo,pleno dia,travesia,4babc876be86317d012722f4a0ff3c76d93cd5203df10f72a2455566f606bf82,accidentes_raw_dgt,2026-05-09 20:40:11
2019,Alicante,3,Martes,19,Travesía,Otro,Animal en calzada,Buen tiempo,Noche con iluminación,1,0,0,1,2019-03-01,otro,animal en calzada,buen tiempo,noche con iluminacion,travesia,24f692ed38057c7cf08eb9ee47e79fc72d0116f77252e7b9719ba400c11170b7,accidentes_raw_dgt,2026-05-09 20:40:11
2019,Alicante,3,Jueves,18,Travesía,Otro,Colisión frontolateral,Buen tiempo,Amanecer/Anochecer,1,0,0,1,2019-03-01,otro,colision frontolateral,buen tiempo,amanecer/anochecer,travesia,497cc1e88ac00e930a18684afb63dc1918d47f6bb51471c11d06d497909f2669,accidentes_raw_dgt,2026-05-09 20:40:11
2019,Alicante,4,Miércoles,14,Travesía,Otro,Colisión frontolateral,Buen tiempo,Amanecer/Anochecer,1,0,1,0,2019-04-01,otro,colision frontolateral,buen tiempo,amanecer/anochecer,travesia,51295f0b77487b52d549b62ebd9472c4ca6e465e6ee0f20749297c0e24547309,accidentes_raw_dgt,2026-05-09 20:40:11
2019,Alicante,4,Sábado,8,Travesía,Otro,Salida vía izquierda,Buen tiempo,Pleno día,1,0,0,1,2019-04-01,otro,salida via izquierda,buen tiempo,pleno dia,travesia,68bf6c87ebcd6379d3d144c902a66021181e603f8eecee207caa5401ab89cd3e,accidentes_raw_dgt,2026-05-09 20:40:11
2019,Alicante,4,Lunes,18,Travesía,Otro,Animal en calzada,Buen tiempo,Noche con iluminación,1,0,1,0,2019-04-01,otro,animal en calzada,buen tiempo,noche con iluminacion,travesia,2b013929a3a48aae82e8c24bcc38dbc70048b5ce497f3832602f72aefcc2b869,accidentes_raw_dgt,2026-05-09 20:40:11
2019,Alicante,4,Domingo,16,Travesía,Otro,Choque obstáculo lateral,Buen tiempo,Pleno día,2,0,0,2,2019-04-01,otro,choque obstaculo lateral,buen tiempo,pleno dia,travesia,2d71287dce714724e0a59fe239e20dded7debc212ad8648199491c5be5901ef7,accidentes_raw_dgt,2026-05-09 20:40:11
2019,Alicante,4,Miércoles,18,Travesía,Otro,Choque obstáculo lateral,Buen tiempo,Pleno día,1,0,1,0,2019-04-01,otro,choque obstaculo lateral,buen tiempo,pleno dia,travesia,6de23857db0d5f415b6f5576f5514a0d3dd5daaccfd00f458959c278c1dfcb0a,accidentes_raw_dgt,2026-05-09 20:40:11
2019,Alicante,4,Domingo,4,Travesía,Otro,Colisión frontolateral,Buen tiempo,Noche sin iluminación,1,0,0,1,2019-04-01,otro,colision frontolateral,buen tiempo,noche sin iluminacion,travesia,d03e59748526d73618c46171c55d8d067777013738ef99f13b529687bf45e453,accidentes_raw_dgt,2026-05-09 20:40:11
2019,Alicante,4,Viernes,15,Travesía,Otro,Colisión frontolateral,Buen tiempo,Pleno día,1,0,1,0,2019-04-01,otro,colision frontolateral,buen tiempo,pleno dia,travesia,9544361c04facd3eb23bf0d5b7c126114169a96183df5c40240cbdcbe5e875b2,accidentes_raw_dgt,2026-05-09 20:40:11
2019,Alicante,5,Jueves,14,Travesía,Otro,Colisión por alcance,Buen tiempo,Pleno día,1,0,0,1,2019-05-01,otro,colision por alcance,buen tiempo,pleno dia,travesia,2657482116a560619e0c6e0e60a48912c562582c96dd607beef4a53ee22e16ef,accidentes_raw_dgt,2026-05-09 20:40:11
2019,Alicante,5,Viernes,19,Travesía,Otro,Colisión frontolateral,Buen tiempo,Amanecer/Anochecer,1,0,0,1,2019-05-01,otro,colision frontolateral,buen tiempo,amanecer/anochecer,travesia,711b63d5516e336e0379f019c54a23178e18cfc67e958d2759b812b2f51af362,accidentes_raw_dgt,2026-05-09 20:40:11
2019,Alicante,5,Viernes,13,Travesía,Otro,Salida vía izquierda,Buen tiempo,Pleno día,2,0,0,2,2019-05-01,otro,salida via izquierda,buen tiempo,pleno dia,travesia,3320051c00a951987b23a45f9bd1ab14b74952b3daa7a7f6cc79f33918a56f00,accidentes_raw_dgt,2026-05-09 20:40:11
2019,Alicante,5,Domingo,16,Travesía,Otro,Colisión frontolateral,Buen tiempo,Pleno día,1,0,0,1,2019-05-01,otro,colision frontolateral,buen tiempo,pleno dia,travesia,afc29d7e2a516e2f2de1dfd3e420f0c48d56ff1b888a8a31fedcaa2e07f3cfcd,accidentes_raw_dgt,2026-05-09 20:40:11
2019,Alicante,6,Sábado,16,Travesía,Otro,Se desconoce,Buen tiempo,Pleno día,1,0,0,1,2019-06-01,otro,se desconoce,buen tiempo,pleno dia,travesia,f2522439c875130836e1d1c2552ac4df42905c672ffd0e70e7b17047f09757cc,accidentes_raw_dgt,2026-05-09 20:40:11
2019,Alicante,6,Jueves,1,Travesía,Otro,Colisión frontal,Buen tiempo,Noche sin iluminación,2,0,0,2,2019-06-01,otro,colision frontal,buen tiempo,noche sin iluminacion,travesia,e04f657e2abda0d50ee25656fb8d0adc0622e352221c95dcf60b3697896ecd62,accidentes_raw_dgt,2026-05-09 20:40:11
2019,Alicante,10,Sábado,5,Travesía,Otro,Se desconoce,Buen tiempo,Noche sin iluminación,1,0,0,1,2019-10-01,otro,se desconoce,buen tiempo,noche sin iluminacion,travesia,3e7c3d4cf5be91eca62500b41e292c3474ecc0329156d11f682b609c42828df7,accidentes_raw_dgt,2026-05-09 20:40:11
2019,Alicante,8,Domingo,13,Travesía,Otro,Colisión frontolateral,Buen tiempo,Pleno día,1,0,1,0,2019-08-01,otro,colision frontolateral,buen tiempo,pleno dia,travesia,d191038eb3dacd219bbab7f041db14a51de0ec73573e0ce21fd40971498ab93e,accidentes_raw_dgt,2026-05-09 20:40:11
2019,Alicante,8,Viernes,22,Travesía,Otro,Otro tipo,Buen tiempo,Noche sin iluminación,1,0,1,0,2019-08-01,otro,otro tipo,buen tiempo,noche sin iluminacion,travesia,312055965ba244d9d5700657a81ddb5937aac2141cb3379b8cabb63c55061df0,accidentes_raw_dgt,2026-05-09 20:40:11
2019,Alicante,7,Miércoles,22,Travesía,Otro,Colisión frontolateral,Buen tiempo,Noche sin iluminación,1,0,1,0,2019-07-01,otro,colision frontolateral,buen tiempo,noche sin iluminacion,travesia,a306c73ff0f8e27bfdee1cd291159a49a8f21c31c4c832236d04b1cca8e48cfb,accidentes_raw_dgt,2026-05-09 20:40:11
2019,Alicante,7,Domingo,10,Travesía,Otro,Otro tipo,Buen tiempo,Pleno día,1,0,0,1,2019-07-01,otro,otro tipo,buen tiempo,pleno dia,travesia,373ec112d46d6c97560c80b0014c9861313e5994e6d7ccef3b7ec64900c2a93c,accidentes_raw_dgt,2026-05-09 20:40:11