AÑO,PROVINCIA,MES,DIA_SEMANA,HORA,ZONA,TIPO_VIA,TIPO_ACCIDENTE,CONDICION_METEO,CONDICION_ILUMINACION,TOTAL_VICTIMAS,FALLECIDOS_24H,HERIDOS_GRAVES,HERIDOS_LEVES,FECHA_ACCIDENTE,TIPO_VIA_NORM,TIPO_ACCIDENTE_NORM,CONDICION_METEO_NORM,CONDICION_ILUMINACION_NORM,ZONA_NORM,ID_ACCIDENTE_HASH,source_id,load_timestamp
2019,Alicante,7,Lunes,1,Travesía,Otro,Colisión frontolateral,Buen tiempo,Noche sin iluminación,2,0,0,2,2019-07-01,otro,colision frontolateral,buen tiempo,noche sin iluminacion,travesia,9f91572d9d23f29b4dfd7bf05bf760b7fbd9b1b5bd8d6a489a930992c747b1e0,accidentes_raw_dgt,2026-05-09 20:40:11
2019,Alicante,7,Domingo,4,Travesía,Otro,Se desconoce,Buen tiempo,Noche sin iluminación,1,0,1,0,2019-07-01,otro,se desconoce,buen tiempo,noche sin iluminacion,travesia,8eb23fb822ff0175c6ed79eabec412502399402fd7ea29ba26b8fcf999728b75,accidentes_raw_dgt,2026-05-09 20:40:11
2019,Alicante,7,Viernes,11,Travesía,Otro,Choque obstáculo lateral,Buen tiempo,Pleno día,1,0,1,0,2019-07-01,otro,choque obstaculo lateral,buen tiempo,pleno dia,travesia,3e0cbdb59cf8a8edaf262fa5147f25e3bad06cd1eea3f6156aab3a96bf1e4be8,accidentes_raw_dgt,2026-05-09 20:40:11
2019,Alicante,7,Martes,1,Travesía,Otro,Salida vía izquierda,Buen tiempo,Noche sin iluminación,2,0,0,2,2019-07-01,otro,salida via izquierda,buen tiempo,noche sin iluminacion,travesia,7bd3edcdad6b99d33193019c7afa97d84451d8970bd1f41d248420ecd36c7c28,accidentes_raw_dgt,2026-05-09 20:40:11
2019,Alicante,12,Martes,10,Travesía,Otro,Salida vía izquierda,Buen tiempo,Pleno día,3,0,0,3,2019-12-01,otro,salida via izquierda,buen tiempo,pleno dia,travesia,8af1f2584822ac9fb9d1c47c459fc6e817c2083c0caac9a72679a6a9b9f181f0,accidentes_raw_dgt,2026-05-09 20:40:11
2019,Alicante,11,Viernes,19,Travesía,Otro,Salida vía izquierda,Buen tiempo,Noche sin iluminación,1,0,0,1,2019-11-01,otro,salida via izquierda,buen tiempo,noche sin iluminacion,travesia,f8feb05f30d18136c1835f8306f1819dc2605c50c98403af6cee1807e63671bf,accidentes_raw_dgt,2026-05-09 20:40:11
2019,Alicante,12,Viernes,9,Travesía,Otro,Colisión frontolateral,Buen tiempo,Pleno día,1,0,0,1,2019-12-01,otro,colision frontolateral,buen tiempo,pleno dia,travesia,7e5ae8620fc5ac135465b24fdba97f058fe5c752aa99328d4f97d156ff6fdf9e,accidentes_raw_dgt,2026-05-09 20:40:11
2019,Alicante,8,Miércoles,13,Travesía,Otro,Colisión frontolateral,Buen tiempo,Pleno día,1,0,0,1,2019-08-01,otro,colision frontolateral,buen tiempo,pleno dia,travesia,5714f0813b1aeaab7c5cbb9dba6b0121e8279249ccb6d19966651ab2a221734b,accidentes_raw_dgt,2026-05-09 20:40:11
2019,Alicante,10,Domingo,9,Zona interurbana,Vía urbana,Colisión frontolateral,Buen tiempo,Pleno día,1,0,0,1,2019-10-01,via urbana,colision frontolateral,buen tiempo,pleno dia,zona interurbana,8107b392cd1c8093a753133988768dbc65760f0da24dbbd637cdc182022f5462,accidentes_raw_dgt,2026-05-09 20:40:11
2019,Alicante,6,Viernes,9,Travesía,Otro,Colisión frontolateral,Buen tiempo,Pleno día,1,0,0,1,2019-06-01,otro,colision frontolateral,buen tiempo,pleno dia,travesia,faa3719c835d433bfb62878c18e28062c12146011bc16c332f3b4a2fed5ba2d9,accidentes_raw_dgt,2026-05-09 20:40:11
2019,Alicante,10,Martes,14,Travesía,Otro,Colisión por alcance,Buen tiempo,Pleno día,1,0,0,1,2019-10-01,otro,colision por alcance,buen tiempo,pleno dia,travesia,e4dcce8e6a465149a2b5bf617971ae1b0cc8c178afd88e015abed107dff53255,accidentes_raw_dgt,2026-05-09 20:40:11
2019,Alicante,12,Jueves,19,Travesía,Otro,Choque obstáculo lateral,Buen tiempo,Noche sin iluminación,1,0,0,1,2019-12-01,otro,choque obstaculo lateral,buen tiempo,noche sin iluminacion,travesia,fd47ac3c0fef2cbfd9191d333045a83103f8ea3e8af67bce23fa7852bdb9b020,accidentes_raw_dgt,2026-05-09 20:40:11
2019,Alicante,12,Lunes,21,Travesía,Otro,Colisión frontolateral,Buen tiempo,Noche sin iluminación,1,0,0,1,2019-12-01,otro,colision frontolateral,buen tiempo,noche sin iluminacion,travesia,5d19d2275db8df24fd8e87092599d5b8c7c798f483bbb6cddb4310353b903971,accidentes_raw_dgt,2026-05-09 20:40:11
2019,Alicante,12,Sábado,18,Travesía,Otro,Colisión por alcance,Buen tiempo,Pleno día,1,0,0,1,2019-12-01,otro,colision por alcance,buen tiempo,pleno dia,travesia,e9d171c3527d317d5ad5f527b5a6733511cde0448420dc5e1459bea971c9b8cc,accidentes_raw_dgt,2026-05-09 20:40:11
2019,Alicante,7,Martes,10,Travesía,Otro,Colisión lateral,Buen tiempo,Pleno día,1,0,0,1,2019-07-01,otro,colision lateral,buen tiempo,pleno dia,travesia,43c33bc8917f644809b960cca4aad47030703bdc9e1a526d90a4636627ef0038,accidentes_raw_dgt,2026-05-09 20:40:11
2019,Alicante,10,Miércoles,17,Travesía,Otro,Choque obstáculo lateral,Buen tiempo,Pleno día,1,0,0,1,2019-10-01,otro,choque obstaculo lateral,buen tiempo,pleno dia,travesia,ad6be454bf93d9c8855c5f8a61fce8497df0d6ccb1debf0cba7aa769ec5095d9,accidentes_raw_dgt,2026-05-09 20:40:11
2019,Alicante,12,Domingo,9,Travesía,Otro,Animal en calzada,Buen tiempo,Pleno día,1,0,1,0,2019-12-01,otro,animal en calzada,buen tiempo,pleno dia,travesia,bdf67436ad5405970b118777ad86d8f66005acc987adab47d277eb9f402551da,accidentes_raw_dgt,2026-05-09 20:40:11
2019,Alicante,8,Domingo,9,Travesía,Travesía,Animal en calzada,Buen tiempo,Pleno día,1,0,0,1,2019-08-01,travesia,animal en calzada,buen tiempo,pleno dia,travesia,a473459996b96ce015e4f44fc3f3ab3d8033d0514fd5504be6e9d71ef995a765,accidentes_raw_dgt,2026-05-09 20:40:11
2019,Alicante,3,Sábado,11,Zona interurbana,Vía urbana,Se desconoce,Buen tiempo,Pleno día,1,0,1,0,2019-03-01,via urbana,se desconoce,buen tiempo,pleno dia,zona interurbana,37bf713760c5cbad0600a2741cb115f3becc4b2469d6dd7b3346ded41395f43d,accidentes_raw_dgt,2026-05-09 20:40:11
2019,Alicante,5,Jueves,12,Travesía,Travesía,Choque obstáculo mediana,Buen tiempo,Pleno día,1,0,1,0,2019-05-01,travesia,choque obstaculo mediana,buen tiempo,pleno dia,travesia,5c4b6df5ed4fdd476781c13585a2c92e9ed76c5fc2d3e59eb18889aa3fa332a1,accidentes_raw_dgt,2026-05-09 20:40:11
2019,Alicante,9,Domingo,12,Zona interurbana,Vía urbana,Colisión frontolateral,Buen tiempo,Pleno día,2,0,0,2,2019-09-01,via urbana,colision frontolateral,buen tiempo,pleno dia,zona interurbana,b97e72f065b8e7ceba2bf2ca7672b0e0dd44a8ca7371b7239d14d757770727c5,accidentes_raw_dgt,2026-05-09 20:40:11
2019,Alicante,1,Martes,10,Travesía,Otro,Colisión frontolateral,Buen tiempo,Pleno día,2,0,1,1,2019-01-01,otro,colision frontolateral,buen tiempo,pleno dia,travesia,c09a11d9c224480e982f9a9b1fe6a422d685e68d0375d4c56eaec674052015fe,accidentes_raw_dgt,2026-05-09 20:40:11
2019,Alicante,7,Miércoles,11,Travesía,Otro,Colisión frontolateral,Buen tiempo,Pleno día,1,0,1,0,2019-07-01,otro,colision frontolateral,buen tiempo,pleno dia,travesia,c70e8a8dbc45421e1b46e742299f498b332efa3404fe7b60a6f7b7ec37768748,accidentes_raw_dgt,2026-05-09 20:40:11
2019,Alicante,7,Lunes,20,Travesía,Otro,Colisión frontolateral,Buen tiempo,Pleno día,1,0,1,0,2019-07-01,otro,colision frontolateral,buen tiempo,pleno dia,travesia,fcc0df4b4cc5b19526a1f2bcd7a58a37f4dc2bfbfa755bc589eb038457e86b0a,accidentes_raw_dgt,2026-05-09 20:40:11
2019,Alicante,10,Jueves,20,Zona interurbana,Ramal/enlace,Salida vía izquierda,Buen tiempo,Se desconoce,1,0,0,1,2019-10-01,ramal/enlace,salida via izquierda,buen tiempo,se desconoce,zona interurbana,a43d0385bc15f6b0225d44fe0acaa40f3e393a0497ce76568a4da3b21bb2e1d1,accidentes_raw_dgt,2026-05-09 20:40:11
2019,Alicante,1,Domingo,16,Zona interurbana,Vía urbana,Colisión por alcance,Buen tiempo,Pleno día,1,0,0,1,2019-01-01,via urbana,colision por alcance,buen tiempo,pleno dia,zona interurbana,f9ca4044fc874991a5d751fa45e85a9126a42de234df8502836d256f38d6a324,accidentes_raw_dgt,2026-05-09 20:40:11
2019,Alicante,5,Miércoles,13,Zona interurbana,Autopista,Choque obstáculo mediana,Buen tiempo,Pleno día,1,0,0,1,2019-05-01,autopista,choque obstaculo mediana,buen tiempo,pleno dia,zona interurbana,9d9b481a8adb87a8cc5c3edb515b41793f97c616b16c106a9365616e526b68da,accidentes_raw_dgt,2026-05-09 20:40:11
2019,Alicante,8,Jueves,21,Zona interurbana,Vía urbana,Colisión múltiple,Buen tiempo,Se desconoce,4,0,0,4,2019-08-01,via urbana,colision multiple,buen tiempo,se desconoce,zona interurbana,498d663197c599b9cbd593dc992bd91ae426c3d66ac14d58d4e7902ed5744b2b,accidentes_raw_dgt,2026-05-09 20:40:11
2019,Alicante,8,Sábado,19,Zona interurbana,Autopista,Atropello a ciclista,Buen tiempo,Pleno día,4,1,1,1,2019-08-01,autopista,atropello a ciclista,buen tiempo,pleno dia,zona interurbana,eeb86ba3335981ed72205db4d865506b362f250b40c90f86571dcff097b95c97,accidentes_raw_dgt,2026-05-09 20:40:11
2019,Alicante,8,Domingo,9,Zona interurbana,Camino vecinal,Se desconoce,Buen tiempo,Pleno día,1,0,0,1,2019-08-01,camino vecinal,se desconoce,buen tiempo,pleno dia,zona interurbana,6d472e1b4030a07e71bff9918569690f973046792d391c5d1c661fea562f6024,accidentes_raw_dgt,2026-05-09 20:40:11
2019,Alicante,9,Miércoles,20,Zona interurbana,Vía urbana,Colisión frontal,Buen tiempo,Se desconoce,3,0,1,1,2019-09-01,via urbana,colision frontal,buen tiempo,se desconoce,zona interurbana,e6785e32be8b07b04790aaf5585c202f6c0528e70004ce35b46650bd9f644ce3,accidentes_raw_dgt,2026-05-09 20:40:11
2019,Alicante,9,Miércoles,7,Zona interurbana,Ramal/enlace,Atropello a peatón,Buen tiempo,Se desconoce,1,0,0,1,2019-09-01,ramal/enlace,atropello a peaton,buen tiempo,se desconoce,zona interurbana,89e9e4fb88afcb66fdbaea7c2395abb79495adb9393945d87f0715911fc0449a,accidentes_raw_dgt,2026-05-09 20:40:11
2019,Alicante,9,Domingo,10,Zona interurbana,Vía urbana,Choque obstáculo mediana,Buen tiempo,Pleno día,1,0,0,1,2019-09-01,via urbana,choque obstaculo mediana,buen tiempo,pleno dia,zona interurbana,a6ba1d32e2731f8c9a6a982bdbafa938784b1ceec04ab84f003740a323c0fc6b,accidentes_raw_dgt,2026-05-09 20:40:11
2019,Alicante,11,Lunes,10,Zona interurbana,Vía urbana,Caída de motociclista,Buen tiempo,Pleno día,1,0,0,1,2019-11-01,via urbana,caida de motociclista,buen tiempo,pleno dia,zona interurbana,48e019050cd54d275eb1111c03d773f45bcb18d373ce1f3d7da5b046d21b262e,accidentes_raw_dgt,2026-05-09 20:40:11
2019,Alicante,11,Martes,18,Zona interurbana,Vía urbana,Colisión por alcance,Buen tiempo,Se desconoce,4,0,0,4,2019-11-01,via urbana,colision por alcance,buen tiempo,se desconoce,zona interurbana,8b6b6e39ef3f491fa6d3848cf6d76803fba4c81abfc63a865448f73646b04b9e,accidentes_raw_dgt,2026-05-09 20:40:11
2019,Alicante,12,Jueves,1,Zona interurbana,Autopista,Caída de ocupante,Buen tiempo,Se desconoce,1,0,1,0,2019-12-01,autopista,caida de ocupante,buen tiempo,se desconoce,zona interurbana,a89bd32e72e6a4fbdfad76a87c9ef3d1f9890efe80de7f7295cf69b2e6cb7bfe,accidentes_raw_dgt,2026-05-09 20:40:11
2019,Alicante,12,Martes,9,Zona interurbana,Vía urbana,Colisión por alcance,Buen tiempo,Pleno día,1,0,0,1,2019-12-01,via urbana,colision por alcance,buen tiempo,pleno dia,zona interurbana,50496d0b25bc30274d0b3709543efeca0eb7469cc49e9c743306c7631dcf6257,accidentes_raw_dgt,2026-05-09 20:40:11
2019,Alicante,1,Jueves,10,Travesía,Otro,Choque obstáculo lateral,Buen tiempo,Pleno día,1,0,0,1,2019-01-01,otro,choque obstaculo lateral,buen tiempo,pleno dia,travesia,caaafd2b3354748b9ba47653f0b2aa084199f23be24cb1fada4dc281f70b2590,accidentes_raw_dgt,2026-05-09 20:40:11
2019,Alicante,1,Lunes,17,Travesía,Otro,Choque obstáculo lateral,Buen tiempo,Amanecer/Anochecer,1,0,0,1,2019-01-01,otro,choque obstaculo lateral,buen tiempo,amanecer/anochecer,travesia,3b4f36d0ce9a1278e1213583b8a7ecd2157fb1dfe528f7f77392f6350f99fe3c,accidentes_raw_dgt,2026-05-09 20:40:11
2019,Alicante,2,Martes,6,Zona interurbana,Vía convencional,Colisión por alcance,Buen tiempo,Noche ilum. insuficiente,2,0,0,2,2019-02-01,via convencional,colision por alcance,buen tiempo,noche ilum. insuficiente,zona interurbana,9430301e269274156e72626606737af5b673edc74b3b46af37f1870a0e16b592,accidentes_raw_dgt,2026-05-09 20:40:11
2019,Alicante,2,Domingo,15,Zona interurbana,Vía urbana,Colisión frontal,Buen tiempo,Pleno día,3,1,1,0,2019-02-01,via urbana,colision frontal,buen tiempo,pleno dia,zona interurbana,e753559bf52404ed6877db546a80e189e22c6ff1ca965d7115a882d4335c9be7,accidentes_raw_dgt,2026-05-09 20:40:11
2019,Alicante,2,Domingo,16,Zona interurbana,Calle,Atropello a ciclista,Buen tiempo,Pleno día,1,0,0,1,2019-02-01,calle,atropello a ciclista,buen tiempo,pleno dia,zona interurbana,93617fe8e8b35100a931faa3299d2301458a42aa6f9c137271ef191f20860c8b,accidentes_raw_dgt,2026-05-09 20:40:11
2019,Alicante,3,Lunes,18,Zona interurbana,Vía convencional,Atropello a ciclista,Buen tiempo,Pleno día,2,0,0,2,2019-03-01,via convencional,atropello a ciclista,buen tiempo,pleno dia,zona interurbana,c3c41d75036608201d447bfe028c9ef811141af2e07a4e45cc1bd925cefde62c,accidentes_raw_dgt,2026-05-09 20:40:11
2019,Alicante,3,Domingo,1,Zona interurbana,Camino vecinal,Atropello a ciclista,Buen tiempo,Noche ilum. insuficiente,1,0,0,1,2019-03-01,camino vecinal,atropello a ciclista,buen tiempo,noche ilum. insuficiente,zona interurbana,d83e303f681b94d24fdb0c6e7a1e730b964953b70284cfd9d55dbe096281058a,accidentes_raw_dgt,2026-05-09 20:40:11
2019,Alicante,3,Domingo,5,Zona interurbana,Vía convencional,Salida vía izquierda,Buen tiempo,Se desconoce,2,0,0,2,2019-03-01,via convencional,salida via izquierda,buen tiempo,se desconoce,zona interurbana,0f43d4158f76017edd9dec73207128cacada676dfc759b596aac2528d21df685,accidentes_raw_dgt,2026-05-09 20:40:11
2019,Alicante,3,Martes,18,Zona interurbana,Vía convencional,Caída de motociclista,Buen tiempo,Pleno día,2,0,0,2,2019-03-01,via convencional,caida de motociclista,buen tiempo,pleno dia,zona interurbana,5c3dafc293f759c56c3c400c7c2d1385ecad9d7e05c4bcbe21a7af536d5a6f11,accidentes_raw_dgt,2026-05-09 20:40:11
2019,Alicante,3,Martes,14,Zona interurbana,Vía convencional,Caída de motociclista,Buen tiempo,Pleno día,1,0,0,1,2019-03-01,via convencional,caida de motociclista,buen tiempo,pleno dia,zona interurbana,65ec2f55d5fa812316b415f147733e4bf5ff91592818039c263678d770c39da7,accidentes_raw_dgt,2026-05-09 20:40:11
2019,Alicante,3,Lunes,9,Travesía,Otro,Choque obstáculo lateral,Buen tiempo,Pleno día,1,0,0,1,2019-03-01,otro,choque obstaculo lateral,buen tiempo,pleno dia,travesia,6f3934eede1d319a813b47975f5fa038f7149ef9e39901c75e01c55c320067b3,accidentes_raw_dgt,2026-05-09 20:40:11
2019,Alicante,3,Martes,20,Travesía,Otro,Colisión por alcance,Lluvia,Noche sin iluminación,2,0,0,2,2019-03-01,otro,colision por alcance,lluvia,noche sin iluminacion,travesia,7dfbf4d22aca3e4a1479ce3ae6ee0fe7097c4d1273a1e25674c8438f6627b231,accidentes_raw_dgt,2026-05-09 20:40:11
2019,Alicante,3,Sábado,15,Travesía,Otro,Objeto desprendido,Buen tiempo,Pleno día,1,0,0,1,2019-03-01,otro,objeto desprendido,buen tiempo,pleno dia,travesia,dfcd920fee64610e9727e1a6d2fa9cd8bbb0d4044d1160f1bb053ad21b5cac9a,accidentes_raw_dgt,2026-05-09 20:40:11
2019,Alicante,4,Domingo,1,Zona interurbana,Vía urbana,Caída de ocupante,Buen tiempo,Noche ilum. insuficiente,2,0,0,2,2019-04-01,via urbana,caida de ocupante,buen tiempo,noche ilum. insuficiente,zona interurbana,2545a02d836fe85023efc654e841b0e03458a50d8308345ea6360ab2eaecb9cf,accidentes_raw_dgt,2026-05-09 20:40:11
2019,Alicante,4,Domingo,15,Zona interurbana,Vía convencional,Atropello a ciclista,Lluvia,Pleno día,1,0,1,0,2019-04-01,via convencional,atropello a ciclista,lluvia,pleno dia,zona interurbana,b76d4f5f478b9da833372ff78ee590f93f3df25bb496d47f93357d9b43715d67,accidentes_raw_dgt,2026-05-09 20:40:11
2019,Alicante,4,Martes,9,Travesía,Otro,Choque obstáculo calzada,Buen tiempo,Pleno día,1,0,1,0,2019-04-01,otro,choque obstaculo calzada,buen tiempo,pleno dia,travesia,936d1dafd8b1b6e7fe061b0e0bd5cf8778264d79ac315607734ca41a8fb48b48,accidentes_raw_dgt,2026-05-09 20:40:11
2019,Alicante,5,Sábado,22,Travesía,Otro,Colisión frontolateral,Buen tiempo,Noche sin iluminación,1,0,1,0,2019-05-01,otro,colision frontolateral,buen tiempo,noche sin iluminacion,travesia,1f0c90cf2d416fd5c2a02432f59f749b99b85c6109bc72addb3b063f39cf7c6b,accidentes_raw_dgt,2026-05-09 20:40:11
2019,Alicante,4,Viernes,12,Travesía,Otro,Choque obstáculo lateral,Buen tiempo,Pleno día,1,0,0,1,2019-04-01,otro,choque obstaculo lateral,buen tiempo,pleno dia,travesia,26d1c63c2861b182cf59b189c0e430c74606e8626f0f742ec6230c332871603b,accidentes_raw_dgt,2026-05-09 20:40:11
2019,Alicante,5,Domingo,13,Zona interurbana,Vía convencional,Se desconoce,Buen tiempo,Pleno día,1,0,0,1,2019-05-01,via convencional,se desconoce,buen tiempo,pleno dia,zona interurbana,64405ee1d117aafaa886aff7694832950f1aaf79f62fb9843d5ee4504b3c5362,accidentes_raw_dgt,2026-05-09 20:40:11
2019,Alicante,5,Viernes,23,Travesía,Otro,Choque obstáculo lateral,Buen tiempo,Noche sin iluminación,1,0,0,1,2019-05-01,otro,choque obstaculo lateral,buen tiempo,noche sin iluminacion,travesia,3b96c7da8a601e353da6252de3160df021c8a6bf60d864978f726af7de7ac847,accidentes_raw_dgt,2026-05-09 20:40:11
2019,Alicante,5,Martes,19,Travesía,Otro,Choque obstáculo lateral,Buen tiempo,Amanecer/Anochecer,1,0,0,1,2019-05-01,otro,choque obstaculo lateral,buen tiempo,amanecer/anochecer,travesia,4c7f587018203c5f346122b22301a8587c9c270087a95622b10b4400dd0b4c01,accidentes_raw_dgt,2026-05-09 20:40:11
2019,Alicante,5,Lunes,14,Travesía,Otro,Choque obstáculo lateral,Buen tiempo,Pleno día,1,0,1,0,2019-05-01,otro,choque obstaculo lateral,buen tiempo,pleno dia,travesia,b09e885265e03ddbcaa5c0d5b45c5020aa87cff6016ff2b6c013b970866a112f,accidentes_raw_dgt,2026-05-09 20:40:11
2019,Alicante,5,Martes,10,Zona interurbana,Vía convencional,Colisión lateral,Buen tiempo,Pleno día,3,0,1,1,2019-05-01,via convencional,colision lateral,buen tiempo,pleno dia,zona interurbana,8a3430bd81b8f23502be304efa66dedac3dde2f96763dde165155f25d4e82e46,accidentes_raw_dgt,2026-05-09 20:40:11
2019,Alicante,5,Sábado,13,Travesía,Otro,Colisión múltiple,Buen tiempo,Pleno día,3,0,0,3,2019-05-01,otro,colision multiple,buen tiempo,pleno dia,travesia,c9f5d1117c2eaf86aa3a0b323c3111d14fd6990cb898c7acd35f54596dc91c78,accidentes_raw_dgt,2026-05-09 20:40:11
2019,Alicante,5,Domingo,19,Travesía,Otro,Choque obstáculo lateral,Buen tiempo,Pleno día,1,0,0,1,2019-05-01,otro,choque obstaculo lateral,buen tiempo,pleno dia,travesia,f0f7f5098c1767274e1b28d2642bbfeb290aa532ffc1fe9575db5a2d850a5611,accidentes_raw_dgt,2026-05-09 20:40:11
2019,Alicante,6,Domingo,22,Zona interurbana,Vía urbana,Caída de ocupante,Buen tiempo,Se desconoce,1,0,0,1,2019-06-01,via urbana,caida de ocupante,buen tiempo,se desconoce,zona interurbana,07df47f4857229805333a3de141b6318b699e4ae52a860c9923db6de9a8bf16c,accidentes_raw_dgt,2026-05-09 20:40:11
2019,Alicante,5,Lunes,13,Travesía,Otro,Choque obstáculo lateral,Buen tiempo,Pleno día,1,0,1,0,2019-05-01,otro,choque obstaculo lateral,buen tiempo,pleno dia,travesia,8ed5f6c97c680e72cf3da76cc9ccbfb92c01ff74185d2883072fcc7be0d3fdb6,accidentes_raw_dgt,2026-05-09 20:40:11
2019,Alicante,6,Sábado,2,Zona interurbana,Vía urbana,Salida vía izquierda,Buen tiempo,Se desconoce,1,0,0,1,2019-06-01,via urbana,salida via izquierda,buen tiempo,se desconoce,zona interurbana,d73398cebe5ea8605776b60d93ea2842edf703836b093e0e629a6baf41c20fee,accidentes_raw_dgt,2026-05-09 20:40:11
2019,Alicante,6,Jueves,23,Zona interurbana,Vía urbana,Colisión frontolateral,Buen tiempo,Se desconoce,4,1,1,2,2019-06-01,via urbana,colision frontolateral,buen tiempo,se desconoce,zona interurbana,f2c8a205eccaca21250b2ab19655462e91b28f93a94118821e8e1ec4124abf4b,accidentes_raw_dgt,2026-05-09 20:40:11
2019,Alicante,6,Sábado,0,Zona interurbana,Vía convencional,Choque obstáculo lateral,Buen tiempo,Se desconoce,1,0,0,1,2019-06-01,via convencional,choque obstaculo lateral,buen tiempo,se desconoce,zona interurbana,622c88be355ef8152a29a3a665d7a4af2447836ccf4ddb4c54df8993eeb8987c,accidentes_raw_dgt,2026-05-09 20:40:11
2019,Alicante,6,Viernes,10,Zona interurbana,Vía urbana,Colisión frontolateral,Buen tiempo,Pleno día,1,0,0,1,2019-06-01,via urbana,colision frontolateral,buen tiempo,pleno dia,zona interurbana,8f4950b33cf777286354b1cc8667f1c612f7c81efb26811f15c0d2c0cde70fbb,accidentes_raw_dgt,2026-05-09 20:40:11
2019,Alicante,7,Miércoles,15,Travesía,Otro,Colisión frontal,Buen tiempo,Pleno día,2,0,0,2,2019-07-01,otro,colision frontal,buen tiempo,pleno dia,travesia,479904cc2d928ec415b03c0c66f914e9e8e630042f82eb5066d59dd7dc7a0f48,accidentes_raw_dgt,2026-05-09 20:40:11
2019,Alicante,7,Jueves,11,Travesía,Otro,Colisión frontolateral,Buen tiempo,Pleno día,1,0,0,1,2019-07-01,otro,colision frontolateral,buen tiempo,pleno dia,travesia,392e98bd37203b489ec2d73030efddd156949035a1dffede8c328ad3e9a69c22,accidentes_raw_dgt,2026-05-09 20:40:11
2019,Alicante,7,Sábado,21,Zona interurbana,Otro urbano,Atropello a ciclista,Buen tiempo,Pleno día,3,0,0,3,2019-07-01,otro urbano,atropello a ciclista,buen tiempo,pleno dia,zona interurbana,4dca6e902ba3d8cae51d1bb7746494ac21eee2580bba42e082cf16cb15da3951,accidentes_raw_dgt,2026-05-09 20:40:11
2019,Alicante,7,Miércoles,4,Zona interurbana,Vía convencional,Colisión por alcance,Buen tiempo,Se desconoce,4,0,0,4,2019-07-01,via convencional,colision por alcance,buen tiempo,se desconoce,zona interurbana,1fc2789c839ba5e3700b66b672e10f89ae591f6b8f5fa23af47b809be4a518a5,accidentes_raw_dgt,2026-05-09 20:40:11
2019,Alicante,7,Domingo,19,Zona interurbana,Vía convencional,Colisión por alcance,Buen tiempo,Pleno día,3,0,0,3,2019-07-01,via convencional,colision por alcance,buen tiempo,pleno dia,zona interurbana,594333a314f65378239bfec30deab8453daccc86d77ec35265d53baa8a029168,accidentes_raw_dgt,2026-05-09 20:40:11
2019,Alicante,7,Lunes,19,Travesía,Otro,Colisión por alcance,Buen tiempo,Amanecer/Anochecer,2,0,0,2,2019-07-01,otro,colision por alcance,buen tiempo,amanecer/anochecer,travesia,dcda112812f66db6dfaa0339956934817937d116b7b4a31aa3adaaaf9d98e634,accidentes_raw_dgt,2026-05-09 20:40:11
2019,Alicante,8,Lunes,14,Zona interurbana,Vía convencional,Colisión múltiple,Buen tiempo,Pleno día,4,0,0,4,2019-08-01,via convencional,colision multiple,buen tiempo,pleno dia,zona interurbana,dc99de4709eb45d5a165a3e243dd75a1f1cfc3afb078211a4c26bc730d0fb241,accidentes_raw_dgt,2026-05-09 20:40:11
2019,Alicante,8,Domingo,10,Travesía,Otro,Colisión frontolateral,Buen tiempo,Pleno día,1,0,0,1,2019-08-01,otro,colision frontolateral,buen tiempo,pleno dia,travesia,a6d7a047486452909bfbdb6491ea6fb917cc6d20c481ce3a738c8a4079314c14,accidentes_raw_dgt,2026-05-09 20:40:11
2019,Alicante,8,Sábado,12,Zona interurbana,Vía convencional,Colisión múltiple,Buen tiempo,Pleno día,3,0,0,3,2019-08-01,via convencional,colision multiple,buen tiempo,pleno dia,zona interurbana,0c44f8669d62623c62fea4c82e07646abbe00d361c39c9afbdf247429f9ec3d8,accidentes_raw_dgt,2026-05-09 20:40:11
2019,Alicante,8,Domingo,15,Zona interurbana,Vía convencional,Colisión por alcance,Buen tiempo,Pleno día,2,0,0,2,2019-08-01,via convencional,colision por alcance,buen tiempo,pleno dia,zona interurbana,11b0147cac181f433e7f220d2b0cead50d61cf065a82b45b768428419d83433e,accidentes_raw_dgt,2026-05-09 20:40:11
2019,Alicante,8,Lunes,10,Zona interurbana,Vía urbana,Otro tipo,Buen tiempo,Pleno día,1,0,0,1,2019-08-01,via urbana,otro tipo,buen tiempo,pleno dia,zona interurbana,fca13bfeed47a54af1e745f6fa45da1f8df39fc43f98498a44700efad40c4e5c,accidentes_raw_dgt,2026-05-09 20:40:11
2019,Alicante,9,Miércoles,7,Zona interurbana,Vía convencional,Salida vía izquierda,Buen tiempo,Pleno día,1,0,0,1,2019-09-01,via convencional,salida via izquierda,buen tiempo,pleno dia,zona interurbana,e49e72095ac9721bf02c7b5c273f96c53400c03876edd214aa5932c3798dcb90,accidentes_raw_dgt,2026-05-09 20:40:11