AÑO,PROVINCIA,MES,DIA_SEMANA,HORA,ZONA,TIPO_VIA,TIPO_ACCIDENTE,CONDICION_METEO,CONDICION_ILUMINACION,TOTAL_VICTIMAS,FALLECIDOS_24H,HERIDOS_GRAVES,HERIDOS_LEVES,FECHA_ACCIDENTE,TIPO_VIA_NORM,TIPO_ACCIDENTE_NORM,CONDICION_METEO_NORM,CONDICION_ILUMINACION_NORM,ZONA_NORM,ID_ACCIDENTE_HASH,source_id,load_timestamp
2019,Alicante,8,Sábado,23,Travesía,Otro,Colisión frontolateral,Buen tiempo,Noche sin iluminación,4,0,0,4,2019-08-01,otro,colision frontolateral,buen tiempo,noche sin iluminacion,travesia,fee7e1048f980031c4f827d4bbf2c9b3222bc2c26ede5ed78a81fe91c93877d8,accidentes_raw_dgt,2026-05-09 20:40:11
2019,Alicante,8,Lunes,15,Travesía,Otro,Colisión lateral,Buen tiempo,Pleno día,1,0,0,1,2019-08-01,otro,colision lateral,buen tiempo,pleno dia,travesia,c9a627fbaee4f41064200eba3ec2a69aaa04e9c8901ad689aaf07ea23497b79b,accidentes_raw_dgt,2026-05-09 20:40:11
2019,Alicante,10,Viernes,14,Zona interurbana,Vía urbana,Colisión por alcance,Buen tiempo,Pleno día,2,0,0,2,2019-10-01,via urbana,colision por alcance,buen tiempo,pleno dia,zona interurbana,bfb0f696b1e315716e67e56e4862bfdaba6ed0d391d16985b0d00dbd49abaa87,accidentes_raw_dgt,2026-05-09 20:40:11
2019,Alicante,5,Martes,16,Travesía,Otro,Colisión por alcance,Buen tiempo,Pleno día,1,0,0,1,2019-05-01,otro,colision por alcance,buen tiempo,pleno dia,travesia,8818fd6d967f88106b521188fcf15b32b0c5d7af024bfe6a82842144e9b9b6c4,accidentes_raw_dgt,2026-05-09 20:40:11
2019,Alicante,11,Viernes,16,Travesía,Otro,Colisión frontolateral,Buen tiempo,Pleno día,1,0,0,1,2019-11-01,otro,colision frontolateral,buen tiempo,pleno dia,travesia,c848d8b966371b676698600ad8f542eca1b6aca7b8f4f3aef42e5e59d4c4e880,accidentes_raw_dgt,2026-05-09 20:40:11
2019,Alicante,5,Jueves,20,Travesía,Otro,Choque obstáculo lateral,Buen tiempo,Noche con iluminación,1,0,0,1,2019-05-01,otro,choque obstaculo lateral,buen tiempo,noche con iluminacion,travesia,8c059aad9e8b1f5304366e7cfdbfa778bfc4d5a748ff9559b8752dd286ee9076,accidentes_raw_dgt,2026-05-09 20:40:11
2019,Alicante,11,Viernes,14,Travesía,Otro,Choque obstáculo lateral,Buen tiempo,Pleno día,1,0,0,1,2019-11-01,otro,choque obstaculo lateral,buen tiempo,pleno dia,travesia,17df374b296fed0a524ae8cc3765280acd2e168c9bce0e7403064998ffc6d640,accidentes_raw_dgt,2026-05-09 20:40:11
2019,Alicante,11,Miércoles,11,Travesía,Otro,Choque obstáculo lateral,Buen tiempo,Pleno día,1,0,1,0,2019-11-01,otro,choque obstaculo lateral,buen tiempo,pleno dia,travesia,6a0e55841e2e14850fc7318fe8e3f0a459b017610e2399ce178b1ac335c2bde7,accidentes_raw_dgt,2026-05-09 20:40:11
2019,Alicante,11,Sábado,19,Zona interurbana,Vía convencional,Colisión por alcance,Buen tiempo,Se desconoce,2,0,0,2,2019-11-01,via convencional,colision por alcance,buen tiempo,se desconoce,zona interurbana,f16a51d4ce52c84a1182d0652b851f3c1648125f964ea8bc516bf9868da84b39,accidentes_raw_dgt,2026-05-09 20:40:11
2019,Alicante,12,Viernes,19,Zona interurbana,Vía urbana,Colisión por alcance,Buen tiempo,Se desconoce,2,0,0,2,2019-12-01,via urbana,colision por alcance,buen tiempo,se desconoce,zona interurbana,28568ee9ca159d43e5ac8868907c2f7e05398258b6e459ade680d5e9aaf4c38d,accidentes_raw_dgt,2026-05-09 20:40:11
2019,Alicante,7,Sábado,15,Zona interurbana,Vía urbana,Atropello a peatón,Buen tiempo,Pleno día,1,0,0,1,2019-07-01,via urbana,atropello a peaton,buen tiempo,pleno dia,zona interurbana,bb76b704fd0dcf8ca0089ccc4d09d709d73917a51e88af25abec22a55e20f265,accidentes_raw_dgt,2026-05-09 20:40:11
2019,Alicante,2,Viernes,12,Zona interurbana,Vía urbana,Colisión múltiple,Buen tiempo,Pleno día,1,0,0,1,2019-02-01,via urbana,colision multiple,buen tiempo,pleno dia,zona interurbana,8ee3d6eae3069ec5d7158ad189fce9b9e12048acaf77033ce180f02ca759d9b8,accidentes_raw_dgt,2026-05-09 20:40:11
2019,Alicante,3,Martes,9,Zona interurbana,Vía urbana,Colisión frontolateral,Buen tiempo,Pleno día,1,0,0,1,2019-03-01,via urbana,colision frontolateral,buen tiempo,pleno dia,zona interurbana,bc45def81515c4ff5d0de486c04b4dda6154bb898d3cca834b5b569a24069c43,accidentes_raw_dgt,2026-05-09 20:40:11
2019,Alicante,4,Domingo,16,Zona interurbana,Vía urbana,Salida vía izquierda,Nieve,Pleno día,1,0,0,1,2019-04-01,via urbana,salida via izquierda,nieve,pleno dia,zona interurbana,6346fc1b001a16dd9e1e8b172d33847c99e6016733cb2fde11baf8d107b364ce,accidentes_raw_dgt,2026-05-09 20:40:11
2019,Alicante,6,Viernes,22,Zona interurbana,Calle,Colisión por alcance,Buen tiempo,Se desconoce,2,0,0,2,2019-06-01,calle,colision por alcance,buen tiempo,se desconoce,zona interurbana,3b9f84399baa1776bb6ed76ff4095f29d8e8128039d2d23300a3087733cb0a4c,accidentes_raw_dgt,2026-05-09 20:40:11
2019,Alicante,6,Martes,15,Zona interurbana,Vía urbana,Colisión por alcance,Buen tiempo,Pleno día,1,0,0,1,2019-06-01,via urbana,colision por alcance,buen tiempo,pleno dia,zona interurbana,b74c6293baa71a0cf5aec9b63a98c1f10b2009493e1f8131dcfab0178107a6cc,accidentes_raw_dgt,2026-05-09 20:40:11
2019,Alicante,7,Lunes,7,Zona interurbana,Calle,Caída de motociclista,Buen tiempo,Pleno día,1,0,0,1,2019-07-01,calle,caida de motociclista,buen tiempo,pleno dia,zona interurbana,79f06f8fde333461739f220090a23cb2a79f6d714bee100d0e4b4af249294619,accidentes_raw_dgt,2026-05-09 20:40:11
2019,Alicante,7,Viernes,19,Zona interurbana,Vía urbana,Colisión por alcance,Buen tiempo,Pleno día,1,0,0,1,2019-07-01,via urbana,colision por alcance,buen tiempo,pleno dia,zona interurbana,4ccb5ef0208e78fc6fdcd4746af621028c6db623b7425883f35d2e9fef304294,accidentes_raw_dgt,2026-05-09 20:40:11
2019,Alicante,8,Miércoles,12,Zona interurbana,Vía urbana,Colisión frontolateral,Buen tiempo,Pleno día,1,0,0,1,2019-08-01,via urbana,colision frontolateral,buen tiempo,pleno dia,zona interurbana,c4ee3e56da3c5913d360e2cc5a0c9f8d29348fae4eb268bbd38367d27ff9fc2e,accidentes_raw_dgt,2026-05-09 20:40:11
2019,Alicante,9,Sábado,17,Zona interurbana,Vía urbana,Salida vía izquierda,Buen tiempo,Pleno día,1,0,1,0,2019-09-01,via urbana,salida via izquierda,buen tiempo,pleno dia,zona interurbana,a5c718889eb455929d336f9e751c4524554dbf3729f7e609cad6d57e3db8c663,accidentes_raw_dgt,2026-05-09 20:40:11
2019,Alicante,10,Lunes,13,Zona interurbana,Vía urbana,Animal en calzada,Buen tiempo,Pleno día,1,0,0,1,2019-10-01,via urbana,animal en calzada,buen tiempo,pleno dia,zona interurbana,3fc9188c732df92e5d3400ed53bb174cf224ed33ebb10b6d42526870ec4c5094,accidentes_raw_dgt,2026-05-09 20:40:11
2019,Alicante,10,Viernes,3,Zona interurbana,Autovía,Vuelco en calzada,Buen tiempo,Se desconoce,1,0,1,0,2019-10-01,autovia,vuelco en calzada,buen tiempo,se desconoce,zona interurbana,881319805b315e205edff72012aa101fb057075293464b6413d86cd76593f02b,accidentes_raw_dgt,2026-05-09 20:40:11
2019,Alicante,10,Viernes,11,Zona interurbana,Calle,Colisión frontolateral,Buen tiempo,Pleno día,1,0,0,1,2019-10-01,calle,colision frontolateral,buen tiempo,pleno dia,zona interurbana,4469948f22fdf2a32bda546f4f9a2e002e5113a526af2d7e0bc830dc145531f9,accidentes_raw_dgt,2026-05-09 20:40:11
2019,Alicante,1,Jueves,16,Zona interurbana,Vía urbana,Colisión múltiple,Buen tiempo,Pleno día,1,0,0,1,2019-01-01,via urbana,colision multiple,buen tiempo,pleno dia,zona interurbana,6f543685273d0e18ee355b32677b6b6e3ecd33d1b4d74d83329ea62ebcab978c,accidentes_raw_dgt,2026-05-09 20:40:11
2019,Alicante,3,Jueves,14,Zona interurbana,Vía urbana,Atropello a ciclista,Buen tiempo,Pleno día,1,0,0,1,2019-03-01,via urbana,atropello a ciclista,buen tiempo,pleno dia,zona interurbana,0ee9b22a5999a969477ad6a0db87cc91c4cdd472879b8469f79cccdaea86a461,accidentes_raw_dgt,2026-05-09 20:40:11
2019,Alicante,4,Viernes,13,Zona interurbana,Vía urbana,Otro tipo,Buen tiempo,Pleno día,1,0,0,1,2019-04-01,via urbana,otro tipo,buen tiempo,pleno dia,zona interurbana,ed9d0fce1e4dc986fe5e7762ce4d5979103a9707bac251265f3f12467fde2ecb,accidentes_raw_dgt,2026-05-09 20:40:11
2019,Alicante,4,Viernes,17,Zona interurbana,Vía urbana,Colisión frontolateral,Lluvia,Pleno día,4,0,1,3,2019-04-01,via urbana,colision frontolateral,lluvia,pleno dia,zona interurbana,4fef4355420472697c29dc9e15179693af05bf244f785d5e78d3c43671051d4d,accidentes_raw_dgt,2026-05-09 20:40:11
2019,Alicante,4,Jueves,8,Zona interurbana,Vía urbana,Colisión frontal,Buen tiempo,Pleno día,2,0,1,0,2019-04-01,via urbana,colision frontal,buen tiempo,pleno dia,zona interurbana,dec1ab2f6d6e994cfe718666751e27a22a3c8c2e7c2708b995fb1e021197136e,accidentes_raw_dgt,2026-05-09 20:40:11
2019,Alicante,10,Sábado,0,Zona interurbana,Vía urbana,Se desconoce,Buen tiempo,Se desconoce,1,0,0,1,2019-10-01,via urbana,se desconoce,buen tiempo,se desconoce,zona interurbana,ff805620597e92258a4fdf2324268ecb9704a8d0600924efc10ff253eddeab01,accidentes_raw_dgt,2026-05-09 20:40:11
2019,Alicante,11,Domingo,21,Travesía,Otro,Se desconoce,Buen tiempo,Se desconoce,1,0,0,1,2019-11-01,otro,se desconoce,buen tiempo,se desconoce,travesia,3d19e945ed5a25a399da3036bc862275296544218de8260d47a5ad3d9b853af4,accidentes_raw_dgt,2026-05-09 20:40:11
2019,Alicante,11,Domingo,8,Zona interurbana,Vía urbana,Choque obstáculo lateral,Buen tiempo,Pleno día,1,0,0,1,2019-11-01,via urbana,choque obstaculo lateral,buen tiempo,pleno dia,zona interurbana,70a66b33d547f4aa520cfb89d2e0b95f467ffb65c52f50612bf89b3e80b14191,accidentes_raw_dgt,2026-05-09 20:40:11
2019,Alicante,10,Jueves,10,Zona interurbana,Vía urbana,Animal en calzada,Buen tiempo,Pleno día,1,0,0,1,2019-10-01,via urbana,animal en calzada,buen tiempo,pleno dia,zona interurbana,17ffed2060072c95583b3844da54540f3b8649ee9b42497abe8f4aaa3a14078c,accidentes_raw_dgt,2026-05-09 20:40:11
2019,Alicante,11,Miércoles,21,Zona interurbana,Vía urbana,Otro tipo,Buen tiempo,Se desconoce,1,0,1,0,2019-11-01,via urbana,otro tipo,buen tiempo,se desconoce,zona interurbana,731e88ce52c6febf8c04dbf5e208e3e46da85bf219313f31f56225f29024f36b,accidentes_raw_dgt,2026-05-09 20:40:11
2019,Alicante,11,Jueves,6,Zona interurbana,Vía urbana,Atropello a ciclista,Buen tiempo,Noche con iluminación,1,0,0,1,2019-11-01,via urbana,atropello a ciclista,buen tiempo,noche con iluminacion,zona interurbana,fe36bba93dc4e44b72c283ef718ca888b35624ae65e0704ec563f6e275f57432,accidentes_raw_dgt,2026-05-09 20:40:11
2019,Alicante,11,Viernes,9,Zona interurbana,Vía urbana,Choque obstáculo mediana,Buen tiempo,Pleno día,1,0,0,1,2019-11-01,via urbana,choque obstaculo mediana,buen tiempo,pleno dia,zona interurbana,b3733b63fe1d502394c6aa72b67834ee289c2f4a0e64aa5cb7573e2ffbce079c,accidentes_raw_dgt,2026-05-09 20:40:11
2019,Alicante,12,Domingo,5,Zona interurbana,Vía urbana,Atropello a ciclista,Buen tiempo,Noche ilum. insuficiente,1,0,0,1,2019-12-01,via urbana,atropello a ciclista,buen tiempo,noche ilum. insuficiente,zona interurbana,c91d793d0e481d8b90699fd4140826e2301f9937794ad30fb135b02404511d50,accidentes_raw_dgt,2026-05-09 20:40:11
2019,Alicante,1,Domingo,9,Zona interurbana,Calle,Caída de ocupante,Granizo,Pleno día,2,0,1,1,2019-01-01,calle,caida de ocupante,granizo,pleno dia,zona interurbana,f86064981e6d82e47208357c39cdbd53def24bd3a011f00140f2884059d37d8a,accidentes_raw_dgt,2026-05-09 20:40:11
2019,Alicante,1,Domingo,12,Travesía,Otro urbano,Atropello a peatón,Buen tiempo,Pleno día,1,0,0,1,2019-01-01,otro urbano,atropello a peaton,buen tiempo,pleno dia,travesia,5bebfc2ba621db4cc176072fa05c2e4b880afb0166efa41bd49d71239db0b778,accidentes_raw_dgt,2026-05-09 20:40:11
2019,Alicante,4,Lunes,11,Zona interurbana,Vía convencional,Objeto desprendido,Buen tiempo,Pleno día,1,0,0,1,2019-04-01,via convencional,objeto desprendido,buen tiempo,pleno dia,zona interurbana,d9f0773a5c224b3148e4232100190f1269373b30e042914c9b3698cb99075e30,accidentes_raw_dgt,2026-05-09 20:40:11
2019,Alicante,4,Miércoles,9,Zona interurbana,Vía convencional,Colisión múltiple,Buen tiempo,Pleno día,2,0,0,2,2019-04-01,via convencional,colision multiple,buen tiempo,pleno dia,zona interurbana,63b0155fe5f82cce9491baceeb8cd87c6a7ed937dac6ab3b9445d81361aea1ba,accidentes_raw_dgt,2026-05-09 20:40:11
2019,Alicante,5,Jueves,22,Zona interurbana,Calle,Se desconoce,Buen tiempo,Se desconoce,1,0,0,1,2019-05-01,calle,se desconoce,buen tiempo,se desconoce,zona interurbana,dc99a69a88c91874dfc387312cfe81ac8ba92833429b7d7f9938d6c3b128f93a,accidentes_raw_dgt,2026-05-09 20:40:11
2019,Alicante,8,Lunes,10,Zona interurbana,Vía convencional,Colisión por alcance,Buen tiempo,Pleno día,1,0,0,1,2019-08-01,via convencional,colision por alcance,buen tiempo,pleno dia,zona interurbana,1fc0d3390fc0c9956d5cfcc80ebe0aca480b75dc446ae858289764e78a68b8c4,accidentes_raw_dgt,2026-05-09 20:40:11
2019,Alicante,8,Miércoles,11,Zona interurbana,Calle,Colisión frontolateral,Buen tiempo,Pleno día,2,0,0,2,2019-08-01,calle,colision frontolateral,buen tiempo,pleno dia,zona interurbana,fa35076ac94b61de1d976f341dc72d0f0ccdb89a384c2acbdc3da8171cd5a561,accidentes_raw_dgt,2026-05-09 20:40:11
2019,Alicante,9,Lunes,17,Zona interurbana,Autovía,Colisión múltiple,Buen tiempo,Pleno día,4,0,0,4,2019-09-01,autovia,colision multiple,buen tiempo,pleno dia,zona interurbana,067ea1716caf605b5ba53949a46af0142ec2578bca0da293c2ac48b46d1bd2bd,accidentes_raw_dgt,2026-05-09 20:40:11
2019,Alicante,9,Viernes,1,Zona interurbana,Vía convencional,Se desconoce,Buen tiempo,Noche ilum. insuficiente,1,0,0,1,2019-09-01,via convencional,se desconoce,buen tiempo,noche ilum. insuficiente,zona interurbana,71cadd0c63e5724923a471e1f470bfb100034d1693c2dff4bacbac5866aa1f1d,accidentes_raw_dgt,2026-05-09 20:40:11
2019,Alicante,10,Jueves,13,Zona interurbana,Vía convencional,Objeto desprendido,Lluvia,Pleno día,1,0,0,1,2019-10-01,via convencional,objeto desprendido,lluvia,pleno dia,zona interurbana,aa8e22a09ff2af4e7a722e4ece6a20fce09b881a8303b2d2a973e680902e2bec,accidentes_raw_dgt,2026-05-09 20:40:11
2019,Alicante,12,Domingo,15,Zona interurbana,Calle,Atropello a ciclista,Buen tiempo,Pleno día,1,0,0,1,2019-12-01,calle,atropello a ciclista,buen tiempo,pleno dia,zona interurbana,2794fbeea945a8eb483fcb05596b295d9cbbb8d03cccb97a3eadfaa119395af7,accidentes_raw_dgt,2026-05-09 20:40:11
2019,Almería,5,Domingo,10,Zona interurbana,Vía urbana,Choque obstáculo mediana,Buen tiempo,Pleno día,1,0,1,0,2019-05-01,via urbana,choque obstaculo mediana,buen tiempo,pleno dia,zona interurbana,1b95c8a0dad14118b57bcadef34f9f505a17e30ab0ba1d370acb477d62ed3e4c,accidentes_raw_dgt,2026-05-09 20:40:11
2019,Almería,2,Sábado,23,Zona interurbana,Vía urbana,Se desconoce,Buen tiempo,Se desconoce,1,0,0,1,2019-02-01,via urbana,se desconoce,buen tiempo,se desconoce,zona interurbana,e697ac308041340f0ae72b52ac78960f05b52dc1158204ade9c7a717964baef7,accidentes_raw_dgt,2026-05-09 20:40:11
2019,Almería,2,Jueves,22,Zona interurbana,Vía urbana,Otro tipo,Buen tiempo,Se desconoce,1,0,0,1,2019-02-01,via urbana,otro tipo,buen tiempo,se desconoce,zona interurbana,6da3125ed2a5bc8715fd17db4bade4cd98194d271bbdb278cb1131021f6ade81,accidentes_raw_dgt,2026-05-09 20:40:11
2019,Almería,1,Miércoles,22,Travesía,Otro,Colisión frontolateral,Buen tiempo,Noche sin iluminación,1,0,0,1,2019-01-01,otro,colision frontolateral,buen tiempo,noche sin iluminacion,travesia,984118abc834781696ea0deb830457820b78353c3da5bfad63dd35ab701d518d,accidentes_raw_dgt,2026-05-09 20:40:11
2019,Almería,1,Sábado,16,Travesía,Otro,Colisión por alcance,Buen tiempo,Pleno día,2,0,0,2,2019-01-01,otro,colision por alcance,buen tiempo,pleno dia,travesia,94cfdb2ced379ef1200809e9394a8ea0f0f6647786d680d0d857207a03e989e8,accidentes_raw_dgt,2026-05-09 20:40:11
2019,Almería,1,Jueves,14,Travesía,Otro,Choque obstáculo calzada,Lluvia,Pleno día,1,0,0,1,2019-01-01,otro,choque obstaculo calzada,lluvia,pleno dia,travesia,cb75a48046c21183cc0fc8e09657a712194966d7d21d2c9c21c52a09df0ffe82,accidentes_raw_dgt,2026-05-09 20:40:11
2019,Almería,2,Viernes,21,Travesía,Otro,Choque obstáculo lateral,Buen tiempo,Noche sin iluminación,1,0,0,1,2019-02-01,otro,choque obstaculo lateral,buen tiempo,noche sin iluminacion,travesia,7269957342e44572a1e66bc2fb8e6ed566990b1947f7194085e1ef97077f98d2,accidentes_raw_dgt,2026-05-09 20:40:11
2019,Almería,2,Miércoles,21,Zona interurbana,Vía urbana,Colisión por alcance,Buen tiempo,Se desconoce,1,0,0,1,2019-02-01,via urbana,colision por alcance,buen tiempo,se desconoce,zona interurbana,5c499d7156509194a030d3e5440dfee2b304ccb09fc849ab33d187e94cff4edf,accidentes_raw_dgt,2026-05-09 20:40:11
2019,Almería,2,Lunes,16,Travesía,Otro,Colisión frontolateral,Buen tiempo,Pleno día,1,0,0,1,2019-02-01,otro,colision frontolateral,buen tiempo,pleno dia,travesia,8feaa233aa6acf4852973009525b360f47899950a0be1b82eb9c7fdc594ebe8b,accidentes_raw_dgt,2026-05-09 20:40:11
2019,Almería,3,Viernes,8,Travesía,Otro,Colisión frontal,Buen tiempo,Amanecer/Anochecer,1,0,0,1,2019-03-01,otro,colision frontal,buen tiempo,amanecer/anochecer,travesia,a2713a5c710ced404167414fe1d7c38ff07eea0d146a71ae1c196587737bd0e8,accidentes_raw_dgt,2026-05-09 20:40:11
2019,Almería,3,Martes,16,Travesía,Otro,Colisión frontolateral,Buen tiempo,Pleno día,4,0,0,4,2019-03-01,otro,colision frontolateral,buen tiempo,pleno dia,travesia,baffc5401edafa0f2481ec516d5d0fa4c4362546a5ec191b4e3c6cc0799c09f5,accidentes_raw_dgt,2026-05-09 20:40:11
2019,Almería,3,Domingo,11,Zona interurbana,Vía urbana,Salida vía izquierda,Lluvia,Pleno día,1,0,0,1,2019-03-01,via urbana,salida via izquierda,lluvia,pleno dia,zona interurbana,ff82f8369bf72d2b706a32e75b571ec3eb68550403147995cb858c8609837e32,accidentes_raw_dgt,2026-05-09 20:40:11
2019,Almería,3,Viernes,10,Travesía,Otro,Choque obstáculo lateral,Buen tiempo,Pleno día,1,0,1,0,2019-03-01,otro,choque obstaculo lateral,buen tiempo,pleno dia,travesia,6bfdef5eaf4a7be4560d261db9b4a63c2ad149002646dd63a39c00f6c99d1f9d,accidentes_raw_dgt,2026-05-09 20:40:11
2019,Almería,3,Jueves,18,Zona interurbana,Vía urbana,Colisión múltiple,Buen tiempo,Pleno día,4,0,0,4,2019-03-01,via urbana,colision multiple,buen tiempo,pleno dia,zona interurbana,be9deda60cc4b7cfdc2f1e3396ebed5ad6d28937205db8ef46c6a0ed32cd5841,accidentes_raw_dgt,2026-05-09 20:40:11
2019,Almería,4,Viernes,14,Zona interurbana,Vía convencional,Colisión lateral,Lluvia,Pleno día,1,0,0,1,2019-04-01,via convencional,colision lateral,lluvia,pleno dia,zona interurbana,9b3ab6b1b5c1d23f9ca24c48cc585ccd69ecda8e637055c3e68be1361c5d56fa,accidentes_raw_dgt,2026-05-09 20:40:11
2019,Almería,4,Martes,20,Zona interurbana,Vía convencional,Colisión por alcance,Buen tiempo,Pleno día,1,0,0,1,2019-04-01,via convencional,colision por alcance,buen tiempo,pleno dia,zona interurbana,44489ca1033a29251545e1c2219ac2642fae5a6dc6034f27df30e0b2a466c32b,accidentes_raw_dgt,2026-05-09 20:40:11
2019,Almería,4,Martes,10,Travesía,Otro,Choque obstáculo lateral,Buen tiempo,Pleno día,2,0,0,2,2019-04-01,otro,choque obstaculo lateral,buen tiempo,pleno dia,travesia,b43d011aff4fcb3cdccb37986fa5186f0e77479540befb143d8c90309b9edd0c,accidentes_raw_dgt,2026-05-09 20:40:11
2019,Almería,5,Miércoles,11,Travesía,Otro,Colisión por alcance,Buen tiempo,Pleno día,1,0,0,1,2019-05-01,otro,colision por alcance,buen tiempo,pleno dia,travesia,cb850da6bf12d5c41fb11797bc8d3386b9b82014cf1f7eeaf65eaf917ba2f0db,accidentes_raw_dgt,2026-05-09 20:40:11
2019,Almería,5,Lunes,9,Zona interurbana,Vía urbana,Colisión por alcance,Buen tiempo,Pleno día,1,0,0,1,2019-05-01,via urbana,colision por alcance,buen tiempo,pleno dia,zona interurbana,149546d70fd6eeb05a5ce41217494e5dff69bcc6c2ddb22644b0e781713634da,accidentes_raw_dgt,2026-05-09 20:40:11
2019,Almería,5,Lunes,20,Travesía,Otro,Choque obstáculo lateral,Buen tiempo,Noche con iluminación,1,0,0,1,2019-05-01,otro,choque obstaculo lateral,buen tiempo,noche con iluminacion,travesia,a9a286a75a193e6b788516a7d912a9a4649caab532cafc734e982443b3057bb2,accidentes_raw_dgt,2026-05-09 20:40:11
2019,Almería,5,Miércoles,17,Travesía,Otro,Colisión frontolateral,Buen tiempo,Pleno día,1,0,0,1,2019-05-01,otro,colision frontolateral,buen tiempo,pleno dia,travesia,3a1e191db60edbc07691b12e85bd33d917a639b80046839420ccee886c5a7fa4,accidentes_raw_dgt,2026-05-09 20:40:11
2019,Almería,6,Lunes,6,Zona interurbana,Vía convencional,Objeto desprendido,Buen tiempo,Amanecer/Anochecer,1,0,0,1,2019-06-01,via convencional,objeto desprendido,buen tiempo,amanecer/anochecer,zona interurbana,82ba9b272ce795cdea9a65851e79364e34efea66244b24e113cf9e42c8629804,accidentes_raw_dgt,2026-05-09 20:40:11
2019,Almería,5,Sábado,14,Travesía,Otro,Colisión lateral,Buen tiempo,Pleno día,1,0,0,1,2019-05-01,otro,colision lateral,buen tiempo,pleno dia,travesia,1f9a1de3220e9c87eb44a903fcf6a6d4cfc73dad231067ad5eac317bcd504ace,accidentes_raw_dgt,2026-05-09 20:40:11
2019,Almería,6,Sábado,14,Zona interurbana,Vía convencional,Caída de ocupante,Buen tiempo,Pleno día,3,0,0,3,2019-06-01,via convencional,caida de ocupante,buen tiempo,pleno dia,zona interurbana,4c97149849c06376a309376594a59b24042cdfab150aeb98dd3e010335f9fc53,accidentes_raw_dgt,2026-05-09 20:40:11
2019,Almería,6,Domingo,5,Zona interurbana,Vía convencional,Otro tipo,Buen tiempo,Noche sin iluminación,1,0,0,1,2019-06-01,via convencional,otro tipo,buen tiempo,noche sin iluminacion,zona interurbana,64a482194d7af2670b259901b33af1e711f0c145d9d5d4bc3f99143dc91af479,accidentes_raw_dgt,2026-05-09 20:40:11
2019,Almería,7,Viernes,11,Travesía,Otro,Colisión frontolateral,Buen tiempo,Pleno día,1,0,0,1,2019-07-01,otro,colision frontolateral,buen tiempo,pleno dia,travesia,c746ee2edf45fa00fca8d08045b2575aac17cf3eeb3f2b0da5e5301fae8d1e47,accidentes_raw_dgt,2026-05-09 20:40:11
2019,Almería,7,Viernes,12,Travesía,Otro,Choque obstáculo lateral,Buen tiempo,Pleno día,1,0,0,1,2019-07-01,otro,choque obstaculo lateral,buen tiempo,pleno dia,travesia,124aec7171598f2fc8a17015f5b370a83736bb08e24a242d4be2f1719e6f6986,accidentes_raw_dgt,2026-05-09 20:40:11
2019,Almería,7,Viernes,13,Zona interurbana,Vía urbana,Choque obstáculo mediana,Buen tiempo,Pleno día,1,0,0,1,2019-07-01,via urbana,choque obstaculo mediana,buen tiempo,pleno dia,zona interurbana,daa1dbb904b938c75b0ba4f6b2a0e50e2286c38e000604866c039997ecb739d6,accidentes_raw_dgt,2026-05-09 20:40:11
2019,Almería,7,Domingo,12,Travesía,Otro,Colisión frontolateral,Buen tiempo,Pleno día,2,0,0,2,2019-07-01,otro,colision frontolateral,buen tiempo,pleno dia,travesia,16a641c270b45a22f930546aa642a1f8a052790f50c4a7aa08e82b20ebb9ff22,accidentes_raw_dgt,2026-05-09 20:40:11
2019,Almería,8,Viernes,17,Travesía,Otro,Colisión frontolateral,Buen tiempo,Pleno día,1,0,0,1,2019-08-01,otro,colision frontolateral,buen tiempo,pleno dia,travesia,6659c30f0631de14f58fe238fb8bce2851e6dcffd0e8cc5e207945717c911c16,accidentes_raw_dgt,2026-05-09 20:40:11
2019,Almería,8,Miércoles,18,Travesía,Otro,Animal en calzada,Buen tiempo,Pleno día,1,0,0,1,2019-08-01,otro,animal en calzada,buen tiempo,pleno dia,travesia,4817ddb54d7a527a5cb1e069434fdfb5350bfdc910cc6a3aa35b54a4036b9809,accidentes_raw_dgt,2026-05-09 20:40:11
2019,Almería,8,Jueves,11,Travesía,Otro,Colisión por alcance,Buen tiempo,Pleno día,1,0,0,1,2019-08-01,otro,colision por alcance,buen tiempo,pleno dia,travesia,7fe7914ad0e020225f68b09099b1f45372f35bb4578f12d03f0903976dcbe630,accidentes_raw_dgt,2026-05-09 20:40:11
2019,Almería,8,Lunes,12,Travesía,Otro,Colisión frontolateral,Buen tiempo,Pleno día,1,0,1,0,2019-08-01,otro,colision frontolateral,buen tiempo,pleno dia,travesia,a27d23ba80488a930cbfbb64db5f9e3761f5d0d0fc6e92da68abc3b48c802334,accidentes_raw_dgt,2026-05-09 20:40:11
2019,Almería,8,Martes,11,Travesía,Otro,Colisión frontolateral,Buen tiempo,Pleno día,1,0,0,1,2019-08-01,otro,colision frontolateral,buen tiempo,pleno dia,travesia,647d52aad89259482c9345e16772e44df61ed3adc9514b9773fd0bcf2e68e2c2,accidentes_raw_dgt,2026-05-09 20:40:11