AÑO,PROVINCIA,MES,DIA_SEMANA,HORA,ZONA,TIPO_VIA,TIPO_ACCIDENTE,CONDICION_METEO,CONDICION_ILUMINACION,TOTAL_VICTIMAS,FALLECIDOS_24H,HERIDOS_GRAVES,HERIDOS_LEVES,FECHA_ACCIDENTE,TIPO_VIA_NORM,TIPO_ACCIDENTE_NORM,CONDICION_METEO_NORM,CONDICION_ILUMINACION_NORM,ZONA_NORM,ID_ACCIDENTE_HASH,source_id,load_timestamp
2019,Almería,9,Domingo,6,Zona interurbana,Vía urbana,Colisión lateral,Buen tiempo,Se desconoce,1,0,0,1,2019-09-01,via urbana,colision lateral,buen tiempo,se desconoce,zona interurbana,55c5de31ec754ba40fb1687ff4f4e0d95142f5ca2765c4839b618329190a434b,accidentes_raw_dgt,2026-05-09 20:40:11
2019,Almería,9,Viernes,13,Travesía,Otro,Choque obstáculo lateral,Buen tiempo,Pleno día,1,0,0,1,2019-09-01,otro,choque obstaculo lateral,buen tiempo,pleno dia,travesia,d9d628292c7f805ecd12fa3e08807e8eeba9415901c2d6f38056fc5ce17d95b0,accidentes_raw_dgt,2026-05-09 20:40:11
2019,Almería,10,Lunes,10,Travesía,Otro,Choque obstáculo lateral,Buen tiempo,Pleno día,1,0,0,1,2019-10-01,otro,choque obstaculo lateral,buen tiempo,pleno dia,travesia,b780f20d75afc6afe44ccc270ba7e499c070a95e6535bcc71de8aa36ced3b5b6,accidentes_raw_dgt,2026-05-09 20:40:11
2019,Almería,10,Domingo,13,Travesía,Otro,Colisión por alcance,Buen tiempo,Pleno día,1,0,0,1,2019-10-01,otro,colision por alcance,buen tiempo,pleno dia,travesia,033581b0970477af916f08ad931c521b975b55f8368604ae58a537b387e792e1,accidentes_raw_dgt,2026-05-09 20:40:11
2019,Almería,10,Viernes,9,Zona interurbana,Vía urbana,Caída de motociclista,Lluvia,Pleno día,1,0,0,1,2019-10-01,via urbana,caida de motociclista,lluvia,pleno dia,zona interurbana,34ac9f308cb2e1f699198386b6bd3dc13b92fea8c9fb1aa94c600b3b8c7854c7,accidentes_raw_dgt,2026-05-09 20:40:11
2019,Almería,10,Jueves,13,Zona interurbana,Vía convencional,Salida vía izquierda,Buen tiempo,Pleno día,2,0,1,0,2019-10-01,via convencional,salida via izquierda,buen tiempo,pleno dia,zona interurbana,6bb731a8009cb35b9e9e3f95860e1cde3409e67e20a421d4a769000e9ed06fa0,accidentes_raw_dgt,2026-05-09 20:40:11
2019,Almería,11,Domingo,6,Zona interurbana,Vía urbana,Choque obstáculo lateral,Buen tiempo,Noche sin iluminación,1,1,0,0,2019-11-01,via urbana,choque obstaculo lateral,buen tiempo,noche sin iluminacion,zona interurbana,136040f6ccedf6eee620407451ceefe7c93172d4386a0099758eff8e7ef1bbfe,accidentes_raw_dgt,2026-05-09 20:40:11
2019,Almería,12,Lunes,18,Zona interurbana,Vía convencional,Colisión por alcance,Lluvia,Se desconoce,1,0,0,1,2019-12-01,via convencional,colision por alcance,lluvia,se desconoce,zona interurbana,961290276708eea73a92095181a7d4c20bee233d6aef7c8b4dbbdc067487ecc4,accidentes_raw_dgt,2026-05-09 20:40:11
2019,Almería,1,Domingo,4,Zona interurbana,Vía urbana,Se desconoce,Buen tiempo,Se desconoce,2,1,1,0,2019-01-01,via urbana,se desconoce,buen tiempo,se desconoce,zona interurbana,5f5e771dcb7bd8b6f12bf438bfda25df01ab4cb808c995fdc2fea488709494d7,accidentes_raw_dgt,2026-05-09 20:40:11
2019,Almería,2,Miércoles,21,Travesía,Otro,Choque obstáculo lateral,Buen tiempo,Noche sin iluminación,1,0,0,1,2019-02-01,otro,choque obstaculo lateral,buen tiempo,noche sin iluminacion,travesia,408750da3f14b5c8f446ba2ed05c3e2cd7c77804e5acccd5114a2b079b3c5697,accidentes_raw_dgt,2026-05-09 20:40:11
2019,Almería,3,Sábado,17,Zona interurbana,Calle,Salida vía izquierda,Buen tiempo,Pleno día,1,0,1,0,2019-03-01,calle,salida via izquierda,buen tiempo,pleno dia,zona interurbana,f36e412aea00d7c622f3d331c5ceec42eaf18bda2d0374971a09fc79d7d9f293,accidentes_raw_dgt,2026-05-09 20:40:11
2019,Almería,3,Jueves,0,Zona interurbana,Vía urbana,Choque obstáculo mediana,Buen tiempo,Se desconoce,1,1,0,0,2019-03-01,via urbana,choque obstaculo mediana,buen tiempo,se desconoce,zona interurbana,e85a870aeb6eed9e560269c22f3f3d0823a5a1aa6536bb1bf8d90621b9e70fd1,accidentes_raw_dgt,2026-05-09 20:40:11
2019,Almería,3,Miércoles,18,Zona interurbana,Vía urbana,Choque obstáculo mediana,Buen tiempo,Pleno día,1,0,0,1,2019-03-01,via urbana,choque obstaculo mediana,buen tiempo,pleno dia,zona interurbana,b1ded99722cf8de822a82d6dcb83a2af02ce9d9d73d265dae40e2f29d23ca902,accidentes_raw_dgt,2026-05-09 20:40:11
2019,Almería,5,Sábado,21,Zona interurbana,Vía urbana,Choque obstáculo lateral,Buen tiempo,Se desconoce,1,1,0,0,2019-05-01,via urbana,choque obstaculo lateral,buen tiempo,se desconoce,zona interurbana,8b833ace33df3b957c23fe6dc61a636cc27ae1c1919b6bbe9a7d5a648a989ed9,accidentes_raw_dgt,2026-05-09 20:40:11
2019,Almería,5,Viernes,6,Zona interurbana,Calle,Choque obstáculo mediana,Buen tiempo,Pleno día,1,0,0,1,2019-05-01,calle,choque obstaculo mediana,buen tiempo,pleno dia,zona interurbana,9e2f46c99a2188ab0ea4f10469e8b1a5be763055bb3efdef7bd587b741d91359,accidentes_raw_dgt,2026-05-09 20:40:11
2019,Almería,7,Domingo,6,Zona interurbana,Vía urbana,Caída de ocupante,Buen tiempo,Amanecer/Anochecer,1,0,1,0,2019-07-01,via urbana,caida de ocupante,buen tiempo,amanecer/anochecer,zona interurbana,aa6db2224b6d7f3912318a31c2b593ac02d388ac683e0fb1b1f3ac42684f026e,accidentes_raw_dgt,2026-05-09 20:40:11
2019,Almería,12,Lunes,9,Zona interurbana,Vía urbana,Colisión frontolateral,Buen tiempo,Pleno día,1,0,0,1,2019-12-01,via urbana,colision frontolateral,buen tiempo,pleno dia,zona interurbana,8ace90d8ffdf2ee4bcd149c56579f93598080a47502ab616bc7c1c36b37e199f,accidentes_raw_dgt,2026-05-09 20:40:11
2019,Almería,8,Domingo,1,Zona interurbana,Vía urbana,Caída de motociclista,Buen tiempo,Se desconoce,3,1,1,0,2019-08-01,via urbana,caida de motociclista,buen tiempo,se desconoce,zona interurbana,2cd040c082abd00d3e39e67c3a339fc139c2eb29a8b5349e19c8aee0b5d5a116,accidentes_raw_dgt,2026-05-09 20:40:11
2019,Almería,10,Martes,16,Zona interurbana,Vía urbana,Salida vía izquierda,Granizo,Pleno día,1,0,0,1,2019-10-01,via urbana,salida via izquierda,granizo,pleno dia,zona interurbana,4556b34f73d3244386c449798296b3f21c28df98fd7b0da69a691f1dcbd4a261,accidentes_raw_dgt,2026-05-09 20:40:11
2019,Almería,11,Martes,16,Zona interurbana,Vía urbana,Colisión frontolateral,Buen tiempo,Pleno día,1,0,0,1,2019-11-01,via urbana,colision frontolateral,buen tiempo,pleno dia,zona interurbana,dd996502691de578103fca2b9071469c78cc9f65d34a0668c67662bdb034eb8d,accidentes_raw_dgt,2026-05-09 20:40:11
2019,Almería,12,Miércoles,7,Zona interurbana,Vía urbana,Atropello a ciclista,Buen tiempo,Se desconoce,1,0,0,1,2019-12-01,via urbana,atropello a ciclista,buen tiempo,se desconoce,zona interurbana,9d9ceff673eaf9a700aae4e9b803f528721ab402c35663178329da2536af728a,accidentes_raw_dgt,2026-05-09 20:40:11
2019,Almería,2,Domingo,9,Zona interurbana,Vía urbana,Animal en calzada,Buen tiempo,Pleno día,1,0,0,1,2019-02-01,via urbana,animal en calzada,buen tiempo,pleno dia,zona interurbana,b7d8243a7ffe14e85a24eb0abd4f42389c1cb615647ad6a8d31da72930fb622e,accidentes_raw_dgt,2026-05-09 20:40:11
2019,Almería,1,Sábado,1,Zona interurbana,Vía urbana,Vuelco en calzada,Buen tiempo,Se desconoce,2,0,0,2,2019-01-01,via urbana,vuelco en calzada,buen tiempo,se desconoce,zona interurbana,4aff907ef4a6d2c2d2d4bfbaaec8c4c2d531e0cdb9b35395c51173d3ec88f965,accidentes_raw_dgt,2026-05-09 20:40:11
2019,Almería,11,Martes,19,Zona interurbana,Vía urbana,Atropello a ciclista,Buen tiempo,Se desconoce,1,0,0,1,2019-11-01,via urbana,atropello a ciclista,buen tiempo,se desconoce,zona interurbana,05b9c3cba9bacd7210ab816a4c356abfa86be9e42afa1a504c4bec0d48cf4f54,accidentes_raw_dgt,2026-05-09 20:40:11
2019,Almería,2,Domingo,12,Zona interurbana,Vía urbana,Colisión frontolateral,Buen tiempo,Pleno día,2,0,1,1,2019-02-01,via urbana,colision frontolateral,buen tiempo,pleno dia,zona interurbana,323e4847e6864b77e07ca44f314f7d3677c9314e7259a99ca74c7b2c90a2e940,accidentes_raw_dgt,2026-05-09 20:40:11
2019,Almería,5,Domingo,14,Zona interurbana,Vía urbana,Colisión frontal,Buen tiempo,Pleno día,2,0,0,2,2019-05-01,via urbana,colision frontal,buen tiempo,pleno dia,zona interurbana,1edbf99ceb74ae073c5faca96afdd9f212b62f207efcbd2b00e41d6b6df46ab6,accidentes_raw_dgt,2026-05-09 20:40:11
2019,Almería,10,Sábado,12,Zona interurbana,Vía urbana,Choque obstáculo mediana,Buen tiempo,Pleno día,1,0,0,1,2019-10-01,via urbana,choque obstaculo mediana,buen tiempo,pleno dia,zona interurbana,33e335ace8e8fbf3dfeef681c26f238b9a79428447db482dda0a2656f1c12295,accidentes_raw_dgt,2026-05-09 20:40:11
2019,Almería,10,Jueves,12,Travesía,Otro,Choque obstáculo lateral,Buen tiempo,Pleno día,1,1,0,0,2019-10-01,otro,choque obstaculo lateral,buen tiempo,pleno dia,travesia,822a965f61c45f7a211440711acbe755161292de38d20178b01229056e1a7a2e,accidentes_raw_dgt,2026-05-09 20:40:11
2019,Almería,1,Miércoles,18,Zona interurbana,Ramal/enlace,Colisión por alcance,Buen tiempo,Se desconoce,2,0,0,2,2019-01-01,ramal/enlace,colision por alcance,buen tiempo,se desconoce,zona interurbana,131927c002782b5d68ee2f9519ff55a72f9b969b9afaf37cc39127486d01af2e,accidentes_raw_dgt,2026-05-09 20:40:11
2019,Almería,1,Miércoles,3,Zona interurbana,Vía convencional,Choque obstáculo calzada,Buen tiempo,Se desconoce,1,0,1,0,2019-01-01,via convencional,choque obstaculo calzada,buen tiempo,se desconoce,zona interurbana,888686c56da0a589a933509eb65162fa2caa63072e8a330ce7a10ba3bc1d4eaa,accidentes_raw_dgt,2026-05-09 20:40:11
2019,Almería,1,Lunes,20,Travesía,Otro,Colisión por alcance,Buen tiempo,Noche sin iluminación,2,0,0,2,2019-01-01,otro,colision por alcance,buen tiempo,noche sin iluminacion,travesia,012b946b1029081bf55269ca19023e0846525dac80a888fdedfad708c723dbfd,accidentes_raw_dgt,2026-05-09 20:40:11
2019,Almería,1,Jueves,7,Travesía,Otro,Colisión frontolateral,Buen tiempo,Pleno día,1,0,0,1,2019-01-01,otro,colision frontolateral,buen tiempo,pleno dia,travesia,9baa6a7a3b12b993181f9df978ea5de0c4086c05cb4788c0944dd6373ba89c29,accidentes_raw_dgt,2026-05-09 20:40:11
2019,Almería,1,Jueves,18,Travesía,Otro,Choque obstáculo lateral,Buen tiempo,Noche sin iluminación,1,0,0,1,2019-01-01,otro,choque obstaculo lateral,buen tiempo,noche sin iluminacion,travesia,00f7f5c26f42ca17edf82c887506be0b504abb777a51c52b17c923b810ea992a,accidentes_raw_dgt,2026-05-09 20:40:11
2019,Almería,1,Martes,8,Zona interurbana,Vía urbana,Colisión por alcance,Buen tiempo,Noche sin iluminación,3,0,0,3,2019-01-01,via urbana,colision por alcance,buen tiempo,noche sin iluminacion,zona interurbana,ba39bad09c020d010db2769db890ba3f5516f3371d54b49f9f251b3a976330b8,accidentes_raw_dgt,2026-05-09 20:40:11
2019,Almería,1,Martes,16,Zona interurbana,Vía urbana,Colisión múltiple,Buen tiempo,Pleno día,3,0,0,3,2019-01-01,via urbana,colision multiple,buen tiempo,pleno dia,zona interurbana,e0e6e0ac768fed60b145efa56ff0fc00c809a54f2f26b54a649e5b0b16137a42,accidentes_raw_dgt,2026-05-09 20:40:11
2019,Almería,1,Domingo,23,Travesía,Otro,Colisión frontolateral,Buen tiempo,Pleno día,1,0,0,1,2019-01-01,otro,colision frontolateral,buen tiempo,pleno dia,travesia,dcdc295abab240890687b51827637fb18f6d297a7bb0a109e0e58572e09cf101,accidentes_raw_dgt,2026-05-09 20:40:11
2019,Almería,1,Viernes,7,Travesía,Otro,Animal en calzada,Buen tiempo,Noche sin iluminación,1,0,0,1,2019-01-01,otro,animal en calzada,buen tiempo,noche sin iluminacion,travesia,a994696540befd55c96017a162c7ae2685f2010a7fd3224c0ada25241913933b,accidentes_raw_dgt,2026-05-09 20:40:11
2019,Almería,1,Viernes,7,Travesía,Otro,Colisión frontolateral,Buen tiempo,Noche sin iluminación,1,0,0,1,2019-01-01,otro,colision frontolateral,buen tiempo,noche sin iluminacion,travesia,3c54e95a9ac8c3b5eae9fed7063745390dc94e153ad744e99647f296c8c6c742,accidentes_raw_dgt,2026-05-09 20:40:11
2019,Almería,1,Miércoles,12,Travesía,Otro,Choque obstáculo lateral,Buen tiempo,Pleno día,1,0,0,1,2019-01-01,otro,choque obstaculo lateral,buen tiempo,pleno dia,travesia,c2c49e738e037fa9559d33b86b33036c58e2ffaf29a77956d035fc41f9f5a928,accidentes_raw_dgt,2026-05-09 20:40:11
2019,Almería,1,Sábado,12,Zona interurbana,Vía urbana,Colisión frontolateral,Buen tiempo,Pleno día,1,0,0,1,2019-01-01,via urbana,colision frontolateral,buen tiempo,pleno dia,zona interurbana,fe86430130c978b2836838c6bf55797ebcd8524f4ac3ddbff81eda0e7687bc2f,accidentes_raw_dgt,2026-05-09 20:40:11
2019,Almería,1,Lunes,0,Zona interurbana,Vía urbana,Se desconoce,Buen tiempo,Noche sin iluminación,4,0,0,4,2019-01-01,via urbana,se desconoce,buen tiempo,noche sin iluminacion,zona interurbana,143cf2c38c63401ee6c6d4514733c832f013c5647b03c92edae973e7a1c440a7,accidentes_raw_dgt,2026-05-09 20:40:11
2019,Almería,1,Domingo,9,Travesía,Otro,Colisión frontolateral,Buen tiempo,Pleno día,1,0,0,1,2019-01-01,otro,colision frontolateral,buen tiempo,pleno dia,travesia,5d69d55ace245c9ac57a0dcf38e08c6c60e5068411d65c176d14501644bdc118,accidentes_raw_dgt,2026-05-09 20:40:11
2019,Almería,1,Domingo,10,Zona interurbana,Vía urbana,Se desconoce,Buen tiempo,Pleno día,1,0,0,1,2019-01-01,via urbana,se desconoce,buen tiempo,pleno dia,zona interurbana,c196451df88696ab27f6f6e7a6d5eae46bd7a0827aec128294fbc9721ba36bd4,accidentes_raw_dgt,2026-05-09 20:40:11
2019,Almería,1,Sábado,17,Zona interurbana,Vía urbana,Otro tipo,Buen tiempo,Pleno día,4,0,0,4,2019-01-01,via urbana,otro tipo,buen tiempo,pleno dia,zona interurbana,65cd1264927aa198c55f88310655aac75de2b6a46b888f1312a19b1fa0339e6e,accidentes_raw_dgt,2026-05-09 20:40:11
2019,Almería,1,Martes,8,Travesía,Otro,Colisión frontolateral,Buen tiempo,Pleno día,1,0,0,1,2019-01-01,otro,colision frontolateral,buen tiempo,pleno dia,travesia,3da8c7b2f0cdecf763dc8314b5ea81fb48ddb01cef3db4a276b623d609f6e355,accidentes_raw_dgt,2026-05-09 20:40:11
2019,Almería,1,Lunes,11,Travesía,Otro,Colisión por alcance,Buen tiempo,Pleno día,1,0,0,1,2019-01-01,otro,colision por alcance,buen tiempo,pleno dia,travesia,c59ba22287efed2c760a4823f839d75e55aca4cde59995e7f0ca4a69719c66ba,accidentes_raw_dgt,2026-05-09 20:40:11
2019,Almería,1,Viernes,23,Zona interurbana,Vía urbana,Atropello a ciclista,Buen tiempo,Noche sin iluminación,1,0,1,0,2019-01-01,via urbana,atropello a ciclista,buen tiempo,noche sin iluminacion,zona interurbana,52a55057b498b3aebc54d469e81142ee57ddc7abfc6d379b5e8a5c0c7a9ef820,accidentes_raw_dgt,2026-05-09 20:40:11
2019,Almería,1,Miércoles,16,Travesía,Otro,Choque obstáculo lateral,Buen tiempo,Pleno día,1,0,0,1,2019-01-01,otro,choque obstaculo lateral,buen tiempo,pleno dia,travesia,b23826ecdcfe9d69cb981de384a372ecff0f2a5a514a7077f9e133e90a9eafa4,accidentes_raw_dgt,2026-05-09 20:40:11
2019,Almería,1,Domingo,18,Zona interurbana,Vía urbana,Caída de motociclista,Lluvia,Noche con iluminación,1,0,0,1,2019-01-01,via urbana,caida de motociclista,lluvia,noche con iluminacion,zona interurbana,a65c76c44fd587a8acf4dfcfcd25afa18cd15928b4b6113266041e6ed07c84d6,accidentes_raw_dgt,2026-05-09 20:40:11
2019,Almería,1,Martes,14,Travesía,Otro,Colisión por alcance,Buen tiempo,Pleno día,1,0,0,1,2019-01-01,otro,colision por alcance,buen tiempo,pleno dia,travesia,86d1d4f9c4c19f02a0e1caaa29b25fced28c4f71d1b41415b1e15e40153ac0e4,accidentes_raw_dgt,2026-05-09 20:40:11
2019,Almería,1,Domingo,11,Zona interurbana,Camino vecinal,Colisión por alcance,Buen tiempo,Pleno día,2,0,0,2,2019-01-01,camino vecinal,colision por alcance,buen tiempo,pleno dia,zona interurbana,d68e83f92ed9cc2086c9bfbfcb588a1ac4b549e98bb64b676c6f11efe70c57ec,accidentes_raw_dgt,2026-05-09 20:40:11
2019,Almería,1,Lunes,16,Travesía,Otro,Animal en calzada,Buen tiempo,Pleno día,1,0,0,1,2019-01-01,otro,animal en calzada,buen tiempo,pleno dia,travesia,43bcfd67415041651733e9f16b4126ed6b8b30b0c9e77acb9da38a542ff0eaad,accidentes_raw_dgt,2026-05-09 20:40:11
2019,Almería,1,Jueves,19,Zona interurbana,Vía urbana,Otro tipo,Buen tiempo,Se desconoce,1,0,0,1,2019-01-01,via urbana,otro tipo,buen tiempo,se desconoce,zona interurbana,315ef9b31f21c15d6dc3cd731a7dbfa3ddba2d29ba05f638cf89c850f1d20fbf,accidentes_raw_dgt,2026-05-09 20:40:11
2019,Almería,1,Jueves,7,Zona interurbana,Vía urbana,Colisión frontolateral,Buen tiempo,Se desconoce,1,0,0,1,2019-01-01,via urbana,colision frontolateral,buen tiempo,se desconoce,zona interurbana,35eaa6c84916d934f103c58ad815632de3f32b4aef13fe75db7f52ffed6da0bc,accidentes_raw_dgt,2026-05-09 20:40:11
2019,Almería,1,Jueves,14,Zona interurbana,Vía urbana,Colisión por alcance,Buen tiempo,Pleno día,1,0,0,1,2019-01-01,via urbana,colision por alcance,buen tiempo,pleno dia,zona interurbana,5524fe000ffd5c1743a619d7e17581511ed083d674b9998c6c7b42024315e88a,accidentes_raw_dgt,2026-05-09 20:40:11
2019,Almería,2,Domingo,15,Travesía,Otro,Colisión frontolateral,Buen tiempo,Pleno día,1,0,0,1,2019-02-01,otro,colision frontolateral,buen tiempo,pleno dia,travesia,09b56f21e3c4370acc15a9e76ed4064f50d06085b630f7b2e736d8a90b369923,accidentes_raw_dgt,2026-05-09 20:40:11
2019,Almería,1,Miércoles,15,Travesía,Otro,Colisión frontolateral,Buen tiempo,Pleno día,3,0,0,3,2019-01-01,otro,colision frontolateral,buen tiempo,pleno dia,travesia,0969af623440c92ea17c6d0f921e27660188c8b5091c74af716ede380577a265,accidentes_raw_dgt,2026-05-09 20:40:11
2019,Almería,1,Jueves,5,Zona urbana,Vía urbana,Se desconoce,Buen tiempo,Se desconoce,1,0,0,1,2019-01-01,via urbana,se desconoce,buen tiempo,se desconoce,zona urbana,0454a8d72f0fda8244e7ec5754978037816c3118b0a1316d1cd352bd5d76c159,accidentes_raw_dgt,2026-05-09 20:40:11
2019,Almería,1,Miércoles,22,Travesía,Otro,Colisión frontolateral,Buen tiempo,Noche sin iluminación,2,0,0,2,2019-01-01,otro,colision frontolateral,buen tiempo,noche sin iluminacion,travesia,db2e7f1bd5ab9968ae76199b7cc74795ca7404d5a08d78567715ce532f9d2669,accidentes_raw_dgt,2026-05-09 20:40:11
2019,Almería,2,Viernes,12,Travesía,Otro,Colisión por alcance,Buen tiempo,Pleno día,3,0,0,3,2019-02-01,otro,colision por alcance,buen tiempo,pleno dia,travesia,7d91b762b534b3e2fc51995be621481d79fcf351665f828888ed759bb3ec9d56,accidentes_raw_dgt,2026-05-09 20:40:11
2019,Almería,2,Lunes,16,Travesía,Otro,Colisión frontolateral,Buen tiempo,Pleno día,1,0,0,1,2019-02-01,otro,colision frontolateral,buen tiempo,pleno dia,travesia,0b592c692713048fb10a6bce270a9e83557d469c7d9c8e4766a6356ea5f89452,accidentes_raw_dgt,2026-05-09 20:40:11
2019,Almería,2,Martes,7,Zona interurbana,Vía urbana,Colisión múltiple,Buen tiempo,Pleno día,1,0,0,1,2019-02-01,via urbana,colision multiple,buen tiempo,pleno dia,zona interurbana,9701e339c54549ed8910181919f4f302cbb33df319c555fef191abd965829889,accidentes_raw_dgt,2026-05-09 20:40:11
2019,Almería,1,Miércoles,10,Travesía,Otro,Colisión frontolateral,Buen tiempo,Pleno día,1,0,0,1,2019-01-01,otro,colision frontolateral,buen tiempo,pleno dia,travesia,2c6b7bf2a4ef2fc87ce92b7097c6c477825b898877f3c7406c9609f7e5ddb8e6,accidentes_raw_dgt,2026-05-09 20:40:11
2019,Almería,1,Martes,11,Travesía,Otro,Colisión por alcance,Buen tiempo,Pleno día,1,0,0,1,2019-01-01,otro,colision por alcance,buen tiempo,pleno dia,travesia,59f709983a36d35350ed715504057d4277b9854b057f27050dad5e9c31ecbcf6,accidentes_raw_dgt,2026-05-09 20:40:11
2019,Almería,1,Lunes,20,Travesía,Otro,Colisión frontolateral,Buen tiempo,Noche sin iluminación,1,0,0,1,2019-01-01,otro,colision frontolateral,buen tiempo,noche sin iluminacion,travesia,f3a6399711da0b03dbe6b6e1c6c983e3accc0cb515d10276cd924ebf226052a4,accidentes_raw_dgt,2026-05-09 20:40:11
2019,Almería,2,Jueves,9,Travesía,Otro,Colisión frontolateral,Buen tiempo,Pleno día,1,0,0,1,2019-02-01,otro,colision frontolateral,buen tiempo,pleno dia,travesia,942399f999b7a2e564b2e3a1a564ccde708f617e32f51f1549e498138c2531a2,accidentes_raw_dgt,2026-05-09 20:40:11
2019,Almería,2,Miércoles,16,Travesía,Otro,Colisión frontolateral,Buen tiempo,Pleno día,2,0,0,2,2019-02-01,otro,colision frontolateral,buen tiempo,pleno dia,travesia,93a3a6df20e4b9fe133a46c56c9bbc8a119bc255475b527d13f200c04d39f169,accidentes_raw_dgt,2026-05-09 20:40:11
2019,Almería,2,Viernes,12,Travesía,Otro,Choque obstáculo lateral,Buen tiempo,Pleno día,2,0,0,2,2019-02-01,otro,choque obstaculo lateral,buen tiempo,pleno dia,travesia,cb366b057a5d9e925d003c2b18d15d412e889c86a74dc28fb7b9ad665041c7f1,accidentes_raw_dgt,2026-05-09 20:40:11
2019,Almería,1,Lunes,14,Travesía,Otro,Colisión frontolateral,Buen tiempo,Pleno día,1,0,0,1,2019-01-01,otro,colision frontolateral,buen tiempo,pleno dia,travesia,440f780c6a06853dc0e34670616fadffa534f06ae882c06c010b0089a9ce39f8,accidentes_raw_dgt,2026-05-09 20:40:11
2019,Almería,2,Viernes,13,Travesía,Otro,Colisión por alcance,Buen tiempo,Pleno día,1,0,0,1,2019-02-01,otro,colision por alcance,buen tiempo,pleno dia,travesia,243b8a8b497f312601438c161449961cad5dbc3baf3704c16c0d2ab44c3be5df,accidentes_raw_dgt,2026-05-09 20:40:11
2019,Almería,2,Martes,19,Zona interurbana,Vía urbana,Atropello a ciclista,Buen tiempo,Se desconoce,1,0,0,1,2019-02-01,via urbana,atropello a ciclista,buen tiempo,se desconoce,zona interurbana,0dc732c14f4b4da359823816133f6af10ae3fd43344f0b951399b6655b385978,accidentes_raw_dgt,2026-05-09 20:40:11
2019,Almería,1,Jueves,8,Travesía,Otro,Choque obstáculo lateral,Buen tiempo,Pleno día,1,0,0,1,2019-01-01,otro,choque obstaculo lateral,buen tiempo,pleno dia,travesia,0cfc62b7b1a3090be2c0e68b07acbda9950e41b7c21fb9d91d786b285ca2bbd8,accidentes_raw_dgt,2026-05-09 20:40:11
2019,Almería,1,Martes,20,Travesía,Otro,Choque obstáculo lateral,Buen tiempo,Noche sin iluminación,1,0,0,1,2019-01-01,otro,choque obstaculo lateral,buen tiempo,noche sin iluminacion,travesia,51358c64f062326692f02dd7179ea05b9bacb05bbd098fc005b34948130fc7ba,accidentes_raw_dgt,2026-05-09 20:40:11
2019,Almería,2,Martes,17,Travesía,Otro,Objeto desprendido,Buen tiempo,Pleno día,1,0,0,1,2019-02-01,otro,objeto desprendido,buen tiempo,pleno dia,travesia,486ea85278bd246cca4a4de0dd8e08ed0802eed350c73eebd662a4578c281496,accidentes_raw_dgt,2026-05-09 20:40:11
2019,Almería,2,Viernes,14,Zona interurbana,Camino vecinal,Colisión por alcance,Buen tiempo,Pleno día,1,0,0,1,2019-02-01,camino vecinal,colision por alcance,buen tiempo,pleno dia,zona interurbana,eb7539924cf4b8b67488575210db3526ec7c2daaf546705ac37e5039c71c36f3,accidentes_raw_dgt,2026-05-09 20:40:11
2019,Almería,2,Sábado,12,Zona interurbana,Travesía,Colisión lateral,Buen tiempo,Pleno día,1,0,0,1,2019-02-01,travesia,colision lateral,buen tiempo,pleno dia,zona interurbana,27c9343c0adef1ffc1cae977b5d52aa3eddcca5045b538775df6230914031e0b,accidentes_raw_dgt,2026-05-09 20:40:11
2019,Almería,2,Viernes,10,Travesía,Otro,Colisión lateral,Buen tiempo,Pleno día,1,0,0,1,2019-02-01,otro,colision lateral,buen tiempo,pleno dia,travesia,fecf38f73a2317104df9b5b62b0b3edde2bfa79b1c83dcd83e063033f248a009,accidentes_raw_dgt,2026-05-09 20:40:11
2019,Almería,1,Martes,13,Zona interurbana,Vía urbana,Objeto desprendido,Buen tiempo,Pleno día,1,0,0,1,2019-01-01,via urbana,objeto desprendido,buen tiempo,pleno dia,zona interurbana,72dfbd81769eb39eb62d87cc9759e1084e20efd01b4a5bd1d810d1411f550d7b,accidentes_raw_dgt,2026-05-09 20:40:11
2019,Almería,1,Lunes,13,Red viaria urbana,Vía convencional,Colisión por alcance,Buen tiempo,Pleno día,1,0,0,1,2019-01-01,via convencional,colision por alcance,buen tiempo,pleno dia,red viaria urbana,2204f2f125c2a5e5eb4329051de5546c9533beec192d8ba5269b01b78df7f47f,accidentes_raw_dgt,2026-05-09 20:40:11
2019,Almería,1,Lunes,18,Travesía,Otro,Objeto desprendido,Buen tiempo,Noche con iluminación,1,0,0,1,2019-01-01,otro,objeto desprendido,buen tiempo,noche con iluminacion,travesia,567c38161a125f1d049703d0e67e1062fdd9b975ecf00688cc61415c997e71c6,accidentes_raw_dgt,2026-05-09 20:40:11