AÑO,PROVINCIA,MES,DIA_SEMANA,HORA,ZONA,TIPO_VIA,TIPO_ACCIDENTE,CONDICION_METEO,CONDICION_ILUMINACION,TOTAL_VICTIMAS,FALLECIDOS_24H,HERIDOS_GRAVES,HERIDOS_LEVES,FECHA_ACCIDENTE,TIPO_VIA_NORM,TIPO_ACCIDENTE_NORM,CONDICION_METEO_NORM,CONDICION_ILUMINACION_NORM,ZONA_NORM,ID_ACCIDENTE_HASH,source_id,load_timestamp
2019,Almería,2,Miércoles,22,Travesía,Otro,Colisión frontolateral,Buen tiempo,Noche sin iluminación,1,0,0,1,2019-02-01,otro,colision frontolateral,buen tiempo,noche sin iluminacion,travesia,886b73d4b098e551f1dbb54ef2b55ef41981908b9b3c1b8fe7c442f26f0fa63d,accidentes_raw_dgt,2026-05-09 20:40:11
2019,Almería,2,Viernes,20,Travesía,Otro,Colisión frontolateral,Buen tiempo,Noche sin iluminación,1,0,0,1,2019-02-01,otro,colision frontolateral,buen tiempo,noche sin iluminacion,travesia,a2242bed4e70f78d8a55a133a5fb182aebe6292cbbdb467afd904ddbc0f19a37,accidentes_raw_dgt,2026-05-09 20:40:11
2019,Almería,2,Lunes,13,Travesía,Otro,Colisión por alcance,Buen tiempo,Pleno día,2,0,0,2,2019-02-01,otro,colision por alcance,buen tiempo,pleno dia,travesia,eabee6aaeeceb344e06c13b827b56eba0b7137b614599d6f46780108af531f82,accidentes_raw_dgt,2026-05-09 20:40:11
2019,Almería,2,Lunes,10,Travesía,Otro,Objeto desprendido,Buen tiempo,Pleno día,2,0,1,1,2019-02-01,otro,objeto desprendido,buen tiempo,pleno dia,travesia,5edd6b7ba99be850ab24ef3acbb3b0de8f0dcb9a04e70b819b87ab641c88faee,accidentes_raw_dgt,2026-05-09 20:40:11
2019,Almería,2,Martes,8,Travesía,Otro,Colisión frontolateral,Buen tiempo,Pleno día,1,0,0,1,2019-02-01,otro,colision frontolateral,buen tiempo,pleno dia,travesia,8c285e204e44251d9ed484c6fec0bbb7b9ed06e481a23b7af75505e8c03e3228,accidentes_raw_dgt,2026-05-09 20:40:11
2019,Almería,2,Miércoles,7,Travesía,Otro,Colisión frontolateral,Buen tiempo,Pleno día,1,0,0,1,2019-02-01,otro,colision frontolateral,buen tiempo,pleno dia,travesia,d96e16834162dac297cedadeb970e46e492429c0fead666cfbf2eb1bc832398b,accidentes_raw_dgt,2026-05-09 20:40:11
2019,Almería,3,Viernes,18,Zona interurbana,Vía urbana,Se desconoce,Buen tiempo,Amanecer/Anochecer,1,0,0,1,2019-03-01,via urbana,se desconoce,buen tiempo,amanecer/anochecer,zona interurbana,ec98fb8da41fa834a16c20a557e78830fdc8f194697ce1e5134cb5465ad6eb16,accidentes_raw_dgt,2026-05-09 20:40:11
2019,Almería,2,Lunes,8,Zona interurbana,Ramal/enlace,Colisión por alcance,Buen tiempo,Pleno día,1,0,0,1,2019-02-01,ramal/enlace,colision por alcance,buen tiempo,pleno dia,zona interurbana,2bde19bfd8f894f5fcb4d5cd394ad1db83069f89b044d84450a55bb103a04aba,accidentes_raw_dgt,2026-05-09 20:40:11
2019,Almería,2,Martes,8,Travesía,Otro,Objeto desprendido,Buen tiempo,Pleno día,1,0,0,1,2019-02-01,otro,objeto desprendido,buen tiempo,pleno dia,travesia,28319e60856707a3e836d4e97f4399f27b9f1c6e6526181f6eb50d104b93977d,accidentes_raw_dgt,2026-05-09 20:40:11
2019,Almería,2,Jueves,13,Zona interurbana,Vía urbana,Se desconoce,Buen tiempo,Pleno día,1,0,0,1,2019-02-01,via urbana,se desconoce,buen tiempo,pleno dia,zona interurbana,ba60a05324e37884704580e5a1bb4babe0dd0f947164ec11962e7f8aa61898b1,accidentes_raw_dgt,2026-05-09 20:40:11
2019,Almería,2,Miércoles,7,Travesía,Otro,Colisión frontolateral,Buen tiempo,Pleno día,1,0,0,1,2019-02-01,otro,colision frontolateral,buen tiempo,pleno dia,travesia,5779cc39462de115870e81134a3193bd010285019fa9a3a90ec148086f60bbca,accidentes_raw_dgt,2026-05-09 20:40:11
2019,Almería,2,Miércoles,17,Travesía,Otro,Colisión frontolateral,Buen tiempo,Pleno día,1,0,0,1,2019-02-01,otro,colision frontolateral,buen tiempo,pleno dia,travesia,404c93bdee16f75b1fa65f8e52993cc7f0b0bf7b5314afc1729736f8bf94d30c,accidentes_raw_dgt,2026-05-09 20:40:11
2019,Almería,3,Viernes,7,Travesía,Otro,Colisión frontolateral,Buen tiempo,Pleno día,1,0,0,1,2019-03-01,otro,colision frontolateral,buen tiempo,pleno dia,travesia,1c0a41630b5cac336389be45847d61015327e5dc9affe92b726f182ad0f1c997,accidentes_raw_dgt,2026-05-09 20:40:11
2019,Almería,3,Viernes,8,Travesía,Otro,Colisión por alcance,Buen tiempo,Pleno día,1,0,0,1,2019-03-01,otro,colision por alcance,buen tiempo,pleno dia,travesia,f18c99b3daa260d7fe95e9dc4e067b4b0afd58a7b37b2e3afef96347ca1ffdbf,accidentes_raw_dgt,2026-05-09 20:40:11
2019,Almería,3,Jueves,13,Travesía,Otro,Choque obstáculo lateral,Buen tiempo,Pleno día,2,0,0,2,2019-03-01,otro,choque obstaculo lateral,buen tiempo,pleno dia,travesia,ff57b2908b9c8842d2ec6d3c7f59d679c3882db3d8e697a65e583726c104ab46,accidentes_raw_dgt,2026-05-09 20:40:11
2019,Almería,3,Viernes,18,Zona interurbana,Vía convencional,Colisión por alcance,Buen tiempo,Pleno día,1,0,0,1,2019-03-01,via convencional,colision por alcance,buen tiempo,pleno dia,zona interurbana,3761d931eeba3187c439da80d964972393b5820fea3ef9a3f5953b63948f51a3,accidentes_raw_dgt,2026-05-09 20:40:11
2019,Almería,3,Sábado,15,Travesía,Otro,Colisión frontolateral,Buen tiempo,Pleno día,2,0,0,2,2019-03-01,otro,colision frontolateral,buen tiempo,pleno dia,travesia,c115812b94dd86994e7b303e46eae3d8a38fd94cad9e582c53ab2ae4c8f32336,accidentes_raw_dgt,2026-05-09 20:40:11
2019,Almería,1,Martes,15,Travesía,Otro,Colisión frontolateral,Buen tiempo,Pleno día,1,0,0,1,2019-01-01,otro,colision frontolateral,buen tiempo,pleno dia,travesia,94962c41e17d6142a0270b5397ca1371e0ba66f93c7660621816c6f5fd428169,accidentes_raw_dgt,2026-05-09 20:40:11
2019,Almería,1,Sábado,12,Travesía,Otro,Colisión frontolateral,Buen tiempo,Pleno día,1,0,0,1,2019-01-01,otro,colision frontolateral,buen tiempo,pleno dia,travesia,d79d5ca8d078fe269bc2a6d05d9053bcb6fa739877a7c7dcba1d6e073dd8a8ac,accidentes_raw_dgt,2026-05-09 20:40:11
2019,Almería,1,Domingo,13,Travesía,Otro,Choque obstáculo lateral,Buen tiempo,Pleno día,1,0,0,1,2019-01-01,otro,choque obstaculo lateral,buen tiempo,pleno dia,travesia,d6882ad218ce73f74cb4374b3c86b8e3d3eba4715f3d3350590e680a09e970e8,accidentes_raw_dgt,2026-05-09 20:40:11
2019,Almería,3,Martes,18,Zona interurbana,Vía urbana,Colisión lateral,Buen tiempo,Pleno día,1,0,0,1,2019-03-01,via urbana,colision lateral,buen tiempo,pleno dia,zona interurbana,cf2e8ef59ca7a4e4388a6366130b68176e9ef054c83d28c7579dcd3aea037e77,accidentes_raw_dgt,2026-05-09 20:40:11
2019,Almería,2,Miércoles,12,Travesía,Otro,Colisión frontolateral,Buen tiempo,Pleno día,1,0,0,1,2019-02-01,otro,colision frontolateral,buen tiempo,pleno dia,travesia,515bb44a00097ac13d8b1c0939a63a81fe10bfa9a5a0cd0ae3e18597cc2b4932,accidentes_raw_dgt,2026-05-09 20:40:11
2019,Almería,2,Lunes,12,Travesía,Otro,Colisión frontal,Buen tiempo,Pleno día,1,0,0,1,2019-02-01,otro,colision frontal,buen tiempo,pleno dia,travesia,752131c1f2299ffbbffcc84ec0d576915c5eb1a6fc7137feb232a6ab65b25177,accidentes_raw_dgt,2026-05-09 20:40:11
2019,Almería,3,Jueves,8,Travesía,Otro,Choque obstáculo lateral,Buen tiempo,Pleno día,1,0,0,1,2019-03-01,otro,choque obstaculo lateral,buen tiempo,pleno dia,travesia,b4ff2b19753f126767e446acac628f07165d8852d9296e95cacda9b8aa00c641,accidentes_raw_dgt,2026-05-09 20:40:11
2019,Almería,3,Sábado,13,Zona interurbana,Vía urbana,Colisión por alcance,Buen tiempo,Pleno día,1,0,0,1,2019-03-01,via urbana,colision por alcance,buen tiempo,pleno dia,zona interurbana,d1ff46f6ba3122341f579e279e26035dc9f2ccbcb3d5b2a2932db49cac9d8749,accidentes_raw_dgt,2026-05-09 20:40:11
2019,Almería,3,Sábado,9,Zona interurbana,Vía convencional,Atropello a ciclista,Buen tiempo,Pleno día,1,0,0,1,2019-03-01,via convencional,atropello a ciclista,buen tiempo,pleno dia,zona interurbana,0b9d9315522cf43c3b956a67f2c95679967aefdd126cefa7c525e99bfc343764,accidentes_raw_dgt,2026-05-09 20:40:11
2019,Almería,3,Miércoles,15,Zona interurbana,Camino vecinal,Colisión frontolateral,Buen tiempo,Pleno día,1,0,0,1,2019-03-01,camino vecinal,colision frontolateral,buen tiempo,pleno dia,zona interurbana,48bf30cf24d55c5d8008ed20909f8e22c8f5d93433c508c0335fd1a8fbb2558a,accidentes_raw_dgt,2026-05-09 20:40:11
2019,Almería,3,Viernes,17,Zona interurbana,Vía urbana,Colisión frontolateral,Buen tiempo,Pleno día,3,0,0,3,2019-03-01,via urbana,colision frontolateral,buen tiempo,pleno dia,zona interurbana,e86004be0251b15114a88a0f1d12a47d044ac769f6a094755e645edd20105e90,accidentes_raw_dgt,2026-05-09 20:40:11
2019,Almería,3,Viernes,14,Travesía,Otro,Choque obstáculo lateral,Buen tiempo,Pleno día,1,0,0,1,2019-03-01,otro,choque obstaculo lateral,buen tiempo,pleno dia,travesia,d6da8b1e3b2432e1043ba03bc4ccb3a4ce9f31023755bb1288c78b7d711ec924,accidentes_raw_dgt,2026-05-09 20:40:11
2019,Almería,2,Martes,10,Travesía,Otro,Choque obstáculo lateral,Buen tiempo,Pleno día,1,0,0,1,2019-02-01,otro,choque obstaculo lateral,buen tiempo,pleno dia,travesia,6e49b6d291aff4f2be83b8c6552e540664ec261bb0e2ebd092c7de919e81a43c,accidentes_raw_dgt,2026-05-09 20:40:11
2019,Almería,2,Sábado,6,Travesía,Otro,Choque obstáculo lateral,Buen tiempo,Noche sin iluminación,1,0,0,1,2019-02-01,otro,choque obstaculo lateral,buen tiempo,noche sin iluminacion,travesia,4ebbca3ca29aad239c616dc000e64740e45889345d2ff989e14b2526a0ee82eb,accidentes_raw_dgt,2026-05-09 20:40:11
2019,Almería,3,Sábado,20,Travesía,Otro,Colisión frontolateral,Buen tiempo,Noche sin iluminación,1,0,0,1,2019-03-01,otro,colision frontolateral,buen tiempo,noche sin iluminacion,travesia,d7ccad3f6bbcb9a9eeb3a0fee0351140eb800f410b2fcb2a3c27e55f3d85efb8,accidentes_raw_dgt,2026-05-09 20:40:11
2019,Almería,3,Martes,10,Zona urbana,Camino vecinal,Colisión lateral,Buen tiempo,Pleno día,1,0,0,1,2019-03-01,camino vecinal,colision lateral,buen tiempo,pleno dia,zona urbana,c0d32e8f4dc23289155077becea663cf165d53cb4185e14010ead5e42936eedb,accidentes_raw_dgt,2026-05-09 20:40:11
2019,Almería,2,Viernes,14,Travesía,Otro,Choque obstáculo lateral,Buen tiempo,Pleno día,1,0,0,1,2019-02-01,otro,choque obstaculo lateral,buen tiempo,pleno dia,travesia,e7110f8dba36e4f13f369bc30feb3ad528a30a04943602669f266e8f435ce085,accidentes_raw_dgt,2026-05-09 20:40:11
2019,Almería,3,Viernes,12,Zona interurbana,Vía convencional,Colisión por alcance,Buen tiempo,Pleno día,1,0,0,1,2019-03-01,via convencional,colision por alcance,buen tiempo,pleno dia,zona interurbana,12269c796b58fb51020e17da59733d060552b37f7916e2f97df9f9bdc0e235a0,accidentes_raw_dgt,2026-05-09 20:40:11
2019,Almería,3,Viernes,20,Travesía,Travesía,Colisión por alcance,Buen tiempo,Noche sin iluminación,1,0,0,1,2019-03-01,travesia,colision por alcance,buen tiempo,noche sin iluminacion,travesia,d7f6d016e67079eb2eaa101fa1d4432de89f9103f8c7623c123378ed4eb191e8,accidentes_raw_dgt,2026-05-09 20:40:11
2019,Almería,3,Sábado,2,Travesía,Otro,Caída de ocupante,Buen tiempo,Noche sin iluminación,1,0,1,0,2019-03-01,otro,caida de ocupante,buen tiempo,noche sin iluminacion,travesia,d65112fe4b7673c7e4677845ab91b4a6686e4543ea7b1c2420f89481f7d1b965,accidentes_raw_dgt,2026-05-09 20:40:11
2019,Almería,3,Miércoles,10,Travesía,Otro,Colisión por alcance,Buen tiempo,Pleno día,1,0,0,1,2019-03-01,otro,colision por alcance,buen tiempo,pleno dia,travesia,058b346de9b51add4eca9aec2ab0ed11aed227590421e2a05070ae1236954094,accidentes_raw_dgt,2026-05-09 20:40:11
2019,Almería,3,Martes,6,Travesía,Otro,Colisión por alcance,Buen tiempo,Noche con iluminación,1,0,0,1,2019-03-01,otro,colision por alcance,buen tiempo,noche con iluminacion,travesia,7323374915f195ab9871a0cb72296bcef4d2a163d659d138b9029701b405ac6f,accidentes_raw_dgt,2026-05-09 20:40:11
2019,Almería,3,Martes,10,Travesía,Otro,Colisión lateral,Buen tiempo,Pleno día,1,0,0,1,2019-03-01,otro,colision lateral,buen tiempo,pleno dia,travesia,a5ba595e5571c2a92676b6ceb0294a4bd0061c3a011e97a78b40f7357d87a061,accidentes_raw_dgt,2026-05-09 20:40:11
2019,Almería,3,Sábado,10,Travesía,Otro,Choque obstáculo lateral,Lluvia,Pleno día,1,0,0,1,2019-03-01,otro,choque obstaculo lateral,lluvia,pleno dia,travesia,7cbd0054c41931bf13974e13cfaff73f6179c8ea634f0c9ca8664d9b6c7efa2e,accidentes_raw_dgt,2026-05-09 20:40:11
2019,Almería,3,Miércoles,11,Travesía,Otro,Choque obstáculo lateral,Buen tiempo,Pleno día,1,0,0,1,2019-03-01,otro,choque obstaculo lateral,buen tiempo,pleno dia,travesia,2de9b960babeff3d102bb91c52ba33005c807487fcd8d9185d1080187aefe192,accidentes_raw_dgt,2026-05-09 20:40:11
2019,Almería,3,Viernes,8,Travesía,Otro,Colisión frontolateral,Buen tiempo,Pleno día,1,0,0,1,2019-03-01,otro,colision frontolateral,buen tiempo,pleno dia,travesia,b567edd38e178dac20d4252c7e42ffedd866d91f315ffaa00d6dd682c1586f17,accidentes_raw_dgt,2026-05-09 20:40:11
2019,Almería,3,Miércoles,16,Travesía,Otro,Colisión frontolateral,Buen tiempo,Pleno día,1,0,0,1,2019-03-01,otro,colision frontolateral,buen tiempo,pleno dia,travesia,9509368b9a5172b8d96f18644356e636b4999607ec09c62b6d92d365169cedfa,accidentes_raw_dgt,2026-05-09 20:40:11
2019,Almería,3,Domingo,0,Travesía,Otro,Colisión frontolateral,Buen tiempo,Noche sin iluminación,2,0,0,2,2019-03-01,otro,colision frontolateral,buen tiempo,noche sin iluminacion,travesia,6656cb1339533eeca99806086421e15deb9e38a25e40c5d2d62e822e4ae46997,accidentes_raw_dgt,2026-05-09 20:40:11
2019,Almería,3,Viernes,13,Zona interurbana,Vía urbana,Caída de motociclista,Buen tiempo,Pleno día,2,0,1,0,2019-03-01,via urbana,caida de motociclista,buen tiempo,pleno dia,zona interurbana,704d7ecf2545962ec6695cb3976fc771346a9cdcbf4c62ba3e99e3e97f3431f8,accidentes_raw_dgt,2026-05-09 20:40:11
2019,Almería,2,Lunes,10,Travesía,Otro,Colisión por alcance,Buen tiempo,Pleno día,1,0,0,1,2019-02-01,otro,colision por alcance,buen tiempo,pleno dia,travesia,e3a6a7d6736f833c9e698561cc13fb5991d37cc5f775e81b181c9757b809a8a8,accidentes_raw_dgt,2026-05-09 20:40:11
2019,Almería,3,Sábado,13,Travesía,Otro,Colisión por alcance,Granizo,Pleno día,1,0,0,1,2019-03-01,otro,colision por alcance,granizo,pleno dia,travesia,9daa98ce3a24c2264ed088bb0d65b398e9967e8d16bb6e31467c1fd3a0cd9584,accidentes_raw_dgt,2026-05-09 20:40:11
2019,Almería,3,Sábado,20,Travesía,Otro,Se desconoce,Buen tiempo,Noche sin iluminación,1,0,0,1,2019-03-01,otro,se desconoce,buen tiempo,noche sin iluminacion,travesia,c50281c3dd92d836d2ba7702fad19f778404cddd49059afc7b2e6e537f436ea7,accidentes_raw_dgt,2026-05-09 20:40:11
2019,Almería,3,Miércoles,16,Travesía,Otro,Colisión frontolateral,Buen tiempo,Pleno día,2,0,0,2,2019-03-01,otro,colision frontolateral,buen tiempo,pleno dia,travesia,311d090632d9033faaae8772c8c351e6732c5b5c3300187f9a32671befdcbdd1,accidentes_raw_dgt,2026-05-09 20:40:11
2019,Almería,2,Martes,21,Travesía,Otro,Colisión frontolateral,Buen tiempo,Noche sin iluminación,1,0,1,0,2019-02-01,otro,colision frontolateral,buen tiempo,noche sin iluminacion,travesia,fd7d77de225b32549f1f537d378526ad307f575c5b6d66370a50c80cf54e081a,accidentes_raw_dgt,2026-05-09 20:40:11
2019,Almería,3,Viernes,19,Travesía,Otro,Colisión por alcance,Buen tiempo,Pleno día,4,0,0,4,2019-03-01,otro,colision por alcance,buen tiempo,pleno dia,travesia,5dfe43a321c6834c7de273c73aeadc705d919a5869e0f579f99fcd066d4c3f9f,accidentes_raw_dgt,2026-05-09 20:40:11
2019,Almería,4,Lunes,8,Travesía,Otro,Choque obstáculo lateral,Buen tiempo,Pleno día,1,0,0,1,2019-04-01,otro,choque obstaculo lateral,buen tiempo,pleno dia,travesia,b99427238b182d603134bd9c45d0c7a2611e1ff58b9f37f91b613f0bac0949ef,accidentes_raw_dgt,2026-05-09 20:40:11
2019,Almería,3,Jueves,21,Travesía,Otro,Colisión frontolateral,Buen tiempo,Noche sin iluminación,1,0,0,1,2019-03-01,otro,colision frontolateral,buen tiempo,noche sin iluminacion,travesia,7afb5aa51d6d953272c595adacfd9999c73bed29a4f59a3300a3b6188b43f66b,accidentes_raw_dgt,2026-05-09 20:40:11
2019,Almería,3,Viernes,12,Travesía,Otro,Animal en calzada,Buen tiempo,Pleno día,1,0,0,1,2019-03-01,otro,animal en calzada,buen tiempo,pleno dia,travesia,3aa4fb2899b0702f912a457fbcc2cb38c81af961f1d7f66aaffbc6aae49873a6,accidentes_raw_dgt,2026-05-09 20:40:11
2019,Almería,4,Lunes,19,Travesía,Otro,Colisión frontolateral,Buen tiempo,Pleno día,2,0,0,2,2019-04-01,otro,colision frontolateral,buen tiempo,pleno dia,travesia,fcc687ca8d076689aa4a5877927b816cb3ccfd681fb666da9487dbb9d0f973a0,accidentes_raw_dgt,2026-05-09 20:40:11
2019,Almería,4,Viernes,21,Travesía,Otro,Colisión frontolateral,Buen tiempo,Noche sin iluminación,1,0,0,1,2019-04-01,otro,colision frontolateral,buen tiempo,noche sin iluminacion,travesia,e25a5ef7ae33ee0e289c768d2aa3e740f48ee7d7573d7ede415a6916256168b8,accidentes_raw_dgt,2026-05-09 20:40:11
2019,Almería,2,Viernes,17,Travesía,Travesía,Choque obstáculo lateral,Buen tiempo,Pleno día,1,0,0,1,2019-02-01,travesia,choque obstaculo lateral,buen tiempo,pleno dia,travesia,2725d2bcfac13cc02f042a2cdec42759659c6ec2ab7877065b82a9ebf813cb85,accidentes_raw_dgt,2026-05-09 20:40:11
2019,Almería,4,Lunes,9,Travesía,Otro,Colisión frontolateral,Buen tiempo,Pleno día,1,0,0,1,2019-04-01,otro,colision frontolateral,buen tiempo,pleno dia,travesia,f6ca70bd1cc2f194e44cfbb2036649639f20cb87f109008a1f75f47d13e81954,accidentes_raw_dgt,2026-05-09 20:40:11
2019,Almería,2,Miércoles,22,Travesía,Otro,Objeto desprendido,Buen tiempo,Noche con iluminación,1,0,0,1,2019-02-01,otro,objeto desprendido,buen tiempo,noche con iluminacion,travesia,fff6d685ea1aa528de7bd7f926cfec6a58583fc946e3ce71a6411f6cc09a7a96,accidentes_raw_dgt,2026-05-09 20:40:11
2019,Almería,2,Jueves,13,Travesía,Otro,Objeto desprendido,Buen tiempo,Pleno día,2,0,0,2,2019-02-01,otro,objeto desprendido,buen tiempo,pleno dia,travesia,69aa50d0821a77410478ef06b174193c892c210509e13aeec8a8ae6a0225b42a,accidentes_raw_dgt,2026-05-09 20:40:11
2019,Almería,4,Jueves,17,Travesía,Otro,Choque obstáculo lateral,Buen tiempo,Pleno día,1,0,0,1,2019-04-01,otro,choque obstaculo lateral,buen tiempo,pleno dia,travesia,3834287db1cc2b1064f2a01c046c9b889e393000a353364214c4676067afbaa8,accidentes_raw_dgt,2026-05-09 20:40:11
2019,Almería,4,Viernes,5,Travesía,Otro,Se desconoce,Buen tiempo,Noche sin iluminación,1,0,0,1,2019-04-01,otro,se desconoce,buen tiempo,noche sin iluminacion,travesia,ccff8a9c9ce2b8b3a3638df6d58e8f9e25a18f571e9e9bb8321c39ca400244a1,accidentes_raw_dgt,2026-05-09 20:40:11
2019,Almería,4,Jueves,7,Zona interurbana,Vía urbana,Colisión frontolateral,Buen tiempo,Pleno día,3,0,0,3,2019-04-01,via urbana,colision frontolateral,buen tiempo,pleno dia,zona interurbana,13b9f23e5ea0d47a945d6296b61781a26ad5356420f5273a474009ebc4a06242,accidentes_raw_dgt,2026-05-09 20:40:11
2019,Almería,4,Martes,8,Zona interurbana,Vía convencional,Colisión por alcance,Buen tiempo,Pleno día,3,0,0,3,2019-04-01,via convencional,colision por alcance,buen tiempo,pleno dia,zona interurbana,9669cd41358f14175a8953c5475b9c48b75916464e4cb93e8f93b1952abd09ce,accidentes_raw_dgt,2026-05-09 20:40:11
2019,Almería,4,Martes,8,Zona interurbana,Vía convencional,Colisión por alcance,Buen tiempo,Pleno día,1,0,0,1,2019-04-01,via convencional,colision por alcance,buen tiempo,pleno dia,zona interurbana,46c253965501650db8bffddce4bd4f078c82dfb7442de8181a2383ff9d0c495a,accidentes_raw_dgt,2026-05-09 20:40:11
2019,Almería,4,Jueves,14,Travesía,Otro,Colisión frontolateral,Buen tiempo,Pleno día,1,0,0,1,2019-04-01,otro,colision frontolateral,buen tiempo,pleno dia,travesia,4014e91c398f3fe2460fe3e9b49cf13a2ebb3de09ab332a612ff0508b06e87f0,accidentes_raw_dgt,2026-05-09 20:40:11
2019,Almería,4,Lunes,20,Travesía,Otro,Colisión frontolateral,Buen tiempo,Noche sin iluminación,1,0,0,1,2019-04-01,otro,colision frontolateral,buen tiempo,noche sin iluminacion,travesia,15e455ddba0cbf83d388c148ee404c9ae0ac4ebf66abb7c65da36a554a85ac71,accidentes_raw_dgt,2026-05-09 20:40:11
2019,Almería,4,Sábado,12,Travesía,Otro,Colisión por alcance,Buen tiempo,Pleno día,1,0,0,1,2019-04-01,otro,colision por alcance,buen tiempo,pleno dia,travesia,9f2b69296b69933a12d3cfe71182c77b9cc50edb46e4ded9b944ce04f779307b,accidentes_raw_dgt,2026-05-09 20:40:11
2019,Almería,4,Miércoles,14,Zona interurbana,Vía urbana,Colisión por alcance,Buen tiempo,Pleno día,2,0,0,2,2019-04-01,via urbana,colision por alcance,buen tiempo,pleno dia,zona interurbana,209b2564567502735c4ceb2d1145bd67055a3be4f91a784e8cf872a004344e11,accidentes_raw_dgt,2026-05-09 20:40:11
2019,Almería,3,Domingo,15,Travesía,Otro,Choque obstáculo lateral,Buen tiempo,Pleno día,1,0,0,1,2019-03-01,otro,choque obstaculo lateral,buen tiempo,pleno dia,travesia,ac8c1aa79856748c7dfc370cdd0f5d01841c36b8b22eabf69c4f495bf8eba4d7,accidentes_raw_dgt,2026-05-09 20:40:11
2019,Almería,3,Domingo,7,Travesía,Otro,Colisión frontolateral,Buen tiempo,Pleno día,1,0,0,1,2019-03-01,otro,colision frontolateral,buen tiempo,pleno dia,travesia,e1d59db5a18bd7ce403d31f16b6fad12dc7e38d6bfc3e6a1bf652eb9b464d6fb,accidentes_raw_dgt,2026-05-09 20:40:11
2019,Almería,3,Lunes,14,Travesía,Otro,Animal en calzada,Buen tiempo,Pleno día,1,0,0,1,2019-03-01,otro,animal en calzada,buen tiempo,pleno dia,travesia,94ca7771bcbfb3a51a6feb57e67955bf57e7655c4e38f23c42f2cb8f26bed543,accidentes_raw_dgt,2026-05-09 20:40:11
2019,Almería,4,Lunes,22,Travesía,Otro,Colisión frontolateral,Buen tiempo,Noche sin iluminación,1,0,0,1,2019-04-01,otro,colision frontolateral,buen tiempo,noche sin iluminacion,travesia,d7238b16367eafcdb1f8b0114d9d9b94a531856c1fd0b3923eb3219167e198c6,accidentes_raw_dgt,2026-05-09 20:40:11
2019,Almería,3,Domingo,14,Travesía,Otro,Colisión frontolateral,Buen tiempo,Pleno día,1,0,1,0,2019-03-01,otro,colision frontolateral,buen tiempo,pleno dia,travesia,731c883e561fe35d7c33b5c97f6e6d35ffda8f7b22e3fb64058a0b47ee4bd42a,accidentes_raw_dgt,2026-05-09 20:40:11
2019,Almería,4,Viernes,20,Zona interurbana,Vía convencional,Colisión por alcance,Lluvia,Se desconoce,1,0,0,1,2019-04-01,via convencional,colision por alcance,lluvia,se desconoce,zona interurbana,e94e063888d213e0839a3c52bb8c0c1c9b9d4dbf67e5a3420a27b0efdf551853,accidentes_raw_dgt,2026-05-09 20:40:11
2019,Almería,4,Sábado,15,Zona interurbana,Vía urbana,Colisión frontolateral,Buen tiempo,Pleno día,1,0,0,1,2019-04-01,via urbana,colision frontolateral,buen tiempo,pleno dia,zona interurbana,df33710fdefd14a5117159cb74c10e74d0f403d355a2f29a2a74d17499fbb60f,accidentes_raw_dgt,2026-05-09 20:40:11
2019,Almería,3,Sábado,17,Travesía,Otro,Choque obstáculo lateral,Buen tiempo,Pleno día,1,0,0,1,2019-03-01,otro,choque obstaculo lateral,buen tiempo,pleno dia,travesia,dd2c71582793ed12c7dd9102e8ea3fdc22fffa3941e0fd62f50db80022aad6d4,accidentes_raw_dgt,2026-05-09 20:40:11
2019,Almería,3,Domingo,11,Travesía,Otro,Colisión frontolateral,Buen tiempo,Pleno día,1,0,0,1,2019-03-01,otro,colision frontolateral,buen tiempo,pleno dia,travesia,061a17b4051d92288f0d4710db5e304aec7d8f2d20020ea8cbedf9ee328dec8c,accidentes_raw_dgt,2026-05-09 20:40:11
2019,Almería,4,Lunes,10,Travesía,Otro,Colisión por alcance,Buen tiempo,Pleno día,1,0,0,1,2019-04-01,otro,colision por alcance,buen tiempo,pleno dia,travesia,28aba8137d93763f7f1c1c2d35810640fae7b83519237d5cb23b4c608ceedc7e,accidentes_raw_dgt,2026-05-09 20:40:11
2019,Almería,4,Martes,14,Zona interurbana,Vía convencional,Colisión múltiple,Granizo,Pleno día,2,0,0,2,2019-04-01,via convencional,colision multiple,granizo,pleno dia,zona interurbana,f27e85920234337206bb8a91722ab1c2230f178cd119d583fc99aa9ad694b66d,accidentes_raw_dgt,2026-05-09 20:40:11
2019,Almería,4,Jueves,19,Travesía,Otro,Colisión frontolateral,Buen tiempo,Pleno día,1,0,0,1,2019-04-01,otro,colision frontolateral,buen tiempo,pleno dia,travesia,2036f83ce71f236913ff0ddb26a3fc556ce51b06cd8352a2461da5beb7490a90,accidentes_raw_dgt,2026-05-09 20:40:11
2019,Almería,4,Domingo,11,Zona interurbana,Vía urbana,Colisión por alcance,Buen tiempo,Pleno día,1,0,0,1,2019-04-01,via urbana,colision por alcance,buen tiempo,pleno dia,zona interurbana,997719bc7307a990de50b479f77ae72ff617babb016dfcf4515b02eb02fb928d,accidentes_raw_dgt,2026-05-09 20:40:11
2019,Almería,4,Lunes,19,Travesía,Otro,Choque obstáculo calzada,Buen tiempo,Pleno día,2,0,0,2,2019-04-01,otro,choque obstaculo calzada,buen tiempo,pleno dia,travesia,010b9063e59e7cf38e4249c2fa85ce9ebe9805fe952dec6776306a9a45862375,accidentes_raw_dgt,2026-05-09 20:40:11