AÑO,PROVINCIA,MES,DIA_SEMANA,HORA,ZONA,TIPO_VIA,TIPO_ACCIDENTE,CONDICION_METEO,CONDICION_ILUMINACION,TOTAL_VICTIMAS,FALLECIDOS_24H,HERIDOS_GRAVES,HERIDOS_LEVES,FECHA_ACCIDENTE,TIPO_VIA_NORM,TIPO_ACCIDENTE_NORM,CONDICION_METEO_NORM,CONDICION_ILUMINACION_NORM,ZONA_NORM,ID_ACCIDENTE_HASH,source_id,load_timestamp
2019,Almería,4,Lunes,16,Travesía,Otro,Colisión frontolateral,Buen tiempo,Pleno día,1,0,0,1,2019-04-01,otro,colision frontolateral,buen tiempo,pleno dia,travesia,a32a2b5b8ff5119aa88d15ab2fadf72d099aba09ed150b3ad4f4f3c70221ef25,accidentes_raw_dgt,2026-05-09 20:40:11
2019,Almería,4,Viernes,23,Travesía,Otro,Animal en calzada,Buen tiempo,Noche sin iluminación,1,0,1,0,2019-04-01,otro,animal en calzada,buen tiempo,noche sin iluminacion,travesia,508d5031072e26a70f2cfb41f81d33a7909023dcec0f9f0aab4e83bb4faeae49,accidentes_raw_dgt,2026-05-09 20:40:11
2019,Almería,4,Jueves,13,Travesía,Otro,Colisión lateral,Buen tiempo,Pleno día,1,0,0,1,2019-04-01,otro,colision lateral,buen tiempo,pleno dia,travesia,bb12fc5a6af710c38188ccf3729d057de8ab2d5709d8ae7610689966bfda62e5,accidentes_raw_dgt,2026-05-09 20:40:11
2019,Almería,4,Viernes,12,Travesía,Otro,Colisión lateral,Buen tiempo,Pleno día,1,0,0,1,2019-04-01,otro,colision lateral,buen tiempo,pleno dia,travesia,ac1bd950b00370ca6500bf38c2bd05f90e5219fe84dc44dc41a8eaf860f39651,accidentes_raw_dgt,2026-05-09 20:40:11
2019,Almería,4,Jueves,21,Travesía,Otro,Colisión frontolateral,Buen tiempo,Noche con iluminación,1,0,0,1,2019-04-01,otro,colision frontolateral,buen tiempo,noche con iluminacion,travesia,8cdf4bda27113937672000a9353ce65f0a77ae8f2ccd8b621071e0b33e140b7f,accidentes_raw_dgt,2026-05-09 20:40:11
2019,Almería,4,Sábado,17,Zona interurbana,Vía urbana,Atropello a ciclista,Buen tiempo,Pleno día,1,0,0,1,2019-04-01,via urbana,atropello a ciclista,buen tiempo,pleno dia,zona interurbana,d845f041e1ad38ef69cba0abbabeb3558a976f50fb4d217e4099fe36fbf8f623,accidentes_raw_dgt,2026-05-09 20:40:11
2019,Almería,3,Miércoles,17,Travesía,Otro,Colisión frontolateral,Buen tiempo,Pleno día,1,0,0,1,2019-03-01,otro,colision frontolateral,buen tiempo,pleno dia,travesia,8b2e933923a78a5d08e4f258d480ea326bc278666ebe8e2e679071489f2130ae,accidentes_raw_dgt,2026-05-09 20:40:11
2019,Almería,5,Sábado,8,Travesía,Otro,Colisión frontolateral,Buen tiempo,Pleno día,1,0,0,1,2019-05-01,otro,colision frontolateral,buen tiempo,pleno dia,travesia,c62c6e689038ddd6e2332247a241268aba453afc262b6a7b988a80506925edee,accidentes_raw_dgt,2026-05-09 20:40:11
2019,Almería,5,Jueves,19,Travesía,Otro,Choque obstáculo lateral,Buen tiempo,Pleno día,1,0,0,1,2019-05-01,otro,choque obstaculo lateral,buen tiempo,pleno dia,travesia,061b4fe85b47a13e1887f386477e0e0d5c9f3003f53e4b20472bbaa8b46ce766,accidentes_raw_dgt,2026-05-09 20:40:11
2019,Almería,5,Sábado,17,Travesía,Otro,Choque obstáculo lateral,Buen tiempo,Pleno día,1,0,0,1,2019-05-01,otro,choque obstaculo lateral,buen tiempo,pleno dia,travesia,c3938f1bf0318a52d1761217ca15806aaba6e9e78dcbf9ef93dcf3062eb6e2e3,accidentes_raw_dgt,2026-05-09 20:40:11
2019,Almería,4,Martes,13,Travesía,Otro,Colisión por alcance,Buen tiempo,Pleno día,2,0,0,2,2019-04-01,otro,colision por alcance,buen tiempo,pleno dia,travesia,56771e02f31517e53c2cdea85bde3ad1d9e5df5297f24f34455d684d8646fb73,accidentes_raw_dgt,2026-05-09 20:40:11
2019,Almería,5,Sábado,9,Zona interurbana,Ramal/enlace,Colisión frontolateral,Buen tiempo,Pleno día,3,0,0,3,2019-05-01,ramal/enlace,colision frontolateral,buen tiempo,pleno dia,zona interurbana,4f2e3c02d4f030a30df437a186f2322ad6476a3531f3ea172f1cd5e38fe206d9,accidentes_raw_dgt,2026-05-09 20:40:11
2019,Almería,4,Domingo,14,Travesía,Otro,Colisión frontolateral,Buen tiempo,Pleno día,1,0,0,1,2019-04-01,otro,colision frontolateral,buen tiempo,pleno dia,travesia,f1db6e1910603d9fe6a7b70ef51bd832153f14b3093537cee88899fe08cf64be,accidentes_raw_dgt,2026-05-09 20:40:11
2019,Almería,4,Jueves,13,Travesía,Otro,Choque obstáculo lateral,Buen tiempo,Pleno día,1,0,0,1,2019-04-01,otro,choque obstaculo lateral,buen tiempo,pleno dia,travesia,9f1d68d37ee45034544337839f98d9d0d1035f2497d447b1b8bebaf16d0517fe,accidentes_raw_dgt,2026-05-09 20:40:11
2019,Almería,4,Jueves,10,Travesía,Otro,Colisión frontal,Granizo,Pleno día,1,0,0,1,2019-04-01,otro,colision frontal,granizo,pleno dia,travesia,535838060adb873063a4538ed034bebfe63d07d42c485b4c778d8dd46b90f14d,accidentes_raw_dgt,2026-05-09 20:40:11
2019,Almería,5,Miércoles,16,Travesía,Otro,Choque obstáculo lateral,Buen tiempo,Pleno día,1,0,0,1,2019-05-01,otro,choque obstaculo lateral,buen tiempo,pleno dia,travesia,cea10c90eee9f29280e698a1a2c4a70831fee2881d425c883de61d5b6e72e823,accidentes_raw_dgt,2026-05-09 20:40:11
2019,Almería,4,Jueves,6,Travesía,Otro urbano,Colisión frontolateral,Buen tiempo,Noche sin iluminación,1,0,0,1,2019-04-01,otro urbano,colision frontolateral,buen tiempo,noche sin iluminacion,travesia,20fa0bcc74ce3b2154926753379e738ea3c9464acb376fcd01a724ae4d546bd3,accidentes_raw_dgt,2026-05-09 20:40:11
2019,Almería,5,Martes,16,Travesía,Otro,Colisión por alcance,Buen tiempo,Pleno día,2,0,0,2,2019-05-01,otro,colision por alcance,buen tiempo,pleno dia,travesia,7a09da8ecc46c03ea93cd26ef3dbebd0a9c7b1c1dfcd943d27ad86e77aea578e,accidentes_raw_dgt,2026-05-09 20:40:11
2019,Almería,5,Miércoles,11,Travesía,Otro,Se desconoce,Buen tiempo,Pleno día,1,0,0,1,2019-05-01,otro,se desconoce,buen tiempo,pleno dia,travesia,eaa7de80f155ad3cb1a188a011d40f35f0ace3f95bcdd15f53724ab2ade582a1,accidentes_raw_dgt,2026-05-09 20:40:11
2019,Almería,4,Miércoles,20,Travesía,Otro,Colisión frontolateral,Buen tiempo,Noche sin iluminación,1,0,1,0,2019-04-01,otro,colision frontolateral,buen tiempo,noche sin iluminacion,travesia,a883209b00f5f9265f76f6516a997218f4a9dd32f5faa073ed8df3c38572d05c,accidentes_raw_dgt,2026-05-09 20:40:11
2019,Almería,5,Sábado,12,Travesía,Otro,Colisión frontolateral,Buen tiempo,Pleno día,1,0,0,1,2019-05-01,otro,colision frontolateral,buen tiempo,pleno dia,travesia,745a5b3e30146e1cd264759f57c415ba8254c49265c4226065e7b66020bd7b79,accidentes_raw_dgt,2026-05-09 20:40:11
2019,Almería,5,Lunes,21,Travesía,Otro,Colisión frontolateral,Buen tiempo,Noche sin iluminación,1,0,0,1,2019-05-01,otro,colision frontolateral,buen tiempo,noche sin iluminacion,travesia,6900c3ccdcfc05cf0538b10a21765458f4d547a066d8a04b8809efcdf0dc04dd,accidentes_raw_dgt,2026-05-09 20:40:11
2019,Almería,5,Viernes,16,Travesía,Otro,Colisión frontolateral,Buen tiempo,Pleno día,1,0,0,1,2019-05-01,otro,colision frontolateral,buen tiempo,pleno dia,travesia,8b29757eee9719468c0e001aa7771d7464f8e564bc3ca25c91a4ff31e78898c1,accidentes_raw_dgt,2026-05-09 20:40:11
2019,Almería,5,Martes,8,Zona interurbana,Vía convencional,Colisión lateral,Buen tiempo,Pleno día,2,0,0,2,2019-05-01,via convencional,colision lateral,buen tiempo,pleno dia,zona interurbana,213caf5cf556041556e8c7902260d889c3016ffc07225fb42d07edd5708a56fc,accidentes_raw_dgt,2026-05-09 20:40:11
2019,Almería,5,Viernes,4,Zona interurbana,Vía urbana,Caída de motociclista,Buen tiempo,Se desconoce,1,0,0,1,2019-05-01,via urbana,caida de motociclista,buen tiempo,se desconoce,zona interurbana,f13f21602832553d73c27dadb056d038455d84c24bb07f0b0e6934337c621259,accidentes_raw_dgt,2026-05-09 20:40:11
2019,Almería,4,Martes,9,Travesía,Otro,Colisión por alcance,Buen tiempo,Pleno día,2,0,1,1,2019-04-01,otro,colision por alcance,buen tiempo,pleno dia,travesia,6230c4cfda01a5dc11433b95798782a10cbe3daf1a02925a883162219ede61fb,accidentes_raw_dgt,2026-05-09 20:40:11
2019,Almería,5,Martes,19,Travesía,Otro,Choque obstáculo lateral,Buen tiempo,Amanecer/Anochecer,1,0,0,1,2019-05-01,otro,choque obstaculo lateral,buen tiempo,amanecer/anochecer,travesia,56f4652c9b6e2f8dfbea273777373fcf2aa2cd9ba89ef86f13ccbba1ef4a3345,accidentes_raw_dgt,2026-05-09 20:40:11
2019,Almería,5,Sábado,14,Travesía,Otro,Colisión frontolateral,Buen tiempo,Pleno día,1,0,0,1,2019-05-01,otro,colision frontolateral,buen tiempo,pleno dia,travesia,b3fa8714038b89430074fb557476f56a5151b650f20701acd07898a997b0afee,accidentes_raw_dgt,2026-05-09 20:40:11
2019,Almería,5,Viernes,22,Zona interurbana,Vía urbana,Colisión por alcance,Buen tiempo,Noche sin iluminación,1,0,0,1,2019-05-01,via urbana,colision por alcance,buen tiempo,noche sin iluminacion,zona interurbana,75ca4e6929494268b763da43d07e19fa7c79f49413ea05202a6dfd375dc93bb0,accidentes_raw_dgt,2026-05-09 20:40:11
2019,Almería,5,Martes,14,Travesía,Otro,Colisión por alcance,Buen tiempo,Pleno día,1,0,0,1,2019-05-01,otro,colision por alcance,buen tiempo,pleno dia,travesia,bbe814c133ff59125385ad6f42367268d5d17487d8e46089f07fca07837066b1,accidentes_raw_dgt,2026-05-09 20:40:11
2019,Almería,5,Miércoles,14,Travesía,Otro,Choque obstáculo lateral,Buen tiempo,Pleno día,1,0,0,1,2019-05-01,otro,choque obstaculo lateral,buen tiempo,pleno dia,travesia,d95c59c87f64adc61399b3a9dd6db81e6a3b75d63232a4b418123d8fd7424231,accidentes_raw_dgt,2026-05-09 20:40:11
2019,Almería,5,Lunes,19,Travesía,Otro,Colisión por alcance,Buen tiempo,Pleno día,1,0,0,1,2019-05-01,otro,colision por alcance,buen tiempo,pleno dia,travesia,68f2e33049d2b239a97b0e51eb58c64a6ebb9b75c719490a8c2f3a419320f3de,accidentes_raw_dgt,2026-05-09 20:40:11
2019,Almería,5,Domingo,14,Travesía,Otro urbano,Colisión frontolateral,Buen tiempo,Pleno día,1,0,0,1,2019-05-01,otro urbano,colision frontolateral,buen tiempo,pleno dia,travesia,94f237831755112ed6597937ea6457d45f8ddffd0f538fd761dff18d0343f3fa,accidentes_raw_dgt,2026-05-09 20:40:11
2019,Almería,5,Lunes,8,Travesía,Otro,Se desconoce,Buen tiempo,Pleno día,1,0,0,1,2019-05-01,otro,se desconoce,buen tiempo,pleno dia,travesia,2334b98bcb4ab2c5c9719b5c2d11d91304e6cac85e923dd88c1b603a18c0160b,accidentes_raw_dgt,2026-05-09 20:40:11
2019,Almería,4,Sábado,20,Travesía,Otro,Colisión frontolateral,Buen tiempo,Noche con iluminación,3,0,0,3,2019-04-01,otro,colision frontolateral,buen tiempo,noche con iluminacion,travesia,5d4f6ee8c6997ea3865789cb6a25fa636d6ae73ce3fa81c6586e2f648980c587,accidentes_raw_dgt,2026-05-09 20:40:11
2019,Almería,5,Lunes,20,Travesía,Otro urbano,Colisión frontolateral,Buen tiempo,Pleno día,1,0,0,1,2019-05-01,otro urbano,colision frontolateral,buen tiempo,pleno dia,travesia,b85485c0b481b5429116e380b1c26c064dce805856b2c1efaf3f11a9f430e8a0,accidentes_raw_dgt,2026-05-09 20:40:11
2019,Almería,5,Viernes,17,Travesía,Otro,Colisión frontolateral,Buen tiempo,Pleno día,1,0,0,1,2019-05-01,otro,colision frontolateral,buen tiempo,pleno dia,travesia,df501e7ad9bc5e2189af9e52d80fa7c19b51e8cec152d973a515b552acf3a2c0,accidentes_raw_dgt,2026-05-09 20:40:11
2019,Almería,5,Lunes,0,Travesía,Otro,Otro tipo,Buen tiempo,Noche sin iluminación,2,0,0,2,2019-05-01,otro,otro tipo,buen tiempo,noche sin iluminacion,travesia,6aa7d46a7422b6d6c5b22f8d35b4955ca8b6726c4d05e241ed270456e37827c9,accidentes_raw_dgt,2026-05-09 20:40:11
2019,Almería,5,Miércoles,10,Zona interurbana,Calle,Colisión frontolateral,Buen tiempo,Pleno día,2,0,0,2,2019-05-01,calle,colision frontolateral,buen tiempo,pleno dia,zona interurbana,de650d61f5bd166a91f8ccec3158297db18b9d50eaedca238cd29dc3a214a916,accidentes_raw_dgt,2026-05-09 20:40:11
2019,Almería,5,Martes,8,Travesía,Otro,Colisión por alcance,Buen tiempo,Pleno día,1,0,0,1,2019-05-01,otro,colision por alcance,buen tiempo,pleno dia,travesia,4f0e70f993083de9a594904cfe6aef5bdfe134a45c4cb7c24a4fb483d2fc1211,accidentes_raw_dgt,2026-05-09 20:40:11
2019,Almería,5,Miércoles,19,Travesía,Otro,Colisión frontolateral,Buen tiempo,Pleno día,1,0,0,1,2019-05-01,otro,colision frontolateral,buen tiempo,pleno dia,travesia,c84344c3f5441a6b02fc44c34244b9749c016f6a741499f3204def0f523a6a36,accidentes_raw_dgt,2026-05-09 20:40:11
2019,Almería,5,Martes,21,Travesía,Otro,Colisión frontolateral,Buen tiempo,Pleno día,1,0,0,1,2019-05-01,otro,colision frontolateral,buen tiempo,pleno dia,travesia,5aec55001b8d9dd8affbf1351c4546148e0ea94ffdf58f028b7c198bbe9c2b12,accidentes_raw_dgt,2026-05-09 20:40:11
2019,Almería,5,Miércoles,11,Travesía,Otro,Colisión frontolateral,Buen tiempo,Pleno día,2,0,1,1,2019-05-01,otro,colision frontolateral,buen tiempo,pleno dia,travesia,e2aab8e08a6b9259d75af99a4834614986995cad46ef3c4780dd540dc4c5da82,accidentes_raw_dgt,2026-05-09 20:40:11
2019,Almería,5,Viernes,8,Travesía,Otro,Colisión frontolateral,Buen tiempo,Pleno día,1,0,0,1,2019-05-01,otro,colision frontolateral,buen tiempo,pleno dia,travesia,b4bc4cd30fd6f4d1b99baeb7940174745df87c252604c42d4e989e9940104997,accidentes_raw_dgt,2026-05-09 20:40:11
2019,Almería,5,Viernes,10,Travesía,Otro,Colisión frontolateral,Buen tiempo,Pleno día,2,0,0,2,2019-05-01,otro,colision frontolateral,buen tiempo,pleno dia,travesia,8c76e6477fec2c1b69a8c5026b885352da383f1d3dc6379fb44e84b28421ff61,accidentes_raw_dgt,2026-05-09 20:40:11
2019,Almería,6,Domingo,11,Zona interurbana,Vía convencional,Se desconoce,Buen tiempo,Pleno día,1,0,0,1,2019-06-01,via convencional,se desconoce,buen tiempo,pleno dia,zona interurbana,5c9c124097bc0e8b86f9cbe8e9a9912f08119c5b196e030bf2f5b70e260ed7c2,accidentes_raw_dgt,2026-05-09 20:40:11
2019,Almería,5,Lunes,16,Travesía,Otro,Colisión frontolateral,Buen tiempo,Pleno día,2,0,0,2,2019-05-01,otro,colision frontolateral,buen tiempo,pleno dia,travesia,7a36b30f042b6325afcbaa87198f012b6b99a7eadcae002b41b2c4d66c19b0d5,accidentes_raw_dgt,2026-05-09 20:40:11
2019,Almería,6,Martes,8,Travesía,Otro,Colisión frontolateral,Buen tiempo,Pleno día,1,0,0,1,2019-06-01,otro,colision frontolateral,buen tiempo,pleno dia,travesia,29d504c9de3a93087127598b41c8e80273fde962f3da43e6f0fe3dded7a3d2a8,accidentes_raw_dgt,2026-05-09 20:40:11
2019,Almería,6,Lunes,14,Travesía,Otro,Choque obstáculo lateral,Buen tiempo,Pleno día,1,0,1,0,2019-06-01,otro,choque obstaculo lateral,buen tiempo,pleno dia,travesia,c51f4d33c1386a4db832968541c276988b92b7c8f57d305ba88ea543f76db5b4,accidentes_raw_dgt,2026-05-09 20:40:11
2019,Almería,6,Lunes,18,Travesía,Otro,Colisión frontolateral,Buen tiempo,Pleno día,1,0,0,1,2019-06-01,otro,colision frontolateral,buen tiempo,pleno dia,travesia,e807be55a1a69fc2e397a015cb10ff4fea21a5ea450d122a5bb2e0228667d5c1,accidentes_raw_dgt,2026-05-09 20:40:11
2019,Almería,5,Miércoles,14,Travesía,Otro,Colisión frontolateral,Buen tiempo,Pleno día,1,0,0,1,2019-05-01,otro,colision frontolateral,buen tiempo,pleno dia,travesia,5837b4e1cfa199e65cf373f4380a84ee9e11b91c5ce1d67fcf27effcf84e009f,accidentes_raw_dgt,2026-05-09 20:40:11
2019,Almería,5,Miércoles,8,Travesía,Otro,Choque obstáculo lateral,Buen tiempo,Amanecer/Anochecer,1,0,0,1,2019-05-01,otro,choque obstaculo lateral,buen tiempo,amanecer/anochecer,travesia,5ec68887c118ee1b9f6008b1441df4ffe0a31cdbbe17ffe46e06f4920624233d,accidentes_raw_dgt,2026-05-09 20:40:11
2019,Almería,6,Sábado,20,Travesía,Otro,Colisión frontolateral,Buen tiempo,Pleno día,4,0,0,4,2019-06-01,otro,colision frontolateral,buen tiempo,pleno dia,travesia,6879547fb139e734e7759241770679984dde1738282f1042c8ebbb28f6ee1a9e,accidentes_raw_dgt,2026-05-09 20:40:11
2019,Almería,6,Viernes,14,Travesía,Otro,Colisión frontolateral,Buen tiempo,Pleno día,1,0,0,1,2019-06-01,otro,colision frontolateral,buen tiempo,pleno dia,travesia,17cbdff9420ba9055042d40a0a85a53f245084f598ca72be8c8747af936acdaf,accidentes_raw_dgt,2026-05-09 20:40:11
2019,Almería,6,Martes,15,Travesía,Otro,Colisión frontolateral,Buen tiempo,Pleno día,2,0,1,1,2019-06-01,otro,colision frontolateral,buen tiempo,pleno dia,travesia,ec297c73445f953cd4f2d8b237d3e16035a2063f3548401d4a6dded86647ec06,accidentes_raw_dgt,2026-05-09 20:40:11
2019,Almería,6,Lunes,9,Travesía,Otro,Colisión por alcance,Buen tiempo,Pleno día,3,0,0,3,2019-06-01,otro,colision por alcance,buen tiempo,pleno dia,travesia,e593b3235fd5043499fb151d63adbd53503bc1de662470be60016adf177b240a,accidentes_raw_dgt,2026-05-09 20:40:11
2019,Almería,5,Sábado,22,Travesía,Otro,Colisión frontolateral,Buen tiempo,Noche sin iluminación,2,0,0,2,2019-05-01,otro,colision frontolateral,buen tiempo,noche sin iluminacion,travesia,919c68ff757c3fe518643fbe8424b381ba9e1aaf1eac547a2b7c759a4f687793,accidentes_raw_dgt,2026-05-09 20:40:11
2019,Almería,6,Miércoles,8,Travesía,Otro,Choque obstáculo lateral,Buen tiempo,Pleno día,1,0,0,1,2019-06-01,otro,choque obstaculo lateral,buen tiempo,pleno dia,travesia,ecf9f7d6812e6b6dbd2b5a6a998d91cb6ed36d9ce8ea508661c5589ea4011dbd,accidentes_raw_dgt,2026-05-09 20:40:11
2019,Almería,6,Miércoles,8,Travesía,Otro,Colisión frontolateral,Buen tiempo,Pleno día,1,0,0,1,2019-06-01,otro,colision frontolateral,buen tiempo,pleno dia,travesia,d2c5ea6c63da5897cbd7a3146e762162b2528dd79fe4fcef0bcfeb86d7136dbe,accidentes_raw_dgt,2026-05-09 20:40:11
2019,Almería,6,Sábado,15,Travesía,Otro,Colisión frontolateral,Buen tiempo,Pleno día,2,0,0,2,2019-06-01,otro,colision frontolateral,buen tiempo,pleno dia,travesia,c1f713b07141998057941915d7beacaa0efe62e1e3e0e0ded7f03b981759ec95,accidentes_raw_dgt,2026-05-09 20:40:11
2019,Almería,6,Jueves,16,Travesía,Otro,Colisión por alcance,Buen tiempo,Pleno día,1,0,0,1,2019-06-01,otro,colision por alcance,buen tiempo,pleno dia,travesia,56937aa5a635fe2109aa9f3899f165318620b018b06a875ec8444ca0e286afe5,accidentes_raw_dgt,2026-05-09 20:40:11
2019,Almería,6,Jueves,18,Travesía,Otro,Choque obstáculo lateral,Buen tiempo,Pleno día,1,0,0,1,2019-06-01,otro,choque obstaculo lateral,buen tiempo,pleno dia,travesia,1e8be1a00f7702b3b943d611c25850a6ca1ed9ba5c01f255c5945a6b3514b6a2,accidentes_raw_dgt,2026-05-09 20:40:11
2019,Almería,6,Lunes,8,Zona interurbana,Vía convencional,Colisión por alcance,Buen tiempo,Pleno día,1,0,0,1,2019-06-01,via convencional,colision por alcance,buen tiempo,pleno dia,zona interurbana,3a5b1fbaad25b1c6672379aa0b6b0c11ace69bc944d1a1812e05fc9494a247f2,accidentes_raw_dgt,2026-05-09 20:40:11
2019,Almería,5,Jueves,19,Travesía,Otro,Colisión frontolateral,Buen tiempo,Pleno día,1,0,0,1,2019-05-01,otro,colision frontolateral,buen tiempo,pleno dia,travesia,e359ab296b5bc779690c19ecc45b7a9f6ca91c37d7c64f186379190baa8e50cc,accidentes_raw_dgt,2026-05-09 20:40:11
2019,Almería,6,Lunes,10,Travesía,Otro,Colisión frontolateral,Buen tiempo,Pleno día,1,0,0,1,2019-06-01,otro,colision frontolateral,buen tiempo,pleno dia,travesia,f27f4a6236a87083d1d1c5cc7ff4324e147db1335ce7c412a5e5efb2fcccc333,accidentes_raw_dgt,2026-05-09 20:40:11
2019,Almería,6,Martes,20,Travesía,Otro,Colisión por alcance,Buen tiempo,Pleno día,1,0,0,1,2019-06-01,otro,colision por alcance,buen tiempo,pleno dia,travesia,46b7aa62226c53bc429b0179fba39215d2889b135a94664932a5789e7d68bd7d,accidentes_raw_dgt,2026-05-09 20:40:11
2019,Almería,6,Lunes,9,Zona interurbana,Vía convencional,Colisión múltiple,Buen tiempo,Pleno día,4,0,0,4,2019-06-01,via convencional,colision multiple,buen tiempo,pleno dia,zona interurbana,1a5b585a87b434cd9caa8ad7aba33b30f4c9ede6ccc07395276c44c0d2c492ad,accidentes_raw_dgt,2026-05-09 20:40:11
2019,Almería,6,Martes,10,Zona interurbana,Camino vecinal,Colisión por alcance,Buen tiempo,Pleno día,1,0,0,1,2019-06-01,camino vecinal,colision por alcance,buen tiempo,pleno dia,zona interurbana,34ed0cec6ebf3e846818bc8b7c51169dddec9d9dbc557370f4701384563710c0,accidentes_raw_dgt,2026-05-09 20:40:11
2019,Almería,6,Jueves,21,Travesía,Otro,Objeto desprendido,Buen tiempo,Noche sin iluminación,1,0,0,1,2019-06-01,otro,objeto desprendido,buen tiempo,noche sin iluminacion,travesia,256a1f649084b2fc635c05e6c563ae81a7bc01809814b7ebbfb08fd20446f6d1,accidentes_raw_dgt,2026-05-09 20:40:11
2019,Almería,6,Sábado,15,Travesía,Otro,Colisión frontolateral,Buen tiempo,Pleno día,1,0,0,1,2019-06-01,otro,colision frontolateral,buen tiempo,pleno dia,travesia,01cbde8c463f2a8f765d1e8af8e7b4426bc885b18bfe8b640ebd4496912e1798,accidentes_raw_dgt,2026-05-09 20:40:11
2019,Almería,6,Viernes,16,Travesía,Otro,Objeto desprendido,Buen tiempo,Pleno día,1,0,0,1,2019-06-01,otro,objeto desprendido,buen tiempo,pleno dia,travesia,b444aa2fe427a38887a4c1561234c3ab3cd6ad31b760f04d4ef05fbcb8f7c8a7,accidentes_raw_dgt,2026-05-09 20:40:11
2019,Almería,6,Jueves,11,Travesía,Otro,Choque obstáculo lateral,Buen tiempo,Pleno día,1,0,0,1,2019-06-01,otro,choque obstaculo lateral,buen tiempo,pleno dia,travesia,fdba794336e0776e12850af77674a568e984745e0c1fa7318f23b62b662cabd1,accidentes_raw_dgt,2026-05-09 20:40:11
2019,Almería,6,Martes,11,Zona interurbana,Vía urbana,Colisión por alcance,Buen tiempo,Pleno día,1,0,0,1,2019-06-01,via urbana,colision por alcance,buen tiempo,pleno dia,zona interurbana,3baf3ab2c95ce1d8311053c81348ad1fdc3a5f56adaa6938abe31afbc9300848,accidentes_raw_dgt,2026-05-09 20:40:11
2019,Almería,6,Viernes,17,Travesía,Otro,Choque obstáculo lateral,Buen tiempo,Pleno día,1,0,0,1,2019-06-01,otro,choque obstaculo lateral,buen tiempo,pleno dia,travesia,2293091e01f7ea667a55ac74798d2e822b22ad40809cafe2d6fedf9a70807385,accidentes_raw_dgt,2026-05-09 20:40:11
2019,Almería,6,Domingo,9,Zona interurbana,Vía convencional,Choque obstáculo calzada,Buen tiempo,Pleno día,1,0,0,1,2019-06-01,via convencional,choque obstaculo calzada,buen tiempo,pleno dia,zona interurbana,822a8e0aad6a68a99ee9db27651f1f6115414b7a772984b3f6609246ffbe3ef5,accidentes_raw_dgt,2026-05-09 20:40:11
2019,Almería,7,Martes,7,Zona interurbana,Vía convencional,Colisión por alcance,Buen tiempo,Pleno día,1,0,0,1,2019-07-01,via convencional,colision por alcance,buen tiempo,pleno dia,zona interurbana,e1972d242ea4f7307af9d94d44b6ebe3afea30a30a974d4976f8131cbec1e232,accidentes_raw_dgt,2026-05-09 20:40:11
2019,Almería,6,Domingo,22,Zona interurbana,Vía convencional,Colisión lateral,Buen tiempo,Se desconoce,1,0,0,1,2019-06-01,via convencional,colision lateral,buen tiempo,se desconoce,zona interurbana,66dfd8bb9bcf776b908c210fc6278225d153e6af94aa7e2d6177f96c5594ba6a,accidentes_raw_dgt,2026-05-09 20:40:11
2019,Almería,6,Domingo,16,Travesía,Otro,Colisión frontolateral,Buen tiempo,Pleno día,1,0,0,1,2019-06-01,otro,colision frontolateral,buen tiempo,pleno dia,travesia,a360748ed90aa02c3f79827f821595e497abbd2ea092c7d8fe852ddcb1008393,accidentes_raw_dgt,2026-05-09 20:40:11
2019,Almería,7,Martes,18,Zona interurbana,Camino vecinal,Colisión por alcance,Buen tiempo,Pleno día,1,0,0,1,2019-07-01,camino vecinal,colision por alcance,buen tiempo,pleno dia,zona interurbana,bca06ec2f99bc26e3bc0dfe7fe1db7492bbd2d24f2cc0077e288d82c8ecd3ae4,accidentes_raw_dgt,2026-05-09 20:40:11
2019,Almería,7,Domingo,12,Zona interurbana,Vía urbana,Colisión por alcance,Buen tiempo,Pleno día,3,0,0,3,2019-07-01,via urbana,colision por alcance,buen tiempo,pleno dia,zona interurbana,11b6d5d62c0c8d756f35f780fd07f409e8bbd291fa433349036c3bcb85ce4e32,accidentes_raw_dgt,2026-05-09 20:40:11
2019,Almería,7,Martes,17,Zona interurbana,Vía urbana,Colisión frontolateral,Buen tiempo,Pleno día,1,0,0,1,2019-07-01,via urbana,colision frontolateral,buen tiempo,pleno dia,zona interurbana,a9701cee1030236e2061520310001e2968b46e0ccc3853a9f7fe634ca3797130,accidentes_raw_dgt,2026-05-09 20:40:11
2019,Almería,7,Lunes,13,Travesía,Otro,Colisión frontolateral,Buen tiempo,Pleno día,1,0,0,1,2019-07-01,otro,colision frontolateral,buen tiempo,pleno dia,travesia,8faa834d6d1f19e008a65d9ad86d6ebdc3ae381e60b549c095b1c5c5ccffe6bb,accidentes_raw_dgt,2026-05-09 20:40:11
2019,Almería,7,Martes,19,Travesía,Otro,Choque obstáculo lateral,Buen tiempo,Pleno día,1,0,0,1,2019-07-01,otro,choque obstaculo lateral,buen tiempo,pleno dia,travesia,0f6004b615adbb8aec4666409a15fc8ddf8e14eea506cf08a8f3d7385c16fe9d,accidentes_raw_dgt,2026-05-09 20:40:11