AÑO,PROVINCIA,MES,DIA_SEMANA,HORA,ZONA,TIPO_VIA,TIPO_ACCIDENTE,CONDICION_METEO,CONDICION_ILUMINACION,TOTAL_VICTIMAS,FALLECIDOS_24H,HERIDOS_GRAVES,HERIDOS_LEVES,FECHA_ACCIDENTE,TIPO_VIA_NORM,TIPO_ACCIDENTE_NORM,CONDICION_METEO_NORM,CONDICION_ILUMINACION_NORM,ZONA_NORM,ID_ACCIDENTE_HASH,source_id,load_timestamp
2019,Almería,7,Domingo,18,Travesía,Otro,Salida vía izquierda,Buen tiempo,Pleno día,2,0,0,2,2019-07-01,otro,salida via izquierda,buen tiempo,pleno dia,travesia,62b1165a9a2cc72290c05c2feee73528b9b225557ba666aa31c5dc246956f878,accidentes_raw_dgt,2026-05-09 20:40:11
2019,Almería,7,Viernes,22,Travesía,Otro,Animal en calzada,Buen tiempo,Noche sin iluminación,1,0,0,1,2019-07-01,otro,animal en calzada,buen tiempo,noche sin iluminacion,travesia,ea7fe8b72eff2ae0ca6dd63284bdf436be0f0bc16958db4f27b9d7027f997aec,accidentes_raw_dgt,2026-05-09 20:40:11
2019,Almería,7,Martes,10,Travesía,Otro,Choque obstáculo lateral,Buen tiempo,Pleno día,1,0,1,0,2019-07-01,otro,choque obstaculo lateral,buen tiempo,pleno dia,travesia,13908fe4d3eb986b2465acdb50398d4c1622836a5a1632257ff065c13156c052,accidentes_raw_dgt,2026-05-09 20:40:11
2019,Almería,7,Domingo,23,Travesía,Otro,Colisión frontolateral,Buen tiempo,Noche sin iluminación,1,0,0,1,2019-07-01,otro,colision frontolateral,buen tiempo,noche sin iluminacion,travesia,e0a19cbdac9fda12364d4353c5942c736640bc88336f96e2e771dd19d6752660,accidentes_raw_dgt,2026-05-09 20:40:11
2019,Almería,7,Martes,10,Travesía,Otro,Choque obstáculo lateral,Buen tiempo,Pleno día,1,0,0,1,2019-07-01,otro,choque obstaculo lateral,buen tiempo,pleno dia,travesia,ce741a4b1dccaa73955ab83ecdc59db7caaa65f955d5435ff1ab152e01e71d55,accidentes_raw_dgt,2026-05-09 20:40:11
2019,Almería,7,Viernes,23,Travesía,Otro,Choque obstáculo lateral,Buen tiempo,Noche sin iluminación,1,0,1,0,2019-07-01,otro,choque obstaculo lateral,buen tiempo,noche sin iluminacion,travesia,9625b0d86d2d7e9854b7b3c8ae04d4bd033b88e065e31305690e5c9b3e1c33b8,accidentes_raw_dgt,2026-05-09 20:40:11
2019,Almería,7,Domingo,23,Zona interurbana,Vía urbana,Colisión lateral,Buen tiempo,Se desconoce,4,0,0,4,2019-07-01,via urbana,colision lateral,buen tiempo,se desconoce,zona interurbana,934255a2493ce28661fb25426961e5f678087fba3906845e888cbc0071f22cc4,accidentes_raw_dgt,2026-05-09 20:40:11
2019,Almería,6,Domingo,16,Travesía,Otro,Colisión frontolateral,Buen tiempo,Pleno día,1,0,0,1,2019-06-01,otro,colision frontolateral,buen tiempo,pleno dia,travesia,6e73a9ee394de721f40ce06adb1e5f58c2085166e8756a64d6792aa479a22e45,accidentes_raw_dgt,2026-05-09 20:40:11
2019,Almería,6,Martes,11,Travesía,Otro,Colisión múltiple,Buen tiempo,Pleno día,2,0,0,2,2019-06-01,otro,colision multiple,buen tiempo,pleno dia,travesia,3be13cd9cb0cb67e3117822fb90c99b3ea37a2e9f8fa0a45456275df9580b3f7,accidentes_raw_dgt,2026-05-09 20:40:11
2019,Almería,7,Lunes,9,Travesía,Otro,Choque obstáculo lateral,Buen tiempo,Pleno día,1,0,0,1,2019-07-01,otro,choque obstaculo lateral,buen tiempo,pleno dia,travesia,04db176799f4676f347e1dc23731153ee79faf32cd05646c8c04a79748b94efd,accidentes_raw_dgt,2026-05-09 20:40:11
2019,Almería,7,Lunes,21,Travesía,Otro,Choque obstáculo lateral,Buen tiempo,Pleno día,1,0,0,1,2019-07-01,otro,choque obstaculo lateral,buen tiempo,pleno dia,travesia,cf51156a5dc051a50aed93343a1481e38a3ddab8e766ec0592ae34844d9bbaa2,accidentes_raw_dgt,2026-05-09 20:40:11
2019,Almería,7,Jueves,19,Travesía,Otro,Choque obstáculo lateral,Buen tiempo,Pleno día,1,0,1,0,2019-07-01,otro,choque obstaculo lateral,buen tiempo,pleno dia,travesia,36ac58bc96ad6e60c9b13685942dd4a436a6064dc7d123b7a99d3656abe861a2,accidentes_raw_dgt,2026-05-09 20:40:11
2019,Almería,7,Sábado,17,Travesía,Otro,Choque obstáculo lateral,Buen tiempo,Pleno día,1,0,0,1,2019-07-01,otro,choque obstaculo lateral,buen tiempo,pleno dia,travesia,1900b07bf0e92e67724438b3ec075ec00b04ab091a54fba24cf7528ba846e9f3,accidentes_raw_dgt,2026-05-09 20:40:11
2019,Almería,7,Martes,18,Travesía,Otro,Colisión por alcance,Buen tiempo,Pleno día,1,0,0,1,2019-07-01,otro,colision por alcance,buen tiempo,pleno dia,travesia,f596dc40b19f77eede697e09e6b240defb8a9fa20976531511fc3df92030b772,accidentes_raw_dgt,2026-05-09 20:40:11
2019,Almería,8,Domingo,20,Travesía,Otro,Choque obstáculo lateral,Buen tiempo,Pleno día,1,0,0,1,2019-08-01,otro,choque obstaculo lateral,buen tiempo,pleno dia,travesia,3f7e05acc03b0893efd9bbb4990cd9d20b1451ab549633510c427f96c40e7143,accidentes_raw_dgt,2026-05-09 20:40:11
2019,Almería,7,Lunes,17,Travesía,Otro,Choque obstáculo lateral,Buen tiempo,Pleno día,1,0,0,1,2019-07-01,otro,choque obstaculo lateral,buen tiempo,pleno dia,travesia,544cc7394fc5740845623e4d69cceb5741efb23fd492812562704767efff38df,accidentes_raw_dgt,2026-05-09 20:40:11
2019,Almería,7,Lunes,14,Travesía,Otro,Colisión por alcance,Buen tiempo,Pleno día,1,0,0,1,2019-07-01,otro,colision por alcance,buen tiempo,pleno dia,travesia,c33de0ad08dcd16ac857d335bac61bcc52b398eabab9b4ba257a0f835fc4dd19,accidentes_raw_dgt,2026-05-09 20:40:11
2019,Almería,7,Viernes,15,Travesía,Otro,Colisión por alcance,Buen tiempo,Pleno día,1,0,0,1,2019-07-01,otro,colision por alcance,buen tiempo,pleno dia,travesia,53b1751856e39e4be69e1892b16d96ba0ba12017625a1ace4c9db013bcb040a4,accidentes_raw_dgt,2026-05-09 20:40:11
2019,Almería,5,Viernes,22,Travesía,Otro,Colisión frontolateral,Buen tiempo,Noche sin iluminación,2,0,0,2,2019-05-01,otro,colision frontolateral,buen tiempo,noche sin iluminacion,travesia,e5b82b15c2c265c2733d7e4a1d9b3207c6b1de55d69e26e8c4b631b53299164f,accidentes_raw_dgt,2026-05-09 20:40:11
2019,Almería,7,Viernes,10,Travesía,Otro,Colisión frontolateral,Buen tiempo,Pleno día,1,0,0,1,2019-07-01,otro,colision frontolateral,buen tiempo,pleno dia,travesia,32b39bf12b85ca3a243d1e87f605cbad239fae979c1f32665b436c4342831531,accidentes_raw_dgt,2026-05-09 20:40:11
2019,Almería,7,Viernes,8,Travesía,Otro,Colisión frontolateral,Buen tiempo,Pleno día,1,0,0,1,2019-07-01,otro,colision frontolateral,buen tiempo,pleno dia,travesia,e408bd948222ee13f842773107a80c31a45c581b095a82e1b06d534d3b616bf3,accidentes_raw_dgt,2026-05-09 20:40:11
2019,Almería,7,Miércoles,13,Travesía,Otro,Colisión frontolateral,Buen tiempo,Pleno día,1,0,0,1,2019-07-01,otro,colision frontolateral,buen tiempo,pleno dia,travesia,0f9305fb9daaca6e97608d3bdcf8961b59b080bdffe35613e1deade56823785f,accidentes_raw_dgt,2026-05-09 20:40:11
2019,Almería,8,Lunes,17,Travesía,Otro,Colisión frontolateral,Buen tiempo,Pleno día,1,0,0,1,2019-08-01,otro,colision frontolateral,buen tiempo,pleno dia,travesia,449cac0b61bf9dbf44fd770c15a065251eadfaa2f42dcfd2a13e17abc4c1b158,accidentes_raw_dgt,2026-05-09 20:40:11
2019,Almería,8,Viernes,7,Travesía,Otro,Salida vía izquierda,Buen tiempo,Noche con iluminación,1,0,0,1,2019-08-01,otro,salida via izquierda,buen tiempo,noche con iluminacion,travesia,2ae8a105b8d7661ed6ffc43cb4a6345fe2ff6f0d3e39176563979a0d89e4de19,accidentes_raw_dgt,2026-05-09 20:40:11
2019,Almería,6,Lunes,14,Travesía,Otro,Colisión por alcance,Buen tiempo,Pleno día,1,0,0,1,2019-06-01,otro,colision por alcance,buen tiempo,pleno dia,travesia,259748e36ea458367b479d3affb93ffa8ef834735ea6f0ba0a0f923e341f14f1,accidentes_raw_dgt,2026-05-09 20:40:11
2019,Almería,6,Martes,12,Travesía,Otro,Colisión por alcance,Buen tiempo,Pleno día,2,0,0,2,2019-06-01,otro,colision por alcance,buen tiempo,pleno dia,travesia,d265908f76c0179e2929dbebdce8dd050bee4992d19cfedbd754c7dfd0003ee5,accidentes_raw_dgt,2026-05-09 20:40:11
2019,Almería,7,Lunes,23,Travesía,Otro,Colisión frontolateral,Buen tiempo,Noche sin iluminación,2,0,1,1,2019-07-01,otro,colision frontolateral,buen tiempo,noche sin iluminacion,travesia,7d398da8791745001b3d1c41030676d1c036687eb1ab32e0b5a1832e7579c073,accidentes_raw_dgt,2026-05-09 20:40:11
2019,Almería,6,Jueves,14,Travesía,Otro,Colisión por alcance,Buen tiempo,Pleno día,1,0,0,1,2019-06-01,otro,colision por alcance,buen tiempo,pleno dia,travesia,67deb854909b0e04a9c7bd0bdbb2cb04cc6c7aeeeda9eaba366cd1daf3c0ac73,accidentes_raw_dgt,2026-05-09 20:40:11
2019,Almería,7,Jueves,17,Travesía,Otro,Colisión frontolateral,Buen tiempo,Pleno día,1,0,0,1,2019-07-01,otro,colision frontolateral,buen tiempo,pleno dia,travesia,49b3fd5d946ee1529c0dd48774359829a48b704b1990811d03423ce3b5574f71,accidentes_raw_dgt,2026-05-09 20:40:11
2019,Almería,7,Jueves,15,Travesía,Otro,Colisión frontal,Buen tiempo,Pleno día,1,0,0,1,2019-07-01,otro,colision frontal,buen tiempo,pleno dia,travesia,2b79e83ac9a03786ad27be38e62925cb55a6b2b4698c0b860bea4d9dc3f0d322,accidentes_raw_dgt,2026-05-09 20:40:11
2019,Almería,7,Jueves,10,Travesía,Otro,Colisión frontolateral,Buen tiempo,Pleno día,1,0,0,1,2019-07-01,otro,colision frontolateral,buen tiempo,pleno dia,travesia,f85dd1cb11c453b93c052d8dcf30b925aa4082f1e992c5ad51b762cb97bdf153,accidentes_raw_dgt,2026-05-09 20:40:11
2019,Almería,7,Martes,19,Travesía,Otro,Colisión frontal,Buen tiempo,Pleno día,1,0,0,1,2019-07-01,otro,colision frontal,buen tiempo,pleno dia,travesia,22046fca3d05f073cfd5d314fb4ca48bf3a19bc30ec79fd7b3b9a9da934354a7,accidentes_raw_dgt,2026-05-09 20:40:11
2019,Almería,6,Sábado,22,Travesía,Otro,Colisión frontal,Buen tiempo,Noche sin iluminación,1,0,0,1,2019-06-01,otro,colision frontal,buen tiempo,noche sin iluminacion,travesia,e26f3716adbe1a42e8b784b9d6670f922151428235cd146c3cc7b80653b2f9d7,accidentes_raw_dgt,2026-05-09 20:40:11
2019,Almería,7,Martes,1,Travesía,Otro,Colisión frontolateral,Buen tiempo,Noche sin iluminación,1,0,0,1,2019-07-01,otro,colision frontolateral,buen tiempo,noche sin iluminacion,travesia,98f63a859469722a52538e5a02a7f4d967e9f76cebdffb912538e96bd785cba6,accidentes_raw_dgt,2026-05-09 20:40:11
2019,Almería,7,Miércoles,14,Travesía,Otro,Colisión por alcance,Buen tiempo,Pleno día,1,0,0,1,2019-07-01,otro,colision por alcance,buen tiempo,pleno dia,travesia,914302698973596f3cc6fc14206d81a13b9d08ada96b4e22fe9a6209087c42ed,accidentes_raw_dgt,2026-05-09 20:40:11
2019,Almería,6,Martes,19,Travesía,Otro,Colisión frontolateral,Buen tiempo,Pleno día,1,0,0,1,2019-06-01,otro,colision frontolateral,buen tiempo,pleno dia,travesia,45797cfda8571046172cfd7552113fb23c16e44f6d37ff15d1b9aeab521d5cfc,accidentes_raw_dgt,2026-05-09 20:40:11
2019,Almería,6,Lunes,14,Travesía,Otro,Colisión por alcance,Buen tiempo,Pleno día,2,0,0,2,2019-06-01,otro,colision por alcance,buen tiempo,pleno dia,travesia,7b4c3b903da50f31cacf58554525088f6ca687144330569605c8de3a404d2ce6,accidentes_raw_dgt,2026-05-09 20:40:11
2019,Almería,7,Lunes,12,Travesía,Otro,Choque obstáculo lateral,Buen tiempo,Pleno día,1,0,0,1,2019-07-01,otro,choque obstaculo lateral,buen tiempo,pleno dia,travesia,4db66d3d418cb69dfeee5b357c62ec6daa9dbccc6550bd501d5ed4f3de42c43c,accidentes_raw_dgt,2026-05-09 20:40:11
2019,Almería,7,Martes,18,Travesía,Otro,Colisión lateral,Buen tiempo,Pleno día,1,0,0,1,2019-07-01,otro,colision lateral,buen tiempo,pleno dia,travesia,4f41b6fdedda792abe2eb5fd572187fa365f2e52458bc5f8cebbee451874328a,accidentes_raw_dgt,2026-05-09 20:40:11
2019,Almería,6,Viernes,12,Travesía,Otro,Choque obstáculo lateral,Buen tiempo,Pleno día,1,0,0,1,2019-06-01,otro,choque obstaculo lateral,buen tiempo,pleno dia,travesia,c223f7635964b0b61bbf64729e3c54688e0eba892358e6dd610385bfd6df6eec,accidentes_raw_dgt,2026-05-09 20:40:11
2019,Almería,7,Jueves,15,Travesía,Otro,Colisión frontolateral,Buen tiempo,Pleno día,1,0,0,1,2019-07-01,otro,colision frontolateral,buen tiempo,pleno dia,travesia,ae46bd6ed6ba612b2e712480ebfc3467c4d76d964fc91664dfe5050da309296b,accidentes_raw_dgt,2026-05-09 20:40:11
2019,Almería,8,Miércoles,15,Travesía,Otro,Colisión por alcance,Buen tiempo,Pleno día,1,0,0,1,2019-08-01,otro,colision por alcance,buen tiempo,pleno dia,travesia,b43ec56948fb3f0ed9a8676d79ec6b9fb0274b27c8543f24872eb5c9dad40be0,accidentes_raw_dgt,2026-05-09 20:40:11
2019,Almería,8,Miércoles,14,Travesía,Otro,Colisión por alcance,Buen tiempo,Pleno día,1,0,0,1,2019-08-01,otro,colision por alcance,buen tiempo,pleno dia,travesia,bcaf29cf76c157164339236eb7b4a3038d4e0bd039eaa1f5919ab2efb1a23239,accidentes_raw_dgt,2026-05-09 20:40:11
2019,Almería,8,Sábado,4,Travesía,Otro,Animal en calzada,Buen tiempo,Noche sin iluminación,1,0,0,1,2019-08-01,otro,animal en calzada,buen tiempo,noche sin iluminacion,travesia,c59a181ee3c055aeeed590c9a2c97cb6a14af46b0cab1555457583130baae484,accidentes_raw_dgt,2026-05-09 20:40:11
2019,Almería,7,Domingo,20,Travesía,Otro,Choque obstáculo lateral,Buen tiempo,Pleno día,1,0,1,0,2019-07-01,otro,choque obstaculo lateral,buen tiempo,pleno dia,travesia,dea1ae8613ee2a5ef5504d98bd969bd46b4c75e9c898341f497c74684599030c,accidentes_raw_dgt,2026-05-09 20:40:11
2019,Almería,8,Sábado,18,Travesía,Otro,Colisión frontolateral,Buen tiempo,Pleno día,1,0,0,1,2019-08-01,otro,colision frontolateral,buen tiempo,pleno dia,travesia,2f9081896ab7d7bcd3770e9cf82e7b09c4c89af368f4b915e05ce08762f28631,accidentes_raw_dgt,2026-05-09 20:40:11
2019,Almería,8,Sábado,19,Travesía,Otro,Colisión por alcance,Buen tiempo,Pleno día,1,0,0,1,2019-08-01,otro,colision por alcance,buen tiempo,pleno dia,travesia,d19828eb64fa5dea8a93056e6dbe118dc2003f81f89a341c19b3f2c478dc6888,accidentes_raw_dgt,2026-05-09 20:40:11
2019,Almería,8,Martes,3,Travesía,Otro,Salida vía izquierda,Buen tiempo,Noche sin iluminación,4,0,0,4,2019-08-01,otro,salida via izquierda,buen tiempo,noche sin iluminacion,travesia,9c80d3de185ee86232640b71e01ad0f8a66d6c22121f69e503157f72dfe0a044,accidentes_raw_dgt,2026-05-09 20:40:11
2019,Almería,8,Lunes,13,Travesía,Otro,Colisión por alcance,Buen tiempo,Pleno día,1,0,0,1,2019-08-01,otro,colision por alcance,buen tiempo,pleno dia,travesia,dcbff8f66de95d7c6148b3fbb3a9934d226ffb6dfd405c8394ae5454dc87d348,accidentes_raw_dgt,2026-05-09 20:40:11
2019,Almería,8,Domingo,5,Travesía,Otro,Colisión frontolateral,Lluvia,Noche con iluminación,2,0,0,2,2019-08-01,otro,colision frontolateral,lluvia,noche con iluminacion,travesia,b3e34e9fe5a79d4e8753d0ad4107d0af969d8faaefb88fbd68316950fa2a9242,accidentes_raw_dgt,2026-05-09 20:40:11
2019,Almería,8,Jueves,18,Zona interurbana,Vía urbana,Choque obstáculo mediana,Buen tiempo,Pleno día,2,0,0,2,2019-08-01,via urbana,choque obstaculo mediana,buen tiempo,pleno dia,zona interurbana,ec447ac59d239b8c2a01830bb31e183608e2744827fd65b404024df2654893ba,accidentes_raw_dgt,2026-05-09 20:40:11
2019,Almería,8,Lunes,22,Zona interurbana,Vía convencional,Otro tipo,Buen tiempo,Se desconoce,2,0,0,2,2019-08-01,via convencional,otro tipo,buen tiempo,se desconoce,zona interurbana,79fdc2a90e0af23c56604ace4f60df5e6bae2238f675a25d942e36cb1b41b1b3,accidentes_raw_dgt,2026-05-09 20:40:11
2019,Almería,8,Viernes,10,Travesía,Otro,Colisión por alcance,Buen tiempo,Pleno día,1,0,0,1,2019-08-01,otro,colision por alcance,buen tiempo,pleno dia,travesia,e919459e6234a3df3ead3841407d029640c4b85bc0353cb3a8a2ad31b90266c5,accidentes_raw_dgt,2026-05-09 20:40:11
2019,Almería,8,Domingo,21,Zona interurbana,Vía convencional,Colisión por alcance,Buen tiempo,Noche con iluminación,3,0,0,3,2019-08-01,via convencional,colision por alcance,buen tiempo,noche con iluminacion,zona interurbana,43eb64f59e486941b18ab12531dd6a4c6d5cc41f9f246effea3f923e619fd7e4,accidentes_raw_dgt,2026-05-09 20:40:11
2019,Almería,9,Jueves,13,Travesía,Otro,Animal en calzada,Buen tiempo,Pleno día,1,0,0,1,2019-09-01,otro,animal en calzada,buen tiempo,pleno dia,travesia,cfe35c9e498096d4463cfade00cdef305d2311d90db9949bf321f87447fc2f1a,accidentes_raw_dgt,2026-05-09 20:40:11
2019,Almería,9,Lunes,9,Zona interurbana,Vía urbana,Colisión frontolateral,Buen tiempo,Pleno día,2,0,0,2,2019-09-01,via urbana,colision frontolateral,buen tiempo,pleno dia,zona interurbana,459ef54b95078ec14162ab65a269e9179f14488554e29475504b3b25b2f17cb1,accidentes_raw_dgt,2026-05-09 20:40:11
2019,Almería,9,Sábado,13,Travesía,Otro,Choque obstáculo lateral,Buen tiempo,Pleno día,2,0,0,2,2019-09-01,otro,choque obstaculo lateral,buen tiempo,pleno dia,travesia,5010c493958a86e59cdc3b94179856b6c2fea01c7e1b293ff115706c4ff4d6dc,accidentes_raw_dgt,2026-05-09 20:40:11
2019,Almería,8,Miércoles,9,Travesía,Otro,Colisión frontolateral,Buen tiempo,Pleno día,1,0,0,1,2019-08-01,otro,colision frontolateral,buen tiempo,pleno dia,travesia,9df82ff1547bdff292926e347ad933ea0af998b93568749faca6b121222a04cf,accidentes_raw_dgt,2026-05-09 20:40:11
2019,Almería,8,Miércoles,15,Travesía,Otro,Colisión frontolateral,Buen tiempo,Pleno día,3,0,0,3,2019-08-01,otro,colision frontolateral,buen tiempo,pleno dia,travesia,51d4f462cbd884ce286a643d345126db1c24ffe88a50b71ab93c1f291bebc1b2,accidentes_raw_dgt,2026-05-09 20:40:11
2019,Almería,8,Miércoles,18,Travesía,Otro,Colisión frontolateral,Buen tiempo,Pleno día,1,0,0,1,2019-08-01,otro,colision frontolateral,buen tiempo,pleno dia,travesia,79c794728c6beb64c19efcc1f58332810a90370b0e7fde23a922d753f9dce4a7,accidentes_raw_dgt,2026-05-09 20:40:11
2019,Almería,9,Viernes,8,Zona interurbana,Vía convencional,Otro tipo,Buen tiempo,Pleno día,1,0,0,1,2019-09-01,via convencional,otro tipo,buen tiempo,pleno dia,zona interurbana,21445af8f7acc5de30b16b435e488cca8c824c41c178fa56d4bc6fec55d98bf6,accidentes_raw_dgt,2026-05-09 20:40:11
2019,Almería,9,Jueves,13,Zona interurbana,Vía urbana,Colisión frontolateral,Buen tiempo,Pleno día,2,0,0,2,2019-09-01,via urbana,colision frontolateral,buen tiempo,pleno dia,zona interurbana,1112c695b7e5eab323c59750744ad57ac78c2d64718251f710e5a3a881819e27,accidentes_raw_dgt,2026-05-09 20:40:11
2019,Almería,8,Lunes,11,Travesía,Otro,Colisión por alcance,Buen tiempo,Pleno día,1,0,0,1,2019-08-01,otro,colision por alcance,buen tiempo,pleno dia,travesia,347213dd2b6e78d0efaa5933376dbbac13b0327664211d50b72956759aa0f1ce,accidentes_raw_dgt,2026-05-09 20:40:11
2019,Almería,8,Martes,9,Travesía,Otro,Colisión por alcance,Buen tiempo,Pleno día,1,0,0,1,2019-08-01,otro,colision por alcance,buen tiempo,pleno dia,travesia,7527ba85bdc16eaae6b3f475aaa3b4c030611a001614a53fa47b4bc37b8950f6,accidentes_raw_dgt,2026-05-09 20:40:11
2019,Almería,8,Martes,12,Travesía,Otro,Colisión por alcance,Buen tiempo,Pleno día,1,0,0,1,2019-08-01,otro,colision por alcance,buen tiempo,pleno dia,travesia,5a02ef00b4ef9b912733ec4441febeb3a4a57122ae5fcc57bd079b26e07215cf,accidentes_raw_dgt,2026-05-09 20:40:11
2019,Almería,9,Sábado,0,Travesía,Otro,Colisión por alcance,Buen tiempo,Noche con iluminación,1,0,0,1,2019-09-01,otro,colision por alcance,buen tiempo,noche con iluminacion,travesia,a388f562e286fdf28986f9253579f4d096446e01dd0c771996a51ff11b390fa2,accidentes_raw_dgt,2026-05-09 20:40:11
2019,Almería,9,Domingo,20,Travesía,Otro,Colisión por alcance,Buen tiempo,Pleno día,1,0,0,1,2019-09-01,otro,colision por alcance,buen tiempo,pleno dia,travesia,d95936051b112558c270fd675137155155c74b8f0721fde9007b53d40cedba2b,accidentes_raw_dgt,2026-05-09 20:40:11
2019,Almería,9,Miércoles,10,Travesía,Otro,Colisión por alcance,Buen tiempo,Pleno día,1,0,0,1,2019-09-01,otro,colision por alcance,buen tiempo,pleno dia,travesia,9189d4def691cd317d871315016ff15c1740da04c36bc4f0400ec908d96e974c,accidentes_raw_dgt,2026-05-09 20:40:11
2019,Almería,9,Viernes,22,Travesía,Otro,Colisión frontal,Buen tiempo,Noche ilum. insuficiente,1,0,1,0,2019-09-01,otro,colision frontal,buen tiempo,noche ilum. insuficiente,travesia,8f10833e3ef270a248b7001d1f7b30b7d05e67d648ce3e87f000215e38451b7b,accidentes_raw_dgt,2026-05-09 20:40:11
2019,Almería,9,Martes,22,Zona interurbana,Vía convencional,Colisión múltiple,Buen tiempo,Se desconoce,4,0,0,4,2019-09-01,via convencional,colision multiple,buen tiempo,se desconoce,zona interurbana,90b303a74db7b55640caa82bce2ab14397571a314027aa78430e2cd91c3c4c23,accidentes_raw_dgt,2026-05-09 20:40:11
2019,Almería,9,Lunes,12,Travesía,Otro,Animal en calzada,Buen tiempo,Pleno día,1,0,0,1,2019-09-01,otro,animal en calzada,buen tiempo,pleno dia,travesia,0a4e3e70597a358b9447fa8a647aadf5b76dde95c8e4ab02e5f8cee6caa1cd28,accidentes_raw_dgt,2026-05-09 20:40:11
2019,Almería,9,Miércoles,14,Travesía,Otro,Colisión frontolateral,Buen tiempo,Pleno día,1,0,1,0,2019-09-01,otro,colision frontolateral,buen tiempo,pleno dia,travesia,f16592d12000ffca0f1159286959f4c2470c82a7b48940020b1323a6d49abe27,accidentes_raw_dgt,2026-05-09 20:40:11
2019,Almería,9,Miércoles,15,Zona interurbana,Calle,Colisión frontolateral,Granizo,Pleno día,2,0,0,2,2019-09-01,calle,colision frontolateral,granizo,pleno dia,zona interurbana,f658e746131f2576cdf61f4a674e435179e0b6388b483faacd471a2df70cc19d,accidentes_raw_dgt,2026-05-09 20:40:11
2019,Almería,9,Miércoles,14,Travesía,Otro,Salida vía izquierda,Buen tiempo,Pleno día,1,0,0,1,2019-09-01,otro,salida via izquierda,buen tiempo,pleno dia,travesia,1ec08285a725fe5e0141cc5cc8d493b342a3d12c75ae73b3acd393bc3b7d5d3a,accidentes_raw_dgt,2026-05-09 20:40:11
2019,Almería,9,Miércoles,19,Zona interurbana,Vía urbana,Colisión múltiple,Granizo,Amanecer/Anochecer,1,0,0,1,2019-09-01,via urbana,colision multiple,granizo,amanecer/anochecer,zona interurbana,8e75e642c4976b4fad9afa298e873d40b5db33a7ecd6faa717df06fea8f5d027,accidentes_raw_dgt,2026-05-09 20:40:11
2019,Almería,9,Martes,23,Travesía,Otro,Colisión frontolateral,Buen tiempo,Noche sin iluminación,2,0,0,2,2019-09-01,otro,colision frontolateral,buen tiempo,noche sin iluminacion,travesia,c745b79afd666fe922e3a8c9f2f4dce81310fe8648d19f36a767e96d5d824d78,accidentes_raw_dgt,2026-05-09 20:40:11
2019,Almería,9,Martes,8,Zona interurbana,Vía urbana,Caída de motociclista,Buen tiempo,Pleno día,1,0,0,1,2019-09-01,via urbana,caida de motociclista,buen tiempo,pleno dia,zona interurbana,df9d46565657e21f36797f3c60a06e557113b1117e56f093a869f1387fbfba66,accidentes_raw_dgt,2026-05-09 20:40:11
2019,Almería,9,Lunes,12,Travesía,Otro,Colisión por alcance,Buen tiempo,Pleno día,1,0,1,0,2019-09-01,otro,colision por alcance,buen tiempo,pleno dia,travesia,5af81363d22c806699519844d55caf2c95125a130e23ffa5749adcf40bad493f,accidentes_raw_dgt,2026-05-09 20:40:11
2019,Almería,9,Martes,12,Zona interurbana,Vía convencional,Colisión por alcance,Buen tiempo,Pleno día,1,0,0,1,2019-09-01,via convencional,colision por alcance,buen tiempo,pleno dia,zona interurbana,42e030263323a3e5a26af96a0e8c953cf6527e9a3eb705af67da90ae15e43b2a,accidentes_raw_dgt,2026-05-09 20:40:11
2019,Almería,9,Jueves,8,Zona interurbana,Camino vecinal,Colisión lateral,Buen tiempo,Pleno día,1,0,0,1,2019-09-01,camino vecinal,colision lateral,buen tiempo,pleno dia,zona interurbana,56dc6c2bd0f7cd6b12bc8156d1795f0cdfd62c911a529ef5596186c716ec2415,accidentes_raw_dgt,2026-05-09 20:40:11
2019,Almería,9,Sábado,21,Travesía,Otro,Colisión frontolateral,Buen tiempo,Noche sin iluminación,3,0,0,3,2019-09-01,otro,colision frontolateral,buen tiempo,noche sin iluminacion,travesia,4a01d23dba2dee61def36b3b0e3b915738c0cb9bd7eea18288a672477e5d2195,accidentes_raw_dgt,2026-05-09 20:40:11
2019,Almería,8,Miércoles,17,Travesía,Otro,Choque obstáculo lateral,Buen tiempo,Pleno día,1,0,0,1,2019-08-01,otro,choque obstaculo lateral,buen tiempo,pleno dia,travesia,cc7d8d370b5de69b536934568aa49e903bbf99e886308a8c76120014a9698a4d,accidentes_raw_dgt,2026-05-09 20:40:11
2019,Almería,8,Miércoles,20,Travesía,Otro,Choque obstáculo lateral,Buen tiempo,Noche sin iluminación,2,0,0,2,2019-08-01,otro,choque obstaculo lateral,buen tiempo,noche sin iluminacion,travesia,3eaabc8ccc9d875bee02a0123e09a1fbce8b172c862a924f01dc8fa83b198645,accidentes_raw_dgt,2026-05-09 20:40:11
2019,Almería,9,Lunes,11,Travesía,Otro,Choque obstáculo lateral,Buen tiempo,Pleno día,1,0,0,1,2019-09-01,otro,choque obstaculo lateral,buen tiempo,pleno dia,travesia,e9f8a8c6499c33f81db1f11ebb4a72a1d916d8e123e91505f5701f691d6f734c,accidentes_raw_dgt,2026-05-09 20:40:11