AÑO,PROVINCIA,MES,DIA_SEMANA,HORA,ZONA,TIPO_VIA,TIPO_ACCIDENTE,CONDICION_METEO,CONDICION_ILUMINACION,TOTAL_VICTIMAS,FALLECIDOS_24H,HERIDOS_GRAVES,HERIDOS_LEVES,FECHA_ACCIDENTE,TIPO_VIA_NORM,TIPO_ACCIDENTE_NORM,CONDICION_METEO_NORM,CONDICION_ILUMINACION_NORM,ZONA_NORM,ID_ACCIDENTE_HASH,source_id,load_timestamp
2019,Almería,9,Jueves,23,Travesía,Otro,Colisión frontolateral,Buen tiempo,Noche sin iluminación,2,0,0,2,2019-09-01,otro,colision frontolateral,buen tiempo,noche sin iluminacion,travesia,39e7124770a6d0d781315854a17181461b5d89bcf1f3b730b7fe1b75c356f6d5,accidentes_raw_dgt,2026-05-09 20:40:11
2019,Almería,9,Sábado,12,Travesía,Otro,Salida vía izquierda,Buen tiempo,Pleno día,1,0,0,1,2019-09-01,otro,salida via izquierda,buen tiempo,pleno dia,travesia,818a291377e2e0e3288a8f721c3079afdd2259e1b6dae343289e3fd2b7df9144,accidentes_raw_dgt,2026-05-09 20:40:11
2019,Almería,9,Lunes,16,Travesía,Otro,Otro tipo,Buen tiempo,Pleno día,1,0,0,1,2019-09-01,otro,otro tipo,buen tiempo,pleno dia,travesia,d9a0a87140e95aec8fa4acb1e151f37120894a06063bfee45dee0e852d0e0560,accidentes_raw_dgt,2026-05-09 20:40:11
2019,Almería,9,Lunes,13,Travesía,Otro,Colisión lateral,Buen tiempo,Pleno día,2,0,0,2,2019-09-01,otro,colision lateral,buen tiempo,pleno dia,travesia,0f0ae0e102006f962b8e1a366559dbf98ff1a53154c089821b2e61e1ec3f3cee,accidentes_raw_dgt,2026-05-09 20:40:11
2019,Almería,9,Jueves,21,Travesía,Otro,Choque obstáculo lateral,Buen tiempo,Amanecer/Anochecer,1,0,1,0,2019-09-01,otro,choque obstaculo lateral,buen tiempo,amanecer/anochecer,travesia,8d7842dbbaa5ece37d719d311ac1feafc1d7347f4baa8b2b813d251f1fd1aa58,accidentes_raw_dgt,2026-05-09 20:40:11
2019,Almería,8,Jueves,14,Travesía,Otro,Colisión frontolateral,Buen tiempo,Pleno día,1,0,0,1,2019-08-01,otro,colision frontolateral,buen tiempo,pleno dia,travesia,74f8d4b5c1276fad9a43f96a6cd973179c5dbed5b965727f05021cb441e3c481,accidentes_raw_dgt,2026-05-09 20:40:11
2019,Almería,9,Sábado,14,Zona interurbana,Vía urbana,Colisión lateral,Buen tiempo,Pleno día,1,0,0,1,2019-09-01,via urbana,colision lateral,buen tiempo,pleno dia,zona interurbana,e4819f21c5e21c3a048eb255c6e9607f1c0bdb7eeb724428b4fe122386fb9da8,accidentes_raw_dgt,2026-05-09 20:40:11
2019,Almería,8,Jueves,17,Travesía,Otro,Choque obstáculo lateral,Buen tiempo,Pleno día,1,0,0,1,2019-08-01,otro,choque obstaculo lateral,buen tiempo,pleno dia,travesia,29d9c129c3e755f6bd3f321ea47f6dd67bc9023b6bca2a8018a80be2adb6c957,accidentes_raw_dgt,2026-05-09 20:40:11
2019,Almería,9,Domingo,14,Zona interurbana,Vía convencional,Se desconoce,Buen tiempo,Pleno día,1,0,0,1,2019-09-01,via convencional,se desconoce,buen tiempo,pleno dia,zona interurbana,39d5ce6249548c318a5f0b6bf0a3e2f234750a9741b6ce2f9eff8670bc7cd7af,accidentes_raw_dgt,2026-05-09 20:40:11
2019,Almería,10,Jueves,11,Travesía,Otro,Choque obstáculo lateral,Buen tiempo,Pleno día,1,1,0,0,2019-10-01,otro,choque obstaculo lateral,buen tiempo,pleno dia,travesia,b6e3ae7742d8a7782ac26781216510ce2d2bd22282c84c7d80892e27cbf488a8,accidentes_raw_dgt,2026-05-09 20:40:11
2019,Almería,8,Jueves,16,Travesía,Otro,Colisión frontolateral,Buen tiempo,Pleno día,1,0,0,1,2019-08-01,otro,colision frontolateral,buen tiempo,pleno dia,travesia,13d182f2d86098fafd7e3bdcd19e0fd39826cc3db5e15f8ecc71bcb655f0c07b,accidentes_raw_dgt,2026-05-09 20:40:11
2019,Almería,10,Viernes,18,Travesía,Otro,Choque obstáculo lateral,Buen tiempo,Pleno día,2,0,0,2,2019-10-01,otro,choque obstaculo lateral,buen tiempo,pleno dia,travesia,5588ef6ef806acb17bfc39794a3d31b8854b564fdfb1d584a6b0f3558386254b,accidentes_raw_dgt,2026-05-09 20:40:11
2019,Almería,10,Miércoles,7,Zona interurbana,Vía urbana,Choque con bordillo,Buen tiempo,Pleno día,2,0,0,2,2019-10-01,via urbana,choque con bordillo,buen tiempo,pleno dia,zona interurbana,041669688dba6edca905acae363296e29902c37b43adcceb7113eb81e1ddb1a1,accidentes_raw_dgt,2026-05-09 20:40:11
2019,Almería,10,Martes,21,Zona interurbana,Vía urbana,Colisión por alcance,Buen tiempo,Se desconoce,1,0,0,1,2019-10-01,via urbana,colision por alcance,buen tiempo,se desconoce,zona interurbana,fb420d1701eecd8f951f3834671277144b3287908bf698f5c0ef2fdacd6eb655,accidentes_raw_dgt,2026-05-09 20:40:11
2019,Almería,10,Viernes,20,Zona interurbana,Vía urbana,Colisión por alcance,Buen tiempo,Se desconoce,2,0,0,2,2019-10-01,via urbana,colision por alcance,buen tiempo,se desconoce,zona interurbana,c0438e3c5c6df484b58da31ba5fc5cf21889382f846dad68c7559ecef5223e97,accidentes_raw_dgt,2026-05-09 20:40:11
2019,Almería,9,Lunes,13,Travesía,Otro,Colisión por alcance,Buen tiempo,Pleno día,1,0,0,1,2019-09-01,otro,colision por alcance,buen tiempo,pleno dia,travesia,8415a191df5549048302c5b168b474ead38f1449ee267d9295d8f53417136d56,accidentes_raw_dgt,2026-05-09 20:40:11
2019,Almería,10,Lunes,16,Travesía,Otro,Colisión frontolateral,Buen tiempo,Pleno día,1,0,0,1,2019-10-01,otro,colision frontolateral,buen tiempo,pleno dia,travesia,f0e867fbba2d89a7978e7f4d526ef539f6882c9628c0cee936a21514897c6eea,accidentes_raw_dgt,2026-05-09 20:40:11
2019,Almería,9,Domingo,20,Travesía,Otro,Colisión frontal,Buen tiempo,Noche sin iluminación,1,0,0,1,2019-09-01,otro,colision frontal,buen tiempo,noche sin iluminacion,travesia,f1ef71e7945512894f6ed8801f7ce4034a3fc491a43685aa767e5a3a770f8c95,accidentes_raw_dgt,2026-05-09 20:40:11
2019,Almería,10,Domingo,19,Zona interurbana,Vía urbana,Colisión frontal,Buen tiempo,Pleno día,3,0,0,3,2019-10-01,via urbana,colision frontal,buen tiempo,pleno dia,zona interurbana,0f1d5b7f2da99ff77752ea981cd4bd04ab89f1bd3e3b415c6f98ea2514f431b1,accidentes_raw_dgt,2026-05-09 20:40:11
2019,Almería,10,Miércoles,11,Travesía,Otro,Choque obstáculo lateral,Buen tiempo,Pleno día,2,0,0,2,2019-10-01,otro,choque obstaculo lateral,buen tiempo,pleno dia,travesia,21b65e4555259f84b5dfff69b00c00a440141f9c0e1a9f308aaecff5068c597b,accidentes_raw_dgt,2026-05-09 20:40:11
2019,Almería,8,Lunes,15,Travesía,Otro,Colisión por alcance,Buen tiempo,Pleno día,1,0,0,1,2019-08-01,otro,colision por alcance,buen tiempo,pleno dia,travesia,cea90c1d2627a9e02bf853214a48a1248ed861512124d2333e9193deaa088f65,accidentes_raw_dgt,2026-05-09 20:40:11
2019,Almería,10,Jueves,10,Travesía,Otro,Colisión frontolateral,Buen tiempo,Pleno día,1,0,0,1,2019-10-01,otro,colision frontolateral,buen tiempo,pleno dia,travesia,21a84ad988ff6ec4c625689b96116befbc4922689b942051b7c05eb4ab57b069,accidentes_raw_dgt,2026-05-09 20:40:11
2019,Almería,10,Domingo,21,Travesía,Otro,Objeto desprendido,Buen tiempo,Noche sin iluminación,1,0,0,1,2019-10-01,otro,objeto desprendido,buen tiempo,noche sin iluminacion,travesia,d35c4fccb34675f98d907d63b90fefebef389da6ace3928f7d889e1ee2ae686f,accidentes_raw_dgt,2026-05-09 20:40:11
2019,Almería,9,Domingo,21,Travesía,Otro,Colisión lateral,Buen tiempo,Noche sin iluminación,1,0,0,1,2019-09-01,otro,colision lateral,buen tiempo,noche sin iluminacion,travesia,d53b91dfe01f21d9ca70323ff6371d9c4806cd79434985d21e4c8598b278bd7c,accidentes_raw_dgt,2026-05-09 20:40:11
2019,Almería,9,Martes,0,Travesía,Otro,Colisión frontolateral,Buen tiempo,Noche sin iluminación,2,0,0,2,2019-09-01,otro,colision frontolateral,buen tiempo,noche sin iluminacion,travesia,3446a7e3222db2ab0c3fbea0dc015b90d25bd596e253dd1dc64e6d8a34367c8a,accidentes_raw_dgt,2026-05-09 20:40:11
2019,Almería,9,Lunes,13,Travesía,Otro,Choque obstáculo lateral,Buen tiempo,Pleno día,1,0,0,1,2019-09-01,otro,choque obstaculo lateral,buen tiempo,pleno dia,travesia,67e912e3e2b53266f4d6a158de07b477164d8b1036ff08e4ff33eb374ac102c4,accidentes_raw_dgt,2026-05-09 20:40:11
2019,Almería,9,Martes,13,Travesía,Otro,Colisión frontolateral,Buen tiempo,Pleno día,1,0,0,1,2019-09-01,otro,colision frontolateral,buen tiempo,pleno dia,travesia,e3099c0989937183e69534b8c4a3c743cc34a2cb6425afee5630ed01e6df4a32,accidentes_raw_dgt,2026-05-09 20:40:11
2019,Almería,9,Lunes,14,Travesía,Otro,Choque obstáculo lateral,Buen tiempo,Pleno día,1,0,0,1,2019-09-01,otro,choque obstaculo lateral,buen tiempo,pleno dia,travesia,af93a06c80895edf0b7de0bf6f5a0529d1dcf3e63d93305a3ca143543c0370bc,accidentes_raw_dgt,2026-05-09 20:40:11
2019,Almería,9,Sábado,19,Travesía,Otro,Colisión frontolateral,Buen tiempo,Pleno día,1,0,0,1,2019-09-01,otro,colision frontolateral,buen tiempo,pleno dia,travesia,d0d54d0f71b3607b7e7fca95e89a21e40af4106c9c95af6838723bab2a3e9524,accidentes_raw_dgt,2026-05-09 20:40:11
2019,Almería,10,Jueves,7,Zona interurbana,Vía convencional,Colisión múltiple,Buen tiempo,Amanecer/Anochecer,4,0,0,4,2019-10-01,via convencional,colision multiple,buen tiempo,amanecer/anochecer,zona interurbana,5b10564b32ea564df50f0c56353b0b4ed3821fb86fc4555a4aa2461e76d07473,accidentes_raw_dgt,2026-05-09 20:40:11
2019,Almería,10,Jueves,15,Zona interurbana,Vía urbana,Colisión por alcance,Buen tiempo,Noche sin iluminación,2,0,0,2,2019-10-01,via urbana,colision por alcance,buen tiempo,noche sin iluminacion,zona interurbana,8f9642d6ea2813a431b4a52d7ebf72e385834740d2178c97b0ef5b6ade586733,accidentes_raw_dgt,2026-05-09 20:40:11
2019,Almería,10,Sábado,8,Zona interurbana,Vía urbana,Colisión frontolateral,Buen tiempo,Pleno día,1,0,0,1,2019-10-01,via urbana,colision frontolateral,buen tiempo,pleno dia,zona interurbana,07bf8720bc0c7b4e14a105f200baa47df52c688c7f295eaedba8a5dabb77ddea,accidentes_raw_dgt,2026-05-09 20:40:11
2019,Almería,10,Domingo,12,Zona interurbana,Vía urbana,Colisión frontolateral,Buen tiempo,Pleno día,1,0,0,1,2019-10-01,via urbana,colision frontolateral,buen tiempo,pleno dia,zona interurbana,929aa622b6a06994b83ead5da8db1ec18965dd051c4c823fa37ae24a8bcbf121,accidentes_raw_dgt,2026-05-09 20:40:11
2019,Almería,10,Sábado,19,Travesía,Otro,Colisión frontolateral,Buen tiempo,Pleno día,2,0,0,2,2019-10-01,otro,colision frontolateral,buen tiempo,pleno dia,travesia,e11d515bfbb4c633abbe54d478af1eb1be11ef0146432500b365e35c54ca5a98,accidentes_raw_dgt,2026-05-09 20:40:11
2019,Almería,10,Jueves,12,Travesía,Otro,Colisión por alcance,Buen tiempo,Pleno día,1,0,0,1,2019-10-01,otro,colision por alcance,buen tiempo,pleno dia,travesia,a4324d88baf52d56cb2236f081cde10546be2c19cf69ec7af1350c6d996e2811,accidentes_raw_dgt,2026-05-09 20:40:11
2019,Almería,10,Miércoles,16,Travesía,Otro,Colisión frontolateral,Buen tiempo,Pleno día,1,0,0,1,2019-10-01,otro,colision frontolateral,buen tiempo,pleno dia,travesia,b9c3928bde572ec903c6914d84a37ddeb2113705bc6e3778d1071a958bf33162,accidentes_raw_dgt,2026-05-09 20:40:11
2019,Almería,9,Jueves,9,Travesía,Otro,Choque obstáculo lateral,Buen tiempo,Pleno día,1,0,0,1,2019-09-01,otro,choque obstaculo lateral,buen tiempo,pleno dia,travesia,a053262db2c019c62e93b6f236278ee0e15252dbf43a46812ec8a97add4a466f,accidentes_raw_dgt,2026-05-09 20:40:11
2019,Almería,10,Martes,7,Travesía,Otro,Colisión por alcance,Nieve,Noche con iluminación,3,0,0,3,2019-10-01,otro,colision por alcance,nieve,noche con iluminacion,travesia,e9fcc34d4cd9e9029fc45fc7a28c578bfc4cce91a57c73531e9f3f943b702df7,accidentes_raw_dgt,2026-05-09 20:40:11
2019,Almería,10,Miércoles,13,Travesía,Otro,Colisión por alcance,Buen tiempo,Pleno día,2,0,0,2,2019-10-01,otro,colision por alcance,buen tiempo,pleno dia,travesia,621c052f2f82898bee0f29430fc9b091ed078a34eac536b606651b860ec682fd,accidentes_raw_dgt,2026-05-09 20:40:11
2019,Almería,10,Sábado,20,Travesía,Otro,Choque obstáculo lateral,Buen tiempo,Noche sin iluminación,2,0,0,2,2019-10-01,otro,choque obstaculo lateral,buen tiempo,noche sin iluminacion,travesia,d0a04b4400e5d231122862325cd7335f33d9284c2fa45ac5e79affca63729063,accidentes_raw_dgt,2026-05-09 20:40:11
2019,Almería,10,Martes,14,Zona interurbana,Vía urbana,Colisión por alcance,Granizo,Pleno día,1,0,0,1,2019-10-01,via urbana,colision por alcance,granizo,pleno dia,zona interurbana,c2e90aa4d71ec118be92bac0d83cad0f751a060a9c884520c47da69d654a993a,accidentes_raw_dgt,2026-05-09 20:40:11
2019,Almería,10,Viernes,5,Travesía,Otro,Otro tipo,Buen tiempo,Noche sin iluminación,1,0,0,1,2019-10-01,otro,otro tipo,buen tiempo,noche sin iluminacion,travesia,f2047c17e14c8c5bdbb2270606e4ed0279abd8c7f47198d0077a2962ae935b83,accidentes_raw_dgt,2026-05-09 20:40:11
2019,Almería,10,Miércoles,14,Travesía,Otro,Colisión frontolateral,Buen tiempo,Pleno día,1,0,0,1,2019-10-01,otro,colision frontolateral,buen tiempo,pleno dia,travesia,4046c1be5d83b63076d28274613233da739259dd920aba9461a7628c38e83b9e,accidentes_raw_dgt,2026-05-09 20:40:11
2019,Almería,9,Viernes,11,Travesía,Otro,Choque obstáculo lateral,Buen tiempo,Pleno día,1,0,0,1,2019-09-01,otro,choque obstaculo lateral,buen tiempo,pleno dia,travesia,c7d0562cd4f65e47d51c9d68a3fde65b76e6eb8865306c94293ca22e33ed1372,accidentes_raw_dgt,2026-05-09 20:40:11
2019,Almería,10,Viernes,9,Travesía,Otro,Choque obstáculo lateral,Buen tiempo,Pleno día,1,0,0,1,2019-10-01,otro,choque obstaculo lateral,buen tiempo,pleno dia,travesia,9326acebbb07fdc5db1b7665795f7ee05f13909bec87071dc4ef7ece690fda4b,accidentes_raw_dgt,2026-05-09 20:40:11
2019,Almería,10,Sábado,14,Zona interurbana,Vía urbana,Colisión por alcance,Buen tiempo,Pleno día,3,0,0,3,2019-10-01,via urbana,colision por alcance,buen tiempo,pleno dia,zona interurbana,4d0751953578aa574c073abf82aa9cea5ec14e2f3942e2608c27fdd8eee31cc4,accidentes_raw_dgt,2026-05-09 20:40:11
2019,Almería,10,Martes,19,Zona interurbana,Camino vecinal,Colisión por alcance,Buen tiempo,Noche sin iluminación,2,0,0,2,2019-10-01,camino vecinal,colision por alcance,buen tiempo,noche sin iluminacion,zona interurbana,0a07712d055fab4b62557a1a9227cb62b633ec9ac0ceb1a82d70610cb62a34a6,accidentes_raw_dgt,2026-05-09 20:40:11
2019,Almería,10,Martes,19,Travesía,Otro,Colisión por alcance,Buen tiempo,Noche ilum. insuficiente,1,0,0,1,2019-10-01,otro,colision por alcance,buen tiempo,noche ilum. insuficiente,travesia,ebf29b81682824cacc192931ce4efafaa47fcede580dc5fd7ab38c60ee37f382,accidentes_raw_dgt,2026-05-09 20:40:11
2019,Almería,10,Martes,7,Zona interurbana,Vía urbana,Colisión por alcance,Buen tiempo,Noche sin iluminación,1,0,0,1,2019-10-01,via urbana,colision por alcance,buen tiempo,noche sin iluminacion,zona interurbana,62da5956da04fdedd0ff08a3f8c812793ef4219cd0405d44bf5412f3264fecf0,accidentes_raw_dgt,2026-05-09 20:40:11
2019,Almería,10,Viernes,13,Travesía,Otro,Choque obstáculo lateral,Buen tiempo,Pleno día,1,0,0,1,2019-10-01,otro,choque obstaculo lateral,buen tiempo,pleno dia,travesia,371e6e08c996fca6c5a8fedd7f924d21c37ce6ef63401db0eaa686a8d49eacd0,accidentes_raw_dgt,2026-05-09 20:40:11
2019,Almería,10,Lunes,16,Travesía,Otro,Colisión frontolateral,Buen tiempo,Pleno día,1,0,0,1,2019-10-01,otro,colision frontolateral,buen tiempo,pleno dia,travesia,7b3087f7c84638235f3faf074627cde9c39a713dbe6a6c9984e84f2242df4fca,accidentes_raw_dgt,2026-05-09 20:40:11
2019,Almería,10,Jueves,13,Travesía,Otro,Choque obstáculo lateral,Buen tiempo,Pleno día,1,0,0,1,2019-10-01,otro,choque obstaculo lateral,buen tiempo,pleno dia,travesia,42a8d10424653fc26a1319a0c7f84ea30f43c8a009e7d99fcd9e8151332bdcf3,accidentes_raw_dgt,2026-05-09 20:40:11
2019,Almería,11,Domingo,16,Travesía,Otro,Colisión frontolateral,Buen tiempo,Pleno día,1,0,0,1,2019-11-01,otro,colision frontolateral,buen tiempo,pleno dia,travesia,58144ba2f74ee1c8c3ec8c689f397da2e24c26f775a7bf6ff27ffeb2647e00c3,accidentes_raw_dgt,2026-05-09 20:40:11
2019,Almería,10,Sábado,18,Travesía,Otro,Choque obstáculo lateral,Buen tiempo,Pleno día,1,0,1,0,2019-10-01,otro,choque obstaculo lateral,buen tiempo,pleno dia,travesia,bd118e7b9245a2a7f66dba69ac8be938c8a27f41462c21431a19635c061d867c,accidentes_raw_dgt,2026-05-09 20:40:11
2019,Almería,10,Jueves,17,Zona interurbana,Vía convencional,Se desconoce,Buen tiempo,Pleno día,1,0,0,1,2019-10-01,via convencional,se desconoce,buen tiempo,pleno dia,zona interurbana,cf358d1c9b1875c60618197814b03f0b0bb568c0d51dca21a2fade06601c53c6,accidentes_raw_dgt,2026-05-09 20:40:11
2019,Almería,10,Sábado,13,Travesía,Otro,Choque obstáculo lateral,Buen tiempo,Pleno día,2,1,0,1,2019-10-01,otro,choque obstaculo lateral,buen tiempo,pleno dia,travesia,d325ff4e3fd410be29cb96fe1edb7a1ca103fe1d58a18d3be3b1981ce7b7169f,accidentes_raw_dgt,2026-05-09 20:40:11
2019,Almería,11,Domingo,13,Zona interurbana,Camino vecinal,Colisión lateral,Buen tiempo,Pleno día,3,0,0,3,2019-11-01,camino vecinal,colision lateral,buen tiempo,pleno dia,zona interurbana,4b4c041692a0b4a72accb9cf67695010deb67bf6675bb6ede3c6e70b24305f73,accidentes_raw_dgt,2026-05-09 20:40:11
2019,Almería,11,Lunes,15,Travesía,Otro,Colisión por alcance,Buen tiempo,Pleno día,1,0,0,1,2019-11-01,otro,colision por alcance,buen tiempo,pleno dia,travesia,eda7ca2e850cca251030ec7ed16aff6daa8a04a960789337e4875c92061a2e54,accidentes_raw_dgt,2026-05-09 20:40:11
2019,Almería,10,Jueves,12,Travesía,Otro,Colisión frontolateral,Buen tiempo,Pleno día,2,0,0,2,2019-10-01,otro,colision frontolateral,buen tiempo,pleno dia,travesia,a66ce68fad6cf229fd1af91ad018f3025a8446f5483e8a41928d630115c950fe,accidentes_raw_dgt,2026-05-09 20:40:11
2019,Almería,11,Viernes,8,Travesía,Otro,Colisión por alcance,Buen tiempo,Pleno día,1,0,0,1,2019-11-01,otro,colision por alcance,buen tiempo,pleno dia,travesia,de365ef3ab068f4d6611906957bc648cc454db94ff823cca99cdef412aa3bdc2,accidentes_raw_dgt,2026-05-09 20:40:11
2019,Almería,11,Jueves,20,Zona interurbana,Vía convencional,Colisión por alcance,Buen tiempo,Se desconoce,1,0,0,1,2019-11-01,via convencional,colision por alcance,buen tiempo,se desconoce,zona interurbana,0ec89b31a9f42decb7bad3c678c0994266ae6382435ec44c7ed3144b0f3dae2a,accidentes_raw_dgt,2026-05-09 20:40:11
2019,Almería,11,Miércoles,8,Travesía,Otro,Objeto desprendido,Buen tiempo,Pleno día,1,0,0,1,2019-11-01,otro,objeto desprendido,buen tiempo,pleno dia,travesia,c6a2b6495f55f3de2930d7a4692e9f201cb62b561d6a0b07a5c5c32d8bca1f38,accidentes_raw_dgt,2026-05-09 20:40:11
2019,Almería,11,Sábado,12,Travesía,Otro,Colisión frontolateral,Buen tiempo,Pleno día,2,0,0,2,2019-11-01,otro,colision frontolateral,buen tiempo,pleno dia,travesia,1763888c1a5b2655976fd20c3e898415b42a3afa38bd28c72eba5ad81f32563c,accidentes_raw_dgt,2026-05-09 20:40:11
2019,Almería,11,Viernes,16,Travesía,Otro,Colisión frontolateral,Buen tiempo,Pleno día,1,0,0,1,2019-11-01,otro,colision frontolateral,buen tiempo,pleno dia,travesia,d9177ef7753cbfb6a68887bd91348ae937cf890f95ceae137bfd6f9063684148,accidentes_raw_dgt,2026-05-09 20:40:11
2019,Almería,10,Lunes,14,Travesía,Otro,Choque obstáculo lateral,Buen tiempo,Pleno día,2,0,1,1,2019-10-01,otro,choque obstaculo lateral,buen tiempo,pleno dia,travesia,35a08ecb0a7969b4fbeba80a08f702828fb80abe35dfdfc07da571b6c85fd515,accidentes_raw_dgt,2026-05-09 20:40:11
2019,Almería,10,Miércoles,12,Travesía,Otro,Colisión frontal,Buen tiempo,Pleno día,4,0,0,4,2019-10-01,otro,colision frontal,buen tiempo,pleno dia,travesia,18d470e5e7b8a3ca3e3f6f3e686b09383b3143cff853ac79ba434b3fab537133,accidentes_raw_dgt,2026-05-09 20:40:11
2019,Almería,11,Viernes,11,Zona interurbana,Vía urbana,Se desconoce,Buen tiempo,Pleno día,1,0,0,1,2019-11-01,via urbana,se desconoce,buen tiempo,pleno dia,zona interurbana,69ec7b2a6b6f1b1ea1309f69cdd6a21e20f8a41924e56d9a884609b4d2708ef8,accidentes_raw_dgt,2026-05-09 20:40:11
2019,Almería,11,Viernes,16,Zona interurbana,Vía urbana,Colisión por alcance,Buen tiempo,Pleno día,2,0,0,2,2019-11-01,via urbana,colision por alcance,buen tiempo,pleno dia,zona interurbana,5a54ac537c15da5d3847a933fd971047f029d1dbbbe06e34ad9d24fe5b830274,accidentes_raw_dgt,2026-05-09 20:40:11
2019,Almería,10,Lunes,23,Travesía,Otro,Colisión frontal,Buen tiempo,Noche sin iluminación,1,0,0,1,2019-10-01,otro,colision frontal,buen tiempo,noche sin iluminacion,travesia,6f56be29dcf17696fdf3da85dffaf1ab37a49b217f130c2fc4e9d647bae53b6c,accidentes_raw_dgt,2026-05-09 20:40:11
2019,Almería,10,Sábado,9,Travesía,Otro,Colisión frontolateral,Buen tiempo,Pleno día,1,0,0,1,2019-10-01,otro,colision frontolateral,buen tiempo,pleno dia,travesia,c5e0562a087a92f624baa0dc01f1dbc0bf906bc9e1355cb9adbe8cb5faa7f23f,accidentes_raw_dgt,2026-05-09 20:40:11
2019,Almería,11,Miércoles,19,Travesía,Otro urbano,Colisión por alcance,Buen tiempo,Noche sin iluminación,1,0,0,1,2019-11-01,otro urbano,colision por alcance,buen tiempo,noche sin iluminacion,travesia,0a38b4739f62ff43b1039f63641c1cd522c80d67f6218db8551f4cd2a8e1187c,accidentes_raw_dgt,2026-05-09 20:40:11
2019,Almería,11,Viernes,21,Travesía,Otro,Colisión frontolateral,Granizo,Noche sin iluminación,1,0,0,1,2019-11-01,otro,colision frontolateral,granizo,noche sin iluminacion,travesia,cfce868ee5f75c8b432e0faed569e467fffb1a2b645a8f8a782f5e19ff61b16e,accidentes_raw_dgt,2026-05-09 20:40:11
2019,Almería,11,Jueves,23,Travesía,Otro,Colisión frontolateral,Granizo,Noche sin iluminación,3,0,0,3,2019-11-01,otro,colision frontolateral,granizo,noche sin iluminacion,travesia,1eab3dfd35a341f4b06d518d53f3f4701e69fedff5c65230df8fe475ac85b50c,accidentes_raw_dgt,2026-05-09 20:40:11
2019,Almería,11,Domingo,14,Zona interurbana,Vía urbana,Colisión frontolateral,Buen tiempo,Pleno día,1,0,0,1,2019-11-01,via urbana,colision frontolateral,buen tiempo,pleno dia,zona interurbana,0a0abd5382ade9afd7067605d9508ef17526b6cb7c7ee48b04549756d81b8aab,accidentes_raw_dgt,2026-05-09 20:40:11
2019,Almería,11,Viernes,18,Travesía,Otro,Choque obstáculo lateral,Granizo,Noche sin iluminación,1,0,0,1,2019-11-01,otro,choque obstaculo lateral,granizo,noche sin iluminacion,travesia,a3b4b1d0d06dec981f85f4880be9cbd92e930a7296fa4b10fab4987c8adbb3d8,accidentes_raw_dgt,2026-05-09 20:40:11
2019,Almería,11,Domingo,17,Travesía,Calle peatonal,Colisión frontolateral,Buen tiempo,Pleno día,1,0,0,1,2019-11-01,calle peatonal,colision frontolateral,buen tiempo,pleno dia,travesia,253a70b3daf7185d5fc3d0acabf44860d300f704b654bcfe8811f2eaed3f08d2,accidentes_raw_dgt,2026-05-09 20:40:11
2019,Almería,11,Viernes,8,Zona interurbana,Vía urbana,Colisión múltiple,Granizo,Amanecer/Anochecer,2,0,0,2,2019-11-01,via urbana,colision multiple,granizo,amanecer/anochecer,zona interurbana,10ec7498052c63661dff4f864feecbd58fd9099d0a46fd8c1ebee73fc23f4a02,accidentes_raw_dgt,2026-05-09 20:40:11
2019,Almería,11,Sábado,18,Zona interurbana,Vía convencional,Colisión múltiple,Buen tiempo,Amanecer/Anochecer,2,0,1,1,2019-11-01,via convencional,colision multiple,buen tiempo,amanecer/anochecer,zona interurbana,8eebb0799014a38852ffad12b8ba8c3fad326e1b92f83a01549c4e69b0bb9893,accidentes_raw_dgt,2026-05-09 20:40:11
2019,Almería,11,Viernes,18,Travesía,Otro,Choque obstáculo lateral,Nieve,Pleno día,1,0,1,0,2019-11-01,otro,choque obstaculo lateral,nieve,pleno dia,travesia,59a46b111fe459b58a170f4f0acdbd945c9fb1db5d71d6f1c38f3765c32a6225,accidentes_raw_dgt,2026-05-09 20:40:11
2019,Almería,11,Viernes,22,Travesía,Otro,Colisión frontolateral,Buen tiempo,Noche con iluminación,1,0,0,1,2019-11-01,otro,colision frontolateral,buen tiempo,noche con iluminacion,travesia,ee375f966141d53936b00797d7f25d0361df831141b119fddc894efa375efc6c,accidentes_raw_dgt,2026-05-09 20:40:11
2019,Almería,12,Martes,7,Travesía,Otro,Choque obstáculo lateral,Granizo,Noche sin iluminación,1,0,0,1,2019-12-01,otro,choque obstaculo lateral,granizo,noche sin iluminacion,travesia,4dfc32fc79b06f35f05d8b431cdc32ce5b38d1c6cef268fc4d6e83574411b553,accidentes_raw_dgt,2026-05-09 20:40:11
2019,Almería,11,Miércoles,21,Travesía,Otro,Colisión frontolateral,Buen tiempo,Noche sin iluminación,1,0,0,1,2019-11-01,otro,colision frontolateral,buen tiempo,noche sin iluminacion,travesia,a815067c3d78312c270b68cbf0e751ca8f7ff33c3984e3dff6f21f749ecc8141,accidentes_raw_dgt,2026-05-09 20:40:11