AÑO,PROVINCIA,MES,DIA_SEMANA,HORA,ZONA,TIPO_VIA,TIPO_ACCIDENTE,CONDICION_METEO,CONDICION_ILUMINACION,TOTAL_VICTIMAS,FALLECIDOS_24H,HERIDOS_GRAVES,HERIDOS_LEVES,FECHA_ACCIDENTE,TIPO_VIA_NORM,TIPO_ACCIDENTE_NORM,CONDICION_METEO_NORM,CONDICION_ILUMINACION_NORM,ZONA_NORM,ID_ACCIDENTE_HASH,source_id,load_timestamp
2019,Almería,11,Jueves,13,Zona interurbana,Vía urbana,Colisión frontolateral,Buen tiempo,Pleno día,1,0,0,1,2019-11-01,via urbana,colision frontolateral,buen tiempo,pleno dia,zona interurbana,1d14f0f98b10889eead84e07e021706f75fdb7d3c208e79ed7749f2ebb905d17,accidentes_raw_dgt,2026-05-09 20:40:11
2019,Almería,11,Viernes,19,Travesía,Otro,Choque obstáculo lateral,Granizo,Noche ilum. insuficiente,1,0,0,1,2019-11-01,otro,choque obstaculo lateral,granizo,noche ilum. insuficiente,travesia,66132b1c601d1f2c6696608d76e77c7ce8f6319234fbc572ab0449c99a3e1d2b,accidentes_raw_dgt,2026-05-09 20:40:11
2019,Almería,12,Lunes,12,Travesía,Otro,Colisión frontolateral,Buen tiempo,Pleno día,1,0,0,1,2019-12-01,otro,colision frontolateral,buen tiempo,pleno dia,travesia,aab2ec504efcaee1e8381f751b0d3fede71a20881414feeaec8570c76eeb0635,accidentes_raw_dgt,2026-05-09 20:40:11
2019,Almería,12,Sábado,6,Travesía,Otro,Colisión frontolateral,Buen tiempo,Noche sin iluminación,1,0,1,0,2019-12-01,otro,colision frontolateral,buen tiempo,noche sin iluminacion,travesia,f4fc1ac61a9e62b9b0a8b24da10deb3e1dfc3fd85e82d12a5029b54cb4ea29f8,accidentes_raw_dgt,2026-05-09 20:40:11
2019,Almería,11,Domingo,6,Travesía,Otro,Caída de motociclista,Buen tiempo,Noche sin iluminación,1,0,0,1,2019-11-01,otro,caida de motociclista,buen tiempo,noche sin iluminacion,travesia,3eb5e2c42f63d88b228bae3d0924c8bf1e9a3f0d94a0cea27fbf8102dd3e5825,accidentes_raw_dgt,2026-05-09 20:40:11
2019,Almería,12,Martes,12,Travesía,Otro,Colisión frontolateral,Buen tiempo,Pleno día,1,0,0,1,2019-12-01,otro,colision frontolateral,buen tiempo,pleno dia,travesia,89a2b0dbfdbdf1145ebbfe8b15e0eadd16d481ce4eb75315e993189042e938fa,accidentes_raw_dgt,2026-05-09 20:40:11
2019,Almería,12,Viernes,6,Travesía,Otro,Choque obstáculo lateral,Granizo,Noche sin iluminación,1,0,0,1,2019-12-01,otro,choque obstaculo lateral,granizo,noche sin iluminacion,travesia,23850eb82a923c694afcff74746bfec1af8099c034e73eff71978fcef7a23fd3,accidentes_raw_dgt,2026-05-09 20:40:11
2019,Almería,12,Miércoles,9,Travesía,Otro,Colisión frontolateral,Buen tiempo,Pleno día,1,0,0,1,2019-12-01,otro,colision frontolateral,buen tiempo,pleno dia,travesia,d0f0593601de6483b1854b42e4f6d7642ddd6d154c76a1497dd0e1a17e353fa9,accidentes_raw_dgt,2026-05-09 20:40:11
2019,Almería,12,Domingo,13,Travesía,Otro,Colisión lateral,Buen tiempo,Pleno día,1,0,0,1,2019-12-01,otro,colision lateral,buen tiempo,pleno dia,travesia,afb36973671a3f3a0d2b2078c1d9aac9f2d019b374de201c25942dc3a2e62d15,accidentes_raw_dgt,2026-05-09 20:40:11
2019,Almería,12,Sábado,10,Travesía,Otro,Caída de motociclista,Buen tiempo,Pleno día,1,0,1,0,2019-12-01,otro,caida de motociclista,buen tiempo,pleno dia,travesia,abe0ccdc1f6402ee65627d5f95700af1e5914d113f02db83567212fa036f54d2,accidentes_raw_dgt,2026-05-09 20:40:11
2019,Almería,12,Sábado,13,Travesía,Otro,Colisión frontolateral,Buen tiempo,Pleno día,1,0,0,1,2019-12-01,otro,colision frontolateral,buen tiempo,pleno dia,travesia,6501dc199c514235a989b6e8c637137cc3a99211b139a3ce8c2d6229863507b7,accidentes_raw_dgt,2026-05-09 20:40:11
2019,Almería,12,Miércoles,10,Zona interurbana,Vía urbana,Caída de ocupante,Buen tiempo,Pleno día,1,0,1,0,2019-12-01,via urbana,caida de ocupante,buen tiempo,pleno dia,zona interurbana,26da1548ae1645e0d446e46b7b85f8e9947f36bf23f6952b2fff8fe124f005af,accidentes_raw_dgt,2026-05-09 20:40:11
2019,Almería,12,Jueves,15,Travesía,Otro,Colisión frontolateral,Buen tiempo,Pleno día,2,0,0,2,2019-12-01,otro,colision frontolateral,buen tiempo,pleno dia,travesia,f1325f904954535dbb68b344a2cbe899006ec9289d3634b08f6866403709a8b5,accidentes_raw_dgt,2026-05-09 20:40:11
2019,Almería,12,Domingo,23,Travesía,Otro,Colisión frontolateral,Buen tiempo,Noche sin iluminación,1,0,0,1,2019-12-01,otro,colision frontolateral,buen tiempo,noche sin iluminacion,travesia,9c95695b470eb722bf708e608a9e2c35ddd310db076fe0cbd07ca3af9b92749f,accidentes_raw_dgt,2026-05-09 20:40:11
2019,Almería,1,Viernes,23,Zona interurbana,Vía convencional,Colisión por alcance,Buen tiempo,Se desconoce,2,0,0,2,2019-01-01,via convencional,colision por alcance,buen tiempo,se desconoce,zona interurbana,206bc84a380b29acdc4257637b5d891f45ab8798d59906423c589de4552ef6b3,accidentes_raw_dgt,2026-05-09 20:40:11
2019,Almería,2,Sábado,14,Zona interurbana,Vía urbana,Caída de motociclista,Buen tiempo,Pleno día,2,0,0,2,2019-02-01,via urbana,caida de motociclista,buen tiempo,pleno dia,zona interurbana,d21cea57447c0fff302ab7a82b95481c123ee3b4f2faf67f23c92f28e5642f29,accidentes_raw_dgt,2026-05-09 20:40:11
2019,Almería,3,Viernes,19,Zona interurbana,Vía convencional,Atropello a peatón,Buen tiempo,Se desconoce,1,0,1,0,2019-03-01,via convencional,atropello a peaton,buen tiempo,se desconoce,zona interurbana,4f692e0f26fb1fa5e8eb946176d01dfe74762416726b9625256c306d7d07d6a7,accidentes_raw_dgt,2026-05-09 20:40:11
2019,Almería,4,Sábado,6,Zona interurbana,Vía convencional,Atropello a ciclista,Lluvia,Amanecer/Anochecer,1,0,0,1,2019-04-01,via convencional,atropello a ciclista,lluvia,amanecer/anochecer,zona interurbana,965aa125a2917c2984facddfe8a868f640834b9ccbae009f164054779df80bc9,accidentes_raw_dgt,2026-05-09 20:40:11
2019,Almería,6,Martes,13,Zona interurbana,Vía urbana,Colisión por alcance,Buen tiempo,Pleno día,2,0,0,2,2019-06-01,via urbana,colision por alcance,buen tiempo,pleno dia,zona interurbana,468aa3110cc6849759a36fda915c5f1f3b13c20c1a877a385136eec9fa8b7b2b,accidentes_raw_dgt,2026-05-09 20:40:11
2019,Almería,7,Domingo,14,Zona interurbana,Vía urbana,Atropello a ciclista,Buen tiempo,Pleno día,3,0,0,3,2019-07-01,via urbana,atropello a ciclista,buen tiempo,pleno dia,zona interurbana,666d6fe53a66bf918a81d16b26e46459dbeacedd7aab0b27e13a9d2dd425cb61,accidentes_raw_dgt,2026-05-09 20:40:11
2019,Almería,7,Miércoles,10,Zona interurbana,Vía urbana,Colisión por alcance,Buen tiempo,Pleno día,2,0,0,2,2019-07-01,via urbana,colision por alcance,buen tiempo,pleno dia,zona interurbana,2bdfe17b9632fe94190e149afb149f6901d17a468ba2ce5fc46840987326f3f9,accidentes_raw_dgt,2026-05-09 20:40:11
2019,Almería,11,Miércoles,8,Zona interurbana,Vía urbana,Caída de motociclista,Buen tiempo,Pleno día,1,0,0,1,2019-11-01,via urbana,caida de motociclista,buen tiempo,pleno dia,zona interurbana,603153b43d01f9f0e0aa2ed953e166d5c49f91306d009e563d6086a7a4c08a2c,accidentes_raw_dgt,2026-05-09 20:40:11
2019,Almería,12,Lunes,18,Zona interurbana,Vía urbana,Colisión por alcance,Buen tiempo,Noche ilum. insuficiente,1,0,0,1,2019-12-01,via urbana,colision por alcance,buen tiempo,noche ilum. insuficiente,zona interurbana,e83a33c58345ed887dcc867e3a2cf3bc930077ddb6103964f8bcb100ae78fef0,accidentes_raw_dgt,2026-05-09 20:40:11
2019,Almería,2,Jueves,19,Zona interurbana,Vía urbana,Colisión frontolateral,Buen tiempo,Se desconoce,1,0,0,1,2019-02-01,via urbana,colision frontolateral,buen tiempo,se desconoce,zona interurbana,dcc29e4daf71d69ed930fed1226afabff8390db9a6ead22e08392878ffa7d65d,accidentes_raw_dgt,2026-05-09 20:40:11
2019,Almería,3,Viernes,23,Zona interurbana,Calle,Vuelco en calzada,Buen tiempo,Se desconoce,2,0,0,2,2019-03-01,calle,vuelco en calzada,buen tiempo,se desconoce,zona interurbana,e44d7d26737f6e54df4011134afacdea42fc70a87e870dd5bc5d69bda73212d7,accidentes_raw_dgt,2026-05-09 20:40:11
2019,Almería,6,Viernes,11,Travesía,Otro,Choque obstáculo lateral,Buen tiempo,Pleno día,1,0,0,1,2019-06-01,otro,choque obstaculo lateral,buen tiempo,pleno dia,travesia,47dbf29fa3c12260ca66f25fa573b8fd6c261b39c773c297fc660d35bdf8b0df,accidentes_raw_dgt,2026-05-09 20:40:11
2019,Almería,8,Jueves,20,Zona interurbana,Vía urbana,Caída de motociclista,Buen tiempo,Amanecer/Anochecer,1,0,0,1,2019-08-01,via urbana,caida de motociclista,buen tiempo,amanecer/anochecer,zona interurbana,25b99b9c636ea2d7820f5409c19248e08e87e59d0fb42c5b44ce7695508f0408,accidentes_raw_dgt,2026-05-09 20:40:11
2019,Almería,11,Domingo,21,Zona interurbana,Vía convencional,Colisión por alcance,Buen tiempo,Se desconoce,1,0,0,1,2019-11-01,via convencional,colision por alcance,buen tiempo,se desconoce,zona interurbana,30ca4f2a75646c34c2ddd984b0337a3e04bece372ec49521367d3bd140e7781a,accidentes_raw_dgt,2026-05-09 20:40:11
2019,Almería,1,Domingo,10,Zona interurbana,Vía urbana,Atropello a ciclista,Granizo,Pleno día,3,0,0,3,2019-01-01,via urbana,atropello a ciclista,granizo,pleno dia,zona interurbana,44864c96fa1c36602f0d045b268981b6cab638a60fc207c89e3bba235f619450,accidentes_raw_dgt,2026-05-09 20:40:11
2019,Almería,1,Sábado,2,Zona interurbana,Vía urbana,Atropello a peatón,Buen tiempo,Se desconoce,1,0,0,1,2019-01-01,via urbana,atropello a peaton,buen tiempo,se desconoce,zona interurbana,625501d1100c1c84a06dd3e26c0f11f848cf372f8a8f8e0c2d33be67638a1e77,accidentes_raw_dgt,2026-05-09 20:40:11
2019,Almería,2,Viernes,8,Zona interurbana,Vía urbana,Colisión múltiple,Buen tiempo,Pleno día,1,0,0,1,2019-02-01,via urbana,colision multiple,buen tiempo,pleno dia,zona interurbana,ecd8409a7716ba7f20b5ed1c68de689a94636675972d07e0cb1e0c8099e392d1,accidentes_raw_dgt,2026-05-09 20:40:11
2019,Almería,3,Jueves,9,Zona interurbana,Vía urbana,Colisión por alcance,Buen tiempo,Pleno día,2,0,0,2,2019-03-01,via urbana,colision por alcance,buen tiempo,pleno dia,zona interurbana,f0b48f80d727675726cc2734cd16273c36814c5850c7f539f74ec743a6462f23,accidentes_raw_dgt,2026-05-09 20:40:11
2019,Almería,6,Sábado,12,Zona interurbana,Vía urbana,Colisión frontal,Buen tiempo,Pleno día,2,0,1,1,2019-06-01,via urbana,colision frontal,buen tiempo,pleno dia,zona interurbana,935dad48e67dd3980afe84537451edf438ac7728fcc6c135a1be96de3676e15a,accidentes_raw_dgt,2026-05-09 20:40:11
2019,Almería,6,Sábado,19,Zona interurbana,Vía urbana,Colisión frontolateral,Buen tiempo,Pleno día,2,0,0,2,2019-06-01,via urbana,colision frontolateral,buen tiempo,pleno dia,zona interurbana,bcb34b4d86eaff78c5b2784b7f493721a2b8fcd326fee95153b320d34bc43075,accidentes_raw_dgt,2026-05-09 20:40:11
2019,Almería,6,Jueves,8,Zona interurbana,Vía urbana,Colisión por alcance,Buen tiempo,Pleno día,1,0,0,1,2019-06-01,via urbana,colision por alcance,buen tiempo,pleno dia,zona interurbana,2e18e12a751bac813306282d514103385d31398bdbb35d69d09e482863504d35,accidentes_raw_dgt,2026-05-09 20:40:11
2019,Almería,6,Martes,8,Zona interurbana,Vía urbana,Colisión lateral,Buen tiempo,Pleno día,1,0,0,1,2019-06-01,via urbana,colision lateral,buen tiempo,pleno dia,zona interurbana,b687b757bd658e9ae5624be7705283c8d3a560d9dc488f8413d3bd91aa183d5e,accidentes_raw_dgt,2026-05-09 20:40:11
2019,Almería,8,Sábado,7,Zona interurbana,Vía urbana,Colisión múltiple,Buen tiempo,Noche con iluminación,1,0,0,1,2019-08-01,via urbana,colision multiple,buen tiempo,noche con iluminacion,zona interurbana,fb1548cece225c928b67452754417cd305864043278e526189d57b8e0977d71d,accidentes_raw_dgt,2026-05-09 20:40:11
2019,Almería,10,Jueves,21,Zona interurbana,Vía urbana,Colisión frontal,Buen tiempo,Se desconoce,2,0,0,2,2019-10-01,via urbana,colision frontal,buen tiempo,se desconoce,zona interurbana,04e729a9c402868a8c432e803ed75b7c3f9f16b798c8f3bd07a90bebd9a7dac9,accidentes_raw_dgt,2026-05-09 20:40:11
2019,Almería,10,Lunes,20,Zona interurbana,Vía urbana,Colisión por alcance,Buen tiempo,Noche sin iluminación,2,0,0,2,2019-10-01,via urbana,colision por alcance,buen tiempo,noche sin iluminacion,zona interurbana,cdcaf888b551e74fe7c4c6909b2216058d03a773f60aa31c5632eeba2dce71c2,accidentes_raw_dgt,2026-05-09 20:40:11
2019,Almería,1,Jueves,7,Zona interurbana,Vía urbana,Colisión múltiple,Buen tiempo,Se desconoce,2,0,0,2,2019-01-01,via urbana,colision multiple,buen tiempo,se desconoce,zona interurbana,b0ff7bdc481ed43adf5168e51d73264887136b603fd0fb372530a689e15a29e7,accidentes_raw_dgt,2026-05-09 20:40:11
2019,Almería,5,Viernes,15,Zona interurbana,Vía urbana,Colisión por alcance,Buen tiempo,Pleno día,1,0,0,1,2019-05-01,via urbana,colision por alcance,buen tiempo,pleno dia,zona interurbana,472c3c13b550b7064153d4a407051068b4201cd51c323e9900d62a6740b84f1a,accidentes_raw_dgt,2026-05-09 20:40:11
2019,Almería,6,Sábado,6,Zona interurbana,Vía convencional,Colisión por alcance,Buen tiempo,Amanecer/Anochecer,4,0,0,4,2019-06-01,via convencional,colision por alcance,buen tiempo,amanecer/anochecer,zona interurbana,7db926c9ac2fbebe819694b1d7930d30e10a56000d5de40ffbf2b40c8d3fbfce,accidentes_raw_dgt,2026-05-09 20:40:11
2019,Almería,6,Domingo,22,Zona interurbana,Vía urbana,Atropello a ciclista,Buen tiempo,Pleno día,1,0,0,1,2019-06-01,via urbana,atropello a ciclista,buen tiempo,pleno dia,zona interurbana,5571095d1776b5ebe162be04c41c52ccc5497e70002201a038772a5bf122f809,accidentes_raw_dgt,2026-05-09 20:40:11
2019,Almería,8,Viernes,17,Zona interurbana,Vía urbana,Colisión frontolateral,Buen tiempo,Pleno día,1,0,0,1,2019-08-01,via urbana,colision frontolateral,buen tiempo,pleno dia,zona interurbana,bdc1cc5988510c331dcc68eb086cc701f97685339f0c69e73419395b2cbbfe38,accidentes_raw_dgt,2026-05-09 20:40:11
2019,Almería,9,Domingo,7,Zona interurbana,Vía convencional,Colisión por alcance,Buen tiempo,Amanecer/Anochecer,2,0,0,2,2019-09-01,via convencional,colision por alcance,buen tiempo,amanecer/anochecer,zona interurbana,1a5fd4b21080a2de6faf7fbe5938712804492b59ba1db3556764ca4fcbc420ac,accidentes_raw_dgt,2026-05-09 20:40:11
2019,Almería,9,Lunes,13,Zona interurbana,Vía convencional,Se desconoce,Buen tiempo,Pleno día,2,0,0,2,2019-09-01,via convencional,se desconoce,buen tiempo,pleno dia,zona interurbana,e560f3c5ee3df5df0e5786829c8ca92930f8c14f7f5e10a7fb2b9d4ec1f8196d,accidentes_raw_dgt,2026-05-09 20:40:11
2019,Almería,9,Martes,6,Zona interurbana,Vía urbana,Colisión frontal,Buen tiempo,Amanecer/Anochecer,1,0,0,1,2019-09-01,via urbana,colision frontal,buen tiempo,amanecer/anochecer,zona interurbana,914a6de7d89980a5b71e604237056c21a1d796e976e0eebb06438906c44e1f1b,accidentes_raw_dgt,2026-05-09 20:40:11
2019,Almería,10,Lunes,21,Zona interurbana,Vía urbana,Caída de motociclista,Buen tiempo,Se desconoce,1,0,0,1,2019-10-01,via urbana,caida de motociclista,buen tiempo,se desconoce,zona interurbana,88e1a9ff81d0254e653d47b7451b4598df238bf22ffd6e8eaec6e673e222b942,accidentes_raw_dgt,2026-05-09 20:40:11
2019,Almería,10,Martes,23,Zona interurbana,Vía urbana,Caída de ocupante,Buen tiempo,Se desconoce,1,0,0,1,2019-10-01,via urbana,caida de ocupante,buen tiempo,se desconoce,zona interurbana,a0a82602907053ff2520baf33f02dc26daf3228099eb2b7c23f28b3c0f8b28cd,accidentes_raw_dgt,2026-05-09 20:40:11
2019,Almería,11,Domingo,19,Zona interurbana,Vía urbana,Colisión frontolateral,Buen tiempo,Se desconoce,2,0,1,1,2019-11-01,via urbana,colision frontolateral,buen tiempo,se desconoce,zona interurbana,21b727dd2bb3899c46db2ac46bef1366ee94d60b8519b1924a5ea7a43b05efe6,accidentes_raw_dgt,2026-05-09 20:40:11
2019,Almería,11,Jueves,20,Zona interurbana,Vía urbana,Otro tipo,Granizo,Se desconoce,4,0,0,4,2019-11-01,via urbana,otro tipo,granizo,se desconoce,zona interurbana,e2955c25a15d5d1ab6716b31c4408d81f40e98ca29376adf4c918fc73380562f,accidentes_raw_dgt,2026-05-09 20:40:11
2019,Almería,2,Martes,17,Zona interurbana,Vía urbana,Se desconoce,Buen tiempo,Pleno día,1,0,0,1,2019-02-01,via urbana,se desconoce,buen tiempo,pleno dia,zona interurbana,a818957b3a1f9857b721ff8ff9127e971302607b483b24a8d7b82ca8c2edff35,accidentes_raw_dgt,2026-05-09 20:40:11
2019,Almería,3,Jueves,10,Travesía,Otro,Colisión frontolateral,Buen tiempo,Pleno día,1,0,0,1,2019-03-01,otro,colision frontolateral,buen tiempo,pleno dia,travesia,cd5f8e6d9cb5602345df46eb31053d5ad8a6840261344f832b9152378cff5054,accidentes_raw_dgt,2026-05-09 20:40:11
2019,Almería,2,Viernes,18,Zona interurbana,Vía urbana,Colisión frontolateral,Buen tiempo,Pleno día,1,0,0,1,2019-02-01,via urbana,colision frontolateral,buen tiempo,pleno dia,zona interurbana,f7db83a2cd7383d00e444c47bb3d95544dc82127f0665dc0fd57f25e0aab139e,accidentes_raw_dgt,2026-05-09 20:40:11
2019,Almería,3,Lunes,15,Zona interurbana,Vía urbana,Choque obstáculo mediana,Buen tiempo,Pleno día,1,0,0,1,2019-03-01,via urbana,choque obstaculo mediana,buen tiempo,pleno dia,zona interurbana,716f129dc3414142805c606e71e6f3e08227b428f0b87fe386f8ec95d65f2201,accidentes_raw_dgt,2026-05-09 20:40:11
2019,Almería,6,Sábado,18,Zona interurbana,Vía urbana,Colisión frontolateral,Buen tiempo,Pleno día,2,0,0,2,2019-06-01,via urbana,colision frontolateral,buen tiempo,pleno dia,zona interurbana,f45b5e982551402070a055ded1b77b706363eab0ded6960ad0d621911aae08db,accidentes_raw_dgt,2026-05-09 20:40:11
2019,Almería,8,Viernes,9,Zona interurbana,Vía urbana,Salida vía izquierda,Buen tiempo,Pleno día,1,0,0,1,2019-08-01,via urbana,salida via izquierda,buen tiempo,pleno dia,zona interurbana,a233f1dd105ff2a0a487bc47339b9fbbd94d281af1d757bf7cba8377f81cdd37,accidentes_raw_dgt,2026-05-09 20:40:11
2019,Almería,12,Jueves,22,Zona interurbana,Vía urbana,Atropello a ciclista,Buen tiempo,Se desconoce,1,0,0,1,2019-12-01,via urbana,atropello a ciclista,buen tiempo,se desconoce,zona interurbana,e3687e2a32b9939f07829f7bbccad7cdf9e4a7095bbf8304b4b077f0b770e235,accidentes_raw_dgt,2026-05-09 20:40:11
2019,Almería,10,Sábado,11,Zona interurbana,Vía urbana,Atropello a peatón,Buen tiempo,Pleno día,1,0,0,1,2019-10-01,via urbana,atropello a peaton,buen tiempo,pleno dia,zona interurbana,f393ed8e6e581fb69cfb1a5cf6e3c362cfb309dab026c1b7af2c3be4008c9904,accidentes_raw_dgt,2026-05-09 20:40:11
2019,Almería,1,Domingo,15,Zona interurbana,Vía urbana,Colisión frontolateral,Buen tiempo,Pleno día,3,2,1,0,2019-01-01,via urbana,colision frontolateral,buen tiempo,pleno dia,zona interurbana,5050ad171351678502de3e68b8c402c404cdba7d436e407192e7dd606b8c2aa7,accidentes_raw_dgt,2026-05-09 20:40:11
2019,Almería,1,Jueves,9,Zona interurbana,Vía urbana,Otro tipo,Buen tiempo,Pleno día,1,0,0,1,2019-01-01,via urbana,otro tipo,buen tiempo,pleno dia,zona interurbana,59e1e59850940550ff0a67e34a6da30192d117b4d8619df6729f40a10865f656,accidentes_raw_dgt,2026-05-09 20:40:11
2019,Almería,2,Domingo,11,Zona interurbana,Vía urbana,Colisión frontolateral,Buen tiempo,Pleno día,2,0,0,2,2019-02-01,via urbana,colision frontolateral,buen tiempo,pleno dia,zona interurbana,a2807ae6bce06e6d7938f3c09fc99e6a626c7b46223ad834e874376b3ca884a5,accidentes_raw_dgt,2026-05-09 20:40:11
2019,Almería,2,Sábado,11,Zona interurbana,Vía urbana,Colisión frontolateral,Buen tiempo,Pleno día,1,0,0,1,2019-02-01,via urbana,colision frontolateral,buen tiempo,pleno dia,zona interurbana,ab94b64d0a16a786ea4f1b522182641e8f3784754706e5a6b9c152079bacc9ef,accidentes_raw_dgt,2026-05-09 20:40:11
2019,Almería,2,Sábado,22,Zona interurbana,Vía urbana,Choque obstáculo mediana,Buen tiempo,Se desconoce,1,0,0,1,2019-02-01,via urbana,choque obstaculo mediana,buen tiempo,se desconoce,zona interurbana,c73e0da9ae79c7cc8aae8bc0ba85d46c6cf11825c40af8bcda4bf81190c9d2eb,accidentes_raw_dgt,2026-05-09 20:40:11
2019,Almería,2,Viernes,19,Zona interurbana,Vía urbana,Colisión frontolateral,Buen tiempo,Pleno día,1,0,0,1,2019-02-01,via urbana,colision frontolateral,buen tiempo,pleno dia,zona interurbana,123578699359aa21e09ac62511d4cd31e371694f2456fa0443f52f1b44150aac,accidentes_raw_dgt,2026-05-09 20:40:11
2019,Almería,2,Martes,11,Zona interurbana,Vía urbana,Colisión frontolateral,Buen tiempo,Pleno día,1,0,0,1,2019-02-01,via urbana,colision frontolateral,buen tiempo,pleno dia,zona interurbana,23ed5d9b3c1e3abdd487d4a20bb02c1d88d91373d06cc362bf4278800ea7b55a,accidentes_raw_dgt,2026-05-09 20:40:11
2019,Almería,4,Martes,17,Zona interurbana,Vía urbana,Atropello a peatón,Buen tiempo,Pleno día,1,0,0,1,2019-04-01,via urbana,atropello a peaton,buen tiempo,pleno dia,zona interurbana,7a6171f6389cbb707e393717e03f6845452716736ca449cd509217f20f200aef,accidentes_raw_dgt,2026-05-09 20:40:11
2019,Almería,4,Viernes,22,Zona interurbana,Vía urbana,Colisión frontal,Buen tiempo,Se desconoce,1,0,0,1,2019-04-01,via urbana,colision frontal,buen tiempo,se desconoce,zona interurbana,0709e1008834c2ca8648376ac62d74ac8df5457069cbfedf2b0776dab07a3c5b,accidentes_raw_dgt,2026-05-09 20:40:11
2019,Almería,5,Miércoles,6,Zona interurbana,Vía urbana,Caída de motociclista,Lluvia,Se desconoce,1,0,0,1,2019-05-01,via urbana,caida de motociclista,lluvia,se desconoce,zona interurbana,3595dba096286be744d12935ddc4920d51fb661331084890637f35ea388480e0,accidentes_raw_dgt,2026-05-09 20:40:11
2019,Almería,5,Jueves,8,Zona interurbana,Vía urbana,Colisión por alcance,Buen tiempo,Pleno día,2,0,0,2,2019-05-01,via urbana,colision por alcance,buen tiempo,pleno dia,zona interurbana,2a35cd9aed58e12af7ce9e3261a99ab37730a1010ea1af87e14954af356a4b6b,accidentes_raw_dgt,2026-05-09 20:40:11
2019,Almería,5,Sábado,18,Zona interurbana,Vía urbana,Otro tipo,Buen tiempo,Pleno día,2,0,0,2,2019-05-01,via urbana,otro tipo,buen tiempo,pleno dia,zona interurbana,da2adacc2e9310db8ea01e830d6cb878d3599f09acb3967690f982d8bd16b980,accidentes_raw_dgt,2026-05-09 20:40:11
2019,Almería,7,Viernes,9,Zona interurbana,Vía urbana,Colisión frontolateral,Buen tiempo,Pleno día,3,0,1,2,2019-07-01,via urbana,colision frontolateral,buen tiempo,pleno dia,zona interurbana,e0a612f22ea3eab140c8dad3e562962511cdbb451bfedd8e4fdb91709c3b2150,accidentes_raw_dgt,2026-05-09 20:40:11
2019,Almería,7,Lunes,18,Zona interurbana,Calle,Colisión frontolateral,Buen tiempo,Pleno día,1,0,0,1,2019-07-01,calle,colision frontolateral,buen tiempo,pleno dia,zona interurbana,35b6af913d6880287caebb21dfe3a26ac6fc36cbf3c104b96c5be6fd01422b0e,accidentes_raw_dgt,2026-05-09 20:40:11
2019,Almería,8,Martes,3,Zona interurbana,Vía urbana,Choque obstáculo mediana,Buen tiempo,Se desconoce,3,1,1,1,2019-08-01,via urbana,choque obstaculo mediana,buen tiempo,se desconoce,zona interurbana,f0571d121bc4aafe224f6bb927de569efb4bbcf0ab8d6793aa333543e41e1992,accidentes_raw_dgt,2026-05-09 20:40:11
2019,Almería,8,Domingo,15,Zona interurbana,Calle,Vuelco en calzada,Buen tiempo,Pleno día,2,1,0,1,2019-08-01,calle,vuelco en calzada,buen tiempo,pleno dia,zona interurbana,576da443f7be5075a80a943b2501b19011ffd6cbec435df69e1cbb91061723f5,accidentes_raw_dgt,2026-05-09 20:40:11
2019,Almería,8,Viernes,0,Zona interurbana,Vía urbana,Choque obstáculo lateral,Buen tiempo,Se desconoce,1,0,0,1,2019-08-01,via urbana,choque obstaculo lateral,buen tiempo,se desconoce,zona interurbana,214c993d16c6ca97becc711cae8eee69336bc377d097f225c72ae4fd01cbc018,accidentes_raw_dgt,2026-05-09 20:40:11
2019,Almería,8,Jueves,19,Zona interurbana,Vía urbana,Caída de motociclista,Buen tiempo,Pleno día,1,0,0,1,2019-08-01,via urbana,caida de motociclista,buen tiempo,pleno dia,zona interurbana,f3907a096c7c4b68d7516e9f321ff07c8c86a29fb0f6c86976040cdb5ddc1a67,accidentes_raw_dgt,2026-05-09 20:40:11
2019,Almería,8,Viernes,12,Zona interurbana,Vía urbana,Colisión frontal,Buen tiempo,Pleno día,1,0,0,1,2019-08-01,via urbana,colision frontal,buen tiempo,pleno dia,zona interurbana,5343f4c9e3a3d41e260befe71a0c1d1f581a7edeeb3de0570f2bff43f82ed905,accidentes_raw_dgt,2026-05-09 20:40:11
2019,Almería,9,Miércoles,19,Zona interurbana,Vía urbana,Colisión frontal,Buen tiempo,Pleno día,3,0,0,3,2019-09-01,via urbana,colision frontal,buen tiempo,pleno dia,zona interurbana,0f8eb4b72b6e0c9e88b388eb967b49e067ef1004bf07bffc22c3acb13b43580a,accidentes_raw_dgt,2026-05-09 20:40:11